# Blender 4.4.3
# www.blender.org
mtllib bathroom.mtl
o Cube
v 3.810245 8.502822 -3.810245
v 3.810245 0.882331 -3.810245
v 3.810245 0.882331 3.810245
v -3.810245 8.502822 -3.810245
v -3.810245 0.882331 -3.810245
v -3.810245 8.502822 3.810245
v -3.810245 0.882331 3.810245
v -3.964363 5.588170 1.440315
v -3.676077 5.588170 1.440315
v -3.964363 5.528333 1.446208
v -3.676077 5.528333 1.446208
v -3.964363 5.470795 1.463663
v -3.676077 5.470795 1.463663
v -3.964363 5.417768 1.492006
v -3.676077 5.417768 1.492006
v -3.964363 5.371289 1.530150
v -3.676077 5.371289 1.530150
v -3.964363 5.333145 1.576629
v -3.676077 5.333145 1.576629
v -3.964363 5.304801 1.629656
v -3.676077 5.304801 1.629656
v -3.964363 5.287347 1.687194
v -3.676077 5.287347 1.687194
v -3.964363 5.281454 1.747031
v -3.676077 5.281454 1.747031
v -3.964363 5.287347 1.806869
v -3.676077 5.287347 1.806869
v -3.964363 5.304801 1.864407
v -3.676077 5.304801 1.864407
v -3.964363 5.333145 1.917434
v -3.676077 5.333145 1.917434
v -3.964363 5.371289 1.963913
v -3.676077 5.371289 1.963913
v -3.964363 5.417768 2.002057
v -3.676077 5.417768 2.002057
v -3.964363 5.470795 2.030400
v -3.676077 5.470795 2.030400
v -3.964363 5.528333 2.047854
v -3.676077 5.528333 2.047854
v -3.964363 5.588170 2.053748
v -3.676077 5.588170 2.053748
v -3.964363 5.648007 2.047854
v -3.676077 5.648007 2.047854
v -3.964363 5.705545 2.030400
v -3.676077 5.705545 2.030400
v -3.964363 5.758573 2.002057
v -3.676077 5.758573 2.002057
v -3.964363 5.805051 1.963913
v -3.676077 5.805051 1.963913
v -3.964363 5.843195 1.917434
v -3.676077 5.843195 1.917434
v -3.964363 5.871539 1.864407
v -3.676077 5.871539 1.864407
v -3.964363 5.888993 1.806869
v -3.676077 5.888993 1.806869
v -3.964363 5.894886 1.747031
v -3.676077 5.894886 1.747031
v -3.964363 5.888993 1.687194
v -3.676077 5.888993 1.687194
v -3.964363 5.871539 1.629656
v -3.676077 5.871539 1.629656
v -3.964363 5.843195 1.576629
v -3.676077 5.843195 1.576629
v -3.964363 5.805051 1.530150
v -3.676077 5.805051 1.530150
v -3.964363 5.758573 1.492006
v -3.676077 5.758573 1.492006
v -3.964363 5.705545 1.463663
v -3.676077 5.705545 1.463663
v -3.964363 5.648007 1.446208
v -3.676077 5.648007 1.446208
v -3.469156 5.598776 1.876241
v -3.469156 5.598776 1.617821
v -3.466063 5.608973 1.876241
v -3.466063 5.608973 1.617821
v -3.461040 5.618370 1.876241
v -3.461040 5.618370 1.617821
v -3.454280 5.626607 1.876241
v -3.454280 5.626607 1.617821
v -3.446043 5.633368 1.876241
v -3.446043 5.633368 1.617821
v -3.436646 5.638391 1.876241
v -3.436646 5.638391 1.617821
v -3.426448 5.641484 1.876241
v -3.426449 5.641484 1.617821
v -3.415844 5.642528 1.876241
v -3.415844 5.642528 1.617821
v -3.405239 5.641484 1.876241
v -3.405240 5.641484 1.617821
v -3.395042 5.638391 1.876241
v -3.395042 5.638391 1.617821
v -3.385645 5.633368 1.876241
v -3.385645 5.633368 1.617821
v -3.377408 5.626607 1.876241
v -3.377408 5.626607 1.617821
v -3.370648 5.618370 1.876241
v -3.370648 5.618370 1.617821
v -3.365625 5.608973 1.876241
v -3.365625 5.608973 1.617821
v -3.362531 5.598776 1.876241
v -3.362532 5.598776 1.617821
v -3.361487 5.588171 1.876241
v -3.361487 5.588171 1.617821
v -3.362531 5.577567 1.876241
v -3.362532 5.577567 1.617821
v -3.365625 5.567370 1.876241
v -3.365625 5.567370 1.617821
v -3.370648 5.557972 1.876241
v -3.370648 5.557972 1.617821
v -3.377408 5.549735 1.876241
v -3.377408 5.549735 1.617821
v -3.385645 5.542975 1.876241
v -3.385645 5.542975 1.617821
v -3.395042 5.537952 1.876241
v -3.395042 5.537952 1.617821
v -3.405239 5.534859 1.876241
v -3.405240 5.534859 1.617821
v -3.415844 5.533814 1.876241
v -3.415844 5.533814 1.617821
v -3.426448 5.534859 1.876241
v -3.426449 5.534859 1.617821
v -3.436646 5.537952 1.876241
v -3.436646 5.537952 1.617821
v -3.446043 5.542975 1.876241
v -3.446043 5.542975 1.617821
v -3.454280 5.549735 1.876241
v -3.454280 5.549735 1.617821
v -3.461040 5.557972 1.876241
v -3.461040 5.557972 1.617821
v -3.466063 5.567370 1.876241
v -3.466063 5.567370 1.617821
v -3.469156 5.577567 1.876241
v -3.469156 5.577567 1.617821
v -3.470201 5.588171 1.876241
v -3.470201 5.588171 1.617821
v -3.401929 5.588171 1.704194
v -3.693529 5.588171 1.704194
v -3.401929 5.579814 1.705017
v -3.693529 5.579814 1.705017
v -3.401929 5.571778 1.707455
v -3.693529 5.571778 1.707455
v -3.401929 5.564372 1.711414
v -3.693529 5.564372 1.711414
v -3.401929 5.557880 1.716741
v -3.693529 5.557880 1.716741
v -3.401929 5.552553 1.723232
v -3.693529 5.552553 1.723232
v -3.401929 5.548594 1.730638
v -3.693529 5.548594 1.730638
v -3.401929 5.546157 1.738674
v -3.693529 5.546157 1.738674
v -3.401929 5.545334 1.747032
v -3.693529 5.545334 1.747032
v -3.401929 5.546157 1.755389
v -3.693529 5.546157 1.755389
v -3.401929 5.548594 1.763425
v -3.693529 5.548594 1.763425
v -3.401929 5.552553 1.770831
v -3.693529 5.552553 1.770831
v -3.401929 5.557880 1.777322
v -3.693529 5.557880 1.777322
v -3.401929 5.564372 1.782650
v -3.693529 5.564372 1.782650
v -3.401929 5.571778 1.786608
v -3.693529 5.571778 1.786608
v -3.401929 5.579814 1.789046
v -3.693529 5.579814 1.789046
v -3.401929 5.588171 1.789869
v -3.693529 5.588171 1.789869
v -3.401929 5.596528 1.789046
v -3.693529 5.596528 1.789046
v -3.401929 5.604564 1.786608
v -3.693529 5.604564 1.786608
v -3.401929 5.611970 1.782650
v -3.693529 5.611970 1.782650
v -3.401929 5.618462 1.777322
v -3.693529 5.618462 1.777322
v -3.401929 5.623789 1.770831
v -3.693529 5.623789 1.770831
v -3.401929 5.627748 1.763425
v -3.693529 5.627748 1.763425
v -3.401929 5.630185 1.755389
v -3.693529 5.630185 1.755389
v -3.401929 5.631008 1.747032
v -3.693529 5.631008 1.747032
v -3.401929 5.630185 1.738674
v -3.693529 5.630185 1.738674
v -3.401929 5.627748 1.730638
v -3.693529 5.627748 1.730638
v -3.401929 5.623789 1.723232
v -3.693529 5.623789 1.723232
v -3.401929 5.618462 1.716741
v -3.693529 5.618462 1.716741
v -3.401929 5.611970 1.711414
v -3.693529 5.611970 1.711414
v -3.401929 5.604564 1.707455
v -3.693529 5.604564 1.707455
v -3.401929 5.596528 1.705017
v -3.693529 5.596528 1.705017
v -3.438666 5.592711 2.285629
v -3.438666 5.592711 1.867241
v -3.437342 5.597076 2.285629
v -3.437342 5.597076 1.867241
v -3.435192 5.601099 2.285629
v -3.435192 5.601099 1.867241
v -3.432298 5.604625 2.285629
v -3.432298 5.604625 1.867241
v -3.428772 5.607519 2.285629
v -3.428773 5.607519 1.867241
v -3.424750 5.609669 2.285629
v -3.424750 5.609669 1.867241
v -3.420384 5.610993 2.285629
v -3.420385 5.610993 1.867241
v -3.415845 5.611440 2.285629
v -3.415845 5.611440 1.867241
v -3.411306 5.610993 2.285629
v -3.411306 5.610993 1.867241
v -3.406941 5.609669 2.285629
v -3.406941 5.609669 1.867241
v -3.402918 5.607519 2.285629
v -3.402918 5.607519 1.867241
v -3.399392 5.604625 2.285629
v -3.399392 5.604625 1.867241
v -3.396498 5.601099 2.285629
v -3.396498 5.601099 1.867241
v -3.394348 5.597076 2.285629
v -3.394348 5.597076 1.867241
v -3.393024 5.592711 2.285629
v -3.393024 5.592711 1.867241
v -3.392577 5.588171 2.285629
v -3.392577 5.588171 1.867241
v -3.393024 5.583632 2.285629
v -3.393024 5.583632 1.867241
v -3.394348 5.579267 2.285629
v -3.394348 5.579267 1.867241
v -3.396498 5.575244 2.285629
v -3.396498 5.575244 1.867241
v -3.399392 5.571718 2.285629
v -3.399392 5.571718 1.867241
v -3.402918 5.568825 2.285629
v -3.402918 5.568825 1.867241
v -3.406941 5.566674 2.285629
v -3.406941 5.566674 1.867241
v -3.411306 5.565350 2.285629
v -3.411306 5.565350 1.867241
v -3.415845 5.564903 2.285629
v -3.415845 5.564903 1.867241
v -3.420384 5.565350 2.285629
v -3.420385 5.565350 1.867241
v -3.424750 5.566674 2.285629
v -3.424750 5.566674 1.867241
v -3.428772 5.568825 2.285629
v -3.428773 5.568825 1.867241
v -3.432298 5.571718 2.285629
v -3.432298 5.571718 1.867241
v -3.435192 5.575244 2.285629
v -3.435192 5.575244 1.867241
v -3.437342 5.579267 2.285629
v -3.437342 5.579267 1.867241
v -3.438666 5.583632 2.285629
v -3.438666 5.583632 1.867241
v -3.439113 5.588171 2.285629
v -3.439113 5.588171 1.867241
v -3.438666 5.313185 2.314322
v -3.438666 5.565053 2.314322
v -3.437342 5.313185 2.318686
v -3.437342 5.565053 2.318687
v -3.435192 5.313185 2.322709
v -3.435192 5.565053 2.322709
v -3.432298 5.313185 2.326235
v -3.432298 5.565053 2.326235
v -3.428772 5.313185 2.329129
v -3.428773 5.565053 2.329129
v -3.424750 5.313185 2.331279
v -3.424750 5.565053 2.331279
v -3.420384 5.313185 2.332603
v -3.420385 5.565053 2.332603
v -3.415845 5.313185 2.333050
v -3.415845 5.565053 2.333050
v -3.411306 5.313185 2.332603
v -3.411306 5.565053 2.332603
v -3.406941 5.313185 2.331279
v -3.406941 5.565053 2.331279
v -3.402918 5.313185 2.329129
v -3.402918 5.565053 2.329129
v -3.399392 5.313185 2.326235
v -3.399392 5.565053 2.326235
v -3.396498 5.313185 2.322709
v -3.396498 5.565053 2.322709
v -3.394348 5.313185 2.318686
v -3.394348 5.565053 2.318687
v -3.393024 5.313185 2.314322
v -3.393024 5.565053 2.314322
v -3.392577 5.313185 2.309782
v -3.392577 5.565053 2.309782
v -3.393024 5.313185 2.305243
v -3.393024 5.565053 2.305243
v -3.394348 5.313185 2.300878
v -3.394348 5.565053 2.300878
v -3.396498 5.313185 2.296855
v -3.396498 5.565053 2.296855
v -3.399392 5.313185 2.293329
v -3.399392 5.565053 2.293329
v -3.402918 5.313185 2.290435
v -3.402918 5.565053 2.290435
v -3.406941 5.313185 2.288285
v -3.406941 5.565053 2.288285
v -3.411306 5.313185 2.286961
v -3.411306 5.565053 2.286961
v -3.415845 5.313185 2.286514
v -3.415845 5.565053 2.286514
v -3.420384 5.313185 2.286961
v -3.420385 5.565053 2.286961
v -3.424750 5.313185 2.288285
v -3.424750 5.565053 2.288285
v -3.428772 5.313185 2.290435
v -3.428773 5.565053 2.290435
v -3.432298 5.313185 2.293329
v -3.432298 5.565053 2.293329
v -3.435192 5.313185 2.296855
v -3.435192 5.565053 2.296855
v -3.437342 5.313185 2.300878
v -3.437342 5.565053 2.300878
v -3.438666 5.313185 2.305243
v -3.438666 5.565053 2.305243
v -3.439113 5.313185 2.309782
v -3.439113 5.565053 2.309782
v -3.438597 5.312975 2.314282
v -3.437273 5.312975 2.318647
v -3.435123 5.312975 2.322670
v -3.432229 5.312975 2.326195
v -3.428703 5.312975 2.329089
v -3.424680 5.312975 2.331240
v -3.420315 5.312975 2.332564
v -3.415776 5.312975 2.333011
v -3.411236 5.312975 2.332564
v -3.406871 5.312975 2.331240
v -3.402849 5.312975 2.329089
v -3.399322 5.312975 2.326195
v -3.396429 5.312975 2.322670
v -3.394279 5.312975 2.318647
v -3.392954 5.312975 2.314282
v -3.392507 5.312975 2.309742
v -3.392954 5.312975 2.305203
v -3.394279 5.312975 2.300838
v -3.396429 5.312975 2.296815
v -3.399322 5.312975 2.293289
v -3.402849 5.312975 2.290395
v -3.406871 5.312975 2.288245
v -3.411236 5.312975 2.286921
v -3.415776 5.312975 2.286474
v -3.420315 5.312975 2.286921
v -3.424680 5.312975 2.288245
v -3.428703 5.312975 2.290395
v -3.432229 5.312975 2.293289
v -3.435123 5.312975 2.296815
v -3.437273 5.312975 2.300838
v -3.438597 5.312975 2.305203
v -3.439044 5.312975 2.309742
v -3.438597 5.284282 2.286623
v -3.437273 5.279917 2.286623
v -3.435123 5.275894 2.286623
v -3.432229 5.272368 2.286623
v -3.428703 5.269475 2.286623
v -3.424680 5.267324 2.286623
v -3.420315 5.266000 2.286623
v -3.415776 5.265553 2.286623
v -3.411236 5.266000 2.286623
v -3.406871 5.267324 2.286623
v -3.402849 5.269475 2.286623
v -3.399322 5.272368 2.286623
v -3.396429 5.275894 2.286623
v -3.394279 5.279917 2.286623
v -3.392954 5.284282 2.286623
v -3.392507 5.288821 2.286623
v -3.392954 5.293361 2.286623
v -3.394279 5.297726 2.286623
v -3.396429 5.301748 2.286623
v -3.399322 5.305274 2.286623
v -3.402849 5.308168 2.286623
v -3.406871 5.310318 2.286623
v -3.411236 5.311643 2.286623
v -3.415776 5.312090 2.286623
v -3.420315 5.311643 2.286623
v -3.424680 5.310318 2.286623
v -3.428703 5.308168 2.286623
v -3.432229 5.305274 2.286623
v -3.435123 5.301748 2.286623
v -3.437273 5.297726 2.286623
v -3.438597 5.293361 2.286623
v -3.439044 5.288821 2.286623
v -3.438666 5.293540 2.286654
v -3.438666 5.293540 1.868267
v -3.437342 5.297905 2.286654
v -3.437342 5.297905 1.868267
v -3.435192 5.301929 2.286654
v -3.435192 5.301929 1.868267
v -3.432298 5.305454 2.286654
v -3.432298 5.305454 1.868267
v -3.428772 5.308348 2.286654
v -3.428773 5.308348 1.868267
v -3.424750 5.310498 2.286654
v -3.424750 5.310498 1.868267
v -3.420384 5.311822 2.286654
v -3.420385 5.311822 1.868267
v -3.415845 5.312270 2.286654
v -3.415845 5.312270 1.868267
v -3.411306 5.311822 2.286654
v -3.411306 5.311822 1.868267
v -3.406941 5.310498 2.286654
v -3.406941 5.310498 1.868267
v -3.402918 5.308348 2.286654
v -3.402918 5.308348 1.868267
v -3.399392 5.305454 2.286654
v -3.399392 5.305454 1.868267
v -3.396498 5.301929 2.286654
v -3.396498 5.301929 1.868267
v -3.394348 5.297905 2.286654
v -3.394348 5.297905 1.868267
v -3.393024 5.293540 2.286654
v -3.393024 5.293540 1.868267
v -3.392577 5.289001 2.286654
v -3.392577 5.289001 1.868267
v -3.393024 5.284462 2.286654
v -3.393024 5.284462 1.868267
v -3.394348 5.280097 2.286654
v -3.394348 5.280097 1.868267
v -3.396498 5.276074 2.286654
v -3.396498 5.276074 1.868267
v -3.399392 5.272548 2.286654
v -3.399392 5.272548 1.868267
v -3.402918 5.269654 2.286654
v -3.402918 5.269654 1.868267
v -3.406941 5.267504 2.286654
v -3.406941 5.267504 1.868267
v -3.411306 5.266180 2.286654
v -3.411306 5.266180 1.868267
v -3.415845 5.265733 2.286654
v -3.415845 5.265733 1.868267
v -3.420384 5.266180 2.286654
v -3.420385 5.266180 1.868267
v -3.424750 5.267504 2.286654
v -3.424750 5.267504 1.868267
v -3.428772 5.269654 2.286654
v -3.428773 5.269654 1.868267
v -3.432298 5.272548 2.286654
v -3.432298 5.272548 1.868267
v -3.435192 5.276074 2.286654
v -3.435192 5.276074 1.868267
v -3.437342 5.280097 2.286654
v -3.437342 5.280097 1.868267
v -3.438666 5.284462 2.286654
v -3.438666 5.284462 1.868267
v -3.439113 5.289001 2.286654
v -3.439113 5.289001 1.868267
v -3.417223 5.314912 1.494872
v -3.417223 5.314912 2.168248
v -3.402080 5.313420 1.494872
v -3.402080 5.313420 2.168248
v -3.387518 5.309003 1.494872
v -3.387518 5.309003 2.168248
v -3.374098 5.301830 1.494872
v -3.374098 5.301830 2.168248
v -3.362335 5.292177 1.494872
v -3.362335 5.292177 2.168248
v -3.352682 5.280415 1.494872
v -3.352682 5.280415 2.168248
v -3.345509 5.266994 1.494872
v -3.345509 5.266994 2.168248
v -3.341092 5.252433 1.494872
v -3.341092 5.252433 2.168248
v -3.339600 5.237289 1.494872
v -3.339600 5.237289 2.168248
v -3.341092 5.222146 1.494872
v -3.341092 5.222146 2.168248
v -3.345509 5.207584 1.494872
v -3.345509 5.207584 2.168248
v -3.352682 5.194165 1.494872
v -3.352682 5.194165 2.168248
v -3.362335 5.182402 1.494872
v -3.362335 5.182402 2.168248
v -3.374098 5.172749 1.494872
v -3.374098 5.172749 2.168246
v -3.387518 5.165576 1.494872
v -3.387518 5.165576 2.168246
v -3.402080 5.161159 1.494872
v -3.402080 5.161159 2.168246
v -3.417223 5.159667 1.494872
v -3.417223 5.159667 2.168246
v -3.432366 5.161159 1.494872
v -3.432366 5.161159 2.168246
v -3.446928 5.165576 1.494872
v -3.446928 5.165576 2.168246
v -3.460348 5.172749 1.494872
v -3.460348 5.172749 2.168246
v -3.472111 5.182402 1.494872
v -3.472111 5.182402 2.168248
v -3.481764 5.194165 1.494872
v -3.481764 5.194165 2.168248
v -3.488937 5.207584 1.494872
v -3.488937 5.207584 2.168248
v -3.493354 5.222146 1.494872
v -3.493354 5.222146 2.168248
v -3.494845 5.237289 1.494872
v -3.494845 5.237289 2.168248
v -3.493354 5.252433 1.494872
v -3.493354 5.252433 2.168248
v -3.488937 5.266994 1.494872
v -3.488937 5.266994 2.168248
v -3.481764 5.280415 1.494872
v -3.481764 5.280415 2.168248
v -3.472111 5.292177 1.494872
v -3.472111 5.292177 2.168248
v -3.460348 5.301830 1.494872
v -3.460348 5.301830 2.168248
v -3.446928 5.309003 1.494872
v -3.446928 5.309003 2.168248
v -3.432366 5.313420 1.494872
v -3.432366 5.313420 2.168248
v -3.417223 5.440624 1.494236
v -3.417223 5.440624 2.168314
v -3.377554 5.436717 1.494236
v -3.377554 5.436717 2.168314
v -3.339410 5.425146 1.494236
v -3.339410 5.425146 2.168314
v -3.304256 5.406356 1.494236
v -3.304256 5.406356 2.168314
v -3.273443 5.381068 1.494236
v -3.273443 5.381068 2.168314
v -3.248156 5.350256 1.494236
v -3.248156 5.350256 2.168314
v -3.229367 5.315102 1.494236
v -3.229367 5.315102 2.168314
v -3.217795 5.276958 1.494236
v -3.217795 5.276958 2.168314
v -3.213888 5.237289 1.494236
v -3.213888 5.237289 2.168314
v -3.217795 5.197620 1.494236
v -3.217795 5.197620 2.168314
v -3.229367 5.159476 1.494236
v -3.229367 5.159476 2.168314
v -3.248156 5.124322 1.494236
v -3.248156 5.124322 2.168314
v -3.273443 5.093510 1.494236
v -3.273443 5.093510 2.168314
v -3.304256 5.068223 1.494236
v -3.304256 5.068223 2.168312
v -3.339410 5.049432 1.494236
v -3.339410 5.049432 2.168312
v -3.377554 5.037861 1.494236
v -3.377554 5.037861 2.168312
v -3.417223 5.033954 1.494236
v -3.417223 5.033954 2.168312
v -3.456891 5.037861 1.494236
v -3.456891 5.037861 2.168312
v -3.495035 5.049432 1.494236
v -3.495035 5.049432 2.168312
v -3.530189 5.068223 1.494236
v -3.530189 5.068223 2.168312
v -3.561002 5.093510 1.494236
v -3.561002 5.093510 2.168314
v -3.586290 5.124322 1.494236
v -3.586290 5.124322 2.168314
v -3.605079 5.159476 1.494236
v -3.605079 5.159476 2.168314
v -3.616650 5.197620 1.494236
v -3.616650 5.197620 2.168314
v -3.620557 5.237289 1.494236
v -3.620557 5.237289 2.168314
v -3.616650 5.276958 1.494236
v -3.616650 5.276958 2.168314
v -3.605079 5.315102 1.494236
v -3.605079 5.315102 2.168314
v -3.586290 5.350256 1.494236
v -3.586290 5.350256 2.168314
v -3.561002 5.381068 1.494236
v -3.561002 5.381068 2.168314
v -3.530189 5.406356 1.494236
v -3.530189 5.406356 2.168314
v -3.495035 5.425146 1.494236
v -3.495035 5.425146 2.168314
v -3.456891 5.436717 1.494236
v -3.456891 5.436717 2.168314
v -3.417223 5.314912 2.169362
v -3.402080 5.313420 2.169362
v -3.387518 5.309003 2.169362
v -3.374098 5.301830 2.169362
v -3.362335 5.292177 2.169362
v -3.352682 5.280415 2.169362
v -3.345509 5.266994 2.169362
v -3.341092 5.252433 2.169362
v -3.339600 5.237289 2.169362
v -3.341092 5.222146 2.169362
v -3.345509 5.207584 2.169362
v -3.352682 5.194165 2.169362
v -3.362335 5.182402 2.169362
v -3.374098 5.172749 2.169362
v -3.387518 5.165576 2.169362
v -3.402080 5.161159 2.169362
v -3.417223 5.159667 2.169362
v -3.432366 5.161159 2.169362
v -3.446928 5.165576 2.169362
v -3.460348 5.172749 2.169362
v -3.472111 5.182402 2.169362
v -3.481764 5.194165 2.169362
v -3.488937 5.207584 2.169362
v -3.493354 5.222146 2.169362
v -3.494845 5.237289 2.169362
v -3.493354 5.252433 2.169362
v -3.488937 5.266994 2.169362
v -3.481764 5.280415 2.169362
v -3.472111 5.292177 2.169362
v -3.460348 5.301830 2.169362
v -3.446928 5.309003 2.169362
v -3.432366 5.313420 2.169362
v -3.417223 5.440624 2.168726
v -3.377554 5.436717 2.168726
v -3.339410 5.425146 2.168726
v -3.304256 5.406356 2.168726
v -3.273443 5.381068 2.168726
v -3.248156 5.350256 2.168726
v -3.229367 5.315102 2.168726
v -3.217795 5.276958 2.168726
v -3.213888 5.237289 2.168726
v -3.217795 5.197620 2.168726
v -3.229367 5.159476 2.168726
v -3.248156 5.124322 2.168726
v -3.273443 5.093510 2.168726
v -3.304256 5.068223 2.168726
v -3.339410 5.049432 2.168726
v -3.377554 5.037861 2.168726
v -3.417223 5.033954 2.168726
v -3.456891 5.037861 2.168726
v -3.495035 5.049432 2.168726
v -3.530189 5.068223 2.168726
v -3.561002 5.093510 2.168726
v -3.586290 5.124322 2.168726
v -3.605079 5.159476 2.168726
v -3.616650 5.197620 2.168726
v -3.620557 5.237289 2.168726
v -3.616650 5.276958 2.168726
v -3.605079 5.315102 2.168726
v -3.586290 5.350256 2.168726
v -3.561002 5.381068 2.168726
v -3.530189 5.406356 2.168726
v -3.495035 5.425146 2.168726
v -3.456891 5.436717 2.168726
v -3.211924 5.236380 2.168308
v -3.211924 5.236380 1.496172
v -3.211924 4.794419 1.496172
v -3.211924 4.775296 2.168308
v -3.211924 4.802061 2.101472
v -3.211924 4.762737 2.050116
v -3.211924 4.674593 1.983171
v -3.211924 4.849722 1.903902
v -3.211924 4.806253 1.878618
v -3.211924 4.755323 1.774258
v -3.211924 4.798323 1.661874
v -3.211924 4.873383 1.619529
v -3.211924 4.717909 1.598722
v -3.211924 4.761953 1.587520
v -3.211924 4.707909 1.572773
v -3.211924 4.916444 1.518873
v 15.035764 8.502822 -3.810245
v 15.035764 0.882331 -3.810245
v 15.035764 0.882331 3.810245
v 3.810245 0.882331 11.487694
v -3.810245 8.502822 11.487694
v -3.810245 0.882331 11.487694
v 15.035764 0.882331 11.487694
v 3.810245 14.970792 -3.810245
v -3.810245 14.970792 -3.810245
v -3.810245 14.970792 3.810245
v 15.035764 14.970792 -3.810245
v -3.810245 14.970792 11.487694
v -3.810245 0.286309 3.810245
v 3.810245 0.286309 3.810245
v -3.810245 0.286309 11.487694
v 3.810245 0.286309 11.487694
v -3.256763 11.815968 7.957902
v -2.541957 11.815968 7.957902
v -3.256763 11.806076 7.958876
v -2.541957 11.806076 7.958876
v -3.256763 11.796562 7.961762
v -2.541957 11.796562 7.961762
v -3.256763 11.787796 7.966448
v -2.541957 11.787796 7.966448
v -3.256763 11.780111 7.972754
v -2.541957 11.780111 7.972754
v -3.256763 11.773806 7.980438
v -2.541957 11.773806 7.980438
v -3.256763 11.769119 7.989205
v -2.541957 11.769119 7.989205
v -3.256763 11.766233 7.998719
v -2.541957 11.766233 7.998719
v -3.256763 11.765259 8.008611
v -2.541957 11.765259 8.008611
v -3.256763 11.766233 8.018503
v -2.541957 11.766233 8.018503
v -3.256763 11.769119 8.028016
v -2.541957 11.769119 8.028016
v -3.256763 11.773806 8.036783
v -2.541957 11.773806 8.036783
v -3.256763 11.780111 8.044467
v -2.541957 11.780111 8.044467
v -3.256763 11.787796 8.050774
v -2.541957 11.787796 8.050774
v -3.256763 11.796562 8.055460
v -2.541957 11.796562 8.055460
v -3.256763 11.806076 8.058346
v -2.541957 11.806076 8.058346
v -3.256763 11.815968 8.059320
v -2.541957 11.815968 8.059320
v -3.256763 11.825861 8.058346
v -2.541957 11.825861 8.058346
v -3.256763 11.835374 8.055460
v -2.541957 11.835374 8.055460
v -3.256763 11.844141 8.050774
v -2.541957 11.844141 8.050774
v -3.256763 11.851825 8.044467
v -2.541957 11.851825 8.044467
v -3.256763 11.858131 8.036783
v -2.541957 11.858131 8.036783
v -3.256763 11.862818 8.028016
v -2.541957 11.862818 8.028016
v -3.256763 11.865704 8.018503
v -2.541957 11.865704 8.018503
v -3.256763 11.866677 8.008611
v -2.541957 11.866677 8.008611
v -3.256763 11.865704 7.998719
v -2.541957 11.865704 7.998719
v -3.256763 11.862818 7.989205
v -2.541957 11.862818 7.989205
v -3.256763 11.858131 7.980438
v -2.541957 11.858131 7.980438
v -3.256763 11.851825 7.972754
v -2.541957 11.851825 7.972754
v -3.256763 11.844141 7.966448
v -2.541957 11.844141 7.966448
v -3.256763 11.835374 7.961762
v -2.541957 11.835374 7.961762
v -3.256763 11.825861 7.958876
v -2.541957 11.825861 7.958876
v -3.845399 11.430443 7.957902
v -3.256143 11.816175 7.957902
v -3.839871 11.422239 7.958876
v -3.256034 11.806282 7.958876
v -3.834556 11.414351 7.961762
v -3.255929 11.796770 7.961762
v -3.829657 11.407080 7.966448
v -3.255832 11.788004 7.966448
v -3.825363 11.400706 7.972754
v -3.255747 11.780319 7.972754
v -3.821839 11.395476 7.980438
v -3.255677 11.774014 7.980438
v -3.819221 11.391590 7.989205
v -3.255625 11.769328 7.989205
v -3.817609 11.389196 7.998719
v -3.255594 11.766441 7.998719
v -3.817064 11.388390 8.008611
v -3.255583 11.765469 8.008611
v -3.817609 11.389196 8.018503
v -3.255594 11.766441 8.018503
v -3.819221 11.391590 8.028016
v -3.255625 11.769328 8.028016
v -3.821839 11.395476 8.036783
v -3.255677 11.774014 8.036783
v -3.825363 11.400706 8.044467
v -3.255747 11.780319 8.044467
v -3.829657 11.407080 8.050774
v -3.255832 11.788004 8.050774
v -3.834556 11.414351 8.055460
v -3.255929 11.796770 8.055460
v -3.839871 11.422239 8.058346
v -3.256034 11.806282 8.058346
v -3.845399 11.430443 8.059320
v -3.256143 11.816175 8.059320
v -3.850926 11.438647 8.058346
v -3.256252 11.826067 8.058346
v -3.856241 11.446537 8.055460
v -3.256357 11.835579 8.055460
v -3.861141 11.453808 8.050774
v -3.256454 11.844345 8.050774
v -3.865434 11.460180 8.044467
v -3.256539 11.852028 8.044467
v -3.868958 11.465410 8.036783
v -3.256609 11.858335 8.036783
v -3.871576 11.469296 8.028016
v -3.256661 11.863020 8.028016
v -3.873189 11.471689 8.018503
v -3.256693 11.865907 8.018503
v -3.873734 11.472498 8.008611
v -3.256703 11.866880 8.008611
v -3.873189 11.471689 7.998719
v -3.256693 11.865907 7.998719
v -3.871576 11.469296 7.989205
v -3.256661 11.863020 7.989205
v -3.868958 11.465410 7.980438
v -3.256609 11.858335 7.980438
v -3.865434 11.460180 7.972754
v -3.256539 11.852028 7.972754
v -3.861141 11.453808 7.966448
v -3.256454 11.844345 7.966448
v -3.856241 11.446537 7.961762
v -3.256357 11.835579 7.961762
v -3.850926 11.438647 7.958876
v -3.256252 11.826067 7.958876
v -3.284679 11.808232 7.957902
v -3.279152 11.800028 7.958876
v -3.273836 11.792139 7.961762
v -3.268938 11.784868 7.966448
v -3.264644 11.778495 7.972754
v -3.261120 11.773265 7.980438
v -3.258502 11.769379 7.989205
v -3.256890 11.766985 7.998719
v -3.256345 11.766178 8.008611
v -3.256890 11.766985 8.018503
v -3.258502 11.769379 8.028016
v -3.261120 11.773265 8.036783
v -3.264644 11.778495 8.044467
v -3.268938 11.784868 8.050774
v -3.273836 11.792139 8.055460
v -3.279152 11.800028 8.058346
v -3.284679 11.808232 8.059320
v -3.290207 11.816437 8.058346
v -3.295523 11.824326 8.055460
v -3.300421 11.831596 8.050774
v -3.304715 11.837969 8.044467
v -3.308239 11.843199 8.036783
v -3.310857 11.847085 8.028016
v -3.312470 11.849479 8.018503
v -3.313014 11.850286 8.008611
v -3.312470 11.849479 7.998719
v -3.310857 11.847085 7.989205
v -3.308239 11.843199 7.980438
v -3.304715 11.837969 7.972754
v -3.300421 11.831596 7.966448
v -3.295523 11.824326 7.961762
v -3.290207 11.816437 7.958876
v -1.782921 11.977044 7.650172
v -1.879074 11.826553 7.471586
v -2.004705 11.629928 7.374936
v -2.072695 11.523515 7.362499
v -2.140686 11.417103 7.374936
v -2.266316 11.220476 7.471586
v -1.724187 12.068971 8.009785
v -1.730883 12.058489 8.136065
v -1.750715 12.027451 8.257490
v -1.782921 11.977044 8.369397
v -1.826262 11.909210 8.467485
v -1.879074 11.826553 8.547984
v -1.939327 11.732252 8.607800
v -2.004705 11.629928 8.644633
v -2.072696 11.523516 8.657071
v -2.140686 11.417103 8.644633
v -2.206064 11.314778 8.607800
v -2.266316 11.220476 8.547984
v -2.319128 11.137820 8.467485
v -2.362469 11.069986 8.369397
v -2.394675 11.019581 8.257490
v -2.414508 10.988541 8.136065
v -1.749947 12.070670 8.133638
v -1.788111 12.051344 8.252731
v -1.837211 12.011732 8.362488
v -1.895361 11.953360 8.458691
v -1.960325 11.878468 8.537642
v -2.029608 11.789935 8.596309
v -2.100547 11.691164 8.632435
v -2.170415 11.585951 8.644633
v -2.236528 11.478339 8.632435
v -2.296345 11.372461 8.596309
v -2.347568 11.272390 8.537642
v -2.388227 11.181969 8.458691
v -2.416760 11.104673 8.362488
v -2.432071 11.043474 8.252731
v -2.433572 11.000721 8.133638
v -1.768279 12.082382 8.126451
v -1.824070 12.074318 8.238635
v -1.889415 12.045087 8.342024
v -1.961804 11.995811 8.432646
v -2.038454 11.928387 8.507016
v -2.116420 11.845402 8.562278
v -2.192706 11.750048 8.596309
v -2.264380 11.645988 8.607799
v -2.328687 11.537222 8.596309
v -2.383157 11.427929 8.562278
v -2.425696 11.322309 8.507016
v -2.454669 11.224422 8.432646
v -2.468964 11.138029 8.342024
v -2.468030 11.066449 8.238635
v -2.451904 11.012434 8.126451
v -1.785173 12.093178 8.114782
v -1.857210 12.095492 8.215745
v -1.937527 12.075827 8.308792
v -2.023038 12.034937 8.390349
v -2.110458 11.974392 8.457281
v -2.196427 11.896521 8.507016
v -2.277640 11.804316 8.537642
v -2.350978 11.701319 8.547984
v -2.413622 11.591490 8.537642
v -2.463164 11.479048 8.507016
v -2.497700 11.368315 8.457281
v -2.515904 11.263546 8.390349
v -2.517075 11.168768 8.308792
v -2.501169 11.087623 8.215745
v -2.468798 11.023228 8.114782
v -1.799981 12.102638 8.099078
v -1.886257 12.114052 8.184939
v -1.979697 12.102770 8.264071
v -2.076710 12.069229 8.333428
v -2.173570 12.014717 8.390348
v -2.266553 11.941326 8.432646
v -2.352086 11.851881 8.458691
v -2.426882 11.749816 8.467485
v -2.488067 11.639055 8.458691
v -2.533290 11.523853 8.432646
v -2.560812 11.408639 8.390348
v -2.569576 11.297839 8.333428
v -2.559245 11.195712 8.264071
v -2.530217 11.106182 8.184939
v -2.483606 11.032690 8.099078
v -2.421204 10.978060 8.009785
v -1.812134 12.110403 8.079942
v -1.910095 12.129283 8.147403
v -2.014304 12.124883 8.209575
v -2.120758 12.097372 8.264071
v -2.225364 12.047810 8.308792
v -2.324104 11.978098 8.342025
v -2.413182 11.890917 8.362488
v -2.489175 11.789617 8.369397
v -2.549163 11.678091 8.362488
v -2.590841 11.560625 8.342025
v -2.612607 11.441732 8.308792
v -2.613624 11.325983 8.264071
v -2.593853 11.217824 8.209575
v -2.554055 11.121413 8.147403
v -2.495759 11.040455 8.079942
v -1.821165 12.116174 8.058110
v -1.927809 12.140600 8.104578
v -2.040020 12.141314 8.147403
v -2.153488 12.118286 8.184939
v -2.263851 12.072399 8.215745
v -2.366868 12.005421 8.238635
v -2.458580 11.919923 8.252731
v -2.535462 11.819191 8.257490
v -2.594561 11.707098 8.252731
v -2.633605 11.587948 8.238635
v -2.651093 11.466323 8.215745
v -2.646354 11.346895 8.184939
v -2.619569 11.234255 8.147403
v -2.571769 11.132730 8.104578
v -2.504789 11.046225 8.058110
v -1.826725 12.119726 8.034421
v -1.938717 12.147570 8.058110
v -2.055857 12.151432 8.079942
v -2.173643 12.131163 8.099078
v -2.287551 12.087543 8.114782
v -2.393202 12.022247 8.126451
v -2.486536 11.937785 8.133638
v -2.563966 11.837404 8.136064
v -2.622517 11.724959 8.133638
v -2.659939 11.604774 8.126451
v -2.674793 11.481465 8.114782
v -2.666509 11.359774 8.099078
v -2.635405 11.244373 8.079942
v -2.582677 11.139700 8.058110
v -2.510350 11.049778 8.034421
v -1.828603 12.120926 8.009785
v -1.942400 12.149923 8.009785
v -2.061203 12.154848 8.009785
v -2.180449 12.135511 8.009785
v -2.295554 12.092656 8.009785
v -2.402094 12.027927 8.009785
v -2.495976 11.943817 8.009785
v -2.573591 11.843553 8.009785
v -2.631957 11.730990 8.009785
v -2.668831 11.610455 8.009785
v -2.682796 11.486578 8.009785
v -2.673315 11.364121 8.009785
v -2.640752 11.247789 8.009785
v -2.586360 11.142054 8.009785
v -2.512228 11.050977 8.009785
v -1.826725 12.119726 7.985149
v -1.938717 12.147570 7.961460
v -2.055856 12.151432 7.939629
v -2.173643 12.131163 7.920492
v -2.287551 12.087543 7.904788
v -2.393202 12.022247 7.893119
v -2.486536 11.937785 7.885932
v -2.563966 11.837404 7.883506
v -2.622517 11.724959 7.885932
v -2.659939 11.604774 7.893119
v -2.674793 11.481465 7.904788
v -2.666509 11.359774 7.920492
v -2.635405 11.244373 7.939629
v -2.582677 11.139700 7.961460
v -2.510350 11.049778 7.985149
v -1.821165 12.116174 7.961460
v -1.927809 12.140600 7.914992
v -2.040020 12.141314 7.872167
v -2.153488 12.118286 7.834631
v -2.263851 12.072399 7.803825
v -2.366868 12.005421 7.780935
v -2.458580 11.919923 7.766839
v -2.535462 11.819191 7.762079
v -2.594561 11.707098 7.766839
v -2.633605 11.587948 7.780935
v -2.651093 11.466323 7.803825
v -2.646354 11.346895 7.834631
v -2.619569 11.234255 7.872167
v -2.571769 11.132730 7.914992
v -2.504789 11.046225 7.961460
v -1.812134 12.110403 7.939629
v -1.910095 12.129283 7.872167
v -2.014304 12.124883 7.809994
v -2.120758 12.097372 7.755500
v -2.225364 12.047810 7.710778
v -2.324104 11.978098 7.677546
v -2.413182 11.890917 7.657082
v -2.489175 11.789617 7.650172
v -2.549163 11.678091 7.657082
v -2.590841 11.560625 7.677546
v -2.612606 11.441732 7.710778
v -2.613624 11.325983 7.755500
v -2.593853 11.217824 7.809994
v -2.554055 11.121413 7.872167
v -2.495759 11.040455 7.939629
v -1.799981 12.102638 7.920493
v -1.886257 12.114052 7.834631
v -1.979697 12.102770 7.755500
v -2.076710 12.069229 7.686142
v -2.173569 12.014716 7.629221
v -2.266553 11.941326 7.586925
v -2.352086 11.851881 7.560879
v -2.426882 11.749815 7.552084
v -2.488067 11.639055 7.560879
v -2.533290 11.523853 7.586925
v -2.560812 11.408639 7.629221
v -2.569576 11.297839 7.686142
v -2.559245 11.195712 7.755500
v -2.530217 11.106182 7.834631
v -2.483606 11.032690 7.920493
v -1.785173 12.093178 7.904788
v -1.857210 12.095492 7.803825
v -1.937526 12.075827 7.710778
v -2.023038 12.034937 7.629221
v -2.110457 11.974392 7.562289
v -2.196427 11.896521 7.512554
v -2.277640 11.804315 7.481928
v -2.350978 11.701319 7.471587
v -2.413621 11.591490 7.481928
v -2.463164 11.479048 7.512554
v -2.497699 11.368315 7.562289
v -2.515904 11.263546 7.629221
v -2.517075 11.168768 7.710778
v -2.501169 11.087623 7.803825
v -2.468798 11.023228 7.904788
v -1.768279 12.082382 7.893119
v -1.824070 12.074318 7.780935
v -1.889415 12.045087 7.677547
v -1.961804 11.995811 7.586925
v -2.038454 11.928387 7.512554
v -2.116420 11.845402 7.457292
v -2.192706 11.750048 7.423262
v -2.264379 11.645988 7.411771
v -2.328687 11.537222 7.423262
v -2.383157 11.427929 7.457292
v -2.425696 11.322309 7.512554
v -2.454669 11.224422 7.586925
v -2.468964 11.138029 7.677547
v -2.468030 11.066449 7.780935
v -2.451904 11.012434 7.893119
v -1.749947 12.070670 7.885932
v -1.788111 12.051344 7.766839
v -1.837211 12.011732 7.657082
v -1.895361 11.953360 7.560879
v -1.960325 11.878468 7.481928
v -2.029608 11.789935 7.423262
v -2.100547 11.691164 7.387135
v -2.170415 11.585951 7.374937
v -2.236528 11.478338 7.387135
v -2.296345 11.372461 7.423262
v -2.347568 11.272390 7.481928
v -2.388227 11.181969 7.560879
v -2.416760 11.104673 7.657082
v -2.432071 11.043474 7.766839
v -2.433572 11.000721 7.885932
v -1.730883 12.058489 7.883506
v -1.750715 12.027451 7.762080
v -1.826262 11.909210 7.552084
v -1.939327 11.732252 7.411771
v -2.206064 11.314778 7.411771
v -2.319128 11.137820 7.552084
v -2.362469 11.069986 7.650173
v -2.394675 11.019581 7.762080
v -2.414508 10.988541 7.883506
v -1.809281 11.935787 7.682885
v -1.896687 11.798987 7.520545
v -2.010890 11.620248 7.432687
v -2.072695 11.523515 7.421381
v -2.134501 11.426783 7.432687
v -2.248703 11.248043 7.520545
v -1.755890 12.019352 8.009785
v -1.761977 12.009824 8.124578
v -1.780005 11.981607 8.234958
v -1.809281 11.935787 8.336685
v -1.848680 11.874125 8.425849
v -1.896687 11.798987 8.499024
v -1.951459 11.713264 8.553399
v -2.010890 11.620248 8.586884
v -2.072696 11.523516 8.598189
v -2.134501 11.426783 8.586884
v -2.193932 11.333767 8.553399
v -2.248703 11.248043 8.499024
v -2.296710 11.172906 8.425849
v -2.336109 11.111242 8.336685
v -2.365385 11.065422 8.234958
v -2.383413 11.037207 8.124578
v -2.389501 11.027679 8.009785
v -1.761977 12.009824 7.894994
v -1.780005 11.981607 7.784613
v -1.848680 11.874125 7.593721
v -1.951459 11.713264 7.466171
v -2.193932 11.333767 7.466171
v -2.296710 11.172906 7.593721
v -2.336109 11.111242 7.682885
v -2.365385 11.065422 7.784613
v -2.383413 11.037207 7.894994
v -2.352035 11.100706 7.670757
v -2.261277 11.242513 7.502393
v -2.142696 11.427793 7.411275
v -2.078521 11.528065 7.399549
v -2.014345 11.628336 7.411275
v -1.895764 11.813615 7.502393
v -2.407473 11.014086 8.009785
v -2.401153 11.023962 8.128837
v -2.382433 11.053210 8.243312
v -2.352035 11.100706 8.348813
v -2.311125 11.164627 8.441286
v -2.261277 11.242513 8.517177
v -2.204405 11.331373 8.573568
v -2.142696 11.427793 8.608294
v -2.078521 11.528065 8.620020
v -2.014345 11.628336 8.608294
v -1.952636 11.724755 8.573568
v -1.895764 11.813615 8.517177
v -1.845916 11.891502 8.441286
v -1.805006 11.955421 8.348813
v -1.774608 12.002918 8.243312
v -1.755888 12.032166 8.128837
v -2.396466 11.020880 8.126548
v -2.373240 11.047165 8.238825
v -2.338688 11.091929 8.342299
v -2.294138 11.153456 8.432995
v -2.241302 11.229377 8.507426
v -2.182210 11.316777 8.562735
v -2.119134 11.412297 8.596795
v -2.054497 11.512266 8.608294
v -1.990783 11.612842 8.596795
v -1.930441 11.710159 8.562735
v -1.875789 11.800480 8.507426
v -1.828929 11.880330 8.432995
v -1.791659 11.946644 8.342299
v -1.765414 11.996873 8.238825
v -1.751202 12.029084 8.126548
v -2.391959 11.017916 8.119774
v -2.364400 11.041351 8.225535
v -2.325854 11.083489 8.323007
v -2.277803 11.142714 8.408441
v -2.222095 11.216745 8.478554
v -2.160868 11.302742 8.530653
v -2.096477 11.397398 8.562735
v -2.031396 11.497074 8.573567
v -1.968126 11.597941 8.562735
v -1.909099 11.696124 8.530653
v -1.856582 11.787848 8.478554
v -1.812594 11.869589 8.408441
v -1.778826 11.938204 8.323007
v -1.756574 11.991058 8.225535
v -1.746695 12.026120 8.119774
v -2.387806 11.015184 8.108772
v -2.356252 11.035994 8.203956
v -2.314026 11.075711 8.291677
v -2.262750 11.132812 8.368566
v -2.204393 11.205105 8.431666
v -2.141199 11.289808 8.478554
v -2.075597 11.383666 8.507426
v -2.010107 11.483074 8.517177
v -1.947246 11.584209 8.507426
v -1.889429 11.683189 8.478554
v -1.838880 11.776207 8.431666
v -1.797540 11.859688 8.368566
v -1.766997 11.930426 8.291677
v -1.748427 11.985701 8.203956
v -1.742542 12.023389 8.108772
v -2.384165 11.012791 8.093966
v -2.349111 11.031298 8.174912
v -2.303659 11.068893 8.249515
v -2.249554 11.124136 8.314902
v -2.188877 11.194901 8.368566
v -2.123959 11.278470 8.408441
v -2.057295 11.371630 8.432995
v -1.991446 11.470802 8.441286
v -1.928944 11.572174 8.432995
v -1.872189 11.671852 8.408441
v -1.823364 11.766004 8.368566
v -1.784345 11.851011 8.314902
v -1.756630 11.923609 8.249515
v -1.741286 11.981005 8.174912
v -1.738901 12.020996 8.093966
v -1.749567 12.042043 8.009785
v -2.381178 11.010826 8.075926
v -2.343251 11.027443 8.139524
v -2.295151 11.063299 8.198139
v -2.238726 11.117014 8.249515
v -2.176144 11.186527 8.291677
v -2.109810 11.269166 8.323007
v -2.042275 11.361753 8.342299
v -1.976132 11.460732 8.348813
v -1.913924 11.562298 8.342299
v -1.858041 11.662548 8.323007
v -1.810631 11.757630 8.291677
v -1.773516 11.843890 8.249515
v -1.748122 11.918013 8.198139
v -1.735425 11.977151 8.139524
v -1.735913 12.019031 8.075926
v -2.378958 11.009365 8.055344
v -2.338896 11.024579 8.099153
v -2.288829 11.059141 8.139524
v -2.230679 11.111723 8.174912
v -2.166682 11.180305 8.203956
v -2.099297 11.262253 8.225535
v -2.031114 11.354413 8.238825
v -1.964752 11.453247 8.243312
v -1.902763 11.554957 8.238825
v -1.847528 11.655634 8.225535
v -1.801169 11.751408 8.203956
v -1.765469 11.838598 8.174912
v -1.741800 11.913855 8.139524
v -1.731071 11.974287 8.099153
v -1.733693 12.017570 8.055344
v -2.377591 11.008467 8.033011
v -2.336214 11.022816 8.055344
v -2.284936 11.056581 8.075926
v -2.225724 11.108465 8.093966
v -2.160856 11.176474 8.108772
v -2.092823 11.257994 8.119774
v -2.024241 11.349894 8.126548
v -1.957745 11.448639 8.128836
v -1.895890 11.550438 8.126548
v -1.841054 11.651376 8.119774
v -1.795343 11.747576 8.108772
v -1.760515 11.835340 8.093966
v -1.737907 11.911296 8.075926
v -1.728389 11.972525 8.055344
v -1.732326 12.016672 8.033011
v -2.377129 11.008163 8.009785
v -2.335309 11.022221 8.009785
v -2.283621 11.055717 8.009785
v -2.224051 11.107365 8.009785
v -2.158889 11.175180 8.009785
v -2.090637 11.256557 8.009785
v -2.021921 11.348368 8.009785
v -1.955379 11.447083 8.009785
v -1.893570 11.548912 8.009785
v -1.838868 11.649939 8.009785
v -1.793376 11.746282 8.009785
v -1.758842 11.834240 8.009785
v -1.736593 11.910431 8.009785
v -1.727484 11.971928 8.009785
v -1.731865 12.016367 8.009785
v -2.377591 11.008467 7.986559
v -2.336214 11.022816 7.964226
v -2.284936 11.056581 7.943644
v -2.225724 11.108465 7.925602
v -2.160856 11.176474 7.910798
v -2.092823 11.257994 7.899796
v -2.024241 11.349894 7.893022
v -1.957745 11.448639 7.890734
v -1.895890 11.550438 7.893022
v -1.841054 11.651376 7.899796
v -1.795343 11.747576 7.910798
v -1.760515 11.835340 7.925602
v -1.737907 11.911296 7.943644
v -1.728389 11.972525 7.964226
v -1.732326 12.016672 7.986559
v -2.378958 11.009365 7.964226
v -2.338896 11.024579 7.920418
v -2.288829 11.059141 7.880044
v -2.230679 11.111723 7.844656
v -2.166682 11.180305 7.815615
v -2.099297 11.262253 7.794034
v -2.031114 11.354413 7.780746
v -1.964753 11.453248 7.776258
v -1.902763 11.554957 7.780746
v -1.847528 11.655634 7.794034
v -1.801169 11.751408 7.815615
v -1.765469 11.838598 7.844656
v -1.741800 11.913855 7.880044
v -1.731071 11.974287 7.920418
v -1.733693 12.017570 7.964226
v -2.381178 11.010826 7.943644
v -2.343251 11.027443 7.880044
v -2.295151 11.063299 7.821432
v -2.238726 11.117014 7.770055
v -2.176144 11.186527 7.727893
v -2.109810 11.269166 7.696564
v -2.042275 11.361753 7.677271
v -1.976132 11.460732 7.670757
v -1.913924 11.562298 7.677271
v -1.858041 11.662548 7.696564
v -1.810631 11.757630 7.727893
v -1.773516 11.843890 7.770055
v -1.748122 11.918013 7.821432
v -1.735425 11.977151 7.880044
v -1.735913 12.019031 7.943644
v -2.384165 11.012791 7.925603
v -2.349111 11.031298 7.844656
v -2.303659 11.068893 7.770055
v -2.249554 11.124136 7.704668
v -2.188877 11.194901 7.651005
v -2.123959 11.278470 7.611130
v -2.057295 11.371630 7.586575
v -1.991446 11.470802 7.578284
v -1.928944 11.572174 7.586575
v -1.872189 11.671852 7.611130
v -1.823364 11.766004 7.651005
v -1.784345 11.851011 7.704668
v -1.756630 11.923609 7.770055
v -1.741286 11.981005 7.844656
v -1.738901 12.020996 7.925603
v -2.387806 11.015184 7.910798
v -2.356252 11.035994 7.815615
v -2.314026 11.075711 7.727894
v -2.262750 11.132812 7.651005
v -2.204393 11.205105 7.587904
v -2.141199 11.289808 7.541016
v -2.075597 11.383666 7.512143
v -2.010107 11.483074 7.502393
v -1.947246 11.584209 7.512143
v -1.889429 11.683189 7.541016
v -1.838880 11.776207 7.587904
v -1.797540 11.859688 7.651005
v -1.766997 11.930427 7.727894
v -1.748427 11.985701 7.815615
v -1.742542 12.023389 7.910798
v -2.391959 11.017916 7.899796
v -2.364400 11.041351 7.794034
v -2.325854 11.083489 7.696564
v -2.277803 11.142714 7.611130
v -2.222095 11.216745 7.541016
v -2.160868 11.302742 7.488917
v -2.096477 11.397398 7.456834
v -2.031396 11.497074 7.446002
v -1.968127 11.597941 7.456834
v -1.909099 11.696124 7.488917
v -1.856582 11.787848 7.541016
v -1.812594 11.869589 7.611130
v -1.778826 11.938204 7.696564
v -1.756574 11.991058 7.794034
v -1.746695 12.026120 7.899796
v -2.396466 11.020880 7.893022
v -2.373240 11.047165 7.780746
v -2.338688 11.091929 7.677271
v -2.294138 11.153456 7.586575
v -2.241302 11.229377 7.512143
v -2.182210 11.316777 7.456834
v -2.119134 11.412297 7.422776
v -2.054497 11.512266 7.411276
v -1.990783 11.612842 7.422776
v -1.930441 11.710159 7.456834
v -1.875789 11.800480 7.512143
v -1.828929 11.880330 7.586575
v -1.791659 11.946644 7.677271
v -1.765414 11.996873 7.780746
v -1.751202 12.029084 7.893022
v -2.401153 11.023962 7.890735
v -2.382433 11.053210 7.776258
v -2.311125 11.164627 7.578283
v -2.204405 11.331373 7.446002
v -1.952636 11.724755 7.446002
v -1.845916 11.891502 7.578283
v -1.805006 11.955421 7.670757
v -1.774608 12.002918 7.776258
v -1.755888 12.032166 7.890735
v -2.327154 11.139583 7.701597
v -2.244652 11.268489 7.548550
v -2.136858 11.436913 7.465720
v -2.078521 11.528065 7.455061
v -2.020183 11.619215 7.465720
v -1.912389 11.787640 7.548550
v -2.377549 11.060843 8.009785
v -2.371804 11.069818 8.118006
v -2.354787 11.096407 8.222068
v -2.327154 11.139583 8.317973
v -2.289966 11.197687 8.402033
v -2.244652 11.268489 8.471021
v -2.192954 11.349266 8.522283
v -2.136858 11.436913 8.553849
v -2.078521 11.528065 8.564508
v -2.020183 11.619215 8.553849
v -1.964087 11.706862 8.522283
v -1.912389 11.787640 8.471021
v -1.867075 11.858440 8.402033
v -1.829887 11.916546 8.317973
v -1.802254 11.959722 8.222068
v -1.785238 11.986309 8.118006
v -1.779492 11.995287 8.009785
v -2.371804 11.069818 7.901564
v -2.354787 11.096407 7.797502
v -2.289966 11.197687 7.617537
v -2.192954 11.349266 7.497288
v -1.964087 11.706862 7.497288
v -1.867075 11.858440 7.617537
v -1.829887 11.916546 7.701597
v -1.802254 11.959722 7.797502
v -1.785238 11.986309 7.901564
v -3.862904 11.400396 7.512802
v -3.739727 11.400396 7.512802
v -3.862904 11.205306 7.522532
v -3.739727 11.205306 7.522532
v -3.862904 11.017714 7.551346
v -3.739727 11.017714 7.551346
v -3.862904 10.844826 7.598138
v -3.739727 10.844826 7.598138
v -3.862904 10.693291 7.661110
v -3.739727 10.693290 7.661110
v -3.862904 10.568927 7.737841
v -3.739727 10.568927 7.737841
v -3.862904 10.476517 7.825383
v -3.739727 10.476517 7.825383
v -3.862904 10.419611 7.920372
v -3.739727 10.419611 7.920372
v -3.862904 10.400396 8.019157
v -3.739727 10.400396 8.019157
v -3.862904 10.419611 8.117942
v -3.739727 10.419611 8.117942
v -3.862904 10.476517 8.212931
v -3.739727 10.476517 8.212931
v -3.862904 10.568927 8.300473
v -3.739727 10.568927 8.300473
v -3.862904 10.693291 8.377205
v -3.739727 10.693290 8.377205
v -3.862904 10.844826 8.440176
v -3.739727 10.844826 8.440176
v -3.862904 11.017714 8.486968
v -3.739727 11.017714 8.486968
v -3.862904 11.205306 8.515782
v -3.739727 11.205306 8.515782
v -3.862904 11.400396 8.525512
v -3.739727 11.400396 8.525512
v -3.862904 11.595488 8.515782
v -3.739727 11.595487 8.515782
v -3.862904 11.783080 8.486968
v -3.739727 11.783079 8.486968
v -3.862904 11.955967 8.440176
v -3.739727 11.955967 8.440176
v -3.862904 12.107504 8.377205
v -3.739727 12.107503 8.377205
v -3.862904 12.231867 8.300473
v -3.739727 12.231866 8.300473
v -3.862904 12.324276 8.212931
v -3.739727 12.324276 8.212931
v -3.862904 12.381182 8.117942
v -3.739727 12.381182 8.117942
v -3.862904 12.400396 8.019157
v -3.739727 12.400396 8.019157
v -3.862904 12.381182 7.920372
v -3.739727 12.381182 7.920372
v -3.862904 12.324276 7.825383
v -3.739727 12.324276 7.825383
v -3.862904 12.231867 7.737841
v -3.739727 12.231866 7.737841
v -3.862904 12.107504 7.661110
v -3.739727 12.107503 7.661110
v -3.862904 11.955967 7.598138
v -3.739727 11.955967 7.598138
v -3.862904 11.783080 7.551346
v -3.739727 11.783079 7.551346
v -3.862904 11.595488 7.522532
v -3.739727 11.595487 7.522532
v -3.739727 11.229546 7.584234
v -3.739727 11.400396 7.575713
v -3.739727 11.065258 7.609468
v -3.739727 10.913852 7.650446
v -3.739727 10.781142 7.705595
v -3.739727 10.672232 7.772792
v -3.739727 10.591303 7.849458
v -3.739727 10.541467 7.932644
v -3.739727 10.524639 8.019157
v -3.739727 10.541467 8.105668
v -3.739727 10.591303 8.188855
v -3.739727 10.672232 8.265522
v -3.739727 10.781142 8.332720
v -3.739727 10.913852 8.387868
v -3.739727 11.065258 8.428845
v -3.739727 11.229546 8.454080
v -3.739727 11.400396 8.462601
v -3.739727 11.571248 8.454080
v -3.739727 11.735535 8.428845
v -3.739727 11.886941 8.387868
v -3.739727 12.019650 8.332720
v -3.739727 12.128562 8.265522
v -3.739727 12.209492 8.188855
v -3.739727 12.259327 8.105668
v -3.739727 12.276154 8.019157
v -3.739727 12.259327 7.932644
v -3.739727 12.209492 7.849458
v -3.739727 12.128562 7.772792
v -3.739727 12.019650 7.705595
v -3.739727 11.886941 7.650446
v -3.739727 11.735535 7.609468
v -3.739727 11.571248 7.584234
v -3.620131 11.494386 7.870283
v -3.620131 11.552868 7.867366
v -3.620131 11.438150 7.878921
v -3.620131 11.386324 7.892948
v -3.620131 11.340898 7.911825
v -3.620131 11.303617 7.934827
v -3.620131 11.275915 7.961070
v -3.620131 11.258856 7.989544
v -3.620131 11.253097 8.019157
v -3.620131 11.258856 8.048770
v -3.620131 11.275915 8.077245
v -3.620131 11.303617 8.103487
v -3.620131 11.340898 8.126490
v -3.620131 11.386324 8.145367
v -3.620131 11.438150 8.159393
v -3.620131 11.494386 8.168032
v -3.620131 11.552868 8.170947
v -3.620131 11.611350 8.168032
v -3.620131 11.667585 8.159393
v -3.620131 11.719412 8.145367
v -3.620131 11.764837 8.126490
v -3.620131 11.802118 8.103487
v -3.620131 11.829821 8.077245
v -3.620131 11.846879 8.048770
v -3.620131 11.852638 8.019157
v -3.620131 11.846879 7.989544
v -3.620131 11.829821 7.961070
v -3.620131 11.802118 7.934827
v -3.620131 11.764837 7.911825
v -3.620131 11.719412 7.892948
v -3.620131 11.667585 7.878921
v -3.620131 11.611350 7.870283
v 14.189222 7.285518 -3.046723
v 14.274394 7.009072 -3.046722
v 14.189222 6.732626 -3.046723
v 13.936976 6.466805 -3.046723
v 13.527347 6.221821 -3.046723
v 12.976084 6.007092 -3.046723
v 12.304371 5.830869 -3.046723
v 11.538012 5.699923 -3.046723
v 10.706470 5.619286 -3.046723
v 14.105686 7.285518 -2.537455
v 14.189219 7.009072 -2.527478
v 14.105686 6.732626 -2.537455
v 13.858288 6.466805 -2.567003
v 13.456532 6.221821 -2.614986
v 12.915859 6.007092 -2.679561
v 12.257048 5.830869 -2.758246
v 11.505418 5.699923 -2.848017
v 10.689851 5.619286 -2.945423
v 13.858288 7.285518 -2.047759
v 13.936976 7.009072 -2.028188
v 13.858288 6.732626 -2.047759
v 13.625239 6.466805 -2.105719
v 13.246795 6.221821 -2.199841
v 12.737495 6.007092 -2.326510
v 12.116910 5.830869 -2.480855
v 11.408887 5.699923 -2.656946
v 10.640638 5.619286 -2.848017
v 13.456532 7.285518 -1.596451
v 13.527347 7.009072 -1.568039
v 13.456532 6.732626 -1.596451
v 13.246795 6.466805 -1.680598
v 12.906203 6.221821 -1.817243
v 12.447845 6.007092 -2.001136
v 11.889330 5.830869 -2.225210
v 11.252131 5.699923 -2.480855
v 10.560726 5.619286 -2.758246
v 12.915859 7.285518 -1.200878
v 12.976084 7.009072 -1.164716
v 12.915859 6.732626 -1.200878
v 12.737495 6.466805 -1.307975
v 12.447845 6.221821 -1.481892
v 12.058043 6.007092 -1.715943
v 11.583067 5.830869 -2.001136
v 11.041170 5.699923 -2.326510
v 10.453178 5.619286 -2.679561
v 12.257048 7.285518 -0.876239
v 12.304367 7.009072 -0.833717
v 12.257048 6.732626 -0.876239
v 12.116910 6.466805 -1.002172
v 11.889330 6.221821 -1.206675
v 11.583067 6.007092 -1.481891
v 11.209882 5.830869 -1.817243
v 10.784119 5.699923 -2.199841
v 10.322134 5.619286 -2.614986
v 11.505418 7.285518 -0.635011
v 11.538012 7.009072 -0.587763
v 11.505418 6.732626 -0.635011
v 11.408887 6.466805 -0.774940
v 11.252131 6.221821 -1.002172
v 11.041170 6.007092 -1.307975
v 10.784114 5.830869 -1.680598
v 10.490845 5.699923 -2.105719
v 10.172626 5.619286 -2.567003
v 10.689851 7.285518 -0.486463
v 10.706465 7.009072 -0.436305
v 10.689851 6.732626 -0.486463
v 10.640638 6.466805 -0.635011
v 10.560726 6.221821 -0.876240
v 10.453178 6.007092 -1.200878
v 10.322134 5.830869 -1.596452
v 10.172626 5.699923 -2.047759
v 10.010402 5.619286 -2.537455
v 9.841691 7.285518 -0.436305
v 9.841691 7.009072 -0.385165
v 9.841691 6.732626 -0.436305
v 9.841691 6.466805 -0.587763
v 9.841691 6.221821 -0.833717
v 9.841691 6.007092 -1.164716
v 9.841691 5.830869 -1.568039
v 9.841691 5.699923 -2.028188
v 9.841691 5.619286 -2.527478
v 8.993530 7.285518 -0.486463
v 8.976912 7.009072 -0.436306
v 8.993530 6.732626 -0.486463
v 9.042742 6.466805 -0.635011
v 9.122653 6.221821 -0.876240
v 9.230202 6.007092 -1.200878
v 9.361246 5.830869 -1.596452
v 9.510755 5.699923 -2.047759
v 9.672978 5.619286 -2.537456
v 8.177961 7.285518 -0.635011
v 8.145365 7.009072 -0.587764
v 8.177961 6.732626 -0.635011
v 8.274492 6.466805 -0.774940
v 8.431250 6.221821 -1.002172
v 8.642210 6.007092 -1.307975
v 8.899262 5.830869 -1.680598
v 9.192535 5.699923 -2.105719
v 9.510755 5.619286 -2.567003
v 7.426332 7.285518 -0.876240
v 7.379010 7.009072 -0.833719
v 7.426332 6.732626 -0.876240
v 7.566474 6.466805 -1.002172
v 7.794049 6.221821 -1.206676
v 8.100314 6.007092 -1.481892
v 8.473498 5.830869 -1.817243
v 8.899262 5.699923 -2.199841
v 9.361246 5.619286 -2.614986
v 6.767522 7.285518 -1.200879
v 6.707296 7.009072 -1.164718
v 6.767522 6.732626 -1.200879
v 6.945884 6.466805 -1.307976
v 7.235533 6.221821 -1.481892
v 7.625338 6.007092 -1.715943
v 8.100314 5.830869 -2.001136
v 8.642210 5.699923 -2.326510
v 9.230202 5.619286 -2.679561
v 9.841691 5.592059 -3.046723
v 6.226849 7.285518 -1.596453
v 6.156033 7.009072 -1.568041
v 6.226849 6.732626 -1.596453
v 6.436585 6.466805 -1.680598
v 6.777178 6.221821 -1.817243
v 7.235533 6.007092 -2.001136
v 7.794049 5.830869 -2.225211
v 8.431250 5.699923 -2.480855
v 9.122653 5.619286 -2.758246
v 5.825093 7.285518 -2.047759
v 5.746409 7.009072 -2.028189
v 5.825093 6.732626 -2.047759
v 6.058141 6.466805 -2.105719
v 6.436585 6.221821 -2.199842
v 6.945884 6.007092 -2.326510
v 7.566474 5.830869 -2.480856
v 8.274492 5.699923 -2.656947
v 9.042742 5.619286 -2.848017
v 5.577697 7.285518 -2.537456
v 5.494161 7.009072 -2.527479
v 5.577697 6.732626 -2.537456
v 5.825097 6.466805 -2.567003
v 6.226853 6.221821 -2.614987
v 6.767522 6.007092 -2.679561
v 7.426332 5.830869 -2.758246
v 8.177961 5.699923 -2.848017
v 8.993530 5.619286 -2.945423
v 5.494161 7.285518 -3.046723
v 5.408990 7.009072 -3.046723
v 5.494161 6.732626 -3.046723
v 5.746406 6.466805 -3.046723
v 6.156033 6.221821 -3.046723
v 6.707296 6.007092 -3.046723
v 7.379013 5.830869 -3.046723
v 8.145370 5.699923 -3.046723
v 8.976912 5.619286 -3.046723
v 13.719916 7.132671 -3.202082
v 13.800488 6.934814 -3.158321
v 13.724421 6.687924 -3.145988
v 13.499143 6.450521 -3.101819
v 13.133307 6.231730 -3.088980
v 12.640982 6.039958 -3.059083
v 12.041081 5.882575 -3.040925
v 11.356656 5.765628 -3.009605
v 10.614016 5.693613 -3.009605
v 13.649817 7.181705 -2.603875
v 13.724418 6.934814 -2.595654
v 13.649817 6.687924 -2.603875
v 13.428867 6.450521 -2.628219
v 13.070063 6.231730 -2.667751
v 12.587195 6.039958 -2.720953
v 11.998819 5.882575 -2.785779
v 11.327547 5.765628 -2.859738
v 10.599174 5.693613 -2.939989
v 13.428867 7.181705 -2.200427
v 13.499143 6.934814 -2.184303
v 13.428867 6.687924 -2.200427
v 13.220734 6.450521 -2.248179
v 12.882751 6.231730 -2.325724
v 12.427900 6.039958 -2.430083
v 11.873662 5.882575 -2.557244
v 11.241337 5.765628 -2.702320
v 10.555223 5.693613 -2.859738
v 13.070063 7.181705 -1.828607
v 13.133307 6.934814 -1.805198
v 13.070063 6.687924 -1.828607
v 12.882751 6.450521 -1.897933
v 12.578571 6.231730 -2.010510
v 12.169217 6.039958 -2.162015
v 11.670414 5.882575 -2.346624
v 11.101339 5.765628 -2.557244
v 10.483854 5.693613 -2.785779
v 12.587195 7.181705 -1.502704
v 12.640982 6.934814 -1.472910
v 12.587195 6.687924 -1.502704
v 12.427900 6.450521 -1.590938
v 12.169217 6.231730 -1.734223
v 11.821090 6.039958 -1.927053
v 11.396894 5.882575 -2.162015
v 10.912931 5.765628 -2.430083
v 10.387804 5.693613 -2.720953
v 11.998819 7.181705 -1.235242
v 12.041080 6.934814 -1.200209
v 11.998819 6.687924 -1.235242
v 11.873662 6.450521 -1.338995
v 11.670414 6.231730 -1.507480
v 11.396894 6.039958 -1.734223
v 11.063607 5.882575 -2.010510
v 10.683362 5.765628 -2.325724
v 10.270769 5.693613 -2.667751
v 11.327547 7.181705 -1.036501
v 11.356656 6.934814 -0.997574
v 11.327547 6.687924 -1.036501
v 11.241337 6.450521 -1.151784
v 11.101339 6.231730 -1.338995
v 10.912931 6.039958 -1.590938
v 10.683358 5.882575 -1.897933
v 10.421443 5.765628 -2.248179
v 10.137246 5.693613 -2.628219
v 10.599174 7.181705 -0.914116
v 10.614011 6.934814 -0.872792
v 10.599174 6.687924 -0.914116
v 10.555223 6.450521 -1.036501
v 10.483854 6.231730 -1.235242
v 10.387804 6.039958 -1.502704
v 10.270769 5.882575 -1.828607
v 10.137246 5.765628 -2.200427
v 9.992364 5.693613 -2.603875
v 9.841691 7.181705 -0.872792
v 9.841691 6.934814 -0.830659
v 9.841691 6.687924 -0.872792
v 9.841691 6.450521 -0.997574
v 9.841691 6.231730 -1.200209
v 9.841691 6.039958 -1.472910
v 9.841691 5.882575 -1.805198
v 9.841691 5.765628 -2.184303
v 9.841691 5.693613 -2.595655
v 9.084209 7.181705 -0.914116
v 9.069366 6.934814 -0.872793
v 9.084209 6.687924 -0.914116
v 9.128160 6.450521 -1.036501
v 9.199527 6.231730 -1.235242
v 9.295577 6.039958 -1.502704
v 9.412611 5.882575 -1.828607
v 9.546136 5.765628 -2.200427
v 9.691015 5.693613 -2.603876
v 8.355835 7.181705 -1.036501
v 8.326722 6.934814 -0.997575
v 8.355835 6.687924 -1.036501
v 8.442044 6.450521 -1.151784
v 8.582043 6.231730 -1.338995
v 8.770449 6.039958 -1.590938
v 9.000019 5.882575 -1.897933
v 9.261938 5.765628 -2.248179
v 9.546136 5.693613 -2.628219
v 7.684561 7.181705 -1.235242
v 7.642298 6.934814 -1.200211
v 7.684561 6.687924 -1.235242
v 7.809721 6.450521 -1.338995
v 8.012966 6.231730 -1.507481
v 8.286489 6.039958 -1.734223
v 8.619775 5.882575 -2.010511
v 9.000019 5.765628 -2.325724
v 9.412611 5.693613 -2.667751
v 7.096187 7.181705 -1.502704
v 7.042400 6.934814 -1.472913
v 7.096187 6.687924 -1.502704
v 7.255480 6.450521 -1.590939
v 7.514162 6.231730 -1.734223
v 7.862292 6.039958 -1.927053
v 8.286489 5.882575 -2.162016
v 8.770449 5.765628 -2.430083
v 9.295577 5.693613 -2.720953
v 9.841691 5.669296 -3.009605
v 6.613317 7.181705 -1.828607
v 6.550073 6.934814 -1.805200
v 6.613317 6.687924 -1.828607
v 6.800631 6.450521 -1.897933
v 7.104810 6.231730 -2.010511
v 7.514162 6.039958 -2.162015
v 8.012966 5.882575 -2.346625
v 8.582043 5.765628 -2.557244
v 9.199527 5.693613 -2.785779
v 6.254514 7.181705 -2.200427
v 6.184243 6.934814 -2.184304
v 6.254514 6.687924 -2.200427
v 6.462647 6.450521 -2.248179
v 6.800631 6.231730 -2.325724
v 7.255480 6.039958 -2.430083
v 7.809721 5.882575 -2.557244
v 8.442044 5.765628 -2.702321
v 9.128160 5.693613 -2.859738
v 6.033568 7.181705 -2.603876
v 5.958962 6.934814 -2.595656
v 6.033568 6.687924 -2.603876
v 6.254518 6.450521 -2.628219
v 6.613321 6.231730 -2.667752
v 7.096187 6.039958 -2.720953
v 7.684561 5.882575 -2.785779
v 8.355835 5.765628 -2.859738
v 9.084209 5.693613 -2.939989
v 5.954457 7.132671 -3.202082
v 5.882897 6.934814 -3.158322
v 5.958962 6.687924 -3.145988
v 6.184239 6.450521 -3.101819
v 6.550073 6.231730 -3.088980
v 7.042400 6.039958 -3.059083
v 7.642302 5.882575 -3.040925
v 8.326727 5.765628 -3.009605
v 9.069366 5.693613 -3.009605
v 5.610361 7.347482 -3.167162
v 5.726562 7.346040 -3.161343
v 5.842762 7.295575 -3.306703
v 5.691665 7.347482 -2.680319
v 5.805633 7.346040 -2.696924
v 5.919600 7.295575 -2.713529
v 5.932448 7.347482 -2.212184
v 6.039804 7.346040 -2.250351
v 6.147159 7.295575 -2.288518
v 6.323466 7.347482 -1.780750
v 6.420083 7.346040 -1.838788
v 6.516700 7.295575 -1.896827
v 6.849688 7.347482 -1.402593
v 6.931854 7.346040 -1.478050
v 7.014020 7.295575 -1.553506
v 7.490890 7.347482 -1.092248
v 7.555447 7.346040 -1.181999
v 7.620004 7.295575 -1.271750
v 8.222429 7.347482 -0.861642
v 8.266898 7.346040 -0.962014
v 8.311367 7.295575 -1.062387
v 9.016200 7.347482 -0.719634
v 9.038870 7.346040 -0.826548
v 9.061540 7.295575 -0.933461
v 9.841691 7.347482 -0.671685
v 9.841691 7.346040 -0.780806
v 9.841691 7.295575 -0.889928
v 10.667181 7.347482 -0.719634
v 10.644512 7.346040 -0.826548
v 10.621843 7.295575 -0.933461
v 11.460950 7.347482 -0.861642
v 11.416483 7.346040 -0.962014
v 11.372015 7.295575 -1.062387
v 12.192491 7.347482 -1.092248
v 12.127934 7.346040 -1.181999
v 12.063376 7.295575 -1.271749
v 12.833693 7.347482 -1.402593
v 12.751527 7.346040 -1.478049
v 12.669361 7.295575 -1.553506
v 13.359914 7.347482 -1.780748
v 13.263296 7.346040 -1.838787
v 13.166679 7.295575 -1.896826
v 13.750933 7.347482 -2.212183
v 13.643578 7.346040 -2.250351
v 13.536222 7.295575 -2.288518
v 13.991719 7.347482 -2.680318
v 13.877751 7.346040 -2.696923
v 13.763784 7.295575 -2.713528
v 14.073022 7.347482 -3.167162
v 13.956821 7.346040 -3.161343
v 13.840621 7.295575 -3.306703
v 14.189222 7.285518 -3.848296
v 14.274394 7.009072 -3.848295
v 14.189222 6.732626 -3.848296
v 13.936976 6.466805 -3.848296
v 13.527347 6.221821 -3.848296
v 12.976084 6.007092 -3.848296
v 12.304371 5.830869 -3.848296
v 11.538012 5.699923 -3.848296
v 10.706470 5.619286 -3.848296
v 9.841691 5.592059 -3.848296
v 5.494161 7.285518 -3.848296
v 5.408990 7.009072 -3.848297
v 5.494161 6.732626 -3.848296
v 5.746406 6.466805 -3.848296
v 6.156033 6.221821 -3.848296
v 6.707296 6.007092 -3.848296
v 7.379013 5.830869 -3.848296
v 8.145370 5.699923 -3.848296
v 8.976912 5.619286 -3.848296
v 5.610361 7.347482 -3.968735
v 5.726562 7.346040 -3.962917
v 5.842762 7.295575 -3.957098
v 14.073022 7.347482 -3.968735
v 13.956821 7.346040 -3.962917
v 13.840621 7.295575 -3.957098
v 8.145370 5.699923 -3.370297
v 7.379013 5.830869 -3.370297
v 13.527347 6.221821 -3.370297
v 12.976084 6.007092 -3.370297
v 5.494161 7.285518 -3.370297
v 5.610361 7.347482 -3.490736
v 13.840621 7.345650 -3.479098
v 13.956821 7.346040 -3.484917
v 8.976912 5.619286 -3.370297
v 5.408990 7.009072 -3.370298
v 12.304371 5.830869 -3.370297
v 5.726562 7.346040 -3.484917
v 5.494161 6.732626 -3.370297
v 11.538012 5.699923 -3.370297
v 5.842762 7.345650 -3.479098
v 5.746406 6.466805 -3.370297
v 10.706470 5.619286 -3.370297
v 9.841691 5.592059 -3.370297
v 14.189222 7.285518 -3.370297
v 14.274394 7.009072 -3.370296
v 6.156033 6.221821 -3.370297
v 14.189222 6.732626 -3.370297
v 6.707296 6.007092 -3.370297
v 13.936976 6.466805 -3.370297
v 14.073022 7.347482 -3.490736
v 5.903855 7.254383 -3.218985
v 5.976584 7.238640 -2.658702
v 6.200837 7.238640 -2.244473
v 6.565008 7.238640 -1.862717
v 7.055103 7.238640 -1.528105
v 7.652283 7.238640 -1.253496
v 8.333601 7.238640 -1.049444
v 9.072875 7.238640 -0.923788
v 9.841691 7.238640 -0.881360
v 10.610508 7.238640 -0.923788
v 11.349781 7.238640 -1.049444
v 12.031097 7.238640 -1.253496
v 12.628278 7.238640 -1.528105
v 13.118370 7.238640 -1.862716
v 13.482545 7.238640 -2.244472
v 13.706800 7.238640 -2.658701
v 13.785513 7.254383 -3.218985
v 9.843733 0.646180 -4.487154
v 9.843733 5.709849 -4.487154
v 10.154004 0.646180 -4.467939
v 10.154004 5.709849 -4.467939
v 10.452351 0.646180 -4.411033
v 10.452351 5.709849 -4.411033
v 10.727308 0.646180 -4.318623
v 10.727308 5.709849 -4.318623
v 10.968311 0.646180 -4.194261
v 10.968311 5.709849 -4.194261
v 11.166098 0.646180 -4.042724
v 11.166098 5.709849 -4.042724
v 11.313065 0.646180 -3.869837
v 11.313065 5.709849 -3.869837
v 11.403567 0.646180 -3.682244
v 11.403567 5.709849 -3.682244
v 11.434126 0.646180 -3.487154
v 11.434126 5.709849 -3.487154
v 11.403567 0.646180 -3.292063
v 11.403567 5.709849 -3.292063
v 11.313065 0.646180 -3.104470
v 11.313065 5.709849 -3.104470
v 11.166098 0.646180 -2.931583
v 11.166098 5.709849 -2.931583
v 10.968311 0.646180 -2.780047
v 10.968311 5.709849 -2.780047
v 10.727308 0.646180 -2.655684
v 10.727308 5.709849 -2.655684
v 10.452351 0.646180 -2.563274
v 10.452351 5.709849 -2.563274
v 10.154004 0.646180 -2.506368
v 10.154004 5.709849 -2.506368
v 9.843733 0.646180 -2.487154
v 9.843733 5.709849 -2.487154
v 9.533463 0.646180 -2.506368
v 9.533463 5.709849 -2.506368
v 9.235114 0.646180 -2.563274
v 9.235114 5.709849 -2.563274
v 8.960156 0.646180 -2.655684
v 8.960156 5.709849 -2.655684
v 8.719153 0.646180 -2.780047
v 8.719153 5.709849 -2.780047
v 8.521367 0.646180 -2.931583
v 8.521367 5.709849 -2.931583
v 8.374400 0.646180 -3.104470
v 8.374400 5.709849 -3.104470
v 8.283897 0.646180 -3.292063
v 8.283897 5.709849 -3.292063
v 8.253340 0.646180 -3.487154
v 8.253340 5.709849 -3.487154
v 8.283897 0.646180 -3.682244
v 8.283897 5.709849 -3.682244
v 8.374400 0.646180 -3.869837
v 8.374400 5.709849 -3.869837
v 8.521367 0.646180 -4.042724
v 8.521367 5.709849 -4.042724
v 8.719153 0.646180 -4.194261
v 8.719153 5.709849 -4.194261
v 8.960156 0.646180 -4.318623
v 8.960156 5.709849 -4.318623
v 9.235114 0.646180 -4.411033
v 9.235114 5.709849 -4.411033
v 9.533463 0.646180 -4.467939
v 9.533463 5.709849 -4.467939
v -3.960312 8.502822 3.810245
v -3.960312 8.502822 -3.810245
v -3.960312 8.502822 11.487694
v -3.960312 14.970792 3.810245
v -3.960312 14.970792 -3.810245
v -3.960312 14.970792 11.487694
v -3.810245 8.502822 -3.993410
v 3.810245 8.502822 -3.993410
v 15.035764 8.502822 -3.993410
v -3.810245 14.970792 -3.993410
v 3.810245 14.970792 -3.993410
v 15.035764 14.970792 -3.993410
v -3.960312 14.970792 -3.993410
v -3.960312 8.502822 -3.993410
v 12.243745 7.386505 -3.364512
v 12.243745 8.700785 -3.364512
v 12.243745 7.386505 -3.801476
v 12.243745 8.700785 -3.801476
v 12.872878 7.386505 -3.364512
v 12.872878 8.700785 -3.364512
v 12.872878 7.386505 -3.801476
v 12.872878 8.700785 -3.801476
v 12.558685 8.670003 -3.766963
v 12.558685 8.792122 -3.766963
v 12.590409 8.670003 -3.763839
v 12.590409 8.792122 -3.763839
v 12.620914 8.670003 -3.754586
v 12.620914 8.792122 -3.754586
v 12.649027 8.670003 -3.739559
v 12.649027 8.792122 -3.739559
v 12.673668 8.670003 -3.719336
v 12.673668 8.792122 -3.719336
v 12.693891 8.670003 -3.694695
v 12.693891 8.792122 -3.694695
v 12.708918 8.670003 -3.666582
v 12.708918 8.792122 -3.666582
v 12.718171 8.670003 -3.636077
v 12.718171 8.792122 -3.636077
v 12.721295 8.670003 -3.604354
v 12.721295 8.792122 -3.604354
v 12.718171 8.670003 -3.572630
v 12.718171 8.792122 -3.572630
v 12.708918 8.670003 -3.542125
v 12.708918 8.792122 -3.542125
v 12.693891 8.670003 -3.514012
v 12.693891 8.792122 -3.514012
v 12.673668 8.670003 -3.489371
v 12.673668 8.792122 -3.489371
v 12.649027 8.670003 -3.469149
v 12.649027 8.792122 -3.469149
v 12.620914 8.670003 -3.454122
v 12.620914 8.792122 -3.454122
v 12.590409 8.670003 -3.444868
v 12.590409 8.792122 -3.444868
v 12.558685 8.670003 -3.441744
v 12.558685 8.792122 -3.441744
v 12.526962 8.670003 -3.444868
v 12.526962 8.792122 -3.444868
v 12.496457 8.670003 -3.454122
v 12.496457 8.792122 -3.454122
v 12.468345 8.670003 -3.469149
v 12.468345 8.792122 -3.469149
v 12.443704 8.670003 -3.489371
v 12.443704 8.792122 -3.489371
v 12.423481 8.670003 -3.514012
v 12.423481 8.792122 -3.514012
v 12.408454 8.670003 -3.542125
v 12.408454 8.792122 -3.542125
v 12.399200 8.670003 -3.572630
v 12.399200 8.792122 -3.572630
v 12.396076 8.670003 -3.604354
v 12.396076 8.792122 -3.604354
v 12.399200 8.670003 -3.636077
v 12.399200 8.792122 -3.636077
v 12.408454 8.670003 -3.666582
v 12.408454 8.792122 -3.666582
v 12.423481 8.670003 -3.694695
v 12.423481 8.792122 -3.694695
v 12.443704 8.670003 -3.719336
v 12.443704 8.792122 -3.719336
v 12.468345 8.670003 -3.739559
v 12.468345 8.792122 -3.739559
v 12.496457 8.670003 -3.754586
v 12.496457 8.792122 -3.754586
v 12.526962 8.670003 -3.763839
v 12.526962 8.792122 -3.763839
v 12.558686 8.715500 -3.629205
v 12.558229 9.118456 -3.629143
v 12.563535 8.715500 -3.628728
v 12.563409 9.118793 -3.628616
v 12.568197 8.715500 -3.627314
v 12.568184 9.119177 -3.627152
v 12.572494 8.715500 -3.625017
v 12.572478 9.119768 -3.624814
v 12.576260 8.715500 -3.621926
v 12.576242 9.120506 -3.621696
v 12.579350 8.715500 -3.618160
v 12.579332 9.121267 -3.617922
v 12.581646 8.715500 -3.613864
v 12.581629 9.121920 -3.613636
v 12.583060 8.715500 -3.609202
v 12.583045 9.122356 -3.609004
v 12.583539 8.715500 -3.604354
v 12.583527 9.122502 -3.604197
v 12.583060 8.715500 -3.599506
v 12.583053 9.122330 -3.599397
v 12.581646 8.715500 -3.594844
v 12.581635 9.122501 -3.594687
v 12.579350 8.715500 -3.590547
v 12.579335 9.122356 -3.590348
v 12.576260 8.715500 -3.586781
v 12.576242 9.121920 -3.586554
v 12.572494 8.715500 -3.583691
v 12.572475 9.121266 -3.583452
v 12.568197 8.715500 -3.581394
v 12.568180 9.120506 -3.581164
v 12.563535 8.715500 -3.579980
v 12.563519 9.119768 -3.579777
v 12.558686 8.715500 -3.579503
v 12.558674 9.119177 -3.579341
v 12.553838 8.715500 -3.579980
v 12.553712 9.118795 -3.579868
v 12.549177 8.715500 -3.581394
v 12.548720 9.118464 -3.581331
v 12.544880 8.715500 -3.583691
v 12.543895 9.118196 -3.583667
v 12.541114 8.715500 -3.586781
v 12.539454 9.118090 -3.586779
v 12.538023 8.715500 -3.590547
v 12.535623 9.118309 -3.590547
v 12.535727 8.715500 -3.594844
v 12.532611 9.118668 -3.594844
v 12.534312 8.715500 -3.599506
v 12.530602 9.119032 -3.599506
v 12.533835 8.715500 -3.604354
v 12.529732 9.119293 -3.604354
v 12.534312 8.715500 -3.609202
v 12.530072 9.119375 -3.609202
v 12.535727 8.715500 -3.613864
v 12.531624 9.119251 -3.613864
v 12.538023 8.715500 -3.618160
v 12.534313 9.118959 -3.618160
v 12.541114 8.715500 -3.621926
v 12.537998 9.118583 -3.621926
v 12.544880 8.715500 -3.625017
v 12.542480 9.118239 -3.625017
v 12.549177 8.715500 -3.627314
v 12.547518 9.118059 -3.627312
v 12.553838 8.715500 -3.628728
v 12.552853 9.118187 -3.628706
v 12.558682 9.098315 -3.766923
v 12.558685 9.220161 -3.766963
v 12.590368 9.101664 -3.763306
v 12.590409 9.220161 -3.763839
v 12.620804 9.107773 -3.753153
v 12.620907 9.220833 -3.754487
v 12.648836 9.114883 -3.737079
v 12.648995 9.222925 -3.739152
v 12.673409 9.121548 -3.715973
v 12.673614 9.225000 -3.718624
v 12.693602 9.132118 -3.690938
v 12.693826 9.225850 -3.693857
v 12.708663 9.143459 -3.663267
v 12.708864 9.225443 -3.665884
v 12.717998 9.152970 -3.633818
v 12.718145 9.226416 -3.635746
v 12.721210 9.161835 -3.603242
v 12.721292 9.228296 -3.604316
v 12.718146 9.169334 -3.572317
v 12.718171 9.229670 -3.572630
v 12.708833 9.161409 -3.541014
v 12.708915 9.228296 -3.542087
v 12.693717 9.152970 -3.511753
v 12.693865 9.226416 -3.513681
v 12.673412 9.143459 -3.486056
v 12.673615 9.225443 -3.488673
v 12.648738 9.132118 -3.465392
v 12.648962 9.225850 -3.468311
v 12.620655 9.121548 -3.450759
v 12.620860 9.225000 -3.453409
v 12.590219 9.114883 -3.442389
v 12.590378 9.222925 -3.444461
v 12.558576 9.107773 -3.440311
v 12.558679 9.220833 -3.441645
v 12.526921 9.101664 -3.444335
v 12.526962 9.220161 -3.444868
v 12.496454 9.098315 -3.454082
v 12.496457 9.220161 -3.454122
v 12.468345 9.098042 -3.469149
v 12.466486 9.220161 -3.469149
v 12.443681 9.099241 -3.489371
v 12.432410 9.220161 -3.489371
v 12.420079 9.107571 -3.514012
v 12.396326 9.220299 -3.514012
v 12.397641 9.121504 -3.542125
v 12.361765 9.223114 -3.542125
v 12.379834 9.136320 -3.572630
v 12.333003 9.226131 -3.572630
v 12.370002 9.147556 -3.604354
v 12.314754 9.227577 -3.604354
v 12.370591 9.152002 -3.636077
v 12.311803 9.228378 -3.636077
v 12.382379 9.147300 -3.666582
v 12.327131 9.229185 -3.666582
v 12.404115 9.134895 -3.694695
v 12.357284 9.228186 -3.694695
v 12.432891 9.118748 -3.719336
v 12.397015 9.224092 -3.719336
v 12.464944 9.104806 -3.739559
v 12.441190 9.220281 -3.739559
v 12.496434 9.098281 -3.754586
v 12.485165 9.220161 -3.754586
v 12.526962 9.098042 -3.763839
v 12.525104 9.220161 -3.763839
vn -1.0000 -0.0000 -0.0000
vn -0.0000 -1.0000 -0.0000
vn -0.0000 -0.0000 -1.0000
vn -0.0000 -0.1951 -0.9808
vn -0.0000 -0.3827 -0.9239
vn -0.0000 -0.5556 -0.8315
vn -0.0000 -0.7071 -0.7071
vn -0.0000 -0.8315 -0.5556
vn -0.0000 -0.9239 -0.3827
vn -0.0000 -0.9808 -0.1951
vn -0.0000 -0.9808 0.1951
vn -0.0000 -0.9239 0.3827
vn -0.0000 -0.8315 0.5556
vn -0.0000 -0.7071 0.7071
vn -0.0000 -0.5556 0.8315
vn -0.0000 -0.3827 0.9239
vn -0.0000 -0.1951 0.9808
vn -0.0000 -0.0000 1.0000
vn -0.0000 0.1951 0.9808
vn -0.0000 0.3827 0.9239
vn -0.0000 0.5556 0.8315
vn -0.0000 0.7071 0.7071
vn -0.0000 0.8315 0.5556
vn -0.0000 0.9239 0.3827
vn -0.0000 0.9808 0.1951
vn -0.0000 1.0000 -0.0000
vn -0.0000 0.9808 -0.1951
vn -0.0000 0.9239 -0.3827
vn -0.0000 0.8315 -0.5556
vn -0.0000 0.7071 -0.7071
vn -0.0000 0.5556 -0.8315
vn -0.0000 0.3827 -0.9239
vn 1.0000 -0.0000 -0.0000
vn -0.0000 0.1951 -0.9808
vn 0.9808 -0.1951 -0.0000
vn 0.9239 -0.3827 -0.0000
vn 0.8315 -0.5556 -0.0000
vn 0.7071 -0.7071 -0.0000
vn 0.5556 -0.8315 -0.0000
vn 0.3827 -0.9239 -0.0000
vn 0.1951 -0.9808 -0.0000
vn -0.1951 -0.9808 -0.0000
vn -0.3827 -0.9239 -0.0000
vn -0.5556 -0.8315 -0.0000
vn -0.7071 -0.7071 -0.0000
vn -0.8315 -0.5556 -0.0000
vn -0.9239 -0.3827 -0.0000
vn -0.9808 -0.1951 -0.0000
vn -0.9808 0.1951 -0.0000
vn -0.9239 0.3827 -0.0000
vn -0.8315 0.5556 -0.0000
vn -0.7071 0.7071 -0.0000
vn -0.5556 0.8315 -0.0000
vn -0.3827 0.9239 -0.0000
vn -0.1951 0.9808 -0.0000
vn 0.1951 0.9808 -0.0000
vn 0.3827 0.9239 -0.0000
vn 0.5556 0.8315 -0.0000
vn 0.7071 0.7071 -0.0000
vn 0.8315 0.5556 -0.0000
vn 0.9239 0.3827 -0.0000
vn 0.9808 0.1951 -0.0000
vn 0.9808 -0.0000 -0.1951
vn 0.9239 -0.0000 -0.3827
vn 0.8315 -0.0000 -0.5556
vn 0.7071 -0.0000 -0.7071
vn 0.5556 -0.0000 -0.8315
vn 0.3827 -0.0000 -0.9239
vn 0.1951 -0.0000 -0.9808
vn -0.1951 -0.0000 -0.9808
vn -0.3827 -0.0000 -0.9239
vn -0.5556 -0.0000 -0.8315
vn -0.7071 -0.0000 -0.7071
vn -0.8315 -0.0000 -0.5556
vn -0.9239 -0.0000 -0.3827
vn -0.9808 -0.0000 -0.1951
vn -0.9808 -0.0000 0.1951
vn -0.9239 -0.0000 0.3827
vn -0.8315 -0.0000 0.5556
vn -0.7071 -0.0000 0.7071
vn -0.5556 -0.0000 0.8315
vn -0.3827 -0.0000 0.9239
vn -0.1951 -0.0000 0.9808
vn 0.1951 -0.0000 0.9808
vn 0.3827 -0.0000 0.9239
vn 0.5556 -0.0000 0.8315
vn 0.7071 -0.0000 0.7071
vn 0.8315 -0.0000 0.5556
vn 0.9239 -0.0000 0.3827
vn 0.9808 -0.0000 0.1951
vn 0.0659 -0.7134 -0.6977
vn 0.0657 -0.7134 -0.6977
vn 0.2001 -0.7006 -0.6849
vn 0.2003 -0.7006 -0.6849
vn 0.3380 -0.6732 -0.6577
vn 0.4805 -0.6277 -0.6125
vn 0.4801 -0.6279 -0.6126
vn 0.6265 -0.5584 -0.5438
vn 0.6254 -0.5590 -0.5444
vn 0.7698 -0.4578 -0.4447
vn 0.7678 -0.4596 -0.4464
vn 0.8959 -0.3192 -0.3090
vn 0.8930 -0.3233 -0.3130
vn -0.0674 -0.7133 -0.6976
vn -0.2019 -0.7003 -0.6847
vn -0.2016 -0.7003 -0.6847
vn -0.3398 -0.6727 -0.6572
vn -0.3390 -0.6730 -0.6574
vn -0.4824 -0.6270 -0.6117
vn -0.4807 -0.6276 -0.6124
vn -0.6284 -0.5573 -0.5427
vn -0.6255 -0.5590 -0.5444
vn -0.7716 -0.4563 -0.4432
vn -0.7673 -0.4600 -0.4468
vn -0.8973 -0.3172 -0.3071
vn -0.8921 -0.3246 -0.3143
vn -0.9808 -0.1404 -0.1353
vn -0.9772 -0.1530 -0.1475
vn -0.9966 0.0596 0.0564
vn -0.9984 0.0416 0.0394
vn -0.9363 0.2559 0.2405
vn -0.9468 0.2341 0.2206
vn -0.8160 0.4252 0.3916
vn -0.8374 0.4012 0.3714
vn -0.6622 0.5605 0.4974
vn -0.6965 0.5340 0.4794
vn -0.4938 0.6724 0.5514
vn -0.5461 0.6387 0.5421
vn -0.4185 0.7145 0.5607
vn 0.9801 -0.1429 -0.1378
vn 0.9778 -0.1507 -0.1453
vn 0.9970 0.0567 0.0537
vn 0.9981 0.0446 0.0423
vn 0.9379 0.2527 0.2376
vn 0.9455 0.2369 0.2232
vn 0.8194 0.4215 0.3885
vn 0.8358 0.4031 0.3729
vn 0.6684 0.5561 0.4939
vn 0.6960 0.5346 0.4794
vn 0.5056 0.6666 0.5477
vn 0.5493 0.6378 0.5399
vn 0.4308 0.7099 0.5572
vn 0.0270 0.9255 0.3778
vn 0.0659 0.6977 -0.7133
vn 0.0657 0.6977 -0.7133
vn 0.2001 0.6849 -0.7006
vn 0.2003 0.6849 -0.7006
vn 0.3380 0.6577 -0.6732
vn 0.4805 0.6125 -0.6277
vn 0.4801 0.6126 -0.6279
vn 0.6265 0.5438 -0.5584
vn 0.6254 0.5444 -0.5590
vn 0.7698 0.4447 -0.4578
vn 0.7678 0.4464 -0.4595
vn 0.8959 0.3090 -0.3193
vn 0.8930 0.3130 -0.3233
vn -0.0674 0.6976 -0.7133
vn -0.2019 0.6847 -0.7003
vn -0.2016 0.6847 -0.7003
vn -0.3398 0.6572 -0.6727
vn -0.3390 0.6574 -0.6730
vn -0.4824 0.6117 -0.6270
vn -0.4807 0.6124 -0.6276
vn -0.6284 0.5427 -0.5573
vn -0.6255 0.5444 -0.5590
vn -0.7716 0.4432 -0.4563
vn -0.7673 0.4469 -0.4600
vn -0.8972 0.3071 -0.3173
vn -0.8921 0.3143 -0.3247
vn -0.9808 0.1354 -0.1404
vn -0.9772 0.1475 -0.1530
vn -0.9966 -0.0564 0.0596
vn -0.9984 -0.0394 0.0417
vn -0.9363 -0.2405 0.2559
vn -0.9468 -0.2206 0.2342
vn -0.8160 -0.3917 0.4251
vn -0.8374 -0.3714 0.4011
vn -0.6622 -0.4974 0.5605
vn -0.6965 -0.4794 0.5340
vn -0.4938 -0.5514 0.6724
vn -0.5461 -0.5421 0.6387
vn -0.4185 -0.5607 0.7145
vn 0.9801 0.1378 -0.1430
vn 0.9778 0.1452 -0.1507
vn 0.9969 -0.0537 0.0567
vn 0.9981 -0.0422 0.0446
vn 0.9379 -0.2376 0.2527
vn 0.9455 -0.2232 0.2370
vn 0.8194 -0.3885 0.4215
vn 0.8358 -0.3729 0.4031
vn 0.6684 -0.4939 0.5561
vn 0.6960 -0.4794 0.5346
vn 0.5056 -0.5477 0.6666
vn 0.5492 -0.5400 0.6378
vn 0.4308 -0.5571 0.7099
vn 0.0270 -0.3778 0.9255
vn 0.7139 -0.1420 0.6857
vn 0.7279 -0.0000 0.6857
vn 0.6725 -0.2785 0.6857
vn 0.6052 -0.4044 0.6857
vn 0.5147 -0.5147 0.6857
vn 0.4044 -0.6052 0.6857
vn 0.2785 -0.6725 0.6857
vn 0.1420 -0.7139 0.6857
vn -0.0000 -0.7279 0.6857
vn -0.1420 -0.7139 0.6857
vn -0.2786 -0.6725 0.6857
vn -0.4044 -0.6052 0.6857
vn -0.5147 -0.5147 0.6857
vn -0.6052 -0.4044 0.6857
vn -0.6725 -0.2786 0.6857
vn -0.7139 -0.1420 0.6857
vn -0.7279 -0.0000 0.6857
vn -0.7139 0.1420 0.6857
vn -0.6725 0.2786 0.6857
vn -0.6052 0.4044 0.6857
vn -0.5147 0.5147 0.6857
vn -0.4044 0.6052 0.6857
vn -0.2786 0.6725 0.6857
vn -0.1420 0.7139 0.6857
vn -0.0000 0.7279 0.6857
vn 0.1420 0.7139 0.6857
vn 0.2785 0.6725 0.6857
vn 0.4044 0.6052 0.6857
vn 0.5147 0.5147 0.6857
vn 0.6052 0.4044 0.6857
vn 0.6725 0.2785 0.6857
vn 0.7139 0.1420 0.6857
vn 0.0980 0.9952 -0.0000
vn 0.2903 0.9569 -0.0000
vn 0.4714 0.8819 -0.0000
vn 0.6344 0.7730 -0.0000
vn 0.7730 0.6344 -0.0000
vn 0.8819 0.4714 -0.0000
vn 0.9569 0.2903 -0.0000
vn 0.9952 0.0980 -0.0000
vn 0.9952 -0.0980 -0.0000
vn 0.9569 -0.2903 -0.0000
vn 0.8819 -0.4714 -0.0000
vn 0.7730 -0.6344 -0.0000
vn 0.6344 -0.7730 -0.0000
vn 0.4714 -0.8819 -0.0000
vn 0.2903 -0.9569 -0.0000
vn 0.0980 -0.9952 -0.0000
vn -0.0980 -0.9952 -0.0000
vn -0.2903 -0.9569 -0.0000
vn -0.4714 -0.8819 -0.0000
vn -0.6344 -0.7730 -0.0000
vn -0.7730 -0.6344 -0.0000
vn -0.8819 -0.4714 -0.0000
vn -0.9569 -0.2903 -0.0000
vn -0.9952 -0.0980 -0.0000
vn -0.9952 0.0980 -0.0000
vn -0.9569 0.2903 -0.0000
vn -0.8819 0.4714 -0.0000
vn -0.7730 0.6344 -0.0000
vn -0.6344 0.7730 -0.0000
vn -0.4714 0.8819 -0.0000
vn -0.2903 0.9569 -0.0000
vn -0.0980 0.9952 -0.0000
vn -0.0001 -0.0041 1.0000
vn 0.0048 0.0002 1.0000
vn -0.0048 0.0003 1.0000
vn -0.0000 0.0043 1.0000
vn -0.0000 -0.5556 0.8314
vn -0.0000 0.5556 0.8314
vn -0.0029 0.0100 -0.9999
vn -0.0048 0.0163 -0.9999
vn 0.0486 -0.1812 -0.9823
vn 0.0782 -0.1693 -0.9825
vn 0.0956 -0.3718 -0.9234
vn 0.1542 -0.3429 -0.9266
vn 0.1301 -0.5477 -0.8265
vn 0.2204 -0.5041 -0.8350
vn 0.1422 -0.7035 -0.6963
vn 0.2702 -0.6486 -0.7115
vn 0.1090 -0.8360 -0.5378
vn 0.2919 -0.7744 -0.5614
vn -0.0319 -0.9348 -0.3537
vn 0.2563 -0.8842 -0.3905
vn -0.3459 -0.9250 -0.1571
vn 0.1213 -0.9715 -0.2037
vn -0.5201 -0.8541 -0.0000
vn 0.0031 -1.0000 -0.0000
vn -0.3458 -0.9251 0.1571
vn 0.1213 -0.9715 0.2037
vn -0.0318 -0.9348 0.3537
vn 0.2563 -0.8842 0.3905
vn 0.1091 -0.8360 0.5378
vn 0.2919 -0.7743 0.5614
vn 0.1422 -0.7035 0.6963
vn 0.2702 -0.6486 0.7115
vn 0.1301 -0.5478 0.8264
vn 0.2204 -0.5042 0.8350
vn 0.0956 -0.3717 0.9234
vn 0.1542 -0.3428 0.9267
vn 0.0486 -0.1811 0.9823
vn 0.0782 -0.1693 0.9825
vn -0.0048 0.0163 0.9999
vn -0.0029 0.0101 0.9999
vn -0.0602 0.2113 0.9756
vn -0.0851 0.1882 0.9784
vn -0.1138 0.3953 0.9115
vn -0.1647 0.3581 0.9191
vn -0.1626 0.5605 0.8120
vn -0.2381 0.5133 0.8245
vn -0.2046 0.7009 0.6832
vn -0.3026 0.6479 0.6991
vn -0.2383 0.8129 0.5314
vn -0.3554 0.7574 0.5477
vn -0.2628 0.8939 0.3631
vn -0.3947 0.8381 0.3765
vn -0.2776 0.9429 0.1841
vn -0.4188 0.8876 0.1917
vn -0.2826 0.9592 -0.0000
vn -0.4269 0.9043 -0.0000
vn -0.2776 0.9429 -0.1841
vn -0.4188 0.8876 -0.1917
vn -0.2628 0.8939 -0.3631
vn -0.3947 0.8382 -0.3765
vn -0.2383 0.8129 -0.5314
vn -0.3554 0.7574 -0.5477
vn -0.2046 0.7009 -0.6832
vn -0.3026 0.6479 -0.6991
vn -0.1626 0.5605 -0.8121
vn -0.2381 0.5132 -0.8246
vn -0.1138 0.3953 -0.9115
vn -0.1647 0.3581 -0.9190
vn 0.9999 0.0110 -0.0000
vn -0.0602 0.2114 -0.9755
vn -0.0852 0.1882 -0.9784
vn -0.8293 -0.5588 -0.0000
vn -0.1090 0.1618 -0.9808
vn -0.2139 0.3174 -0.9239
vn -0.3104 0.4607 -0.8315
vn -0.3951 0.5864 -0.7071
vn -0.4646 0.6895 -0.5556
vn -0.5162 0.7662 -0.3827
vn -0.5480 0.8134 -0.1951
vn -0.5588 0.8293 -0.0000
vn -0.5480 0.8134 0.1951
vn -0.5162 0.7662 0.3827
vn -0.4646 0.6895 0.5556
vn -0.3951 0.5864 0.7071
vn -0.3105 0.4608 0.8315
vn -0.2138 0.3174 0.9239
vn -0.1090 0.1618 0.9808
vn 0.1090 -0.1618 0.9808
vn 0.2138 -0.3173 0.9239
vn 0.3104 -0.4608 0.8315
vn 0.3951 -0.5865 0.7071
vn 0.4646 -0.6896 0.5556
vn 0.5162 -0.7662 0.3827
vn 0.5480 -0.8134 0.1951
vn 0.5588 -0.8293 -0.0000
vn 0.5480 -0.8134 -0.1951
vn 0.5162 -0.7662 -0.3827
vn 0.4646 -0.6896 -0.5556
vn 0.3951 -0.5864 -0.7071
vn 0.3104 -0.4607 -0.8315
vn 0.2139 -0.3174 -0.9239
vn 0.1090 -0.1618 -0.9808
vn -0.2870 -0.2658 0.9203
vn -0.1920 -0.1061 0.9756
vn -0.2786 -0.0513 0.9590
vn -0.3689 -0.2144 0.9044
vn 0.3947 0.7291 0.5591
vn 0.4607 0.7983 0.3880
vn 0.4263 0.8206 0.3806
vn 0.3454 0.7613 0.5487
vn -0.3713 -0.4158 0.8302
vn -0.4454 -0.3696 0.8155
vn 0.3138 0.6323 0.7083
vn 0.2515 0.6731 0.6955
vn -0.4419 -0.5504 0.7084
vn -0.5051 -0.5110 0.6955
vn 0.2213 0.5117 0.8302
vn 0.1482 0.5595 0.8155
vn -0.4958 -0.6645 0.5591
vn -0.5457 -0.6333 0.5487
vn 0.1206 0.3721 0.9203
vn 0.0395 0.4248 0.9044
vn -0.5308 -0.7535 0.3880
vn -0.5655 -0.7317 0.3806
vn 0.0156 0.2188 0.9757
vn -0.0706 0.2744 0.9590
vn -0.5455 -0.8136 0.2014
vn -0.5635 -0.8021 0.1975
vn -0.0899 0.0574 0.9943
vn -0.1779 0.1137 0.9775
vn 0.5090 0.8369 0.2014
vn 0.4777 0.8785 -0.0000
vn 0.4911 0.8484 0.1975
vn -0.5964 -0.8027 -0.0000
vn -0.6400 -0.5701 0.5151
vn -0.6314 -0.6880 0.3577
vn -0.1179 0.5217 0.8449
vn -0.2363 0.3781 0.8951
vn -0.5980 -0.7797 0.1857
vn -0.3457 0.2209 0.9120
vn 0.4562 0.8703 0.1857
vn -0.4424 0.0555 0.8951
vn 0.3590 0.8621 0.3577
vn -0.5230 -0.1123 0.8449
vn 0.2484 0.8204 0.5151
vn -0.5843 -0.2765 0.7630
vn 0.1290 0.7474 0.6518
vn -0.6240 -0.4311 0.6518
vn 0.0053 0.6464 0.7630
vn -0.6597 -0.0196 0.7512
vn -0.7081 -0.1911 0.6798
vn 0.1595 0.8729 0.4612
vn 0.0172 0.8129 0.5822
vn -0.7304 -0.3572 0.5822
vn -0.1241 0.7228 0.6798
vn -0.7250 -0.5115 0.4612
vn -0.2594 0.6069 0.7512
vn -0.6912 -0.6475 0.3209
vn -0.3843 0.4697 0.7948
vn -0.6295 -0.7589 0.1667
vn -0.4949 0.3162 0.8094
vn 0.4241 0.8901 0.1667
vn -0.5878 0.1514 0.7948
vn 0.2971 0.8993 0.3209
vn -0.7428 -0.6118 0.2719
vn -0.6568 -0.7407 0.1414
vn -0.5090 0.5460 0.6655
vn -0.6199 0.3961 0.6773
vn 0.3961 0.9072 0.1414
vn -0.7093 0.2324 0.6655
vn 0.2430 0.9311 0.2719
vn -0.7743 0.0596 0.6300
vn 0.0822 0.9172 0.3899
vn -0.8122 -0.1174 0.5714
vn -0.0792 0.8677 0.4908
vn -0.8206 -0.2927 0.4908
vn -0.2348 0.7863 0.5714
vn -0.7978 -0.4600 0.3899
vn -0.3795 0.6775 0.6300
vn 0.0194 0.9523 0.3046
vn -0.1568 0.9106 0.3823
vn -0.8942 -0.0580 0.4439
vn -0.8922 -0.2404 0.3823
vn -0.3231 0.8358 0.4439
vn -0.8560 -0.4178 0.3046
vn -0.4744 0.7324 0.4883
vn -0.7845 -0.5825 0.2129
vn -0.6069 0.6053 0.5150
vn -0.6789 -0.7258 0.1108
vn -0.7177 0.4586 0.5240
vn 0.3733 0.9211 0.1108
vn -0.8043 0.2964 0.5150
vn 0.1989 0.9566 0.2129
vn -0.8640 0.1227 0.4883
vn -0.6769 0.6473 0.3504
vn -0.7874 0.5031 0.3563
vn 0.3564 0.9312 0.0761
vn -0.6952 -0.7147 0.0761
vn -0.8718 0.3422 0.3504
vn 0.1663 0.9752 0.1462
vn -0.9279 0.1683 0.3326
vn -0.0267 0.9776 0.2088
vn -0.9529 -0.0147 0.3029
vn -0.2134 0.9413 0.2614
vn -0.9439 -0.2019 0.2614
vn -0.3871 0.8709 0.3029
vn -0.8983 -0.3866 0.2088
vn -0.5427 0.7713 0.3326
vn -0.8150 -0.5607 0.1462
vn -0.9881 0.0115 0.1535
vn -0.9750 -0.1784 0.1327
vn -0.2478 0.9597 0.1327
vn -0.4257 0.8918 0.1535
vn -0.9240 -0.3675 0.1061
vn -0.5836 0.7944 0.1683
vn -0.8336 -0.5473 0.0744
vn -0.7188 0.6723 0.1772
vn -0.7052 -0.7080 0.0387
vn -0.8289 0.5296 0.1801
vn 0.3461 0.9374 0.0387
vn -0.9121 0.3697 0.1772
vn 0.1463 0.9864 0.0744
vn -0.9661 0.1958 0.1683
vn -0.0548 0.9928 0.1061
vn 0.3426 0.9395 -0.0000
vn -0.7085 -0.7057 -0.0000
vn -0.8427 0.5384 -0.0000
vn -0.9255 0.3788 -0.0000
vn 0.1396 0.9902 -0.0000
vn -0.9788 0.2050 -0.0000
vn -0.0643 0.9979 -0.0000
vn -0.9998 0.0203 -0.0000
vn -0.2594 0.9658 -0.0000
vn -0.9854 -0.1705 -0.0000
vn -0.4386 0.8987 -0.0000
vn -0.9326 -0.3610 -0.0000
vn -0.5973 0.8020 -0.0000
vn -0.8399 -0.5428 -0.0000
vn -0.7327 0.6806 -0.0000
vn -0.2478 0.9597 -0.1327
vn -0.4257 0.8918 -0.1535
vn -0.9750 -0.1784 -0.1327
vn -0.9240 -0.3675 -0.1061
vn -0.5836 0.7944 -0.1683
vn -0.8336 -0.5473 -0.0744
vn -0.7188 0.6723 -0.1772
vn -0.7052 -0.7080 -0.0387
vn -0.8289 0.5296 -0.1801
vn 0.3461 0.9374 -0.0387
vn -0.9121 0.3697 -0.1772
vn 0.1463 0.9864 -0.0744
vn -0.9661 0.1958 -0.1683
vn -0.0548 0.9928 -0.1061
vn -0.9881 0.0115 -0.1535
vn -0.7874 0.5031 -0.3563
vn -0.8718 0.3422 -0.3504
vn 0.3564 0.9312 -0.0761
vn 0.1663 0.9752 -0.1462
vn -0.9279 0.1683 -0.3326
vn -0.0267 0.9776 -0.2088
vn -0.9529 -0.0147 -0.3029
vn -0.2134 0.9413 -0.2614
vn -0.9439 -0.2019 -0.2614
vn -0.3871 0.8709 -0.3029
vn -0.8983 -0.3866 -0.2088
vn -0.5427 0.7713 -0.3326
vn -0.8150 -0.5607 -0.1462
vn -0.6769 0.6473 -0.3504
vn -0.6952 -0.7148 -0.0761
vn -0.8922 -0.2404 -0.3823
vn -0.8560 -0.4178 -0.3046
vn -0.3231 0.8358 -0.4439
vn -0.4744 0.7324 -0.4883
vn -0.7845 -0.5825 -0.2129
vn -0.6069 0.6053 -0.5150
vn -0.6789 -0.7258 -0.1108
vn -0.7177 0.4586 -0.5240
vn 0.3733 0.9211 -0.1108
vn -0.8043 0.2964 -0.5150
vn 0.1989 0.9566 -0.2129
vn -0.8640 0.1227 -0.4883
vn 0.0194 0.9523 -0.3046
vn -0.8942 -0.0580 -0.4439
vn -0.1568 0.9106 -0.3823
vn -0.7093 0.2324 -0.6655
vn -0.7743 0.0596 -0.6300
vn 0.2430 0.9311 -0.2719
vn 0.0822 0.9172 -0.3899
vn -0.8122 -0.1174 -0.5714
vn -0.0792 0.8677 -0.4908
vn -0.8206 -0.2927 -0.4908
vn -0.2348 0.7863 -0.5714
vn -0.7978 -0.4600 -0.3899
vn -0.3795 0.6776 -0.6300
vn -0.7428 -0.6118 -0.2719
vn -0.5090 0.5460 -0.6655
vn -0.6568 -0.7407 -0.1414
vn -0.6199 0.3961 -0.6773
vn 0.3961 0.9072 -0.1414
vn -0.7250 -0.5115 -0.4612
vn -0.6912 -0.6475 -0.3209
vn -0.2594 0.6069 -0.7512
vn -0.3843 0.4697 -0.7948
vn -0.6295 -0.7589 -0.1667
vn -0.4949 0.3162 -0.8094
vn 0.4241 0.8901 -0.1667
vn -0.5878 0.1514 -0.7948
vn 0.2971 0.8993 -0.3209
vn -0.6597 -0.0196 -0.7512
vn 0.1595 0.8729 -0.4612
vn -0.7081 -0.1911 -0.6798
vn 0.0172 0.8129 -0.5822
vn -0.7304 -0.3572 -0.5822
vn -0.1241 0.7228 -0.6798
vn 0.3590 0.8621 -0.3577
vn 0.2484 0.8204 -0.5151
vn -0.5230 -0.1123 -0.8449
vn -0.5843 -0.2765 -0.7630
vn 0.1290 0.7474 -0.6518
vn -0.6240 -0.4311 -0.6518
vn 0.0053 0.6464 -0.7630
vn -0.6400 -0.5701 -0.5151
vn -0.1179 0.5217 -0.8449
vn -0.6314 -0.6880 -0.3577
vn -0.2363 0.3781 -0.8951
vn -0.5980 -0.7797 -0.1857
vn -0.3457 0.2209 -0.9120
vn 0.4562 0.8703 -0.1857
vn -0.4424 0.0555 -0.8951
vn 0.0395 0.4248 -0.9044
vn -0.0706 0.2744 -0.9590
vn -0.5655 -0.7317 -0.3806
vn -0.5635 -0.8021 -0.1975
vn -0.1779 0.1137 -0.9775
vn 0.4911 0.8484 -0.1975
vn -0.2786 -0.0513 -0.9590
vn 0.4263 0.8206 -0.3806
vn -0.3689 -0.2144 -0.9044
vn 0.3454 0.7613 -0.5487
vn -0.4454 -0.3696 -0.8155
vn 0.2515 0.6731 -0.6955
vn -0.5051 -0.5110 -0.6955
vn 0.1482 0.5595 -0.8155
vn -0.5457 -0.6333 -0.5487
vn -0.2870 -0.2658 -0.9203
vn -0.3713 -0.4158 -0.8302
vn 0.3947 0.7291 -0.5591
vn 0.3138 0.6323 -0.7084
vn -0.4419 -0.5505 -0.7084
vn 0.2213 0.5117 -0.8302
vn -0.4958 -0.6645 -0.5591
vn 0.1206 0.3721 -0.9203
vn -0.5308 -0.7535 -0.3880
vn 0.0156 0.2188 -0.9756
vn -0.5455 -0.8136 -0.2014
vn -0.0899 0.0574 -0.9943
vn 0.5090 0.8368 -0.2014
vn -0.1920 -0.1061 -0.9756
vn 0.4607 0.7983 -0.3880
vn 0.8427 -0.5384 -0.0000
vn -0.2885 0.5584 0.7778
vn -0.3652 0.4254 0.8280
vn 0.5806 -0.1824 0.7935
vn 0.6500 -0.0391 0.7589
vn -0.8604 -0.2265 0.4565
vn -0.9132 -0.2603 0.3134
vn -0.2267 -0.9013 0.3691
vn -0.0778 -0.8569 0.5096
vn -0.2242 0.6816 0.6965
vn 0.7051 0.1094 0.7006
vn -0.7935 -0.1645 0.5859
vn 0.0608 -0.7813 0.6211
vn -0.1757 0.7892 0.5884
vn 0.7421 0.2622 0.6169
vn -0.7155 -0.0771 0.6944
vn 0.1875 -0.6844 0.7046
vn -0.1457 0.8763 0.4592
vn 0.7552 0.4168 0.5060
vn -0.6297 0.0314 0.7762
vn 0.3025 -0.5726 0.7620
vn -0.1356 0.9391 0.3157
vn 0.7365 0.5685 0.3667
vn -0.5399 0.1554 0.8272
vn 0.4063 -0.4502 0.7952
vn -0.1455 0.9753 0.1659
vn 0.6772 0.7080 0.2005
vn -0.4504 0.2889 0.8448
vn 0.4990 -0.3196 0.8055
vn -0.9501 -0.2651 0.1645
vn -0.9174 -0.3980 -0.0000
vn -0.3805 -0.9026 0.2015
vn -0.0122 0.9999 -0.0000
vn 0.9018 0.1818 0.3920
vn 0.8721 0.3851 0.3019
vn 0.5729 -0.6400 0.5121
vn 0.6506 -0.5505 0.5231
vn 0.7734 0.6103 0.1714
vn 0.7162 -0.4585 0.5261
vn -0.2507 -0.9525 0.1728
vn 0.7728 -0.3612 0.5219
vn -0.0006 -0.9524 0.3050
vn 0.8219 -0.2543 0.5097
vn 0.2014 -0.8959 0.3960
vn 0.8630 -0.1326 0.4874
vn 0.3573 -0.8159 0.4546
vn 0.8927 0.0104 0.4506
vn 0.4776 -0.7287 0.4908
vn 0.8700 -0.3526 0.3446
vn 0.9059 -0.2579 0.3359
vn 0.3748 -0.8791 0.2945
vn 0.5145 -0.7944 0.3229
vn 0.9371 -0.1388 0.3202
vn 0.6115 -0.7154 0.3380
vn 0.9564 0.0202 0.2915
vn 0.6836 -0.6427 0.3460
vn 0.9413 0.2396 0.2380
vn 0.7407 -0.5736 0.3499
vn 0.8382 0.5265 0.1420
vn 0.7887 -0.5049 0.3508
vn -0.1462 -0.9788 0.1434
vn 0.8312 -0.4327 0.3492
vn 0.1638 -0.9567 0.2407
vn 0.9745 0.1330 0.1805
vn 0.8815 0.4585 0.1126
vn 0.7793 -0.5789 0.2400
vn 0.8176 -0.5233 0.2404
vn -0.0650 -0.9914 0.1139
vn 0.8520 -0.4654 0.2396
vn 0.2772 -0.9433 0.1826
vn 0.8847 -0.4010 0.2376
vn 0.4780 -0.8519 0.2138
vn 0.9168 -0.3239 0.2337
vn 0.5980 -0.7684 0.2280
vn 0.9479 -0.2240 0.2263
vn 0.6769 -0.6975 0.2350
vn 0.9738 -0.0828 0.2117
vn 0.7341 -0.6358 0.2384
vn 0.5396 -0.8286 0.1491
vn 0.6446 -0.7484 0.1565
vn 0.9189 -0.3610 0.1591
vn 0.9491 -0.2740 0.1554
vn 0.7119 -0.6839 0.1599
vn 0.9780 -0.1472 0.1477
vn 0.7602 -0.6293 0.1615
vn 0.9898 0.0591 0.1296
vn 0.7984 -0.5798 0.1622
vn 0.9098 0.4066 0.0837
vn 0.8311 -0.5319 0.1624
vn -0.0049 -0.9964 0.0846
vn 0.8609 -0.4823 0.1620
vn 0.3526 -0.9265 0.1311
vn 0.8897 -0.4272 0.1610
vn 0.8086 -0.5796 0.1011
vn 0.8379 -0.5363 0.1012
vn 0.0364 -0.9978 0.0560
vn 0.9274 0.3700 0.0553
vn 0.8650 -0.4916 0.1010
vn 0.4003 -0.9125 0.0848
vn 0.8914 -0.4419 0.1005
vn 0.5758 -0.8121 0.0946
vn 0.9187 -0.3821 0.0996
vn 0.6710 -0.7349 0.0984
vn 0.9479 -0.3031 0.0977
vn 0.7312 -0.6748 0.1000
vn 0.9780 -0.1863 0.0938
vn 0.7744 -0.6247 0.1008
vn 0.9964 0.0110 0.0839
vn 0.9182 -0.3931 0.0480
vn 0.9467 -0.3185 0.0473
vn 0.6846 -0.7273 0.0476
vn 0.7411 -0.6697 0.0482
vn 0.9772 -0.2075 0.0456
vn 0.7815 -0.6220 0.0486
vn 0.9990 -0.0164 0.0413
vn 0.8136 -0.5794 0.0487
vn 0.9370 0.3483 0.0276
vn 0.8413 -0.5384 0.0487
vn 0.0606 -0.9978 0.0279
vn 0.8668 -0.4962 0.0486
vn 0.4269 -0.9034 0.0418
vn 0.8920 -0.4494 0.0484
vn 0.5951 -0.8023 0.0460
vn 0.0688 -0.9976 -0.0000
vn 0.9401 0.3410 -0.0000
vn 0.8423 -0.5391 -0.0000
vn 0.8674 -0.4977 -0.0000
vn 0.4355 -0.9002 -0.0000
vn 0.8921 -0.4518 -0.0000
vn 0.6012 -0.7991 -0.0000
vn 0.9180 -0.3965 -0.0000
vn 0.6889 -0.7249 -0.0000
vn 0.9463 -0.3234 -0.0000
vn 0.7441 -0.6681 -0.0000
vn 0.9768 -0.2143 -0.0000
vn 0.7837 -0.6211 -0.0000
vn 0.9997 -0.0254 -0.0000
vn 0.8152 -0.5792 -0.0000
vn 0.6846 -0.7273 -0.0476
vn 0.7411 -0.6697 -0.0482
vn 0.9467 -0.3185 -0.0473
vn 0.9772 -0.2075 -0.0456
vn 0.7815 -0.6220 -0.0486
vn 0.9990 -0.0164 -0.0413
vn 0.8136 -0.5794 -0.0487
vn 0.9370 0.3483 -0.0276
vn 0.8413 -0.5384 -0.0487
vn 0.0607 -0.9978 -0.0279
vn 0.8668 -0.4962 -0.0486
vn 0.4269 -0.9034 -0.0418
vn 0.8920 -0.4494 -0.0484
vn 0.5951 -0.8023 -0.0460
vn 0.9182 -0.3931 -0.0480
vn 0.8379 -0.5363 -0.1012
vn 0.8650 -0.4916 -0.1010
vn 0.0364 -0.9978 -0.0560
vn 0.4003 -0.9125 -0.0848
vn 0.8914 -0.4419 -0.1005
vn 0.5759 -0.8121 -0.0946
vn 0.9187 -0.3821 -0.0996
vn 0.6710 -0.7349 -0.0984
vn 0.9479 -0.3031 -0.0977
vn 0.7312 -0.6748 -0.1000
vn 0.9780 -0.1863 -0.0938
vn 0.7744 -0.6247 -0.1008
vn 0.9964 0.0110 -0.0839
vn 0.8086 -0.5796 -0.1011
vn 0.9274 0.3700 -0.0553
vn 0.9491 -0.2740 -0.1554
vn 0.9780 -0.1472 -0.1477
vn 0.7119 -0.6839 -0.1599
vn 0.7602 -0.6293 -0.1615
vn 0.9898 0.0591 -0.1296
vn 0.7984 -0.5798 -0.1622
vn 0.9098 0.4066 -0.0837
vn 0.8311 -0.5319 -0.1624
vn -0.0049 -0.9964 -0.0846
vn 0.8609 -0.4823 -0.1620
vn 0.3526 -0.9266 -0.1311
vn 0.8897 -0.4272 -0.1610
vn 0.5396 -0.8286 -0.1491
vn 0.9189 -0.3610 -0.1591
vn 0.6446 -0.7484 -0.1565
vn 0.8520 -0.4654 -0.2396
vn 0.8847 -0.4010 -0.2376
vn 0.2772 -0.9433 -0.1826
vn 0.4780 -0.8519 -0.2138
vn 0.9168 -0.3239 -0.2337
vn 0.5980 -0.7684 -0.2280
vn 0.9479 -0.2240 -0.2263
vn 0.6769 -0.6975 -0.2350
vn 0.9738 -0.0828 -0.2117
vn 0.7341 -0.6358 -0.2384
vn 0.9745 0.1330 -0.1804
vn 0.7793 -0.5789 -0.2400
vn 0.8815 0.4585 -0.1126
vn 0.8176 -0.5233 -0.2404
vn -0.0650 -0.9914 -0.1139
vn 0.9564 0.0202 -0.2915
vn 0.9413 0.2396 -0.2379
vn 0.6836 -0.6427 -0.3460
vn 0.7407 -0.5736 -0.3499
vn 0.8382 0.5265 -0.1420
vn 0.7887 -0.5048 -0.3508
vn -0.1462 -0.9788 -0.1434
vn 0.8312 -0.4327 -0.3492
vn 0.1638 -0.9567 -0.2407
vn 0.8700 -0.3526 -0.3446
vn 0.3748 -0.8791 -0.2945
vn 0.9059 -0.2579 -0.3359
vn 0.5145 -0.7944 -0.3229
vn 0.9371 -0.1388 -0.3202
vn 0.6115 -0.7154 -0.3380
vn -0.0006 -0.9524 -0.3050
vn 0.2014 -0.8959 -0.3960
vn 0.8219 -0.2543 -0.5097
vn 0.8630 -0.1326 -0.4874
vn 0.3573 -0.8159 -0.4546
vn 0.8927 0.0104 -0.4506
vn 0.4776 -0.7287 -0.4908
vn 0.9018 0.1818 -0.3920
vn 0.5729 -0.6399 -0.5122
vn 0.8721 0.3851 -0.3019
vn 0.6506 -0.5505 -0.5231
vn 0.7735 0.6102 -0.1714
vn 0.7162 -0.4585 -0.5261
vn -0.2507 -0.9525 -0.1728
vn 0.7728 -0.3612 -0.5219
vn 0.3025 -0.5725 -0.7620
vn 0.4063 -0.4502 -0.7952
vn 0.7365 0.5685 -0.3667
vn 0.6771 0.7080 -0.2005
vn 0.4990 -0.3197 -0.8055
vn -0.3805 -0.9026 -0.2015
vn 0.5806 -0.1824 -0.7935
vn -0.2268 -0.9013 -0.3691
vn 0.6500 -0.0391 -0.7589
vn -0.0778 -0.8569 -0.5096
vn 0.7051 0.1094 -0.7006
vn 0.0608 -0.7813 -0.6211
vn 0.7421 0.2622 -0.6169
vn 0.1875 -0.6843 -0.7046
vn 0.7552 0.4168 -0.5060
vn -0.2885 0.5584 -0.7778
vn -0.2242 0.6816 -0.6965
vn -0.8604 -0.2265 -0.4565
vn -0.7935 -0.1645 -0.5859
vn -0.1757 0.7892 -0.5884
vn -0.7155 -0.0771 -0.6944
vn -0.1457 0.8763 -0.4592
vn -0.6297 0.0314 -0.7762
vn -0.1356 0.9391 -0.3157
vn -0.5399 0.1554 -0.8272
vn -0.1456 0.9753 -0.1659
vn -0.4504 0.2889 -0.8448
vn -0.9501 -0.2651 -0.1645
vn -0.3652 0.4254 -0.8280
vn -0.9132 -0.2603 -0.3134
vn -0.8423 0.5391 -0.0000
vn -0.0000 -0.1009 -0.9949
vn -0.0000 -0.2069 -0.9784
vn -0.0000 -0.3232 -0.9463
vn -0.0000 -0.4559 -0.8901
vn -0.0000 -0.6096 -0.7927
vn -0.0000 -0.7800 -0.6257
vn -0.0000 -0.9338 -0.3578
vn -0.0000 -0.9338 0.3578
vn -0.0000 -0.7800 0.6258
vn -0.0000 -0.6096 0.7927
vn -0.0000 -0.4559 0.8901
vn -0.0000 -0.3232 0.9463
vn -0.0000 -0.2069 0.9784
vn -0.0000 -0.1009 0.9949
vn -0.0000 0.1009 0.9949
vn -0.0000 0.2069 0.9784
vn -0.0000 0.3232 0.9463
vn -0.0000 0.4559 0.8901
vn -0.0000 0.6096 0.7927
vn -0.0000 0.7800 0.6258
vn -0.0000 0.9338 0.3578
vn -0.0000 0.9338 -0.3578
vn -0.0000 0.7800 -0.6258
vn -0.0000 0.6096 -0.7927
vn -0.0000 0.4559 -0.8901
vn -0.0000 0.3232 -0.9463
vn -0.0000 0.2069 -0.9784
vn -0.0000 0.1009 -0.9949
vn 0.9754 -0.1412 0.1695
vn 0.9817 -0.1530 0.1132
vn 0.9798 -0.1495 0.1327
vn 0.9719 -0.1346 0.1930
vn 0.9595 0.2651 -0.0952
vn 0.9624 0.2718 -0.0000
vn 0.9586 0.2629 -0.1095
vn 0.9668 -0.1243 0.2233
vn 0.9622 -0.1145 0.2471
vn 0.9516 0.2453 -0.1854
vn 0.9491 0.2384 -0.2060
vn 0.9566 -0.1021 0.2728
vn 0.9515 -0.0899 0.2941
vn 0.9406 0.2138 -0.2636
vn 0.9376 0.2034 -0.2821
vn 0.9457 -0.0748 0.3162
vn 0.9410 -0.0612 0.3329
vn 0.9352 -0.0425 -0.3516
vn 0.9262 -0.0052 -0.3771
vn 0.9242 0.0057 -0.3819
vn 0.9315 -0.0291 -0.3625
vn 0.9298 0.1738 -0.3244
vn 0.9275 0.1633 -0.3362
vn 0.9352 -0.0425 0.3516
vn 0.9315 -0.0291 0.3625
vn 0.9457 -0.0748 -0.3162
vn 0.9410 -0.0612 -0.3329
vn 0.9218 0.1289 -0.3656
vn 0.9210 0.1218 -0.3701
vn 0.9262 -0.0052 0.3771
vn 0.9242 0.0057 0.3819
vn 0.9566 -0.1021 -0.2728
vn 0.9515 -0.0899 -0.2941
vn 0.9184 0.0823 -0.3869
vn 0.9184 0.0813 -0.3871
vn 0.9201 0.0368 0.3899
vn 0.9196 0.0426 0.3905
vn 0.9668 -0.1243 -0.2233
vn 0.9622 -0.1145 -0.2471
vn 0.9201 0.0368 -0.3899
vn 0.9196 0.0426 -0.3905
vn 0.9184 0.0823 0.3869
vn 0.9184 0.0813 0.3871
vn 0.9754 -0.1412 -0.1695
vn 0.9719 -0.1346 -0.1930
vn 0.9218 0.1289 0.3656
vn 0.9210 0.1218 0.3701
vn 0.9817 -0.1530 -0.1132
vn 0.9798 -0.1495 -0.1327
vn 0.9298 0.1738 0.3244
vn 0.9275 0.1633 0.3362
vn 0.9855 -0.1598 -0.0564
vn 0.9850 -0.1588 -0.0677
vn 0.9406 0.2138 0.2636
vn 0.9376 0.2034 0.2821
vn 0.9868 -0.1620 -0.0000
vn 0.9516 0.2452 0.1854
vn 0.9491 0.2384 0.2060
vn 0.9855 -0.1598 0.0564
vn 0.9850 -0.1588 0.0677
vn 0.9595 0.2651 0.0952
vn 0.9586 0.2629 0.1095
vn 0.9968 -0.0000 0.0800
vn 0.7627 0.6429 0.0704
vn 0.7130 0.6567 0.2457
vn 0.9524 -0.0000 0.3050
vn -0.0000 -0.9998 0.0194
vn 0.0657 -0.9978 0.0055
vn 0.0658 -0.9976 0.0225
vn 0.8640 -0.4986 0.0700
vn 0.8317 -0.4852 0.2698
vn 0.6285 -0.7761 0.0515
vn 0.6122 -0.7645 0.2019
vn 0.4428 -0.8959 0.0365
vn 0.4344 -0.8891 0.1444
vn 0.3114 -0.9499 0.0257
vn 0.3066 -0.9463 0.1024
vn 0.2134 -0.9768 0.0177
vn 0.2107 -0.9750 0.0706
vn 0.1344 -0.9909 0.0112
vn 0.1332 -0.9901 0.0448
vn 0.4001 -0.8737 0.2768
vn 0.2850 -0.9378 0.1980
vn 0.1968 -0.9708 0.1372
vn 0.1245 -0.9884 0.0873
vn 0.0613 -0.9972 0.0436
vn 0.6095 0.6680 0.4269
vn 0.8311 -0.0000 0.5562
vn 0.7351 -0.4607 0.4973
vn 0.5544 -0.7401 0.3806
vn 0.0544 -0.9966 0.0624
vn 0.6781 -0.0000 0.7350
vn 0.6096 -0.4295 0.6663
vn 0.4737 -0.7076 0.5244
vn 0.3494 -0.8521 0.3896
vn 0.2520 -0.9257 0.2822
vn 0.1750 -0.9647 0.1967
vn 0.1110 -0.9859 0.1254
vn 0.4927 0.6715 0.5535
vn 0.2102 -0.9120 0.3522
vn 0.1471 -0.9577 0.2473
vn 0.0935 -0.9830 0.1581
vn 0.0457 -0.9959 0.0784
vn 0.3791 0.6719 0.6362
vn 0.5235 -0.0000 0.8520
vn 0.4777 -0.3992 0.7826
vn 0.3817 -0.6743 0.6322
vn 0.2877 -0.8288 0.4799
vn 0.3499 -0.3740 0.8589
vn 0.2860 -0.6451 0.7085
vn 0.2195 -0.8074 0.5477
vn 0.1623 -0.8990 0.4067
vn 0.1143 -0.9509 0.2875
vn 0.0729 -0.9802 0.1844
vn 0.0355 -0.9952 0.0912
vn 0.2743 0.6714 0.6884
vn 0.3790 -0.0000 0.9254
vn 0.0780 -0.9453 0.3166
vn 0.0498 -0.9778 0.2035
vn 0.0242 -0.9946 0.1006
vn 0.1779 0.6708 0.7200
vn 0.2457 -0.0000 0.9693
vn 0.2287 -0.3558 0.9061
vn 0.1899 -0.6231 0.7587
vn 0.1478 -0.7904 0.5944
vn 0.1102 -0.8885 0.4455
vn 0.1129 -0.3449 0.9318
vn 0.0947 -0.6095 0.7872
vn 0.0743 -0.7797 0.6217
vn 0.0557 -0.8817 0.4686
vn 0.0395 -0.9417 0.3342
vn 0.0253 -0.9763 0.2151
vn 0.0123 -0.9943 0.1062
vn 0.0875 0.6704 0.7368
vn 0.1207 -0.0000 0.9927
vn -0.0000 -0.9404 0.3400
vn -0.0000 -0.9757 0.2190
vn -0.0000 -0.9941 0.1081
vn -0.0000 0.6702 0.7421
vn -0.0000 -0.3413 0.9400
vn -0.0000 -0.6049 0.7963
vn -0.0000 -0.7760 0.6307
vn -0.0000 -0.8793 0.4763
vn -0.0947 -0.6095 0.7872
vn -0.0743 -0.7797 0.6217
vn -0.0557 -0.8817 0.4686
vn -0.0395 -0.9417 0.3342
vn -0.0253 -0.9763 0.2151
vn -0.0123 -0.9943 0.1062
vn -0.0874 0.6704 0.7368
vn -0.1207 -0.0000 0.9927
vn -0.1129 -0.3449 0.9318
vn -0.0498 -0.9778 0.2035
vn -0.0242 -0.9946 0.1006
vn -0.1779 0.6708 0.7200
vn -0.2457 -0.0000 0.9693
vn -0.2287 -0.3558 0.9061
vn -0.1899 -0.6231 0.7587
vn -0.1478 -0.7904 0.5944
vn -0.1102 -0.8885 0.4455
vn -0.0780 -0.9453 0.3166
vn -0.2860 -0.6451 0.7085
vn -0.2195 -0.8074 0.5477
vn -0.1623 -0.8990 0.4067
vn -0.1143 -0.9509 0.2875
vn -0.0729 -0.9802 0.1844
vn -0.0355 -0.9952 0.0912
vn -0.2743 0.6714 0.6884
vn -0.3790 -0.0000 0.9254
vn -0.3499 -0.3740 0.8589
vn -0.0935 -0.9830 0.1581
vn -0.0457 -0.9959 0.0784
vn -0.3791 0.6719 0.6362
vn -0.5235 -0.0000 0.8520
vn -0.4777 -0.3992 0.7826
vn -0.3817 -0.6743 0.6322
vn -0.2877 -0.8288 0.4799
vn -0.2102 -0.9120 0.3522
vn -0.1471 -0.9577 0.2473
vn -0.1750 -0.9647 0.1967
vn -0.1110 -0.9859 0.1254
vn -0.0544 -0.9966 0.0624
vn -0.4927 0.6715 0.5535
vn -0.6781 -0.0000 0.7350
vn -0.6096 -0.4295 0.6663
vn -0.4737 -0.7076 0.5244
vn -0.3494 -0.8521 0.3896
vn -0.2520 -0.9257 0.2822
vn -0.5544 -0.7401 0.3806
vn -0.4001 -0.8737 0.2768
vn -0.2850 -0.9378 0.1980
vn -0.1968 -0.9708 0.1372
vn -0.1245 -0.9884 0.0873
vn -0.0613 -0.9972 0.0436
vn -0.6095 0.6680 0.4269
vn -0.8311 -0.0000 0.5562
vn -0.7351 -0.4607 0.4973
vn -0.1332 -0.9901 0.0448
vn -0.0658 -0.9976 0.0225
vn -0.7130 0.6567 0.2457
vn -0.9524 -0.0000 0.3050
vn -0.8317 -0.4852 0.2698
vn -0.6122 -0.7645 0.2019
vn -0.4344 -0.8891 0.1444
vn -0.3066 -0.9463 0.1024
vn -0.2107 -0.9750 0.0706
vn -0.6285 -0.7761 0.0515
vn -0.4428 -0.8959 0.0365
vn -0.3114 -0.9499 0.0257
vn -0.2134 -0.9768 0.0177
vn -0.1344 -0.9909 0.0112
vn -0.0657 -0.9978 0.0055
vn -0.7627 0.6429 0.0704
vn -0.9968 -0.0000 0.0800
vn -0.8640 -0.4986 0.0700
vn 0.8244 -0.0455 -0.5641
vn 0.6223 0.0370 -0.7819
vn 0.9032 0.3079 0.2991
vn 0.9535 0.0138 0.3011
vn -0.0000 -0.7889 -0.6145
vn 0.0451 -0.7781 -0.6265
vn 0.0657 -0.9975 0.0253
vn 0.6685 -0.4282 -0.6081
vn 0.8331 -0.4804 0.2740
vn 0.4690 -0.6651 -0.5811
vn 0.6143 -0.7610 0.2085
vn 0.3242 -0.6927 -0.6442
vn 0.4357 -0.8873 0.1509
vn 0.2186 -0.7539 -0.6196
vn 0.3077 -0.9453 0.1081
vn 0.1493 -0.7503 -0.6440
vn 0.2114 -0.9745 0.0757
vn 0.0923 -0.7827 -0.6155
vn 0.1333 -0.9898 0.0493
vn 0.3974 -0.8679 0.2980
vn 0.2840 -0.9346 0.2141
vn 0.1964 -0.9692 0.1486
vn 0.1245 -0.9877 0.0948
vn 0.0615 -0.9970 0.0475
vn 0.7726 0.2578 0.5802
vn 0.8109 -0.0000 0.5852
vn 0.7201 -0.4524 0.5261
vn 0.5474 -0.7314 0.4067
vn 0.0545 -0.9962 0.0680
vn 0.6495 -0.0000 0.7603
vn 0.5876 -0.4158 0.6942
vn 0.4624 -0.6923 0.5540
vn 0.3445 -0.8414 0.4164
vn 0.2500 -0.9194 0.3037
vn 0.1743 -0.9615 0.2126
vn 0.1107 -0.9845 0.1359
vn 0.6192 0.2298 0.7509
vn 0.2077 -0.9025 0.3773
vn 0.1461 -0.9527 0.2665
vn 0.0931 -0.9809 0.1710
vn 0.0458 -0.9953 0.0854
vn 0.4719 0.2063 0.8572
vn 0.4941 -0.0000 0.8694
vn 0.4544 -0.3814 0.8050
vn 0.3689 -0.6533 0.6611
vn 0.2818 -0.8132 0.5092
vn 0.3297 -0.3539 0.8753
vn 0.2742 -0.6201 0.7351
vn 0.2138 -0.7877 0.5778
vn 0.1598 -0.8866 0.4341
vn 0.1132 -0.9442 0.3092
vn 0.0725 -0.9773 0.1992
vn 0.0356 -0.9944 0.0994
vn 0.3390 0.1888 0.9217
vn 0.3541 -0.0000 0.9352
vn 0.0772 -0.9373 0.3399
vn 0.0495 -0.9743 0.2196
vn 0.0243 -0.9937 0.1095
vn 0.2187 0.1771 0.9596
vn 0.2281 -0.0000 0.9736
vn 0.2141 -0.3344 0.9178
vn 0.1811 -0.5954 0.7828
vn 0.1433 -0.7679 0.6244
vn 0.1082 -0.8738 0.4741
vn 0.1053 -0.3229 0.9406
vn 0.0899 -0.5803 0.8094
vn 0.0718 -0.7554 0.6513
vn 0.0546 -0.8656 0.4978
vn 0.0391 -0.9328 0.3583
vn 0.0251 -0.9724 0.2320
vn 0.0123 -0.9932 0.1156
vn 0.1072 0.1704 0.9795
vn 0.1117 -0.0000 0.9937
vn -0.0000 -0.9312 0.3645
vn -0.0000 -0.9717 0.2361
vn -0.0000 -0.9931 0.1177
vn -0.0000 0.1682 0.9857
vn -0.0000 -0.3191 0.9477
vn -0.0000 -0.5752 0.8180
vn -0.0000 -0.7511 0.6602
vn -0.0000 -0.8627 0.5057
vn -0.0899 -0.5803 0.8094
vn -0.0718 -0.7554 0.6513
vn -0.0546 -0.8656 0.4978
vn -0.0391 -0.9328 0.3583
vn -0.0251 -0.9724 0.2320
vn -0.0123 -0.9932 0.1156
vn -0.1072 0.1704 0.9795
vn -0.1117 -0.0000 0.9937
vn -0.1053 -0.3229 0.9406
vn -0.0495 -0.9743 0.2196
vn -0.0243 -0.9937 0.1095
vn -0.2187 0.1771 0.9596
vn -0.2281 -0.0000 0.9736
vn -0.2141 -0.3344 0.9178
vn -0.1811 -0.5954 0.7828
vn -0.1433 -0.7679 0.6244
vn -0.1082 -0.8738 0.4741
vn -0.0772 -0.9373 0.3399
vn -0.2742 -0.6201 0.7351
vn -0.2138 -0.7877 0.5778
vn -0.1598 -0.8866 0.4341
vn -0.1132 -0.9442 0.3092
vn -0.0725 -0.9773 0.1992
vn -0.0356 -0.9944 0.0994
vn -0.3390 0.1888 0.9217
vn -0.3541 -0.0000 0.9352
vn -0.3297 -0.3539 0.8753
vn -0.0931 -0.9809 0.1710
vn -0.0458 -0.9953 0.0854
vn -0.4719 0.2062 0.8572
vn -0.4941 -0.0000 0.8694
vn -0.4544 -0.3814 0.8050
vn -0.3689 -0.6533 0.6611
vn -0.2818 -0.8132 0.5092
vn -0.2077 -0.9025 0.3773
vn -0.1461 -0.9527 0.2665
vn -0.1743 -0.9615 0.2126
vn -0.1107 -0.9845 0.1359
vn -0.0545 -0.9962 0.0680
vn -0.6192 0.2298 0.7509
vn -0.6495 -0.0000 0.7603
vn -0.5876 -0.4158 0.6942
vn -0.4624 -0.6923 0.5540
vn -0.3445 -0.8414 0.4164
vn -0.2500 -0.9194 0.3037
vn -0.5474 -0.7314 0.4067
vn -0.3974 -0.8679 0.2980
vn -0.2840 -0.9346 0.2141
vn -0.1964 -0.9692 0.1486
vn -0.1245 -0.9877 0.0948
vn -0.0615 -0.9970 0.0475
vn -0.7726 0.2578 0.5802
vn -0.8109 -0.0000 0.5852
vn -0.7201 -0.4524 0.5261
vn -0.1333 -0.9898 0.0493
vn -0.0657 -0.9975 0.0253
vn -0.9046 0.2998 0.3031
vn -0.9530 0.0093 0.3029
vn -0.8331 -0.4804 0.2740
vn -0.6143 -0.7610 0.2085
vn -0.4357 -0.8873 0.1509
vn -0.3077 -0.9453 0.1081
vn -0.2114 -0.9745 0.0757
vn -0.4690 -0.6651 -0.5811
vn -0.3242 -0.6927 -0.6442
vn -0.2186 -0.7539 -0.6196
vn -0.1493 -0.7503 -0.6440
vn -0.0923 -0.7827 -0.6155
vn -0.0451 -0.7781 -0.6265
vn -0.6353 0.0302 -0.7716
vn -0.8226 -0.0544 -0.5661
vn -0.6685 -0.4282 -0.6081
vn 0.8300 0.4823 -0.2801
vn 0.8319 0.4260 -0.3555
vn 0.5834 0.4250 0.6922
vn 0.5194 0.8014 0.2967
vn 0.7706 0.2923 -0.5663
vn 0.7419 0.2270 -0.6309
vn 0.6439 0.0920 -0.7595
vn 0.6027 0.0486 -0.7965
vn 0.4923 -0.0343 -0.8698
vn 0.4569 -0.0561 -0.8878
vn 0.3514 -0.1019 -0.9307
vn 0.3257 -0.1110 -0.9389
vn 0.2256 -0.1348 -0.9649
vn 0.2091 -0.1379 -0.9681
vn 0.1103 -0.1490 -0.9827
vn 0.1022 -0.1497 -0.9834
vn -0.0000 -0.1529 -0.9882
vn -0.1103 -0.1490 -0.9827
vn -0.1022 -0.1497 -0.9834
vn -0.2256 -0.1348 -0.9649
vn -0.2091 -0.1379 -0.9681
vn -0.3514 -0.1019 -0.9307
vn -0.3257 -0.1111 -0.9389
vn -0.4923 -0.0343 -0.8698
vn -0.4569 -0.0561 -0.8878
vn -0.6439 0.0920 -0.7595
vn -0.6027 0.0486 -0.7965
vn -0.7706 0.2923 -0.5663
vn -0.7419 0.2270 -0.6309
vn -0.8211 0.4979 -0.2790
vn -0.8243 0.4419 -0.3540
vn -0.5296 0.8023 0.2753
vn -0.5434 0.4504 0.7084
vn 0.2390 0.9710 0.0105
vn 0.2050 0.9773 0.0534
vn -0.1726 0.9849 -0.0093
vn -0.1763 0.9827 -0.0560
vn -0.2190 0.9613 0.1672
vn -0.5588 0.8150 -0.1536
vn 0.1468 0.9848 0.0931
vn -0.1676 0.9792 -0.1144
vn -0.5957 0.6995 -0.3947
vn 0.1047 0.9882 0.1118
vn -0.1412 0.9775 -0.1568
vn -0.5353 0.6074 -0.5870
vn 0.0740 0.9900 0.1205
vn -0.1105 0.9765 -0.1848
vn -0.4326 0.5427 -0.7200
vn 0.0506 0.9909 0.1244
vn -0.0801 0.9763 -0.2012
vn -0.3190 0.5068 -0.8009
vn 0.0316 0.9915 0.1261
vn -0.0516 0.9764 -0.2099
vn -0.2082 0.4897 -0.8467
vn 0.0152 0.9918 0.1267
vn -0.0252 0.9765 -0.2138
vn -0.1025 0.4827 -0.8698
vn -0.0000 0.9919 0.1269
vn -0.0000 0.9766 -0.2149
vn -0.0000 0.4809 -0.8768
vn -0.0152 0.9918 0.1267
vn 0.0252 0.9765 -0.2138
vn 0.1025 0.4827 -0.8698
vn -0.0316 0.9915 0.1261
vn 0.0516 0.9764 -0.2099
vn 0.2082 0.4897 -0.8467
vn -0.0506 0.9909 0.1244
vn 0.0801 0.9763 -0.2012
vn 0.3190 0.5068 -0.8009
vn -0.0740 0.9900 0.1205
vn 0.1105 0.9765 -0.1848
vn 0.4326 0.5427 -0.7200
vn -0.1047 0.9882 0.1118
vn 0.1412 0.9775 -0.1568
vn 0.5353 0.6074 -0.5870
vn -0.1468 0.9848 0.0931
vn 0.1676 0.9792 -0.1144
vn 0.5957 0.6995 -0.3947
vn -0.2050 0.9773 0.0534
vn 0.1763 0.9827 -0.0560
vn 0.5487 0.8223 -0.1507
vn -0.2390 0.9710 0.0105
vn 0.1726 0.9849 -0.0093
vn 0.2203 0.9614 0.1645
vn -0.1326 -0.9912 -0.0000
vn -0.2113 -0.9774 -0.0000
vn 0.4397 -0.8982 -0.0000
vn 0.3089 -0.9511 -0.0000
vn -0.7713 0.6364 -0.0000
vn -0.2365 0.9716 -0.0000
vn -0.1628 0.9867 -0.0000
vn -0.7190 0.6950 -0.0000
vn -0.1237 0.9907 0.0574
vn -0.1278 0.9917 0.0103
vn -0.1117 0.9934 -0.0249
vn -0.1088 0.9910 -0.0781
vn -0.0640 -0.9979 -0.0000
vn 0.2113 -0.9774 -0.0000
vn 0.1278 0.9917 0.0103
vn 0.1117 0.9934 -0.0249
vn -0.8633 -0.5047 -0.0000
vn 0.1326 -0.9912 -0.0000
vn 0.1237 0.9907 0.0574
vn 0.1088 0.9910 -0.0781
vn -0.6251 -0.7805 -0.0000
vn 0.0640 -0.9979 -0.0000
vn 0.7713 0.6364 -0.0000
vn 0.7190 0.6950 -0.0000
vn -0.4397 -0.8982 -0.0000
vn 0.8633 -0.5047 -0.0000
vn -0.3089 -0.9511 -0.0000
vn 0.6251 -0.7805 -0.0000
vn 0.2365 0.9716 -0.0000
vn 0.1628 0.9867 -0.0000
vn -0.0000 -0.6935 -0.7205
vn -0.0000 0.6935 -0.7205
vn 0.0900 0.6931 -0.7152
vn 0.0900 -0.6931 -0.7152
vn 0.1830 0.6922 -0.6982
vn 0.1830 -0.6922 -0.6982
vn 0.2819 0.6904 -0.6662
vn 0.2819 -0.6904 -0.6662
vn 0.3888 0.6877 -0.6131
vn 0.3888 -0.6877 -0.6131
vn 0.5026 0.6840 -0.5287
vn 0.5026 -0.6840 -0.5287
vn 0.6148 0.6796 -0.4002
vn 0.6148 -0.6796 -0.4002
vn 0.7038 0.6756 -0.2196
vn 0.7038 -0.6756 -0.2196
vn 0.7388 0.6739 -0.0000
vn 0.7388 -0.6739 -0.0000
vn 0.7038 0.6756 0.2196
vn 0.7038 -0.6756 0.2196
vn 0.6148 0.6796 0.4002
vn 0.6148 -0.6796 0.4002
vn 0.5026 0.6840 0.5287
vn 0.5026 -0.6840 0.5287
vn 0.3888 0.6877 0.6131
vn 0.3888 -0.6877 0.6131
vn 0.2819 0.6904 0.6662
vn 0.2819 -0.6904 0.6662
vn 0.1830 0.6922 0.6982
vn 0.1830 -0.6922 0.6982
vn 0.0900 0.6931 0.7152
vn 0.0900 -0.6931 0.7152
vn -0.0000 0.6935 0.7205
vn -0.0000 -0.6935 0.7205
vn -0.0900 0.6931 0.7152
vn -0.0900 -0.6931 0.7152
vn -0.1830 0.6922 0.6982
vn -0.1830 -0.6922 0.6982
vn -0.2819 0.6904 0.6662
vn -0.2819 -0.6904 0.6662
vn -0.3888 0.6877 0.6131
vn -0.3888 -0.6877 0.6131
vn -0.5026 0.6840 0.5287
vn -0.5026 -0.6840 0.5287
vn -0.6148 0.6796 0.4002
vn -0.6148 -0.6796 0.4002
vn -0.7038 0.6756 0.2196
vn -0.7038 -0.6756 0.2196
vn -0.7388 0.6739 -0.0000
vn -0.7388 -0.6739 -0.0000
vn -0.7038 0.6756 -0.2196
vn -0.7038 -0.6756 -0.2196
vn -0.6148 0.6796 -0.4002
vn -0.6148 -0.6796 -0.4002
vn -0.5026 0.6840 -0.5287
vn -0.5026 -0.6840 -0.5287
vn -0.3888 0.6877 -0.6131
vn -0.3888 -0.6877 -0.6131
vn -0.2819 0.6904 -0.6662
vn -0.2819 -0.6904 -0.6662
vn -0.1830 0.6922 -0.6982
vn -0.1830 -0.6922 -0.6982
vn -0.0900 0.6931 -0.7152
vn -0.0900 -0.6931 -0.7152
vn 0.0053 0.0001 -1.0000
vn 0.0086 0.0001 -1.0000
vn 0.2009 0.0003 -0.9796
vn 0.1966 0.0003 -0.9805
vn 0.3909 0.0004 -0.9205
vn 0.3852 0.0004 -0.9228
vn 0.5650 0.0004 -0.8251
vn 0.5581 0.0004 -0.8298
vn 0.7147 0.0004 -0.6994
vn 0.7081 0.0004 -0.7061
vn 0.8365 0.0004 -0.5479
vn 0.8315 0.0004 -0.5555
vn 0.9263 0.0002 -0.3767
vn 0.9236 0.0003 -0.3833
vn 0.9813 0.0001 -0.1923
vn 0.9806 0.0001 -0.1962
vn 1.0000 -0.0000 -0.0006
vn 1.0000 -0.0000 -0.0004
vn 0.9809 -0.0000 0.1946
vn 0.9244 -0.0001 0.3815
vn 0.9245 -0.0001 0.3813
vn 0.8345 -0.0002 0.5511
vn 0.8324 -0.0002 0.5542
vn 0.7129 -0.0004 0.7012
vn 0.7080 -0.0004 0.7062
vn 0.5633 -0.0005 0.8263
vn 0.5557 -0.0005 0.8314
vn 0.3901 -0.0005 0.9208
vn 0.3812 -0.0005 0.9245
vn 0.2000 -0.0005 0.9798
vn 0.1917 -0.0005 0.9814
vn 0.0021 -0.0004 1.0000
vn -0.0040 -0.0004 1.0000
vn -0.1905 -0.0004 0.9817
vn -0.1945 -0.0004 0.9809
vn -0.3678 -0.0007 0.9299
vn -0.3707 -0.0007 0.9288
vn -0.5284 -0.0015 0.8490
vn -0.5299 -0.0015 0.8481
vn -0.6730 -0.0029 0.7397
vn -0.6723 -0.0029 0.7403
vn -0.7994 -0.0048 0.6008
vn -0.7971 -0.0048 0.6038
vn -0.9015 -0.0070 0.4328
vn -0.8993 -0.0069 0.4372
vn -0.9712 -0.0088 0.2380
vn -0.9701 -0.0088 0.2424
vn -0.9997 -0.0100 0.0243
vn -0.9996 -0.0100 0.0269
vn -0.9809 -0.0101 -0.1943
vn -0.9808 -0.0101 -0.1949
vn -0.9157 -0.0092 -0.4018
vn -0.9143 -0.0092 -0.4050
vn -0.8114 -0.0074 -0.5845
vn -0.8084 -0.0074 -0.5885
vn -0.6783 -0.0053 -0.7348
vn -0.6747 -0.0052 -0.7381
vn -0.5255 -0.0032 -0.8508
vn -0.5226 -0.0032 -0.8525
vn -0.3579 -0.0016 -0.9338
vn -0.3572 -0.0015 -0.9340
vn -0.0672 0.9976 -0.0139
vn -0.1786 -0.0005 -0.9839
vn -0.1804 -0.0005 -0.9836
vn 0.0019 -0.0016 -1.0000
vn 0.0056 -0.0016 -1.0000
vn 0.2075 -0.0052 -0.9782
vn 0.1973 -0.0049 -0.9803
vn 0.4022 -0.0111 -0.9155
vn 0.3881 -0.0106 -0.9216
vn 0.5744 -0.0162 -0.8184
vn 0.5615 -0.0159 -0.8273
vn 0.7176 -0.0189 -0.6962
vn 0.7057 -0.0187 -0.7082
vn 0.8327 -0.0183 -0.5534
vn 0.8230 -0.0185 -0.5677
vn 0.9217 -0.0140 -0.3876
vn 0.9152 -0.0146 -0.4028
vn 0.9800 -0.0073 -0.1987
vn 0.9763 -0.0079 -0.2163
vn 1.0000 -0.0018 0.0007
vn 0.9999 -0.0021 -0.0168
vn 0.9811 0.0013 0.1937
vn 0.9809 0.0013 0.1943
vn 0.9273 0.0053 0.3743
vn 0.9197 0.0059 0.3926
vn 0.8385 0.0124 0.5448
vn 0.8263 0.0133 0.5630
vn 0.7129 0.0197 0.7010
vn 0.6962 0.0204 0.7176
vn 0.5533 0.0235 0.8326
vn 0.5320 0.0237 0.8464
vn 0.3714 0.0227 0.9282
vn 0.3503 0.0224 0.9364
vn 0.1780 0.0184 0.9839
vn 0.1599 0.0178 0.9870
vn -0.0173 0.0118 0.9998
vn -0.0325 0.0113 0.9994
vn -0.2064 0.0052 0.9785
vn -0.2157 0.0050 0.9764
vn -0.3803 -0.0005 0.9249
vn -0.3833 -0.0006 0.9236
vn -0.5152 -0.0171 0.8569
vn -0.5138 -0.0168 0.8578
vn -0.6075 -0.0652 0.7916
vn -0.6004 -0.0589 0.7976
vn -0.6864 -0.1548 0.7106
vn -0.6706 -0.1334 0.7297
vn -0.7672 -0.2870 0.5736
vn -0.7459 -0.2473 0.6184
vn -0.8210 -0.4406 0.3631
vn -0.8116 -0.3994 0.4263
vn -0.8249 -0.5553 0.1056
vn -0.8276 -0.5416 0.1477
vn -0.7997 -0.5800 -0.1554
vn -0.7973 -0.5778 -0.1746
vn -0.7580 -0.5079 -0.4092
vn -0.7433 -0.4719 -0.4742
vn -0.6840 -0.3613 -0.6337
vn -0.6487 -0.3061 -0.6968
vn -0.5685 -0.2093 -0.7956
vn -0.5281 -0.1695 -0.8321
vn -0.4404 -0.0993 -0.8923
vn -0.4150 -0.0823 -0.9061
vn -0.3179 -0.0357 -0.9474
vn -0.3072 -0.0319 -0.9511
vn -0.0059 1.0000 0.0001
vn -0.1757 -0.0074 -0.9844
vn -0.1742 -0.0072 -0.9847
vn 0.0691 -0.9975 0.0161
vt 0.375000 0.000000
vt 0.625000 0.000000
vt 0.625000 0.250000
vt 0.375000 0.250000
vt 0.125000 0.500000
vt 0.375000 0.500000
vt 0.375000 0.750000
vt 0.125000 0.750000
vt 0.625000 0.500000
vt 1.000000 0.500000
vt 1.000000 1.000000
vt 0.968750 1.000000
vt 0.968750 0.500000
vt 0.937500 1.000000
vt 0.937500 0.500000
vt 0.906250 1.000000
vt 0.906250 0.500000
vt 0.875000 1.000000
vt 0.875000 0.500000
vt 0.843750 1.000000
vt 0.843750 0.500000
vt 0.812500 1.000000
vt 0.812500 0.500000
vt 0.781250 1.000000
vt 0.781250 0.500000
vt 0.750000 1.000000
vt 0.750000 0.500000
vt 0.718750 1.000000
vt 0.718750 0.500000
vt 0.687500 1.000000
vt 0.687500 0.500000
vt 0.656250 1.000000
vt 0.656250 0.500000
vt 0.625000 1.000000
vt 0.593750 1.000000
vt 0.593750 0.500000
vt 0.562500 1.000000
vt 0.562500 0.500000
vt 0.531250 1.000000
vt 0.531250 0.500000
vt 0.500000 1.000000
vt 0.500000 0.500000
vt 0.468750 1.000000
vt 0.468750 0.500000
vt 0.437500 1.000000
vt 0.437500 0.500000
vt 0.406250 1.000000
vt 0.406250 0.500000
vt 0.375000 1.000000
vt 0.343750 1.000000
vt 0.343750 0.500000
vt 0.312500 1.000000
vt 0.312500 0.500000
vt 0.281250 1.000000
vt 0.281250 0.500000
vt 0.250000 1.000000
vt 0.250000 0.500000
vt 0.218750 1.000000
vt 0.218750 0.500000
vt 0.187500 1.000000
vt 0.187500 0.500000
vt 0.156250 1.000000
vt 0.156250 0.500000
vt 0.125000 1.000000
vt 0.093750 1.000000
vt 0.093750 0.500000
vt 0.062500 1.000000
vt 0.062500 0.500000
vt 0.296822 0.485388
vt 0.250000 0.490000
vt 0.203178 0.485388
vt 0.158156 0.471731
vt 0.116663 0.449553
vt 0.080295 0.419706
vt 0.050447 0.383337
vt 0.028269 0.341844
vt 0.014612 0.296822
vt 0.010000 0.250000
vt 0.014612 0.203178
vt 0.028269 0.158156
vt 0.050447 0.116663
vt 0.080295 0.080294
vt 0.116663 0.050447
vt 0.158156 0.028269
vt 0.203178 0.014612
vt 0.250000 0.010000
vt 0.296822 0.014612
vt 0.341844 0.028269
vt 0.383337 0.050447
vt 0.419706 0.080294
vt 0.449553 0.116663
vt 0.471731 0.158156
vt 0.485389 0.203178
vt 0.490000 0.250000
vt 0.485389 0.296822
vt 0.471731 0.341844
vt 0.449553 0.383337
vt 0.419706 0.419706
vt 0.383337 0.449553
vt 0.341844 0.471731
vt 0.031250 1.000000
vt 0.031250 0.500000
vt 0.000000 1.000000
vt 0.000000 0.500000
vt 0.750000 0.490000
vt 0.796822 0.485388
vt 0.841844 0.471731
vt 0.883337 0.449553
vt 0.919706 0.419706
vt 0.949553 0.383337
vt 0.971731 0.341844
vt 0.985389 0.296822
vt 0.990000 0.250000
vt 0.985389 0.203178
vt 0.971731 0.158156
vt 0.949553 0.116663
vt 0.919706 0.080294
vt 0.883337 0.050447
vt 0.841844 0.028269
vt 0.796822 0.014612
vt 0.750000 0.010000
vt 0.703178 0.014612
vt 0.658156 0.028269
vt 0.616663 0.050447
vt 0.580295 0.080294
vt 0.550447 0.116663
vt 0.528269 0.158156
vt 0.514612 0.203178
vt 0.510000 0.250000
vt 0.514612 0.296822
vt 0.528269 0.341844
vt 0.550447 0.383337
vt 0.580295 0.419706
vt 0.616663 0.449553
vt 0.658156 0.471731
vt 0.703178 0.485388
vt 0.000000 0.000000
vt 0.796600 0.000000
vt 0.750359 0.099438
vt 0.818297 0.175845
vt 0.970581 0.275447
vt 0.668016 0.393382
vt 0.743116 0.431000
vt 0.831105 0.586265
vt 0.756817 0.753469
vt 0.627138 0.816470
vt 0.895745 0.847427
vt 0.819652 0.864093
vt 0.913022 0.886034
vt 0.552742 0.966225
vt 0.763562 1.000000
vt 0.296822 0.485389
vt 0.250000 0.490000
vt 0.203178 0.485389
vt 0.158156 0.471731
vt 0.116663 0.449553
vt 0.080294 0.419706
vt 0.050447 0.383337
vt 0.028269 0.341844
vt 0.014612 0.296822
vt 0.010000 0.250000
vt 0.014612 0.203178
vt 0.028269 0.158156
vt 0.050447 0.116663
vt 0.080294 0.080294
vt 0.116663 0.050447
vt 0.158156 0.028269
vt 0.203178 0.014612
vt 0.250000 0.010000
vt 0.296822 0.014612
vt 0.341844 0.028269
vt 0.383337 0.050447
vt 0.419706 0.080294
vt 0.449553 0.116663
vt 0.471731 0.158156
vt 0.485388 0.203178
vt 0.490000 0.250000
vt 0.485388 0.296822
vt 0.471731 0.341844
vt 0.449553 0.383337
vt 0.419706 0.419706
vt 0.383337 0.449553
vt 0.341844 0.471731
vt 0.750000 0.490000
vt 0.796822 0.485389
vt 0.841844 0.471731
vt 0.883337 0.449553
vt 0.919706 0.419706
vt 0.949553 0.383337
vt 0.971731 0.341844
vt 0.985389 0.296822
vt 0.990000 0.250000
vt 0.985389 0.203178
vt 0.971731 0.158156
vt 0.949553 0.116663
vt 0.919706 0.080294
vt 0.883337 0.050447
vt 0.841844 0.028269
vt 0.796822 0.014612
vt 0.750000 0.010000
vt 0.703178 0.014612
vt 0.658156 0.028269
vt 0.616663 0.050447
vt 0.580294 0.080294
vt 0.550447 0.116663
vt 0.528269 0.158156
vt 0.514611 0.203178
vt 0.510000 0.250000
vt 0.514611 0.296822
vt 0.528269 0.341844
vt 0.550447 0.383337
vt 0.580294 0.419706
vt 0.616663 0.449553
vt 0.658156 0.471731
vt 0.703178 0.485389
vt 1.000001 0.972936
vt 0.968750 0.972936
vt 0.937500 0.972936
vt 0.906250 0.972936
vt 0.875000 0.972936
vt 0.843750 0.972936
vt 0.812500 0.972936
vt 0.781251 0.972936
vt 0.750001 0.972936
vt 0.718751 0.972936
vt 0.687501 0.972936
vt 0.656250 0.972936
vt 0.625000 0.972936
vt 0.593749 0.972936
vt 0.562500 0.972936
vt 0.531251 0.972936
vt 0.500000 0.972936
vt 0.468750 0.972935
vt 0.437500 0.972935
vt 0.406251 0.972936
vt 0.375000 0.972936
vt 0.343749 0.972936
vt 0.312500 0.972936
vt 0.281250 0.972936
vt 0.249999 0.972936
vt 0.218750 0.972935
vt 0.187501 0.972935
vt 0.156251 0.972936
vt 0.125000 0.972935
vt 0.093750 0.972936
vt 0.062500 0.972936
vt 0.031251 0.972936
vt -0.000001 0.972936
vt 0.250000 0.375000
vt 0.250000 0.437500
vt 0.218750 0.437500
vt 0.218750 0.375000
vt 0.250000 0.812500
vt 0.250000 0.875000
vt 0.218750 0.875000
vt 0.218750 0.812500
vt 0.250000 0.312500
vt 0.218750 0.312500
vt 0.250000 0.750000
vt 0.218750 0.750000
vt 0.250000 0.250000
vt 0.218750 0.250000
vt 0.250000 0.687500
vt 0.218750 0.687500
vt 0.250000 0.187500
vt 0.218750 0.187500
vt 0.250000 0.625000
vt 0.218750 0.625000
vt 0.250000 0.125000
vt 0.218750 0.125000
vt 0.250000 0.562500
vt 0.218750 0.562500
vt 0.250000 0.062500
vt 0.218750 0.062500
vt 0.250000 0.500000
vt 0.218750 0.500000
vt 0.250000 0.937500
vt 0.234375 1.000000
vt 0.218750 0.937500
vt 0.234375 0.000000
vt 0.187500 0.187500
vt 0.187500 0.125000
vt 0.187500 0.625000
vt 0.187500 0.562500
vt 0.187500 0.062500
vt 0.187500 0.500000
vt 0.203125 1.000000
vt 0.187500 0.937500
vt 0.203125 0.000000
vt 0.187500 0.437500
vt 0.187500 0.875000
vt 0.187500 0.375000
vt 0.187500 0.812500
vt 0.187500 0.312500
vt 0.187500 0.750000
vt 0.187500 0.250000
vt 0.187500 0.687500
vt 0.156250 0.375000
vt 0.156250 0.312500
vt 0.156250 0.812500
vt 0.156250 0.750000
vt 0.156250 0.250000
vt 0.156250 0.687500
vt 0.156250 0.187500
vt 0.156250 0.625000
vt 0.156250 0.125000
vt 0.156250 0.562500
vt 0.156250 0.062500
vt 0.156250 0.500000
vt 0.171875 1.000000
vt 0.156250 0.937500
vt 0.171875 0.000000
vt 0.156250 0.437500
vt 0.156250 0.875000
vt 0.125000 0.125000
vt 0.125000 0.062500
vt 0.125000 0.562500
vt 0.125000 0.500000
vt 0.140625 1.000000
vt 0.125000 0.937500
vt 0.140625 0.000000
vt 0.125000 0.437500
vt 0.125000 0.875000
vt 0.125000 0.375000
vt 0.125000 0.812500
vt 0.125000 0.312500
vt 0.125000 0.750000
vt 0.125000 0.250000
vt 0.125000 0.687500
vt 0.125000 0.187500
vt 0.125000 0.625000
vt 0.093750 0.812500
vt 0.093750 0.750000
vt 0.093750 0.312500
vt 0.093750 0.250000
vt 0.093750 0.687500
vt 0.093750 0.187500
vt 0.093750 0.625000
vt 0.093750 0.125000
vt 0.093750 0.562500
vt 0.093750 0.062500
vt 0.093750 0.500000
vt 0.109375 1.000000
vt 0.093750 0.937500
vt 0.109375 0.000000
vt 0.093750 0.437500
vt 0.093750 0.875000
vt 0.093750 0.375000
vt 0.062500 0.562500
vt 0.062500 0.500000
vt 0.078125 1.000000
vt 0.062500 0.937500
vt 0.078125 0.000000
vt 0.062500 0.062500
vt 0.062500 0.437500
vt 0.062500 0.875000
vt 0.062500 0.375000
vt 0.062500 0.812500
vt 0.062500 0.312500
vt 0.062500 0.750000
vt 0.062500 0.250000
vt 0.062500 0.687500
vt 0.062500 0.187500
vt 0.062500 0.625000
vt 0.062500 0.125000
vt 0.031250 0.312500
vt 0.031250 0.250000
vt 0.031250 0.750000
vt 0.031250 0.687500
vt 0.031250 0.187500
vt 0.031250 0.625000
vt 0.031250 0.125000
vt 0.031250 0.562500
vt 0.031250 0.062500
vt 0.031250 0.500000
vt 0.046875 1.000000
vt 0.031250 0.937500
vt 0.046875 0.000000
vt 0.031250 0.437500
vt 0.031250 0.875000
vt 0.031250 0.375000
vt 0.031250 0.812500
vt 0.015625 1.000000
vt 0.000000 0.937500
vt 0.015625 0.000000
vt 0.000000 0.062500
vt 0.000000 0.437500
vt 0.000000 0.875000
vt 0.000000 0.375000
vt 0.000000 0.812500
vt 0.000000 0.312500
vt 0.000000 0.750000
vt 0.000000 0.250000
vt 0.000000 0.687500
vt 0.000000 0.187500
vt 0.000000 0.625000
vt 0.000000 0.125000
vt 0.000000 0.562500
vt 1.000000 0.687500
vt 1.000000 0.750000
vt 0.968750 0.750000
vt 0.968750 0.687500
vt 1.000000 0.187500
vt 1.000000 0.250000
vt 0.968750 0.250000
vt 0.968750 0.187500
vt 1.000000 0.625000
vt 0.968750 0.625000
vt 1.000000 0.125000
vt 0.968750 0.125000
vt 1.000000 0.562500
vt 0.968750 0.562500
vt 1.000000 0.062500
vt 0.968750 0.062500
vt 0.968750 0.500000
vt 1.000000 0.937500
vt 0.984375 1.000000
vt 0.968750 0.937500
vt 0.984375 0.000000
vt 1.000000 0.437500
vt 0.968750 0.437500
vt 1.000000 0.875000
vt 0.968750 0.875000
vt 1.000000 0.375000
vt 0.968750 0.375000
vt 1.000000 0.812500
vt 0.968750 0.812500
vt 1.000000 0.312500
vt 0.968750 0.312500
vt 0.937500 0.500000
vt 0.937500 0.437500
vt 0.937500 0.937500
vt 0.937500 0.875000
vt 0.937500 0.375000
vt 0.937500 0.812500
vt 0.937500 0.312500
vt 0.937500 0.750000
vt 0.937500 0.250000
vt 0.937500 0.687500
vt 0.937500 0.187500
vt 0.937500 0.625000
vt 0.937500 0.125000
vt 0.937500 0.562500
vt 0.937500 0.062500
vt 0.953125 1.000000
vt 0.953125 0.000000
vt 0.906250 0.250000
vt 0.906250 0.187500
vt 0.906250 0.687500
vt 0.906250 0.625000
vt 0.906250 0.125000
vt 0.906250 0.562500
vt 0.906250 0.062500
vt 0.906250 0.500000
vt 0.921875 1.000000
vt 0.906250 0.937500
vt 0.921875 0.000000
vt 0.906250 0.437500
vt 0.906250 0.875000
vt 0.906250 0.375000
vt 0.906250 0.812500
vt 0.906250 0.312500
vt 0.906250 0.750000
vt 0.875000 0.437500
vt 0.875000 0.375000
vt 0.875000 0.875000
vt 0.875000 0.812500
vt 0.875000 0.312500
vt 0.875000 0.750000
vt 0.875000 0.250000
vt 0.875000 0.687500
vt 0.875000 0.187500
vt 0.875000 0.625000
vt 0.875000 0.125000
vt 0.875000 0.562500
vt 0.875000 0.062500
vt 0.875000 0.500000
vt 0.890625 1.000000
vt 0.875000 0.937500
vt 0.890625 0.000000
vt 0.843750 0.187500
vt 0.843750 0.125000
vt 0.843750 0.625000
vt 0.843750 0.562500
vt 0.843750 0.062500
vt 0.843750 0.500000
vt 0.859375 1.000000
vt 0.843750 0.937500
vt 0.859375 0.000000
vt 0.843750 0.437500
vt 0.843750 0.875000
vt 0.843750 0.375000
vt 0.843750 0.812500
vt 0.843750 0.312500
vt 0.843750 0.750000
vt 0.843750 0.250000
vt 0.843750 0.687500
vt 0.812500 0.875000
vt 0.812500 0.812500
vt 0.812500 0.375000
vt 0.812500 0.312500
vt 0.812500 0.750000
vt 0.812500 0.250000
vt 0.812500 0.687500
vt 0.812500 0.187500
vt 0.812500 0.625000
vt 0.812500 0.125000
vt 0.812500 0.562500
vt 0.812500 0.062500
vt 0.812500 0.500000
vt 0.828125 1.000000
vt 0.812500 0.937500
vt 0.828125 0.000000
vt 0.812500 0.437500
vt 0.781250 0.625000
vt 0.781250 0.562500
vt 0.781250 0.125000
vt 0.781250 0.062500
vt 0.781250 0.500000
vt 0.796875 1.000000
vt 0.781250 0.937500
vt 0.796875 0.000000
vt 0.781250 0.437500
vt 0.781250 0.875000
vt 0.781250 0.375000
vt 0.781250 0.812500
vt 0.781250 0.312500
vt 0.781250 0.750000
vt 0.781250 0.250000
vt 0.781250 0.687500
vt 0.781250 0.187500
vt 0.750000 0.375000
vt 0.750000 0.312500
vt 0.750000 0.812500
vt 0.750000 0.750000
vt 0.750000 0.250000
vt 0.750000 0.687500
vt 0.750000 0.187500
vt 0.750000 0.625000
vt 0.750000 0.125000
vt 0.750000 0.562500
vt 0.750000 0.062500
vt 0.765625 1.000000
vt 0.750000 0.937500
vt 0.765625 0.000000
vt 0.750000 0.437500
vt 0.750000 0.875000
vt 0.750000 0.490000
vt 0.796822 0.485389
vt 0.841844 0.471731
vt 0.919706 0.419706
vt 0.949553 0.383337
vt 0.971731 0.341844
vt 0.990000 0.250000
vt 0.971731 0.158156
vt 0.949553 0.116663
vt 0.919706 0.080294
vt 0.841844 0.028269
vt 0.796822 0.014612
vt 0.750000 0.010000
vt 0.703178 0.014612
vt 0.550447 0.116663
vt 0.528269 0.158156
vt 0.528269 0.341844
vt 0.550447 0.383337
vt 0.580294 0.419706
vt 0.616663 0.449553
vt 0.658156 0.471731
vt 0.703178 0.485389
vt 0.296822 0.485389
vt 0.250000 0.490000
vt 0.203178 0.485389
vt 0.158156 0.471731
vt 0.116663 0.449553
vt 0.080294 0.419706
vt 0.050447 0.383337
vt 0.028269 0.341844
vt 0.028269 0.158156
vt 0.050447 0.116663
vt 0.203178 0.014612
vt 0.250000 0.010000
vt 0.296822 0.014612
vt 0.341844 0.028269
vt 0.419706 0.080294
vt 0.449553 0.116663
vt 0.471731 0.158156
vt 0.485389 0.203178
vt 0.490000 0.250000
vt 0.485389 0.296822
vt 0.471731 0.341844
vt 0.449553 0.383337
vt 0.419706 0.419706
vt 0.341844 0.471731
vt 0.500000 0.500000
vt 0.500000 0.562500
vt 0.468750 0.562500
vt 0.468750 0.500000
vt 0.484375 0.000000
vt 0.500000 0.062500
vt 0.468750 0.062500
vt 0.500000 0.437500
vt 0.468750 0.437500
vt 0.500000 0.375000
vt 0.468750 0.375000
vt 0.500000 0.312500
vt 0.468750 0.312500
vt 0.500000 0.250000
vt 0.468750 0.250000
vt 0.500000 0.187500
vt 0.468750 0.187500
vt 0.500000 0.125000
vt 0.468750 0.125000
vt 0.437500 0.312500
vt 0.437500 0.250000
vt 0.437500 0.187500
vt 0.437500 0.125000
vt 0.437500 0.062500
vt 0.437500 0.562500
vt 0.437500 0.500000
vt 0.453125 0.000000
vt 0.437500 0.437500
vt 0.437500 0.375000
vt 0.421875 0.000000
vt 0.406250 0.062500
vt 0.406250 0.500000
vt 0.406250 0.437500
vt 0.406250 0.375000
vt 0.406250 0.312500
vt 0.406250 0.250000
vt 0.406250 0.187500
vt 0.406250 0.125000
vt 0.406250 0.562500
vt 0.375000 0.187500
vt 0.375000 0.125000
vt 0.375000 0.062500
vt 0.375000 0.562500
vt 0.375000 0.500000
vt 0.390625 0.000000
vt 0.375000 0.437500
vt 0.375000 0.375000
vt 0.375000 0.312500
vt 0.343750 0.437500
vt 0.343750 0.375000
vt 0.343750 0.312500
vt 0.343750 0.250000
vt 0.343750 0.187500
vt 0.343750 0.125000
vt 0.343750 0.062500
vt 0.343750 0.562500
vt 0.343750 0.500000
vt 0.359375 0.000000
vt 0.312500 0.187500
vt 0.312500 0.125000
vt 0.312500 0.062500
vt 0.312500 0.562500
vt 0.312500 0.500000
vt 0.328125 0.000000
vt 0.312500 0.437500
vt 0.312500 0.375000
vt 0.312500 0.312500
vt 0.312500 0.250000
vt 0.281250 0.437500
vt 0.281250 0.375000
vt 0.281250 0.312500
vt 0.281250 0.250000
vt 0.281250 0.187500
vt 0.281250 0.125000
vt 0.281250 0.062500
vt 0.281250 0.562500
vt 0.281250 0.500000
vt 0.296875 0.000000
vt 0.265625 0.000000
vt 0.062500 0.562500
vt 0.187500 0.562500
vt 0.218750 0.562500
vt 0.250000 0.562500
vt 0.343750 0.562500
vt 0.406250 0.562500
vt 0.437500 0.562500
vt 0.468750 0.562500
vt 0.468750 0.562500
vt 0.406250 0.562500
vt 0.375000 0.562500
vt 0.375000 0.562500
vt 0.281250 0.562500
vt 0.250000 0.562500
vt 0.250000 0.562500
vt 0.218750 0.562500
vt 0.156250 0.562500
vt 0.156250 0.562500
vt 0.125000 0.562500
vt 0.125000 0.562500
vt 0.093750 0.562500
vt 0.093750 0.562500
vt 0.062500 0.562500
vt 0.031250 0.562500
vt 0.031250 0.562500
vt 0.500000 0.187500
vt 0.296822 0.485388
vt 0.250000 0.490000
vt 0.203178 0.485388
vt 0.158156 0.471731
vt 0.116663 0.449553
vt 0.080294 0.419706
vt 0.050447 0.383337
vt 0.028269 0.341844
vt 0.014612 0.296822
vt 0.010000 0.250000
vt 0.028269 0.158156
vt 0.050447 0.116663
vt 0.158156 0.028269
vt 0.203178 0.014612
vt 0.250000 0.010000
vt 0.296822 0.014612
vt 0.341844 0.028269
vt 0.419706 0.080294
vt 0.449553 0.116663
vt 0.471731 0.158156
vt 0.490000 0.250000
vt 0.485388 0.296822
vt 0.471731 0.341844
vt 0.449553 0.383337
vt 0.419706 0.419706
vt 0.383337 0.449553
vt 0.341844 0.471731
vt 0.750000 0.490000
vt 0.796822 0.485388
vt 0.841844 0.471731
vt 0.883337 0.449553
vt 0.919706 0.419706
vt 0.949553 0.383337
vt 0.971731 0.341844
vt 0.985389 0.296822
vt 0.990000 0.250000
vt 0.971731 0.158156
vt 0.949553 0.116663
vt 0.919706 0.080294
vt 0.841844 0.028269
vt 0.796822 0.014612
vt 0.750000 0.010000
vt 0.703178 0.014612
vt 0.658156 0.028269
vt 0.550447 0.116663
vt 0.528269 0.158156
vt 0.510000 0.250000
vt 0.514611 0.296822
vt 0.528269 0.341844
vt 0.550447 0.383337
vt 0.580294 0.419706
vt 0.616663 0.449553
vt 0.658156 0.471731
vt 0.703178 0.485388
vt 0.625000 0.750000
vt 0.875000 0.750000
vt 0.296821 0.485388
vt 0.250000 0.490000
vt 0.203178 0.485388
vt 0.158156 0.471731
vt 0.116663 0.449553
vt 0.080294 0.419706
vt 0.050447 0.383337
vt 0.028269 0.341844
vt 0.014611 0.296822
vt 0.010000 0.250000
vt 0.014611 0.203178
vt 0.028269 0.158156
vt 0.050447 0.116663
vt 0.080294 0.080294
vt 0.116663 0.050447
vt 0.158156 0.028269
vt 0.203178 0.014611
vt 0.250000 0.010000
vt 0.296821 0.014611
vt 0.341844 0.028269
vt 0.383337 0.050447
vt 0.419706 0.080294
vt 0.449552 0.116663
vt 0.471731 0.158156
vt 0.485388 0.203178
vt 0.490000 0.250000
vt 0.485388 0.296822
vt 0.471731 0.341844
vt 0.449552 0.383337
vt 0.419706 0.419706
vt 0.383337 0.449553
vt 0.341844 0.471731
vt 0.750000 0.490000
vt 0.796821 0.485388
vt 0.841844 0.471731
vt 0.883337 0.449553
vt 0.919706 0.419706
vt 0.949552 0.383337
vt 0.971731 0.341844
vt 0.985388 0.296822
vt 0.990000 0.250000
vt 0.985388 0.203178
vt 0.971731 0.158156
vt 0.949552 0.116663
vt 0.919706 0.080294
vt 0.883337 0.050447
vt 0.841844 0.028269
vt 0.796821 0.014611
vt 0.750000 0.010000
vt 0.703178 0.014611
vt 0.658156 0.028269
vt 0.616663 0.050447
vt 0.580294 0.080294
vt 0.550447 0.116663
vt 0.528269 0.158156
vt 0.514611 0.203178
vt 0.510000 0.250000
vt 0.514611 0.296822
vt 0.528269 0.341844
vt 0.550447 0.383337
vt 0.580294 0.419706
vt 0.616663 0.449553
vt 0.658156 0.471731
vt 0.703178 0.485388
s 0
usemtl Material
f 668/137/18 675/137/18 2041/137/18 2038/137/18
f 671/137/26 674/137/26 2047/137/26 2046/137/26
f 676/8/2 677/7/2 679/7/2 678/8/2
f 667/137/18 669/137/18 678/137/18 679/137/18
f 673/137/26 672/137/26 2040/137/26 2039/137/26
f 675/137/26 673/137/26 2039/137/26 2041/137/26
f 2040/137/26 672/137/26 2045/137/26 2048/137/26
f 672/137/26 671/137/26 2046/137/26 2045/137/26
f 674/137/33 664/137/33 2044/137/33 2047/137/33
usemtl tile
f 7/1/1 6/2/1 4/3/1 5/4/1
f 5/4/3 4/3/3 1/9/3 2/6/3
f 2/6/3 1/9/3 664/9/3 665/6/3
f 6/2/1 7/1/1 669/1/1 668/2/1
f 1/9/2 4/3/2 2042/3/2 2043/9/2
f 669/1/1 7/1/1 676/1/1 678/1/1
f 4/3/2 6/2/2 2036/2/2 2037/3/2
f 6/2/2 668/2/2 2038/2/2 2036/2/2
f 664/9/2 1/9/2 2043/9/2 2044/9/2
f 4/3/2 2037/3/2 2049/3/2 2042/3/2
usemtl wall
f 2037/3/1 2040/3/1 2048/3/1 2049/3/1
f 2037/3/1 2036/2/1 2039/2/1 2040/3/1
f 2036/2/1 2038/2/1 2041/2/1 2039/2/1
f 2045/3/3 2042/3/3 2049/3/3 2048/3/3
f 2043/9/3 2042/3/3 2045/3/3 2046/9/3
f 2044/9/3 2043/9/3 2046/9/3 2047/9/3
s 1
usemtl sink
f 1547/594/969 1546/595/970 1555/596/971 1556/597/972
f 1663/598/973 1554/599/974 1563/600/975
f 1548/601/976 1547/594/969 1556/597/972 1557/602/977
f 1549/603/978 1548/601/976 1557/602/977 1558/604/979
f 1550/605/980 1549/603/978 1558/604/979 1559/606/981
f 1551/607/982 1550/605/980 1559/606/981 1560/608/983
f 1552/609/984 1551/607/982 1560/608/983 1561/610/985
f 1553/611/986 1552/609/984 1561/610/985 1562/612/987
f 1554/599/974 1553/611/986 1562/612/987 1563/600/975
f 1560/608/983 1559/606/981 1568/613/988 1569/614/989
f 1561/610/985 1560/608/983 1569/614/989 1570/615/990
f 1562/612/987 1561/610/985 1570/615/990 1571/616/991
f 1563/600/975 1562/612/987 1571/616/991 1572/617/992
f 1556/597/972 1555/596/971 1564/618/993 1565/619/994
f 1663/620/973 1563/600/975 1572/617/992
f 1557/602/977 1556/597/972 1565/619/994 1566/621/995
f 1558/604/979 1557/602/977 1566/621/995 1567/622/996
f 1559/606/981 1558/604/979 1567/622/996 1568/613/988
f 1663/623/973 1572/617/992 1581/624/997
f 1566/621/995 1565/619/994 1574/625/998 1575/626/999
f 1567/622/996 1566/621/995 1575/626/999 1576/627/1000
f 1568/613/988 1567/622/996 1576/627/1000 1577/628/1001
f 1569/614/989 1568/613/988 1577/628/1001 1578/629/1002
f 1570/615/990 1569/614/989 1578/629/1002 1579/630/1003
f 1571/616/991 1570/615/990 1579/630/1003 1580/631/1004
f 1572/617/992 1571/616/991 1580/631/1004 1581/624/997
f 1565/619/994 1564/618/993 1573/632/1005 1574/625/998
f 1579/630/1003 1578/629/1002 1587/4/1006 1588/633/1007
f 1580/631/1004 1579/630/1003 1588/633/1007 1589/634/1008
f 1581/624/997 1580/631/1004 1589/634/1008 1590/635/1009
f 1574/625/998 1573/632/1005 1582/636/1010 1583/637/1011
f 1663/638/973 1581/624/997 1590/635/1009
f 1575/626/999 1574/625/998 1583/637/1011 1584/639/1012
f 1576/627/1000 1575/626/999 1584/639/1012 1585/640/1013
f 1577/628/1001 1576/627/1000 1585/640/1013 1586/641/1014
f 1578/629/1002 1577/628/1001 1586/641/1014 1587/4/1006
f 1585/640/1013 1584/639/1012 1593/642/1015 1594/643/1016
f 1586/641/1014 1585/640/1013 1594/643/1016 1595/644/1017
f 1587/4/1006 1586/641/1014 1595/644/1017 1596/645/1018
f 1588/633/1007 1587/4/1006 1596/645/1018 1597/646/1019
f 1589/634/1008 1588/633/1007 1597/646/1019 1598/647/1020
f 1590/635/1009 1589/634/1008 1598/647/1020 1599/648/1021
f 1583/637/1011 1582/636/1010 1591/649/1022 1592/650/1023
f 1663/651/973 1590/635/1009 1599/648/1021
f 1584/639/1012 1583/637/1011 1592/650/1023 1593/642/1015
f 1598/647/1020 1597/646/1019 1606/652/1024 1607/653/1025
f 1599/648/1021 1598/647/1020 1607/653/1025 1608/654/1026
f 1592/650/1023 1591/649/1022 1600/655/1027 1601/656/1028
f 1663/657/973 1599/648/1021 1608/654/1026
f 1593/642/1015 1592/650/1023 1601/656/1028 1602/658/1029
f 1594/643/1016 1593/642/1015 1602/658/1029 1603/659/1030
f 1595/644/1017 1594/643/1016 1603/659/1030 1604/660/1031
f 1596/645/1018 1595/644/1017 1604/660/1031 1605/661/1032
f 1597/646/1019 1596/645/1018 1605/661/1032 1606/652/1024
f 1603/659/1030 1602/658/1029 1611/662/1033 1612/663/1034
f 1604/660/1031 1603/659/1030 1612/663/1034 1613/664/1035
f 1605/661/1032 1604/660/1031 1613/664/1035 1614/665/1036
f 1606/652/1024 1605/661/1032 1614/665/1036 1615/666/1037
f 1607/653/1025 1606/652/1024 1615/666/1037 1616/667/1038
f 1608/654/1026 1607/653/1025 1616/667/1038 1617/668/1039
f 1601/656/1028 1600/655/1027 1609/669/1040 1610/670/1041
f 1663/671/973 1608/654/1026 1617/668/1039
f 1602/658/1029 1601/656/1028 1610/670/1041 1611/662/1033
f 1616/667/1038 1615/666/1037 1624/265/1042 1625/269/1043
f 1617/668/1039 1616/667/1038 1625/269/1043 1626/273/1044
f 1610/670/1041 1609/669/1040 1618/271/1045 1619/275/18
f 1663/672/973 1617/668/1039 1626/273/1044
f 1611/662/1033 1610/670/1041 1619/275/18 1620/250/1046
f 1612/663/1034 1611/662/1033 1620/250/1046 1621/249/1047
f 1613/664/1035 1612/663/1034 1621/249/1047 1622/257/1048
f 1614/665/1036 1613/664/1035 1622/257/1048 1623/261/1049
f 1615/666/1037 1614/665/1036 1623/261/1049 1624/265/1042
f 1622/257/1048 1621/249/1047 1630/252/1050 1631/258/1051
f 1623/261/1049 1622/257/1048 1631/258/1051 1632/262/1052
f 1624/265/1042 1623/261/1049 1632/262/1052 1633/266/1053
f 1625/269/1043 1624/265/1042 1633/266/1053 1634/270/1054
f 1626/273/1044 1625/269/1043 1634/270/1054 1635/274/1055
f 1619/275/18 1618/271/1045 1627/272/1056 1628/276/1057
f 1663/280/973 1626/273/1044 1635/274/1055
f 1620/250/1046 1619/275/18 1628/276/1057 1629/251/1058
f 1621/249/1047 1620/250/1046 1629/251/1058 1630/252/1050
f 1635/274/1055 1634/270/1054 1643/282/1059 1644/285/1060
f 1628/276/1057 1627/272/1056 1636/284/1061 1637/286/1062
f 1663/289/973 1635/274/1055 1644/285/1060
f 1629/251/1058 1628/276/1057 1637/286/1062 1638/290/1063
f 1630/252/1050 1629/251/1058 1638/290/1063 1639/292/1064
f 1631/258/1051 1630/252/1050 1639/292/1064 1640/294/1065
f 1632/262/1052 1631/258/1051 1640/294/1065 1641/296/1066
f 1633/266/1053 1632/262/1052 1641/296/1066 1642/281/1067
f 1634/270/1054 1633/266/1053 1642/281/1067 1643/282/1059
f 1640/294/1065 1639/292/1064 1648/298/1068 1649/299/1069
f 1641/296/1066 1640/294/1065 1649/299/1069 1650/302/1070
f 1642/281/1067 1641/296/1066 1650/302/1070 1651/304/1071
f 1643/282/1059 1642/281/1067 1651/304/1071 1652/306/1072
f 1644/285/1060 1643/282/1059 1652/306/1072 1653/308/1073
f 1637/286/1062 1636/284/1061 1645/307/1074 1646/309/1075
f 1663/312/973 1644/285/1060 1653/308/1073
f 1638/290/1063 1637/286/1062 1646/309/1075 1647/313/1076
f 1639/292/1064 1638/290/1063 1647/313/1076 1648/298/1068
f 1653/308/1073 1652/306/1072 1661/315/1077 1662/316/1078
f 1646/309/1075 1645/307/1074 1654/317/1079 1655/318/1080
f 1663/321/973 1653/308/1073 1662/316/1078
f 1647/313/1076 1646/309/1075 1655/318/1080 1656/322/1081
f 1648/298/1068 1647/313/1076 1656/322/1081 1657/324/1082
f 1649/299/1069 1648/298/1068 1657/324/1082 1658/326/1083
f 1650/302/1070 1649/299/1069 1658/326/1083 1659/328/1084
f 1651/304/1071 1650/302/1070 1659/328/1084 1660/330/1085
f 1652/306/1072 1651/304/1071 1660/330/1085 1661/315/1077
f 1661/315/1077 1660/330/1085 1670/337/1086 1671/339/1087
f 1662/316/1078 1661/315/1077 1671/339/1087 1672/341/1088
f 1655/318/1080 1654/317/1079 1664/340/1089 1665/342/1090
f 1663/345/973 1662/316/1078 1672/341/1088
f 1656/322/1081 1655/318/1080 1665/342/1090 1666/346/1091
f 1657/324/1082 1656/322/1081 1666/346/1091 1667/348/1092
f 1658/326/1083 1657/324/1082 1667/348/1092 1668/334/1093
f 1659/328/1084 1658/326/1083 1668/334/1093 1669/335/1094
f 1660/330/1085 1659/328/1084 1669/335/1094 1670/337/1086
f 1668/334/1093 1667/348/1092 1676/357/1095 1677/359/1096
f 1669/335/1094 1668/334/1093 1677/359/1096 1678/361/1097
f 1670/337/1086 1669/335/1094 1678/361/1097 1679/363/1098
f 1671/339/1087 1670/337/1086 1679/363/1098 1680/365/1099
f 1672/341/1088 1671/339/1087 1680/365/1099 1681/354/1100
f 1665/342/1090 1664/340/1089 1673/349/1101 1674/350/1102
f 1663/353/973 1672/341/1088 1681/354/1100
f 1666/346/1091 1665/342/1090 1674/350/1102 1675/355/1103
f 1667/348/1092 1666/346/1091 1675/355/1103 1676/357/1095
f 1681/354/1100 1680/365/1099 1689/372/1104 1690/374/1105
f 1674/350/1102 1673/349/1101 1682/373/1106 1683/375/1107
f 1663/378/973 1681/354/1100 1690/374/1105
f 1675/355/1103 1674/350/1102 1683/375/1107 1684/379/1108
f 1676/357/1095 1675/355/1103 1684/379/1108 1685/381/1109
f 1677/359/1096 1676/357/1095 1685/381/1109 1686/366/1110
f 1678/361/1097 1677/359/1096 1686/366/1110 1687/367/1111
f 1679/363/1098 1678/361/1097 1687/367/1111 1688/370/1112
f 1680/365/1099 1679/363/1098 1688/370/1112 1689/372/1104
f 1686/366/1110 1685/381/1109 1694/389/1113 1695/391/1114
f 1687/367/1111 1686/366/1110 1695/391/1114 1696/393/1115
f 1688/370/1112 1687/367/1111 1696/393/1115 1697/395/1116
f 1689/372/1104 1688/370/1112 1697/395/1116 1698/397/1117
f 1690/374/1105 1689/372/1104 1698/397/1117 1699/386/1118
f 1683/375/1107 1682/373/1106 1691/398/1119 1692/104/1120
f 1663/385/973 1690/374/1105 1699/386/1118
f 1684/379/1108 1683/375/1107 1692/104/1120 1693/387/1121
f 1685/381/1109 1684/379/1108 1693/387/1121 1694/389/1113
f 1701/594/1122 1700/595/1123 1709/596/1124 1710/597/1125
f 1817/598/1126 1708/599/1127 1717/600/1128
f 1702/601/1129 1701/594/1122 1710/597/1125 1711/602/1130
f 1703/603/1131 1702/601/1129 1711/602/1130 1712/604/1132
f 1704/605/1133 1703/603/1131 1712/604/1132 1713/606/1134
f 1705/607/1135 1704/605/1133 1713/606/1134 1714/608/1136
f 1706/609/1137 1705/607/1135 1714/608/1136 1715/610/1138
f 1707/611/1139 1706/609/1137 1715/610/1138 1716/612/1140
f 1708/599/1127 1707/611/1139 1716/612/1140 1717/600/1128
f 1714/608/1136 1713/606/1134 1722/613/1141 1723/614/1142
f 1715/610/1138 1714/608/1136 1723/614/1142 1724/615/1143
f 1716/612/1140 1715/610/1138 1724/615/1143 1725/616/1144
f 1717/600/1128 1716/612/1140 1725/616/1144 1726/617/1145
f 1710/597/1125 1709/596/1124 1718/618/1146 1719/619/1147
f 1817/620/1126 1717/600/1128 1726/617/1145
f 1711/602/1130 1710/597/1125 1719/619/1147 1720/621/1148
f 1712/604/1132 1711/602/1130 1720/621/1148 1721/622/1149
f 1713/606/1134 1712/604/1132 1721/622/1149 1722/613/1141
f 1817/623/1126 1726/617/1145 1735/624/1150
f 1720/621/1148 1719/619/1147 1728/625/1151 1729/626/1152
f 1721/622/1149 1720/621/1148 1729/626/1152 1730/627/1153
f 1722/613/1141 1721/622/1149 1730/627/1153 1731/628/1154
f 1723/614/1142 1722/613/1141 1731/628/1154 1732/629/1155
f 1724/615/1143 1723/614/1142 1732/629/1155 1733/630/1156
f 1725/616/1144 1724/615/1143 1733/630/1156 1734/631/1157
f 1726/617/1145 1725/616/1144 1734/631/1157 1735/624/1150
f 1719/619/1147 1718/618/1146 1727/632/1158 1728/625/1151
f 1733/630/1156 1732/629/1155 1741/4/1159 1742/633/1160
f 1734/631/1157 1733/630/1156 1742/633/1160 1743/634/1161
f 1735/624/1150 1734/631/1157 1743/634/1161 1744/635/1162
f 1728/625/1151 1727/632/1158 1736/636/1163 1737/637/1164
f 1817/638/1126 1735/624/1150 1744/635/1162
f 1729/626/1152 1728/625/1151 1737/637/1164 1738/639/1165
f 1730/627/1153 1729/626/1152 1738/639/1165 1739/640/1166
f 1731/628/1154 1730/627/1153 1739/640/1166 1740/641/1167
f 1732/629/1155 1731/628/1154 1740/641/1167 1741/4/1159
f 1739/640/1166 1738/639/1165 1747/642/1168 1748/643/1169
f 1740/641/1167 1739/640/1166 1748/643/1169 1749/644/1170
f 1741/4/1159 1740/641/1167 1749/644/1170 1750/645/1171
f 1742/633/1160 1741/4/1159 1750/645/1171 1751/646/1172
f 1743/634/1161 1742/633/1160 1751/646/1172 1752/647/1173
f 1744/635/1162 1743/634/1161 1752/647/1173 1753/648/1174
f 1737/637/1164 1736/636/1163 1745/649/1175 1746/650/1176
f 1817/651/1126 1744/635/1162 1753/648/1174
f 1738/639/1165 1737/637/1164 1746/650/1176 1747/642/1168
f 1752/647/1173 1751/646/1172 1760/652/1177 1761/653/1178
f 1753/648/1174 1752/647/1173 1761/653/1178 1762/654/1179
f 1746/650/1176 1745/649/1175 1754/655/1180 1755/656/1181
f 1817/657/1126 1753/648/1174 1762/654/1179
f 1747/642/1168 1746/650/1176 1755/656/1181 1756/658/1182
f 1748/643/1169 1747/642/1168 1756/658/1182 1757/659/1183
f 1749/644/1170 1748/643/1169 1757/659/1183 1758/660/1184
f 1750/645/1171 1749/644/1170 1758/660/1184 1759/661/1185
f 1751/646/1172 1750/645/1171 1759/661/1185 1760/652/1177
f 1757/659/1183 1756/658/1182 1765/662/1186 1766/663/1187
f 1758/660/1184 1757/659/1183 1766/663/1187 1767/664/1188
f 1759/661/1185 1758/660/1184 1767/664/1188 1768/665/1189
f 1760/652/1177 1759/661/1185 1768/665/1189 1769/666/1190
f 1761/653/1178 1760/652/1177 1769/666/1190 1770/667/1191
f 1762/654/1179 1761/653/1178 1770/667/1191 1771/668/1192
f 1755/656/1181 1754/655/1180 1763/669/1193 1764/670/1194
f 1817/671/1126 1762/654/1179 1771/668/1192
f 1756/658/1182 1755/656/1181 1764/670/1194 1765/662/1186
f 1770/667/1191 1769/666/1190 1778/265/1195 1779/269/1196
f 1771/668/1192 1770/667/1191 1779/269/1196 1780/273/1197
f 1764/670/1194 1763/669/1193 1772/271/1198 1773/275/18
f 1817/672/1126 1771/668/1192 1780/273/1197
f 1765/662/1186 1764/670/1194 1773/275/18 1774/250/1199
f 1766/663/1187 1765/662/1186 1774/250/1199 1775/249/1200
f 1767/664/1188 1766/663/1187 1775/249/1200 1776/257/1201
f 1768/665/1189 1767/664/1188 1776/257/1201 1777/261/1202
f 1769/666/1190 1768/665/1189 1777/261/1202 1778/265/1195
f 1776/257/1201 1775/249/1200 1784/252/1203 1785/258/1204
f 1777/261/1202 1776/257/1201 1785/258/1204 1786/262/1205
f 1778/265/1195 1777/261/1202 1786/262/1205 1787/266/1206
f 1779/269/1196 1778/265/1195 1787/266/1206 1788/270/1207
f 1780/273/1197 1779/269/1196 1788/270/1207 1789/274/1208
f 1773/275/18 1772/271/1198 1781/272/1209 1782/276/1210
f 1817/280/1126 1780/273/1197 1789/274/1208
f 1774/250/1199 1773/275/18 1782/276/1210 1783/251/1211
f 1775/249/1200 1774/250/1199 1783/251/1211 1784/252/1203
f 1789/274/1208 1788/270/1207 1797/282/1212 1798/285/1213
f 1782/276/1210 1781/272/1209 1790/284/1214 1791/286/1215
f 1817/289/1126 1789/274/1208 1798/285/1213
f 1783/251/1211 1782/276/1210 1791/286/1215 1792/290/1216
f 1784/252/1203 1783/251/1211 1792/290/1216 1793/292/1217
f 1785/258/1204 1784/252/1203 1793/292/1217 1794/294/1218
f 1786/262/1205 1785/258/1204 1794/294/1218 1795/296/1219
f 1787/266/1206 1786/262/1205 1795/296/1219 1796/281/1220
f 1788/270/1207 1787/266/1206 1796/281/1220 1797/282/1212
f 1794/294/1218 1793/292/1217 1802/298/1221 1803/299/1222
f 1795/296/1219 1794/294/1218 1803/299/1222 1804/302/1223
f 1796/281/1220 1795/296/1219 1804/302/1223 1805/304/1224
f 1797/282/1212 1796/281/1220 1805/304/1224 1806/306/1225
f 1798/285/1213 1797/282/1212 1806/306/1225 1807/308/1226
f 1791/286/1215 1790/284/1214 1799/307/1227 1800/309/1228
f 1817/312/1126 1798/285/1213 1807/308/1226
f 1792/290/1216 1791/286/1215 1800/309/1228 1801/313/1229
f 1793/292/1217 1792/290/1216 1801/313/1229 1802/298/1221
f 1807/308/1226 1806/306/1225 1815/315/1230 1816/316/1231
f 1800/309/1228 1799/307/1227 1808/317/1232 1809/318/1233
f 1817/321/1126 1807/308/1226 1816/316/1231
f 1801/313/1229 1800/309/1228 1809/318/1233 1810/322/1234
f 1802/298/1221 1801/313/1229 1810/322/1234 1811/324/1235
f 1803/299/1222 1802/298/1221 1811/324/1235 1812/326/1236
f 1804/302/1223 1803/299/1222 1812/326/1236 1813/328/1237
f 1805/304/1224 1804/302/1223 1813/328/1237 1814/330/1238
f 1806/306/1225 1805/304/1224 1814/330/1238 1815/315/1230
f 1815/315/1230 1814/330/1238 1824/337/1239 1825/339/1240
f 1816/316/1231 1815/315/1230 1825/339/1240 1826/341/1241
f 1809/318/1233 1808/317/1232 1818/340/1242 1819/342/1243
f 1817/345/1126 1816/316/1231 1826/341/1241
f 1810/322/1234 1809/318/1233 1819/342/1243 1820/346/1244
f 1811/324/1235 1810/322/1234 1820/346/1244 1821/348/1245
f 1812/326/1236 1811/324/1235 1821/348/1245 1822/334/1246
f 1813/328/1237 1812/326/1236 1822/334/1246 1823/335/1247
f 1814/330/1238 1813/328/1237 1823/335/1247 1824/337/1239
f 1822/334/1246 1821/348/1245 1830/357/1248 1831/359/1249
f 1823/335/1247 1822/334/1246 1831/359/1249 1832/361/1250
f 1824/337/1239 1823/335/1247 1832/361/1250 1833/363/1251
f 1825/339/1240 1824/337/1239 1833/363/1251 1834/365/1252
f 1826/341/1241 1825/339/1240 1834/365/1252 1835/354/1253
f 1819/342/1243 1818/340/1242 1827/349/1254 1828/350/1255
f 1817/353/1126 1826/341/1241 1835/354/1253
f 1820/346/1244 1819/342/1243 1828/350/1255 1829/355/1256
f 1821/348/1245 1820/346/1244 1829/355/1256 1830/357/1248
f 1835/354/1253 1834/365/1252 1843/372/1257 1844/374/1258
f 1828/350/1255 1827/349/1254 1836/373/1259 1837/375/1260
f 1817/378/1126 1835/354/1253 1844/374/1258
f 1829/355/1256 1828/350/1255 1837/375/1260 1838/379/1261
f 1830/357/1248 1829/355/1256 1838/379/1261 1839/381/1262
f 1831/359/1249 1830/357/1248 1839/381/1262 1840/366/1263
f 1832/361/1250 1831/359/1249 1840/366/1263 1841/367/1264
f 1833/363/1251 1832/361/1250 1841/367/1264 1842/370/1265
f 1834/365/1252 1833/363/1251 1842/370/1265 1843/372/1257
f 1840/366/1263 1839/381/1262 1848/389/1266 1849/391/1267
f 1841/367/1264 1840/366/1263 1849/391/1267 1850/393/1268
f 1842/370/1265 1841/367/1264 1850/393/1268 1851/395/1269
f 1843/372/1257 1842/370/1265 1851/395/1269 1852/397/1270
f 1844/374/1258 1843/372/1257 1852/397/1270 1853/386/1271
f 1837/375/1260 1836/373/1259 1845/398/1272 1846/104/1273
f 1817/385/1126 1844/374/1258 1853/386/1271
f 1838/379/1261 1837/375/1260 1846/104/1273 1847/387/1274
f 1839/381/1262 1838/379/1261 1847/387/1274 1848/389/1266
f 1956/373/1275 1836/373/1276 1845/398/1277 1955/398/1278
f 1957/673/1279 1827/349/1280 1836/373/1276 1956/373/1275
f 1958/340/1281 1818/340/1282 1827/349/1280 1957/673/1279
f 1959/317/1283 1808/317/1284 1818/340/1282 1958/340/1281
f 1960/307/1285 1799/307/1286 1808/317/1284 1959/317/1283
f 1961/674/1287 1790/284/1288 1799/307/1286 1960/307/1285
f 1962/675/1289 1781/272/1290 1790/284/1288 1961/674/1287
f 1963/676/1291 1772/271/1291 1781/272/1290 1962/675/1289
f 1964/669/1292 1763/669/1293 1772/271/1291 1963/676/1291
f 1965/655/1294 1754/655/1295 1763/669/1293 1964/669/1292
f 1966/677/1296 1745/649/1297 1754/655/1295 1965/655/1294
f 1967/636/1298 1736/636/1299 1745/649/1297 1966/677/1296
f 1968/678/1300 1727/632/1301 1736/636/1299 1967/636/1298
f 1969/679/1302 1718/618/1303 1727/632/1301 1968/678/1300
f 1970/596/1304 1709/596/1305 1718/618/1303 1969/679/1302
f 1971/595/1306 1700/595/1307 1709/596/1305 1970/596/1304
f 1546/595/970 1902/595/1308 1899/680/1309 1555/596/971
f 1902/595/1308 1903/595/1310 1900/681/1311 1899/680/1309
f 1903/595/1310 1904/595/1312 1901/596/1313 1900/681/1311
f 1555/596/971 1899/680/1309 1896/618/1314 1564/618/993
f 1899/680/1309 1900/681/1311 1897/618/1315 1896/618/1314
f 1900/681/1311 1901/596/1313 1898/618/1316 1897/618/1315
f 1564/618/993 1896/618/1314 1893/682/1317 1573/632/1005
f 1896/618/1314 1897/618/1315 1894/682/1318 1893/682/1317
f 1897/618/1315 1898/618/1316 1895/682/1319 1894/682/1318
f 1573/632/1005 1893/682/1317 1890/683/1320 1582/636/1010
f 1893/682/1317 1894/682/1318 1891/636/1321 1890/683/1320
f 1894/682/1318 1895/682/1319 1892/684/1322 1891/636/1321
f 1582/636/1010 1890/683/1320 1887/649/1323 1591/649/1022
f 1890/683/1320 1891/636/1321 1888/649/1324 1887/649/1323
f 1891/636/1321 1892/684/1322 1889/677/1325 1888/649/1324
f 1591/649/1022 1887/649/1323 1884/655/1326 1600/655/1027
f 1887/649/1323 1888/649/1324 1885/655/1327 1884/655/1326
f 1888/649/1324 1889/677/1325 1886/655/1328 1885/655/1327
f 1600/655/1027 1884/655/1326 1881/669/1329 1609/669/1040
f 1884/655/1326 1885/655/1327 1882/669/1330 1881/669/1329
f 1885/655/1327 1886/655/1328 1883/685/1331 1882/669/1330
f 1609/669/1040 1881/669/1329 1878/686/1332 1618/271/1045
f 1881/669/1329 1882/669/1330 1879/687/1333 1878/686/1332
f 1882/669/1330 1883/685/1331 1880/271/1334 1879/687/1333
f 1618/271/1045 1878/686/1332 1875/272/1335 1627/272/1056
f 1878/686/1332 1879/687/1333 1876/688/1336 1875/272/1335
f 1879/687/1333 1880/271/1334 1877/272/1337 1876/688/1336
f 1627/272/1056 1875/272/1335 1872/674/1338 1636/284/1061
f 1875/272/1335 1876/688/1336 1873/284/1339 1872/674/1338
f 1876/688/1336 1877/272/1337 1874/284/1340 1873/284/1339
f 1636/284/1061 1872/674/1338 1869/689/1341 1645/307/1074
f 1872/674/1338 1873/284/1339 1870/690/1342 1869/689/1341
f 1873/284/1339 1874/284/1340 1871/307/1343 1870/690/1342
f 1645/307/1074 1869/689/1341 1866/317/1344 1654/317/1079
f 1869/689/1341 1870/690/1342 1867/691/1345 1866/317/1344
f 1870/690/1342 1871/307/1343 1868/692/1346 1867/691/1345
f 1654/317/1079 1866/317/1344 1863/340/1347 1664/340/1089
f 1866/317/1344 1867/691/1345 1864/693/1348 1863/340/1347
f 1867/691/1345 1868/692/1346 1865/694/1349 1864/693/1348
f 1664/340/1089 1863/340/1347 1860/349/1350 1673/349/1101
f 1863/340/1347 1864/693/1348 1861/349/1351 1860/349/1350
f 1864/693/1348 1865/694/1349 1862/695/1352 1861/349/1351
f 1673/349/1101 1860/349/1350 1857/373/1353 1682/373/1106
f 1860/349/1350 1861/349/1351 1858/696/1354 1857/373/1353
f 1861/349/1351 1862/695/1352 1859/697/1355 1858/696/1354
f 1682/373/1106 1857/373/1353 1854/398/1356 1691/398/1119
f 1857/373/1353 1858/696/1354 1855/398/1357 1854/398/1356
f 1858/696/1354 1859/697/1355 1856/398/1358 1855/398/1357
f 1700/595/1123 1701/594/1122 1846/104/1273 1845/398/1272
f 1701/594/1122 1702/601/1129 1847/387/1274 1846/104/1273
f 1702/601/1129 1703/603/1131 1848/389/1266 1847/387/1274
f 1703/603/1131 1704/605/1133 1849/391/1267 1848/389/1266
f 1704/605/1133 1705/607/1135 1850/393/1268 1849/391/1267
f 1705/607/1135 1706/609/1137 1851/395/1269 1850/393/1268
f 1706/609/1137 1707/611/1139 1708/599/1127 1817/385/1126 1853/386/1271 1852/397/1270 1851/395/1269
f 1955/398/1278 1971/595/1306 1904/595/1312 1856/398/1358
f 1930/397/1359 1931/395/1360 1921/395/1360 1922/397/1359
f 1932/605/1361 1933/607/1362 1910/607/1362 1909/605/1361
f 1934/398/1363 1935/398/1364 1924/398/1365 1915/398/1366
f 1936/595/1367 1937/595/1368 1928/595/1369 1929/595/1370
f 1938/386/1371 1930/397/1359 1922/397/1359 1923/386/1371
f 1939/104/1 1934/398/1363 1915/398/1366 1916/104/1
f 1933/607/1362 1940/698/1372 1911/609/1372 1910/607/1362
f 1935/398/1364 1941/398/1373 1925/398/1374 1924/398/1365
f 1942/387/1375 1939/104/1 1916/104/1 1917/387/1375
f 1940/698/1372 1943/611/1376 1912/611/1376 1911/609/1372
f 1941/398/1373 1944/398/1377 1926/398/1378 1925/398/1374
f 1945/389/1379 1942/387/1375 1917/387/1375 1918/389/1379
f 1943/611/1376 1946/599/1380 1913/599/1380 1912/611/1376
f 1946/599/1380 1947/598/2 1914/598/2 1913/599/1380
f 1947/385/2 1938/386/1371 1923/386/1371 1914/385/2
f 1948/595/1381 1949/594/33 1906/594/33 1905/595/1382
f 1950/391/1383 1945/389/1379 1918/389/1379 1919/391/1383
f 1949/594/33 1951/601/1384 1907/601/1384 1906/594/33
f 1944/398/1377 1936/595/1367 1929/595/1370 1926/398/1378
f 1952/393/1385 1950/391/1383 1919/391/1383 1920/393/1385
f 1951/601/1384 1953/603/1386 1908/603/1386 1907/601/1384
f 1954/595/1387 1948/595/1381 1905/595/1382 1927/595/1388
f 1931/395/1360 1952/393/1385 1920/393/1385 1921/395/1360
f 1953/603/1386 1932/605/1361 1909/605/1361 1908/603/1386
f 1937/595/1368 1954/595/1387 1927/595/1388 1928/595/1369
f 1903/595/1310 1902/595/1308 1954/595/1387 1937/595/1368
f 1549/603/978 1550/605/980 1932/605/1361 1953/603/1386
f 1697/395/1116 1696/393/1115 1952/393/1385 1931/395/1360
f 1902/595/1308 1546/595/970 1948/595/1381 1954/595/1387
f 1548/601/976 1549/603/978 1953/603/1386 1951/601/1384
f 1696/393/1115 1695/391/1114 1950/391/1383 1952/393/1385
f 1856/398/1358 1904/595/1312 1936/595/1367 1944/398/1377
f 1547/594/969 1548/601/976 1951/601/1384 1949/594/33
f 1695/391/1114 1694/389/1113 1945/389/1379 1950/391/1383
f 1546/595/970 1547/594/969 1949/594/33 1948/595/1381
f 1663/385/973 1699/386/1118 1938/386/1371 1947/385/2
f 1554/599/974 1663/598/973 1947/598/2 1946/599/1380
f 1553/611/986 1554/599/974 1946/599/1380 1943/611/1376
f 1694/389/1113 1693/387/1121 1942/387/1375 1945/389/1379
f 1855/398/1357 1856/398/1358 1944/398/1377 1941/398/1373
f 1552/609/984 1553/611/986 1943/611/1376 1940/698/1372
f 1693/387/1121 1692/104/1120 1939/104/1 1942/387/1375
f 1854/398/1356 1855/398/1357 1941/398/1373 1935/398/1364
f 1551/607/982 1552/609/984 1940/698/1372 1933/607/1362
f 1692/104/1120 1691/398/1119 1934/398/1363 1939/104/1
f 1699/386/1118 1698/397/1117 1930/397/1359 1938/386/1371
f 1904/595/1312 1903/595/1310 1937/595/1368 1936/595/1367
f 1691/398/1119 1854/398/1356 1935/398/1364 1934/398/1363
f 1550/605/980 1551/607/982 1933/607/1362 1932/605/1361
f 1698/397/1117 1697/395/1116 1931/395/1360 1930/397/1359
f 1845/398/1277 1700/595/1307 1971/595/1306 1955/398/1278
f 1904/595/1312 1971/595/1306 1970/596/1304 1901/596/1313
f 1901/596/1313 1970/596/1304 1969/679/1302 1898/618/1316
f 1898/618/1316 1969/679/1302 1968/678/1300 1895/682/1319
f 1895/682/1319 1968/678/1300 1967/636/1298 1892/684/1322
f 1892/684/1322 1967/636/1298 1966/677/1296 1889/677/1325
f 1889/677/1325 1966/677/1296 1965/655/1294 1886/655/1328
f 1886/655/1328 1965/655/1294 1964/669/1292 1883/685/1331
f 1883/685/1331 1964/669/1292 1963/676/1291 1880/271/1334
f 1880/271/1334 1963/676/1291 1962/675/1289 1877/272/1337
f 1877/272/1337 1962/675/1289 1961/674/1287 1874/284/1340
f 1874/284/1340 1961/674/1287 1960/307/1285 1871/307/1343
f 1871/307/1343 1960/307/1285 1959/317/1283 1868/692/1346
f 1868/692/1346 1959/317/1283 1958/340/1281 1865/694/1349
f 1865/694/1349 1958/340/1281 1957/673/1279 1862/695/1352
f 1862/695/1352 1957/673/1279 1956/373/1275 1859/697/1355
f 1859/697/1355 1956/373/1275 1955/398/1278 1856/398/1358
f 1972/10/1389 1973/11/1390 1975/12/1391 1974/13/1392
f 1974/13/1392 1975/12/1391 1977/14/1393 1976/15/1394
f 1976/15/1394 1977/14/1393 1979/16/1395 1978/17/1396
f 1978/17/1396 1979/16/1395 1981/18/1397 1980/19/1398
f 1980/19/1398 1981/18/1397 1983/20/1399 1982/21/1400
f 1982/21/1400 1983/20/1399 1985/22/1401 1984/23/1402
f 1984/23/1402 1985/22/1401 1987/24/1403 1986/25/1404
f 1986/25/1404 1987/24/1403 1989/26/1405 1988/27/1406
f 1988/27/1406 1989/26/1405 1991/28/1407 1990/29/1408
f 1990/29/1408 1991/28/1407 1993/30/1409 1992/31/1410
f 1992/31/1410 1993/30/1409 1995/32/1411 1994/33/1412
f 1994/33/1412 1995/32/1411 1997/34/1413 1996/9/1414
f 1996/9/1414 1997/34/1413 1999/35/1415 1998/36/1416
f 1998/36/1416 1999/35/1415 2001/37/1417 2000/38/1418
f 2000/38/1418 2001/37/1417 2003/39/1419 2002/40/1420
f 2002/40/1420 2003/39/1419 2005/41/1421 2004/42/1422
f 2004/42/1422 2005/41/1421 2007/43/1423 2006/44/1424
f 2006/44/1424 2007/43/1423 2009/45/1425 2008/46/1426
f 2008/46/1426 2009/45/1425 2011/47/1427 2010/48/1428
f 2010/48/1428 2011/47/1427 2013/49/1429 2012/6/1430
f 2012/6/1430 2013/49/1429 2015/50/1431 2014/51/1432
f 2014/51/1432 2015/50/1431 2017/52/1433 2016/53/1434
f 2016/53/1434 2017/52/1433 2019/54/1435 2018/55/1436
f 2018/55/1436 2019/54/1435 2021/56/1437 2020/57/1438
f 2020/57/1438 2021/56/1437 2023/58/1439 2022/59/1440
f 2022/59/1440 2023/58/1439 2025/60/1441 2024/61/1442
f 2024/61/1442 2025/60/1441 2027/62/1443 2026/63/1444
f 2026/63/1444 2027/62/1443 2029/64/1445 2028/5/1446
f 2028/5/1446 2029/64/1445 2031/65/1447 2030/66/1448
f 2030/66/1448 2031/65/1447 2033/67/1449 2032/68/1450
f 1975/699/1391 1973/700/1390 2035/701/1451 2033/702/1449 2031/703/1447 2029/704/1445 2027/705/1443 2025/706/1441 2023/707/1439 2021/708/1437 2019/162/1435 2017/709/1433 2015/710/1431 2013/165/1429 2011/83/1427 2009/711/1425 2007/712/1423 2005/713/1421 2003/714/1419 2001/715/1417 1999/89/1415 1997/716/1413 1995/717/1411 1993/718/1409 1991/176/1407 1989/719/1405 1987/720/1403 1985/721/1401 1983/722/1399 1981/723/1397 1979/724/1395 1977/725/1393
f 2032/68/1450 2033/67/1449 2035/101/1451 2034/102/1452
f 2034/102/1452 2035/101/1451 1973/103/1390 1972/104/1389
f 1972/726/1389 1974/727/1392 1976/728/1394 1978/729/1396 1980/730/1398 1982/731/1400 1984/732/1402 1986/733/1404 1988/734/1406 1990/193/1408 1992/735/1410 1994/736/1412 1996/737/1414 1998/118/1416 2000/738/1418 2002/739/1420 2004/740/1422 2006/741/1424 2008/742/1426 2010/124/1428 2012/204/1430 2014/743/1432 2016/744/1434 2018/207/1436 2020/745/1438 2022/746/1440 2024/747/1442 2026/748/1444 2028/749/1446 2030/750/1448 2032/751/1450 2034/752/1452
s 0
usemtl pipe
f 135/105/18 133/106/18 131/107/18 129/108/18 127/109/18 125/110/18 123/111/18 121/112/18 119/113/18 117/114/18 115/115/18 113/116/18 111/117/18 109/118/18 107/119/18 105/120/18 103/121/18 101/122/18 99/123/18 97/124/18 95/125/18 93/126/18 91/127/18 89/128/18 87/129/18 85/130/18 83/131/18 81/132/18 79/133/18 77/134/18 75/135/18 73/136/18
s 1
f 73/102/35 72/101/35 134/103/33 135/104/33
f 75/68/36 74/67/36 72/101/35 73/102/35
s 0
f 132/69/3 134/70/3 72/71/3 74/72/3 76/73/3 78/74/3 80/75/3 82/76/3 84/77/3 86/78/3 88/79/3 90/80/3 92/81/3 94/82/3 96/83/3 98/84/3 100/85/3 102/86/3 104/87/3 106/88/3 108/89/3 110/90/3 112/91/3 114/92/3 116/93/3 118/94/3 120/95/3 122/96/3 124/97/3 126/98/3 128/99/3 130/100/3
s 1
f 77/66/37 76/65/37 74/67/36 75/68/36
f 79/5/38 78/64/38 76/65/37 77/66/37
f 81/63/39 80/62/39 78/64/38 79/5/38
f 83/61/40 82/60/40 80/62/39 81/63/39
f 85/59/41 84/58/41 82/60/40 83/61/40
f 87/57/2 86/56/2 84/58/41 85/59/41
f 89/55/42 88/54/42 86/56/2 87/57/2
f 91/53/43 90/52/43 88/54/42 89/55/42
f 93/51/44 92/50/44 90/52/43 91/53/43
f 95/6/45 94/49/45 92/50/44 93/51/44
f 97/48/46 96/47/46 94/49/45 95/6/45
f 99/46/47 98/45/47 96/47/46 97/48/46
f 101/44/48 100/43/48 98/45/47 99/46/47
f 103/42/1 102/41/1 100/43/48 101/44/48
f 105/40/49 104/39/49 102/41/1 103/42/1
f 107/38/50 106/37/50 104/39/49 105/40/49
f 109/36/51 108/35/51 106/37/50 107/38/50
f 111/9/52 110/34/52 108/35/51 109/36/51
f 113/33/53 112/32/53 110/34/52 111/9/52
f 115/31/54 114/30/54 112/32/53 113/33/53
f 117/29/55 116/28/55 114/30/54 115/31/54
f 119/27/26 118/26/26 116/28/55 117/29/55
f 121/25/56 120/24/56 118/26/26 119/27/26
f 123/23/57 122/22/57 120/24/56 121/25/56
f 125/21/58 124/20/58 122/22/57 123/23/57
f 127/19/59 126/18/59 124/20/58 125/21/58
f 129/17/60 128/16/60 126/18/59 127/19/59
f 131/15/61 130/14/61 128/16/60 129/17/60
f 133/13/62 132/12/62 130/14/61 131/15/61
f 135/10/33 134/11/33 132/12/62 133/13/62
f 136/10/18 137/11/18 139/12/19 138/13/19
f 138/13/19 139/12/19 141/14/20 140/15/20
f 140/15/20 141/14/20 143/16/21 142/17/21
f 142/17/21 143/16/21 145/18/22 144/19/22
f 144/19/22 145/18/22 147/20/23 146/21/23
f 146/21/23 147/20/23 149/22/24 148/23/24
f 148/23/24 149/22/24 151/24/25 150/25/25
f 150/25/25 151/24/25 153/26/26 152/27/26
f 152/27/26 153/26/26 155/28/27 154/29/27
f 154/29/27 155/28/27 157/30/28 156/31/28
f 156/31/28 157/30/28 159/32/29 158/33/29
f 158/33/29 159/32/29 161/34/30 160/9/30
f 160/9/30 161/34/30 163/35/31 162/36/31
f 162/36/31 163/35/31 165/37/32 164/38/32
f 164/38/32 165/37/32 167/39/34 166/40/34
f 166/40/34 167/39/34 169/41/3 168/42/3
f 168/42/3 169/41/3 171/43/4 170/44/4
f 170/44/4 171/43/4 173/45/5 172/46/5
f 172/46/5 173/45/5 175/47/6 174/48/6
f 174/48/6 175/47/6 177/49/7 176/6/7
f 176/6/7 177/49/7 179/50/8 178/51/8
f 178/51/8 179/50/8 181/52/9 180/53/9
f 180/53/9 181/52/9 183/54/10 182/55/10
f 182/55/10 183/54/10 185/56/2 184/57/2
f 184/57/2 185/56/2 187/58/11 186/59/11
f 186/59/11 187/58/11 189/60/12 188/61/12
f 188/61/12 189/60/12 191/62/13 190/63/13
f 190/63/13 191/62/13 193/64/14 192/5/14
f 192/5/14 193/64/14 195/65/15 194/66/15
f 194/66/15 195/65/15 197/67/16 196/68/16
s 0
f 139/69/33 137/70/33 199/71/33 197/72/33 195/73/33 193/74/33 191/75/33 189/76/33 187/77/33 185/78/33 183/79/33 181/80/33 179/81/33 177/82/33 175/83/33 173/84/33 171/85/33 169/86/33 167/87/33 165/88/33 163/89/33 161/90/33 159/91/33 157/92/33 155/93/33 153/94/33 151/95/33 149/96/33 147/97/33 145/98/33 143/99/33 141/100/33
s 1
f 196/68/16 197/67/16 199/101/17 198/102/17
f 198/102/17 199/101/17 137/103/18 136/104/18
s 0
f 136/105/1 138/106/1 140/107/1 142/108/1 144/109/1 146/110/1 148/111/1 150/112/1 152/113/1 154/114/1 156/115/1 158/116/1 160/117/1 162/118/1 164/119/1 166/120/1 168/121/1 170/122/1 172/123/1 174/124/1 176/125/1 178/126/1 180/127/1 182/128/1 184/129/1 186/130/1 188/131/1 190/132/1 192/133/1 194/134/1 196/135/1 198/136/1
f 263/105/18 261/106/18 259/107/18 257/108/18 255/109/18 253/110/18 251/111/18 249/112/18 247/113/18 245/114/18 243/115/18 241/116/18 239/117/18 237/118/18 235/119/18 233/120/18 231/121/18 229/122/18 227/123/18 225/124/18 223/125/18 221/126/18 219/127/18 217/128/18 215/129/18 213/130/18 211/131/18 209/132/18 207/133/18 205/134/18 203/135/18 201/136/18
s 1
f 201/102/35 200/101/35 262/103/33 263/104/33
f 203/68/36 202/67/36 200/101/35 201/102/35
s 0
f 260/69/3 262/70/3 200/71/3 202/72/3 204/73/3 206/74/3 208/75/3 210/76/3 212/77/3 214/78/3 216/79/3 218/80/3 220/81/3 222/82/3 224/83/3 226/84/3 228/85/3 230/86/3 232/87/3 234/88/3 236/89/3 238/90/3 240/91/3 242/92/3 244/93/3 246/94/3 248/95/3 250/96/3 252/97/3 254/98/3 256/99/3 258/100/3
s 1
f 205/66/37 204/65/37 202/67/36 203/68/36
f 207/5/38 206/64/38 204/65/37 205/66/37
f 209/63/39 208/62/39 206/64/38 207/5/38
f 211/61/40 210/60/40 208/62/39 209/63/39
f 213/59/41 212/58/41 210/60/40 211/61/40
f 215/57/2 214/56/2 212/58/41 213/59/41
f 217/55/42 216/54/42 214/56/2 215/57/2
f 219/53/43 218/52/43 216/54/42 217/55/42
f 221/51/44 220/50/44 218/52/43 219/53/43
f 223/6/45 222/49/45 220/50/44 221/51/44
f 225/48/46 224/47/46 222/49/45 223/6/45
f 227/46/47 226/45/47 224/47/46 225/48/46
f 229/44/48 228/43/48 226/45/47 227/46/47
f 231/42/1 230/41/1 228/43/48 229/44/48
f 233/40/49 232/39/49 230/41/1 231/42/1
f 235/38/50 234/37/50 232/39/49 233/40/49
f 237/36/51 236/35/51 234/37/50 235/38/50
f 239/9/52 238/34/52 236/35/51 237/36/51
f 241/33/53 240/32/53 238/34/52 239/9/52
f 243/31/54 242/30/54 240/32/53 241/33/53
f 245/29/55 244/28/55 242/30/54 243/31/54
f 247/27/26 246/26/26 244/28/55 245/29/55
f 249/25/56 248/24/56 246/26/26 247/27/26
f 251/23/57 250/22/57 248/24/56 249/25/56
f 253/21/58 252/20/58 250/22/57 251/23/57
f 255/19/59 254/18/59 252/20/58 253/21/58
f 257/17/60 256/16/60 254/18/59 255/19/59
f 259/15/61 258/14/61 256/16/60 257/17/60
f 261/13/62 260/12/62 258/14/61 259/15/61
f 263/10/33 262/11/33 260/12/62 261/13/62
s 0
f 327/105/2 325/106/2 323/107/2 321/108/2 319/109/2 317/110/2 315/111/2 313/112/2 311/113/2 309/114/2 307/115/2 305/116/2 303/117/2 301/118/2 299/119/2 297/120/2 295/121/2 293/122/2 291/123/2 289/124/2 287/125/2 285/126/2 283/127/2 281/128/2 279/129/2 277/130/2 275/131/2 273/132/2 271/133/2 269/134/2 267/135/2 265/136/2
s 1
f 265/102/63 264/101/63 326/103/33 327/104/33
f 267/68/64 266/67/64 264/101/63 265/102/63
s 0
f 324/69/26 326/70/26 264/71/26 266/72/26 268/73/26 270/74/26 272/75/26 274/76/26 276/77/26 278/78/26 280/79/26 282/80/26 284/81/26 286/82/26 288/83/26 290/84/26 292/85/26 294/86/26 296/87/26 298/88/26 300/89/26 302/90/26 304/91/26 306/92/26 308/93/26 310/94/26 312/95/26 314/96/26 316/97/26 318/98/26 320/99/26 322/100/26
s 1
f 269/66/65 268/65/65 266/67/64 267/68/64
f 271/5/66 270/64/66 268/65/65 269/66/65
f 273/63/67 272/62/67 270/64/66 271/5/66
f 275/61/68 274/60/68 272/62/67 273/63/67
f 277/59/69 276/58/69 274/60/68 275/61/68
f 279/57/3 278/56/3 276/58/69 277/59/69
f 281/55/70 280/54/70 278/56/3 279/57/3
f 283/53/71 282/52/71 280/54/70 281/55/70
f 285/51/72 284/50/72 282/52/71 283/53/71
f 287/6/73 286/49/73 284/50/72 285/51/72
f 289/48/74 288/47/74 286/49/73 287/6/73
f 291/46/75 290/45/75 288/47/74 289/48/74
f 293/44/76 292/43/76 290/45/75 291/46/75
f 295/42/1 294/41/1 292/43/76 293/44/76
f 297/40/77 296/39/77 294/41/1 295/42/1
f 299/38/78 298/37/78 296/39/77 297/40/77
f 301/36/79 300/35/79 298/37/78 299/38/78
f 303/9/80 302/34/80 300/35/79 301/36/79
f 305/33/81 304/32/81 302/34/80 303/9/80
f 307/31/82 306/30/82 304/32/81 305/33/81
f 309/29/83 308/28/83 306/30/82 307/31/82
f 311/27/18 310/26/18 308/28/83 309/29/83
f 313/25/84 312/24/84 310/26/18 311/27/18
f 315/23/85 314/22/85 312/24/84 313/25/84
f 317/21/86 316/20/86 314/22/85 315/23/85
f 319/19/87 318/18/87 316/20/86 317/21/86
f 321/17/88 320/16/88 318/18/87 319/19/87
f 323/15/89 322/14/89 320/16/88 321/17/88
f 325/13/90 324/12/90 322/14/89 323/15/89
f 327/10/33 326/11/33 324/12/90 325/13/90
f 214/78/91 277/130/92 275/131/93 212/77/94
f 273/137/95 210/137/95 212/137/94 275/137/93
f 271/137/96 208/137/97 210/137/95 273/137/95
f 269/137/98 206/137/99 208/137/97 271/137/96
f 267/137/100 204/137/101 206/137/99 269/137/98
f 265/137/102 202/137/103 204/137/101 267/137/100
f 277/137/92 214/137/91 216/137/104 279/137/104
f 279/137/104 216/137/104 218/137/105 281/137/106
f 281/137/106 218/137/105 220/137/107 283/137/108
f 283/137/108 220/137/107 222/137/109 285/137/110
f 285/137/110 222/137/109 224/137/111 287/137/112
f 287/137/112 224/137/111 226/137/113 289/137/114
f 289/137/114 226/137/113 228/137/115 291/137/116
f 291/137/116 228/137/115 230/137/117 293/137/118
f 293/137/118 230/137/117 232/137/119 295/137/120
f 295/137/120 232/137/119 234/137/121 297/137/122
f 297/137/122 234/137/121 236/137/123 299/137/124
f 299/137/124 236/137/123 238/137/125 301/137/126
f 301/137/126 238/137/125 240/137/127 303/137/128
f 303/137/128 240/137/127 242/137/129 305/137/129
f 327/137/130 200/137/131 202/137/103 265/137/102
f 325/137/132 262/137/133 200/137/131 327/137/130
f 323/137/134 260/137/135 262/137/133 325/137/132
f 321/137/136 258/137/137 260/137/135 323/137/134
f 319/137/138 256/137/139 258/137/137 321/137/136
f 317/137/140 254/137/141 256/137/139 319/137/138
f 315/137/142 252/137/142 254/137/141 317/137/140
s 0
f 305/137/143 242/137/143 244/137/143 246/137/143 248/137/143 250/137/143 252/137/143 315/137/143 313/137/143 311/137/143 309/137/143 307/137/143
s 1
f 335/78/144 366/130/145 365/131/146 334/77/147
f 364/137/148 333/137/148 334/137/147 365/137/146
f 363/137/149 332/137/150 333/137/148 364/137/148
f 362/137/151 331/137/152 332/137/150 363/137/149
f 361/137/153 330/137/154 331/137/152 362/137/151
f 360/137/155 329/137/156 330/137/154 361/137/153
f 366/137/145 335/137/144 336/137/157 367/137/157
f 367/137/157 336/137/157 337/137/158 368/137/159
f 368/137/159 337/137/158 338/137/160 369/137/161
f 369/137/161 338/137/160 339/137/162 370/137/163
f 370/137/163 339/137/162 340/137/164 371/137/165
f 371/137/165 340/137/164 341/137/166 372/137/167
f 372/137/167 341/137/166 342/137/168 373/137/169
f 373/137/169 342/137/168 343/137/170 374/137/171
f 374/137/171 343/137/170 344/137/172 375/137/173
f 375/137/173 344/137/172 345/137/174 376/137/175
f 376/137/175 345/137/174 346/137/176 377/137/177
f 377/137/177 346/137/176 347/137/178 378/137/179
f 378/137/179 347/137/178 348/137/180 379/137/181
f 379/137/181 348/137/180 349/137/182 380/137/182
f 391/137/183 328/137/184 329/137/156 360/137/155
f 390/137/185 359/137/186 328/137/184 391/137/183
f 389/137/187 358/137/188 359/137/186 390/137/185
f 388/137/189 357/137/190 358/137/188 389/137/187
f 387/137/191 356/137/192 357/137/190 388/137/189
f 386/137/193 355/137/194 356/137/192 387/137/191
f 385/137/195 354/137/195 355/137/194 386/137/193
s 0
f 380/137/196 349/137/196 350/137/196 351/137/196 352/137/196 353/137/196 354/137/196 385/137/196 384/137/196 383/137/196 382/137/196 381/137/196
s 1
f 393/102/197 392/101/35 454/103/33 455/104/198
f 395/68/199 394/67/36 392/101/35 393/102/197
f 397/66/200 396/65/37 394/67/36 395/68/199
f 399/5/201 398/64/38 396/65/37 397/66/200
f 401/63/202 400/62/39 398/64/38 399/5/201
f 403/61/203 402/60/40 400/62/39 401/63/202
f 405/59/204 404/58/41 402/60/40 403/61/203
f 407/57/205 406/56/2 404/58/41 405/59/204
f 409/55/206 408/54/42 406/56/2 407/57/205
f 411/53/207 410/52/43 408/54/42 409/55/206
f 413/51/208 412/50/44 410/52/43 411/53/207
f 415/6/209 414/49/45 412/50/44 413/51/208
f 417/48/210 416/47/46 414/49/45 415/6/209
f 419/46/211 418/45/47 416/47/46 417/48/210
f 421/44/212 420/43/48 418/45/47 419/46/211
f 423/42/213 422/41/1 420/43/48 421/44/212
f 425/40/214 424/39/49 422/41/1 423/42/213
f 427/38/215 426/37/50 424/39/49 425/40/214
f 429/36/216 428/35/51 426/37/50 427/38/215
f 431/9/217 430/34/52 428/35/51 429/36/216
f 433/33/218 432/32/53 430/34/52 431/9/217
f 435/31/219 434/30/54 432/32/53 433/33/218
f 437/29/220 436/28/55 434/30/54 435/31/219
f 439/27/221 438/26/26 436/28/55 437/29/220
f 441/25/222 440/24/56 438/26/26 439/27/221
f 443/23/223 442/22/57 440/24/56 441/25/222
f 445/21/224 444/20/58 442/22/57 443/23/223
f 447/19/225 446/18/59 444/20/58 445/21/224
f 449/17/226 448/16/60 446/18/59 447/19/225
f 451/15/227 450/14/61 448/16/60 449/17/226
f 453/13/228 452/12/62 450/14/61 451/15/227
f 455/10/198 454/11/33 452/12/62 453/13/228
f 393/102/197 455/10/198 453/13/228 451/15/227 449/17/226 447/19/225 445/21/224 443/23/223 441/25/222 439/27/221 437/29/220 435/31/219 433/33/218 431/9/217 429/36/216 427/38/215 425/40/214 423/42/213 421/44/212 419/46/211 417/48/210 415/6/209 413/51/208 411/53/207 409/55/206 407/57/205 405/59/204 403/61/203 401/63/202 399/5/201 397/66/200 395/68/199
f 680/10/3 681/11/3 683/12/4 682/13/4
f 682/13/4 683/12/4 685/14/5 684/15/5
f 684/15/5 685/14/5 687/16/6 686/17/6
f 686/17/6 687/16/6 689/18/7 688/19/7
f 688/19/7 689/18/7 691/20/8 690/21/8
f 690/21/8 691/20/8 693/22/9 692/23/9
f 692/23/9 693/22/9 695/24/10 694/25/10
f 694/25/10 695/24/10 697/26/2 696/27/2
f 696/27/2 697/26/2 699/28/11 698/29/11
f 698/29/11 699/28/11 701/30/12 700/31/12
f 700/31/12 701/30/12 703/32/13 702/33/13
f 702/33/13 703/32/13 705/34/14 704/9/14
f 704/9/14 705/34/14 707/35/265 706/36/265
f 706/36/265 707/35/265 709/37/16 708/38/16
f 708/38/16 709/37/16 711/39/17 710/40/17
f 710/40/17 711/39/17 713/41/18 712/42/18
f 712/42/18 713/41/18 715/43/19 714/44/19
f 714/44/19 715/43/19 717/45/20 716/46/20
f 716/46/20 717/45/20 719/47/266 718/48/266
f 718/48/266 719/47/266 721/49/22 720/6/22
f 720/6/22 721/49/22 723/50/23 722/51/23
f 722/51/23 723/50/23 725/52/24 724/53/24
f 724/53/24 725/52/24 727/54/25 726/55/25
f 726/55/25 727/54/25 729/56/26 728/57/26
f 728/57/26 729/56/26 731/58/27 730/59/27
f 730/59/27 731/58/27 733/60/28 732/61/28
f 732/61/28 733/60/28 735/62/29 734/63/29
f 734/63/29 735/62/29 737/64/30 736/5/30
f 736/5/30 737/64/30 739/65/31 738/66/31
f 738/66/31 739/65/31 741/67/32 740/68/32
s 0
f 683/152/33 681/153/33 743/154/33 741/155/33 739/156/33 737/157/33 735/158/33 733/159/33 731/160/33 729/161/33 727/162/33 725/163/33 723/164/33 721/165/33 719/166/33 717/167/33 715/168/33 713/169/33 711/170/33 709/171/33 707/172/33 705/173/33 703/174/33 701/175/33 699/176/33 697/177/33 695/178/33 693/179/33 691/180/33 689/181/33 687/182/33 685/183/33
s 1
f 740/68/32 741/67/32 743/101/34 742/102/34
f 742/102/34 743/101/34 681/103/3 680/104/3
s 0
f 680/184/1 682/185/1 684/186/1 686/187/1 688/188/1 690/189/1 692/190/1 694/191/1 696/192/1 698/193/1 700/194/1 702/195/1 704/196/1 706/197/1 708/198/1 710/199/1 712/200/1 714/201/1 716/202/1 718/203/1 720/204/1 722/205/1 724/206/1 726/207/1 728/208/1 730/209/1 732/210/1 734/211/1 736/212/1 738/213/1 740/214/1 742/215/1
s 1
f 808/216/267 745/11/268 747/12/269 809/217/270
f 809/217/270 747/12/269 749/14/271 810/218/272
f 810/218/272 749/14/271 751/16/273 811/219/274
f 811/219/274 751/16/273 753/18/275 812/220/276
f 812/220/276 753/18/275 755/20/277 813/221/278
f 813/221/278 755/20/277 757/22/279 814/222/280
f 814/222/280 757/22/279 759/24/281 815/223/282
f 815/223/282 759/24/281 761/26/283 816/224/284
f 816/224/284 761/26/283 763/28/285 817/225/286
f 817/225/286 763/28/285 765/30/287 818/226/288
f 818/226/288 765/30/287 767/32/289 819/227/290
f 819/227/290 767/32/289 769/34/291 820/228/292
f 820/228/292 769/34/291 771/35/293 821/229/294
f 821/229/294 771/35/293 773/37/295 822/230/296
f 822/230/296 773/37/295 775/39/297 823/231/298
f 823/231/298 775/39/297 777/41/299 824/232/300
f 824/232/300 777/41/299 779/43/301 825/233/302
f 825/233/302 779/43/301 781/45/303 826/234/304
f 826/234/304 781/45/303 783/47/305 827/235/306
f 827/235/306 783/47/305 785/49/307 828/236/308
f 828/236/308 785/49/307 787/50/309 829/237/310
f 829/237/310 787/50/309 789/52/311 830/238/312
f 830/238/312 789/52/311 791/54/313 831/239/314
f 831/239/314 791/54/313 793/56/315 832/240/316
f 832/240/316 793/56/315 795/58/317 833/241/318
f 833/241/318 795/58/317 797/60/319 834/242/320
f 834/242/320 797/60/319 799/62/321 835/243/322
f 835/243/322 799/62/321 801/64/323 836/244/324
f 836/244/324 801/64/323 803/65/325 837/245/326
f 837/245/326 803/65/325 805/67/327 838/246/328
s 0
f 747/152/329 745/153/329 807/154/329 805/155/329 803/156/329 801/157/329 799/158/329 797/159/329 795/160/329 793/161/329 791/162/329 789/163/329 787/164/329 785/165/329 783/166/329 781/167/329 779/168/329 777/169/329 775/170/329 773/171/329 771/172/329 769/173/329 767/174/329 765/175/329 763/176/329 761/177/329 759/178/329 757/179/329 755/180/329 753/181/329 751/182/329 749/183/329
s 1
f 838/246/328 805/67/327 807/101/330 839/247/331
f 839/247/331 807/101/330 745/103/268 808/248/267
s 0
f 744/184/332 746/185/332 748/186/332 750/187/332 752/188/332 754/189/332 756/190/332 758/191/332 760/192/332 762/193/332 764/194/332 766/195/332 768/196/332 770/197/332 772/198/332 774/199/332 776/200/332 778/201/332 780/202/332 782/203/332 784/204/332 786/205/332 788/206/332 790/207/332 792/208/332 794/209/332 796/210/332 798/211/332 800/212/332 802/213/332 804/214/332 806/215/332
s 1
f 806/102/333 839/247/331 808/248/267 744/104/3
f 804/68/334 838/246/328 839/247/331 806/102/333
f 802/66/335 837/245/326 838/246/328 804/68/334
f 800/5/336 836/244/324 837/245/326 802/66/335
f 798/63/337 835/243/322 836/244/324 800/5/336
f 796/61/338 834/242/320 835/243/322 798/63/337
f 794/59/339 833/241/318 834/242/320 796/61/338
f 792/57/340 832/240/316 833/241/318 794/59/339
f 790/55/341 831/239/314 832/240/316 792/57/340
f 788/53/342 830/238/312 831/239/314 790/55/341
f 786/51/343 829/237/310 830/238/312 788/53/342
f 784/6/344 828/236/308 829/237/310 786/51/343
f 782/48/345 827/235/306 828/236/308 784/6/344
f 780/46/346 826/234/304 827/235/306 782/48/345
f 778/44/347 825/233/302 826/234/304 780/46/346
f 776/42/18 824/232/300 825/233/302 778/44/347
f 774/40/348 823/231/298 824/232/300 776/42/18
f 772/38/349 822/230/296 823/231/298 774/40/348
f 770/36/350 821/229/294 822/230/296 772/38/349
f 768/9/351 820/228/292 821/229/294 770/36/350
f 766/33/352 819/227/290 820/228/292 768/9/351
f 764/31/353 818/226/288 819/227/290 766/33/352
f 762/29/354 817/225/286 818/226/288 764/31/353
f 760/27/355 816/224/284 817/225/286 762/29/354
f 758/25/356 815/223/282 816/224/284 760/27/355
f 756/23/357 814/222/280 815/223/282 758/25/356
f 754/21/358 813/221/278 814/222/280 756/23/357
f 752/19/359 812/220/276 813/221/278 754/21/358
f 750/17/360 811/219/274 812/220/276 752/19/359
f 748/15/361 810/218/272 811/219/274 750/17/360
f 746/13/362 809/217/270 810/218/272 748/15/361
f 744/10/3 808/216/267 809/217/270 746/13/362
usemtl steel
f 8/10/3 9/11/3 11/12/4 10/13/4
f 10/13/4 11/12/4 13/14/5 12/15/5
f 12/15/5 13/14/5 15/16/6 14/17/6
f 14/17/6 15/16/6 17/18/7 16/19/7
f 16/19/7 17/18/7 19/20/8 18/21/8
f 18/21/8 19/20/8 21/22/9 20/23/9
f 20/23/9 21/22/9 23/24/10 22/25/10
f 22/25/10 23/24/10 25/26/2 24/27/2
f 24/27/2 25/26/2 27/28/11 26/29/11
f 26/29/11 27/28/11 29/30/12 28/31/12
f 28/31/12 29/30/12 31/32/13 30/33/13
f 30/33/13 31/32/13 33/34/14 32/9/14
f 32/9/14 33/34/14 35/35/15 34/36/15
f 34/36/15 35/35/15 37/37/16 36/38/16
f 36/38/16 37/37/16 39/39/17 38/40/17
f 38/40/17 39/39/17 41/41/18 40/42/18
f 40/42/18 41/41/18 43/43/19 42/44/19
f 42/44/19 43/43/19 45/45/20 44/46/20
f 44/46/20 45/45/20 47/47/21 46/48/21
f 46/48/21 47/47/21 49/49/22 48/6/22
f 48/6/22 49/49/22 51/50/23 50/51/23
f 50/51/23 51/50/23 53/52/24 52/53/24
f 52/53/24 53/52/24 55/54/25 54/55/25
f 54/55/25 55/54/25 57/56/26 56/57/26
f 56/57/26 57/56/26 59/58/27 58/59/27
f 58/59/27 59/58/27 61/60/28 60/61/28
f 60/61/28 61/60/28 63/62/29 62/63/29
f 62/63/29 63/62/29 65/64/30 64/5/30
f 64/5/30 65/64/30 67/65/31 66/66/31
f 66/66/31 67/65/31 69/67/32 68/68/32
s 0
f 11/69/33 9/70/33 71/71/33 69/72/33 67/73/33 65/74/33 63/75/33 61/76/33 59/77/33 57/78/33 55/79/33 53/80/33 51/81/33 49/82/33 47/83/33 45/84/33 43/85/33 41/86/33 39/87/33 37/88/33 35/89/33 33/90/33 31/91/33 29/92/33 27/93/33 25/94/33 23/95/33 21/96/33 19/97/33 17/98/33 15/99/33 13/100/33
s 1
f 68/68/32 69/67/32 71/101/34 70/102/34
f 70/102/34 71/101/34 9/103/3 8/104/3
s 0
f 8/105/1 10/106/1 12/107/1 14/108/1 16/109/1 18/110/1 20/111/1 22/112/1 24/113/1 26/114/1 28/115/1 30/116/1 32/117/1 34/118/1 36/119/1 38/120/1 40/121/1 42/122/1 44/123/1 46/124/1 48/125/1 50/126/1 52/127/1 54/128/1 56/129/1 58/130/1 60/131/1 62/132/1 64/133/1 66/134/1 68/135/1 70/136/1
s 1
f 1418/10/3 1419/11/3 1421/12/879 1420/13/879
f 1420/13/879 1421/12/879 1423/14/880 1422/15/880
f 1422/15/880 1423/14/880 1425/16/881 1424/17/881
f 1424/17/881 1425/16/881 1427/18/882 1426/19/882
f 1426/19/882 1427/18/882 1429/20/883 1428/21/883
f 1428/21/883 1429/20/883 1431/22/884 1430/23/884
f 1430/23/884 1431/22/884 1433/24/885 1432/25/885
f 1432/25/885 1433/24/885 1435/26/2 1434/27/2
f 1434/27/2 1435/26/2 1437/28/886 1436/29/886
f 1436/29/886 1437/28/886 1439/30/887 1438/31/887
f 1438/31/887 1439/30/887 1441/32/888 1440/33/888
f 1440/33/888 1441/32/888 1443/34/889 1442/9/889
f 1442/9/889 1443/34/889 1445/35/890 1444/36/890
f 1444/36/890 1445/35/890 1447/37/891 1446/38/891
f 1446/38/891 1447/37/891 1449/39/892 1448/40/892
f 1448/40/892 1449/39/892 1451/41/18 1450/42/18
f 1450/42/18 1451/41/18 1453/43/893 1452/44/893
f 1452/44/893 1453/43/893 1455/45/894 1454/46/894
f 1454/46/894 1455/45/894 1457/47/895 1456/48/895
f 1456/48/895 1457/47/895 1459/49/896 1458/6/896
f 1458/6/896 1459/49/896 1461/50/897 1460/51/897
f 1460/51/897 1461/50/897 1463/52/898 1462/53/898
f 1462/53/898 1463/52/898 1465/54/899 1464/55/899
f 1464/55/899 1465/54/899 1467/56/26 1466/57/26
f 1466/57/26 1467/56/26 1469/58/900 1468/59/900
f 1468/59/900 1469/58/900 1471/60/901 1470/61/901
f 1470/61/901 1471/60/901 1473/62/902 1472/63/902
f 1472/63/902 1473/62/902 1475/64/903 1474/5/903
f 1474/5/903 1475/64/903 1477/65/904 1476/66/904
f 1476/66/904 1477/65/904 1479/67/905 1478/68/905
s 0
f 1437/28/33 1435/26/33 1490/26/33 1491/28/33
s 1
f 1478/68/905 1479/67/905 1481/101/906 1480/102/906
f 1480/102/906 1481/101/906 1419/103/3 1418/104/3
s 0
f 1418/548/1 1420/549/1 1422/550/1 1424/187/1 1426/551/1 1428/552/1 1430/553/1 1432/191/1 1434/554/1 1436/193/1 1438/555/1 1440/556/1 1442/557/1 1444/197/1 1446/558/1 1448/559/1 1450/560/1 1452/561/1 1454/202/1 1456/124/1 1458/204/1 1460/562/1 1462/563/1 1464/207/1 1466/208/1 1468/209/1 1470/564/1 1472/565/1 1474/566/1 1476/567/1 1478/568/1 1480/569/1
s 1
f 1493/32/907 1492/30/908 1524/30/909 1525/32/910
s 0
f 1455/45/33 1453/43/33 1499/43/33 1500/45/33
f 1473/62/33 1471/60/33 1508/60/33 1509/62/33
f 1429/20/33 1427/18/33 1486/18/33 1487/20/33
f 1447/37/33 1445/35/33 1495/35/33 1496/37/33
f 1465/54/33 1463/52/33 1504/52/33 1505/54/33
f 1421/12/33 1419/11/33 1483/11/33 1482/12/33
f 1419/103/33 1481/101/33 1513/101/33 1483/103/33
f 1439/30/33 1437/28/33 1491/28/33 1492/30/33
f 1457/47/33 1455/45/33 1500/45/33 1501/47/33
f 1475/64/33 1473/62/33 1509/62/33 1510/64/33
f 1431/22/33 1429/20/33 1487/20/33 1488/22/33
f 1449/39/33 1447/37/33 1496/37/33 1497/39/33
f 1467/56/33 1465/54/33 1505/54/33 1506/56/33
f 1423/14/33 1421/12/33 1482/12/33 1484/14/33
f 1441/32/33 1439/30/33 1492/30/33 1493/32/33
f 1459/49/33 1457/47/33 1501/47/33 1502/49/33
f 1477/65/33 1475/64/33 1510/64/33 1511/65/33
f 1433/24/33 1431/22/33 1488/22/33 1489/24/33
f 1451/41/33 1449/39/33 1497/39/33 1498/41/33
f 1469/58/33 1467/56/33 1506/56/33 1507/58/33
f 1425/16/33 1423/14/33 1484/14/33 1485/16/33
f 1443/34/33 1441/32/33 1493/32/33 1494/34/33
f 1461/50/33 1459/49/33 1502/49/33 1503/50/33
f 1479/67/33 1477/65/33 1511/65/33 1512/67/33
f 1435/26/33 1433/24/33 1489/24/33 1490/26/33
f 1453/43/33 1451/41/33 1498/41/33 1499/43/33
f 1471/60/33 1469/58/33 1507/58/33 1508/60/33
f 1427/18/33 1425/16/33 1485/16/33 1486/18/33
f 1445/35/33 1443/34/33 1494/34/33 1495/35/33
f 1463/52/33 1461/50/33 1503/50/33 1504/52/33
f 1481/101/33 1479/67/33 1512/67/33 1513/101/33
f 1514/570/33 1515/571/33 1545/572/33 1544/573/33 1543/574/33 1542/575/33 1541/576/33 1540/577/33 1539/160/33 1538/161/33 1537/162/33 1536/578/33 1535/579/33 1534/165/33 1533/83/33 1532/167/33 1531/580/33 1530/581/33 1529/582/33 1528/583/33 1527/172/33 1526/584/33 1525/585/33 1524/586/33 1523/587/33 1522/588/33 1521/589/33 1520/590/33 1519/591/33 1518/592/33 1517/182/33 1516/593/33
s 1
f 1507/58/911 1506/56/912 1538/56/912 1539/58/913
f 1494/34/914 1493/32/907 1525/32/910 1526/34/915
f 1508/60/916 1507/58/911 1539/58/913 1540/60/917
f 1495/35/918 1494/34/914 1526/34/915 1527/35/919
f 1509/62/920 1508/60/916 1540/60/917 1541/62/921
f 1496/37/922 1495/35/918 1527/35/919 1528/37/923
f 1482/12/924 1483/11/925 1515/11/926 1514/12/927
f 1510/64/928 1509/62/920 1541/62/921 1542/64/929
f 1497/39/930 1496/37/922 1528/37/923 1529/39/931
f 1484/14/932 1482/12/924 1514/12/927 1516/14/933
f 1511/65/934 1510/64/928 1542/64/929 1543/65/935
f 1498/41/936 1497/39/930 1529/39/931 1530/41/937
f 1485/16/938 1484/14/932 1516/14/933 1517/16/939
f 1512/67/940 1511/65/934 1543/65/935 1544/67/941
f 1499/43/942 1498/41/936 1530/41/937 1531/43/943
f 1486/18/944 1485/16/938 1517/16/939 1518/18/945
f 1513/101/946 1512/67/940 1544/67/941 1545/101/947
f 1500/45/948 1499/43/942 1531/43/943 1532/45/949
f 1487/20/950 1486/18/944 1518/18/945 1519/20/951
f 1483/103/925 1513/101/946 1545/101/947 1515/103/926
f 1501/47/952 1500/45/948 1532/45/949 1533/47/953
f 1488/22/954 1487/20/950 1519/20/951 1520/22/955
f 1502/49/956 1501/47/952 1533/47/953 1534/49/957
f 1489/24/958 1488/22/954 1520/22/955 1521/24/959
f 1503/50/960 1502/49/956 1534/49/957 1535/50/961
f 1490/26/962 1489/24/958 1521/24/959 1522/26/962
f 1504/52/963 1503/50/960 1535/50/961 1536/52/964
f 1491/28/965 1490/26/962 1522/26/962 1523/28/966
f 1505/54/967 1504/52/963 1536/52/964 1537/54/968
f 1492/30/908 1491/28/965 1523/28/966 1524/30/909
f 1506/56/912 1505/54/967 1537/54/968 1538/56/912
s 0
usemtl toilet_paper
f 456/10/229 457/11/229 459/12/229 458/13/229
f 458/13/230 459/12/230 461/14/230 460/15/230
f 460/15/231 461/14/231 463/16/231 462/17/231
f 462/17/232 463/16/232 465/18/232 464/19/232
f 464/19/233 465/18/233 467/20/233 466/21/233
f 466/21/234 467/20/234 469/22/234 468/23/234
f 468/23/235 469/22/235 471/24/235 470/25/235
f 470/25/236 471/24/236 473/26/236 472/27/236
f 472/27/237 473/26/237 475/28/237 474/29/237
f 474/29/238 475/28/238 477/30/238 476/31/238
f 476/31/239 477/30/239 479/32/239 478/33/239
f 478/33/240 479/32/240 481/34/240 480/9/240
f 480/9/241 481/34/241 483/35/241 482/36/241
f 482/36/242 483/35/242 485/37/242 484/38/242
f 484/38/243 485/37/243 487/39/243 486/40/243
f 486/40/244 487/39/244 489/41/244 488/42/244
f 488/42/245 489/41/245 491/43/245 490/44/245
f 490/44/246 491/43/246 493/45/246 492/46/246
f 492/46/247 493/45/247 495/47/247 494/48/247
f 494/48/248 495/47/248 497/49/248 496/6/248
f 496/6/249 497/49/249 499/50/249 498/51/249
f 498/51/250 499/50/250 501/52/250 500/53/250
f 500/53/251 501/52/251 503/54/251 502/55/251
f 502/55/252 503/54/252 505/56/252 504/57/252
f 504/57/253 505/56/253 507/58/253 506/59/253
f 506/59/254 507/58/254 509/60/254 508/61/254
f 508/61/255 509/60/255 511/62/255 510/63/255
f 510/63/256 511/62/256 513/64/256 512/5/256
f 512/5/257 513/64/257 515/65/257 514/66/257
f 514/66/258 515/65/258 517/67/258 516/68/258
f 516/68/259 517/67/259 519/101/259 518/102/259
f 518/102/260 519/101/260 457/103/260 456/104/260
s 1
f 520/10/26 521/11/26 523/12/56 522/13/56
f 522/13/56 523/12/56 525/14/57 524/15/57
f 524/15/57 525/14/57 527/16/58 526/17/58
f 526/17/58 527/16/58 529/18/59 528/19/59
f 528/19/59 529/18/59 531/20/60 530/21/60
f 530/21/60 531/20/60 533/22/61 532/23/61
f 532/23/61 533/22/61 535/24/62 534/25/62
f 534/25/62 535/24/62 537/26/33 536/27/33
f 536/27/33 537/26/33 539/28/35 538/29/35
f 538/29/35 539/28/35 541/30/36 540/31/36
f 540/31/36 541/30/36 543/32/37 542/33/37
f 542/33/37 543/32/37 545/34/38 544/9/38
f 544/9/38 545/34/38 547/35/39 546/36/39
f 546/36/39 547/35/39 549/37/40 548/38/40
f 548/38/40 549/37/40 551/39/41 550/40/41
f 550/40/41 551/39/41 553/41/2 552/42/2
f 552/42/2 553/41/2 555/43/42 554/44/42
f 554/44/42 555/43/42 557/45/43 556/46/43
f 556/46/43 557/45/43 559/47/44 558/48/44
f 558/48/44 559/47/44 561/49/45 560/6/45
f 560/6/45 561/49/45 563/50/46 562/51/46
f 562/51/46 563/50/46 565/52/47 564/53/47
f 564/53/47 565/52/47 567/54/48 566/55/48
f 566/55/48 567/54/48 569/56/1 568/57/1
f 568/57/1 569/56/1 571/58/49 570/59/49
f 570/59/49 571/58/49 573/60/50 572/61/50
f 572/61/50 573/60/50 575/62/51 574/63/51
f 574/63/51 575/62/51 577/64/52 576/5/52
f 576/5/52 577/64/52 579/65/53 578/66/53
f 578/66/53 579/65/53 581/67/54 580/68/54
f 580/68/54 581/67/54 583/101/55 582/102/55
f 582/102/55 583/101/55 521/103/26 520/104/26
s 0
f 482/36/261 484/38/261 486/40/261 488/42/261 490/44/261 492/46/261 494/48/261 496/6/261 498/51/261 564/53/261 562/51/261 560/6/261 558/48/261 556/46/261 554/44/261 552/42/261 550/40/261 548/38/261 546/36/261 544/9/261 542/33/261 540/31/261 480/9/261
f 466/21/262 468/23/262 470/25/262 472/27/262 474/29/262 476/31/262 478/33/262 480/9/262 540/31/262 538/29/262 536/27/262 534/25/262 532/23/262 530/21/262
f 498/51/263 500/53/263 502/55/263 504/57/263 506/59/263 508/61/263 510/63/263 574/63/263 572/61/263 570/59/263 568/57/263 566/55/263 564/53/263
f 458/13/264 460/15/264 462/17/264 464/19/264 466/21/264 530/21/264 528/19/264 526/17/264 524/15/264 522/13/264 520/10/264 582/102/264 580/68/264 578/66/264 576/5/264 574/63/264 510/63/264 512/5/264 514/66/264 516/68/264 518/102/264 456/104/264
f 597/36/261 598/38/261 599/40/261 600/42/261 601/44/261 602/46/261 603/48/261 604/6/261 605/51/261 638/53/261 637/51/261 636/6/261 635/48/261 634/46/261 633/44/261 632/42/261 631/40/261 630/38/261 629/36/261 628/9/261 627/33/261 626/31/261 596/9/261
f 589/21/262 590/23/262 591/25/262 592/27/262 593/29/262 594/31/262 595/33/262 596/9/262 626/31/262 625/29/262 624/27/262 623/25/262 622/23/262 621/21/262
f 605/51/263 606/53/263 607/55/263 608/57/263 609/59/263 610/61/263 611/63/263 643/63/263 642/61/263 641/59/263 640/57/263 639/55/263 638/53/263
f 585/13/264 586/15/264 587/17/264 588/19/264 589/21/264 621/21/264 620/19/264 619/17/264 618/15/264 617/13/264 616/10/264 647/102/264 646/68/264 645/66/264 644/5/264 643/63/264 611/63/264 612/5/264 613/66/264 614/68/264 615/102/264 584/104/264
f 648/137/33 651/138/33 652/139/33 653/140/33 654/141/33 655/142/33 656/143/33 657/144/33 658/145/33 659/146/33 660/147/33 661/148/33 662/149/33 663/150/33 650/151/33 649/103/33
usemtl floor
f 5/5/2 2/6/2 3/7/2 7/8/2
f 3/7/2 2/6/2 665/6/2 666/7/2
f 3/7/2 666/7/2 670/7/2 667/7/2
f 7/8/3 3/7/3 677/7/3 676/8/3
f 3/7/33 667/7/33 679/7/33 677/7/33
s 1
usemtl shower_1
f 856/249/363 855/250/364 870/251/365 871/252/366
f 849/253/367 848/254/368 863/255/369 864/256/370
f 857/257/371 856/249/363 871/252/366 872/258/372
f 850/259/373 849/253/367 864/256/370 865/260/374
f 858/261/375 857/257/371 872/258/372 873/262/376
f 851/263/377 850/259/373 865/260/374 866/264/378
f 859/265/379 858/261/375 873/262/376 874/266/380
f 852/267/381 851/263/377 866/264/378 867/268/382
f 860/269/383 859/265/379 874/266/380 875/270/384
f 853/271/385 852/267/381 867/268/382 868/272/386
f 861/273/387 860/269/383 875/270/384 876/274/388
f 854/275/389 853/271/385 868/272/386 869/276/390
f 847/277/391 846/278/392 862/279/393
f 922/280/394 861/273/387 876/274/388
f 855/250/364 854/275/389 869/276/390 870/251/365
f 848/254/368 847/277/391 862/279/393 863/255/369
f 875/270/384 874/266/380 889/281/395 890/282/396
f 868/272/386 867/268/382 882/283/397 883/284/398
f 876/274/388 875/270/384 890/282/396 891/285/399
f 869/276/390 868/272/386 883/284/398 884/286/400
f 862/279/393 846/287/392 877/288/401
f 922/289/394 876/274/388 891/285/399
f 870/251/365 869/276/390 884/286/400 885/290/402
f 863/255/369 862/279/393 877/288/401 878/291/403
f 871/252/366 870/251/365 885/290/402 886/292/404
f 864/256/370 863/255/369 878/291/403 879/293/405
f 872/258/372 871/252/366 886/292/404 887/294/406
f 865/260/374 864/256/370 879/293/405 880/295/407
f 873/262/376 872/258/372 887/294/406 888/296/408
f 866/264/378 865/260/374 880/295/407 881/297/409
f 874/266/380 873/262/376 888/296/408 889/281/395
f 867/268/382 866/264/378 881/297/409 882/283/397
f 887/294/406 886/292/404 901/298/410 902/299/411
f 880/295/407 879/293/405 894/300/412 895/301/413
f 888/296/408 887/294/406 902/299/411 903/302/414
f 881/297/409 880/295/407 895/301/413 896/303/415
f 889/281/395 888/296/408 903/302/414 904/304/416
f 882/283/397 881/297/409 896/303/415 897/305/417
f 890/282/396 889/281/395 904/304/416 905/306/418
f 883/284/398 882/283/397 897/305/417 898/307/419
f 891/285/399 890/282/396 905/306/418 906/308/420
f 884/286/400 883/284/398 898/307/419 899/309/421
f 877/288/401 846/310/392 892/311/422
f 922/312/394 891/285/399 906/308/420
f 885/290/402 884/286/400 899/309/421 900/313/423
f 878/291/403 877/288/401 892/311/422 893/314/424
f 886/292/404 885/290/402 900/313/423 901/298/410
f 879/293/405 878/291/403 893/314/424 894/300/412
f 906/308/420 905/306/418 920/315/425 921/316/426
f 899/309/421 898/307/419 913/317/427 914/318/428
f 892/311/422 846/319/392 907/320/429
f 922/321/394 906/308/420 921/316/426
f 900/313/423 899/309/421 914/318/428 915/322/430
f 893/314/424 892/311/422 907/320/429 908/323/431
f 901/298/410 900/313/423 915/322/430 916/324/432
f 894/300/412 893/314/424 908/323/431 909/325/433
f 902/299/411 901/298/410 916/324/432 917/326/434
f 895/301/413 894/300/412 909/325/433 910/327/435
f 903/302/414 902/299/411 917/326/434 918/328/436
f 896/303/415 895/301/413 910/327/435 911/329/437
f 904/304/416 903/302/414 918/328/436 919/330/438
f 897/305/417 896/303/415 911/329/437 912/331/439
f 905/306/418 904/304/416 919/330/438 920/315/425
f 898/307/419 897/305/417 912/331/439 913/317/427
f 910/327/435 909/325/433 925/332/440 926/333/441
f 918/328/436 917/326/434 933/334/442 934/335/443
f 911/329/437 910/327/435 926/333/441 927/336/444
f 919/330/438 918/328/436 934/335/443 935/337/445
f 912/331/439 911/329/437 927/336/444 928/338/446
f 920/315/425 919/330/438 935/337/445 936/339/447
f 913/317/427 912/331/439 928/338/446 929/340/448
f 921/316/426 920/315/425 936/339/447 937/341/449
f 914/318/428 913/317/427 929/340/448 930/342/450
f 907/320/429 846/343/392 923/344/451
f 922/345/394 921/316/426 937/341/449
f 915/322/430 914/318/428 930/342/450 931/346/452
f 908/323/431 907/320/429 923/344/451 924/347/453
f 916/324/432 915/322/430 931/346/452 932/348/454
f 909/325/433 908/323/431 924/347/453 925/332/440
f 917/326/434 916/324/432 932/348/454 933/334/442
f 930/342/450 929/340/448 944/349/455 945/350/456
f 923/344/451 846/351/392 938/352/457
f 922/353/394 937/341/449 952/354/458
f 931/346/452 930/342/450 945/350/456 946/355/459
f 924/347/453 923/344/451 938/352/457 939/356/460
f 932/348/454 931/346/452 946/355/459 947/357/461
f 925/332/440 924/347/453 939/356/460 940/358/462
f 933/334/442 932/348/454 947/357/461 948/359/463
f 926/333/441 925/332/440 940/358/462 941/360/464
f 934/335/443 933/334/442 948/359/463 949/361/465
f 927/336/444 926/333/441 941/360/464 942/362/466
f 935/337/445 934/335/443 949/361/465 950/363/467
f 928/338/446 927/336/444 942/362/466 943/364/468
f 936/339/447 935/337/445 950/363/467 951/365/469
f 929/340/448 928/338/446 943/364/468 944/349/455
f 937/341/449 936/339/447 951/365/469 952/354/458
f 949/361/465 948/359/463 963/366/470 964/367/471
f 942/362/466 941/360/464 956/368/472 957/369/473
f 950/363/467 949/361/465 964/367/471 965/370/474
f 943/364/468 942/362/466 957/369/473 958/371/475
f 951/365/469 950/363/467 965/370/474 966/372/476
f 944/349/455 943/364/468 958/371/475 959/373/477
f 952/354/458 951/365/469 966/372/476 967/374/478
f 945/350/456 944/349/455 959/373/477 960/375/479
f 938/352/457 846/376/392 953/377/480
f 922/378/394 952/354/458 967/374/478
f 946/355/459 945/350/456 960/375/479 961/379/481
f 939/356/460 938/352/457 953/377/480 954/380/482
f 947/357/461 946/355/459 961/379/481 962/381/483
f 940/358/462 939/356/460 954/380/482 955/382/484
f 948/359/463 947/357/461 962/381/483 963/366/470
f 941/360/464 940/358/462 955/382/484 956/368/472
f 953/377/480 846/383/392 968/384/485
f 922/385/394 967/374/478 982/386/486
f 961/379/481 960/375/479 975/104/487 976/387/488
f 954/380/482 953/377/480 968/384/485 969/388/489
f 962/381/483 961/379/481 976/387/488 977/389/490
f 955/382/484 954/380/482 969/388/489 970/390/491
f 963/366/470 962/381/483 977/389/490 978/391/492
f 956/368/472 955/382/484 970/390/491 971/392/493
f 964/367/471 963/366/470 978/391/492 979/393/494
f 957/369/473 956/368/472 971/392/493 972/394/495
f 965/370/474 964/367/471 979/393/494 980/395/496
f 958/371/475 957/369/473 972/394/495 973/396/497
f 966/372/476 965/370/474 980/395/496 981/397/498
f 959/373/477 958/371/475 973/396/497 974/398/499
f 967/374/478 966/372/476 981/397/498 982/386/486
f 960/375/479 959/373/477 974/398/499 975/104/487
f 972/399/495 971/400/493 986/401/500 987/402/501
f 980/403/496 979/404/494 994/405/502 995/406/503
f 973/407/497 972/399/495 987/402/501 988/408/504
f 981/409/498 980/403/496 995/406/503 996/410/505
f 974/411/499 973/407/497 988/408/504 989/412/506
f 982/413/486 981/409/498 996/410/505 997/414/507
f 975/10/487 974/411/499 989/412/506 990/415/508
f 968/416/485 846/417/392 983/418/509
f 922/419/394 982/413/486 997/414/507
f 976/420/488 975/10/487 990/415/508 991/421/510
f 969/422/489 968/416/485 983/418/509 984/423/511
f 977/424/490 976/420/488 991/421/510 992/425/512
f 970/426/491 969/422/489 984/423/511 985/427/513
f 978/428/492 977/424/490 992/425/512 993/429/514
f 971/400/493 970/426/491 985/427/513 986/401/500
f 979/404/494 978/428/492 993/429/514 994/405/502
f 991/421/510 990/415/508 1005/430/515 1006/431/516
f 984/423/511 983/418/509 998/432/517 999/433/518
f 992/425/512 991/421/510 1006/431/516 1007/434/519
f 985/427/513 984/423/511 999/433/518 1000/435/520
f 993/429/514 992/425/512 1007/434/519 1008/436/521
f 986/401/500 985/427/513 1000/435/520 1001/437/522
f 994/405/502 993/429/514 1008/436/521 1009/438/523
f 987/402/501 986/401/500 1001/437/522 1002/439/524
f 995/406/503 994/405/502 1009/438/523 1010/440/525
f 988/408/504 987/402/501 1002/439/524 1003/441/526
f 996/410/505 995/406/503 1010/440/525 1011/442/527
f 989/412/506 988/408/504 1003/441/526 1004/443/528
f 997/414/507 996/410/505 1011/442/527 1012/444/529
f 990/415/508 989/412/506 1004/443/528 1005/430/515
f 983/418/509 846/445/392 998/432/517
f 922/446/394 997/414/507 1012/444/529
f 1010/440/525 1009/438/523 1024/447/530 1025/448/531
f 1003/441/526 1002/439/524 1017/449/532 1018/450/533
f 1011/442/527 1010/440/525 1025/448/531 1026/451/534
f 1004/443/528 1003/441/526 1018/450/533 1019/452/535
f 1012/444/529 1011/442/527 1026/451/534 1027/453/536
f 1005/430/515 1004/443/528 1019/452/535 1020/454/537
f 998/432/517 846/455/392 1013/456/538
f 922/457/394 1012/444/529 1027/453/536
f 1006/431/516 1005/430/515 1020/454/537 1021/458/539
f 999/433/518 998/432/517 1013/456/538 1014/459/540
f 1007/434/519 1006/431/516 1021/458/539 1022/460/541
f 1000/435/520 999/433/518 1014/459/540 1015/461/542
f 1008/436/521 1007/434/519 1022/460/541 1023/462/543
f 1001/437/522 1000/435/520 1015/461/542 1016/463/544
f 1009/438/523 1008/436/521 1023/462/543 1024/447/530
f 1002/439/524 1001/437/522 1016/463/544 1017/449/532
f 1022/460/541 1021/458/539 1036/464/545 1037/465/546
f 1015/461/542 1014/459/540 1029/466/547 1030/467/548
f 1023/462/543 1022/460/541 1037/465/546 1038/468/549
f 1016/463/544 1015/461/542 1030/467/548 1031/469/550
f 1024/447/530 1023/462/543 1038/468/549 1039/470/551
f 1017/449/532 1016/463/544 1031/469/550 1032/471/552
f 1025/448/531 1024/447/530 1039/470/551 1040/472/553
f 1018/450/533 1017/449/532 1032/471/552 1033/473/554
f 1026/451/534 1025/448/531 1040/472/553 1041/474/555
f 1019/452/535 1018/450/533 1033/473/554 1034/475/556
f 1027/453/536 1026/451/534 1041/474/555 1042/476/557
f 1020/454/537 1019/452/535 1034/475/556 1035/477/558
f 1013/456/538 846/478/392 1028/479/559
f 922/480/394 1027/453/536 1042/476/557
f 1021/458/539 1020/454/537 1035/477/558 1036/464/545
f 1014/459/540 1013/456/538 1028/479/559 1029/466/547
f 1041/474/555 1040/472/553 1055/481/560 1056/482/561
f 1034/475/556 1033/473/554 1048/483/562 1049/484/563
f 1042/476/557 1041/474/555 1056/482/561 1057/485/564
f 1035/477/558 1034/475/556 1049/484/563 1050/486/565
f 1028/479/559 846/487/392 1043/488/566
f 922/489/394 1042/476/557 1057/485/564
f 1036/464/545 1035/477/558 1050/486/565 1051/490/567
f 1029/466/547 1028/479/559 1043/488/566 1044/491/568
f 1037/465/546 1036/464/545 1051/490/567 1052/492/569
f 1030/467/548 1029/466/547 1044/491/568 1045/493/570
f 1038/468/549 1037/465/546 1052/492/569 1053/494/571
f 1031/469/550 1030/467/548 1045/493/570 1046/495/572
f 1039/470/551 1038/468/549 1053/494/571 1054/496/573
f 1032/471/552 1031/469/550 1046/495/572 1047/497/574
f 1040/472/553 1039/470/551 1054/496/573 1055/481/560
f 1033/473/554 1032/471/552 1047/497/574 1048/483/562
f 1045/493/570 1044/491/568 1059/498/575 1060/499/576
f 1053/494/571 1052/492/569 1067/500/577 1068/501/578
f 1046/495/572 1045/493/570 1060/499/576 1061/502/579
f 1054/496/573 1053/494/571 1068/501/578 1069/503/580
f 1047/497/574 1046/495/572 1061/502/579 1062/504/581
f 1055/481/560 1054/496/573 1069/503/580 1070/505/582
f 1048/483/562 1047/497/574 1062/504/581 1063/506/583
f 1056/482/561 1055/481/560 1070/505/582 1071/507/584
f 1049/484/563 1048/483/562 1063/506/583 1064/508/585
f 1057/485/564 1056/482/561 1071/507/584 1072/509/586
f 1050/486/565 1049/484/563 1064/508/585 1065/510/587
f 1043/488/566 846/511/392 1058/512/588
f 922/513/394 1057/485/564 1072/509/586
f 1051/490/567 1050/486/565 1065/510/587 1066/514/589
f 1044/491/568 1043/488/566 1058/512/588 1059/498/575
f 1052/492/569 1051/490/567 1066/514/589 1067/500/577
f 1064/508/585 1063/506/583 1078/515/590 1079/516/591
f 1072/509/586 1071/507/584 1086/517/592 1087/518/593
f 1065/510/587 1064/508/585 1079/516/591 1080/519/594
f 1058/512/588 846/520/392 1073/521/595
f 922/522/394 1072/509/586 1087/518/593
f 1066/514/589 1065/510/587 1080/519/594 1081/523/596
f 1059/498/575 1058/512/588 1073/521/595 1074/524/597
f 1067/500/577 1066/514/589 1081/523/596 1082/525/598
f 1060/499/576 1059/498/575 1074/524/597 1075/526/599
f 1068/501/578 1067/500/577 1082/525/598 1083/527/600
f 1061/502/579 1060/499/576 1075/526/599 1076/528/601
f 1069/503/580 1068/501/578 1083/527/600 1084/529/602
f 1062/504/581 1061/502/579 1076/528/601 1077/530/603
f 1070/505/582 1069/503/580 1084/529/602 1085/531/604
f 1063/506/583 1062/504/581 1077/530/603 1078/515/590
f 1071/507/584 1070/505/582 1085/531/604 1086/517/592
f 1083/527/600 1082/525/598 1092/532/605 845/533/606
f 1076/528/601 1075/526/599 840/534/607 1090/535/608
f 1084/529/602 1083/527/600 845/533/606 1093/536/609
f 1077/530/603 1076/528/601 1090/535/608 841/537/610
f 1085/531/604 1084/529/602 1093/536/609 1094/538/611
f 1078/515/590 1077/530/603 841/537/610 1091/539/612
f 1086/517/592 1085/531/604 1094/538/611 1095/540/613
f 1079/516/591 1078/515/590 1091/539/612 842/541/614
f 1087/518/593 1086/517/592 1095/540/613 1096/542/615
f 1080/519/594 1079/516/591 842/541/614 843/27/616
f 1073/521/595 846/543/392 1088/544/617
f 922/545/394 1087/518/593 1096/542/615
f 1081/523/596 1080/519/594 843/27/616 844/546/618
f 1074/524/597 1073/521/595 1088/544/617 1089/547/619
f 1082/525/598 1081/523/596 844/546/618 1092/532/605
f 1075/526/599 1074/524/597 1089/547/619 840/534/607
s 0
f 842/541/620 1091/539/620 1123/539/620 1099/541/620
f 848/254/620 849/253/620 1106/253/620 1105/254/620
f 1092/532/620 844/546/620 1101/546/620 1124/532/620
f 849/253/620 850/259/620 1107/259/620 1106/253/620
f 850/259/620 851/263/620 1108/263/620 1107/259/620
f 845/533/620 1092/532/620 1124/532/620 1102/533/620
f 1093/536/620 845/533/620 1102/533/620 1125/536/620
f 851/263/620 852/267/620 1109/267/620 1108/263/620
f 922/545/620 1096/542/620 1128/542/620 1119/545/620
f 852/267/620 853/271/620 1110/271/620 1109/267/620
f 846/278/620 847/277/620 1104/277/620 1103/278/620
f 853/271/620 854/275/620 1111/275/620 1110/271/620
f 861/273/620 922/280/620 1119/280/620 1118/273/620
f 854/275/620 855/250/620 1112/250/620 1111/275/620
f 855/250/620 856/249/620 1113/249/620 1112/250/620
f 856/249/620 857/257/620 1114/257/620 1113/249/620
f 1088/544/620 846/543/620 1103/543/620 1120/544/620
f 1089/547/620 1088/544/620 1120/544/620 1121/547/620
f 857/257/620 858/261/620 1115/261/620 1114/257/620
f 840/534/620 1089/547/620 1121/547/620 1097/534/620
f 1094/538/620 1093/536/620 1125/536/620 1126/538/620
f 858/261/620 859/265/620 1116/265/620 1115/261/620
f 1090/535/620 840/534/620 1097/534/620 1122/535/620
f 843/27/620 842/541/620 1099/541/620 1100/27/620
f 1095/540/620 1094/538/620 1126/538/620 1127/540/620
f 859/265/620 860/269/620 1117/269/620 1116/265/620
f 841/537/620 1090/535/620 1122/535/620 1098/537/620
f 844/546/620 843/27/620 1100/27/620 1101/546/620
f 1096/542/620 1095/540/620 1127/540/620 1128/542/620
f 860/269/620 861/273/620 1118/273/620 1117/269/620
f 1091/539/620 841/537/620 1098/537/620 1123/539/620
f 847/277/620 848/254/620 1105/254/620 1104/277/620
s 1
usemtl shower_2
f 1145/249/621 1144/250/622 1159/251/623 1160/252/624
f 1138/253/625 1137/254/626 1152/255/627 1153/256/628
f 1146/257/629 1145/249/621 1160/252/624 1161/258/630
f 1139/259/631 1138/253/625 1153/256/628 1154/260/632
f 1147/261/633 1146/257/629 1161/258/630 1162/262/634
f 1140/263/635 1139/259/631 1154/260/632 1155/264/636
f 1148/265/637 1147/261/633 1162/262/634 1163/266/638
f 1141/267/639 1140/263/635 1155/264/636 1156/268/640
f 1149/269/641 1148/265/637 1163/266/638 1164/270/642
f 1142/271/643 1141/267/639 1156/268/640 1157/272/644
f 1150/273/645 1149/269/641 1164/270/642 1165/274/646
f 1143/275/647 1142/271/643 1157/272/644 1158/276/648
f 1136/277/649 1135/278/650 1151/279/651
f 1211/280/652 1150/273/645 1165/274/646
f 1144/250/622 1143/275/647 1158/276/648 1159/251/623
f 1137/254/626 1136/277/649 1151/279/651 1152/255/627
f 1164/270/642 1163/266/638 1178/281/653 1179/282/654
f 1157/272/644 1156/268/640 1171/283/655 1172/284/656
f 1165/274/646 1164/270/642 1179/282/654 1180/285/657
f 1158/276/648 1157/272/644 1172/284/656 1173/286/658
f 1151/279/651 1135/287/650 1166/288/659
f 1211/289/652 1165/274/646 1180/285/657
f 1159/251/623 1158/276/648 1173/286/658 1174/290/660
f 1152/255/627 1151/279/651 1166/288/659 1167/291/661
f 1160/252/624 1159/251/623 1174/290/660 1175/292/662
f 1153/256/628 1152/255/627 1167/291/661 1168/293/663
f 1161/258/630 1160/252/624 1175/292/662 1176/294/664
f 1154/260/632 1153/256/628 1168/293/663 1169/295/665
f 1162/262/634 1161/258/630 1176/294/664 1177/296/666
f 1155/264/636 1154/260/632 1169/295/665 1170/297/667
f 1163/266/638 1162/262/634 1177/296/666 1178/281/653
f 1156/268/640 1155/264/636 1170/297/667 1171/283/655
f 1176/294/664 1175/292/662 1190/298/668 1191/299/669
f 1169/295/665 1168/293/663 1183/300/670 1184/301/671
f 1177/296/666 1176/294/664 1191/299/669 1192/302/672
f 1170/297/667 1169/295/665 1184/301/671 1185/303/673
f 1178/281/653 1177/296/666 1192/302/672 1193/304/674
f 1171/283/655 1170/297/667 1185/303/673 1186/305/675
f 1179/282/654 1178/281/653 1193/304/674 1194/306/676
f 1172/284/656 1171/283/655 1186/305/675 1187/307/677
f 1180/285/657 1179/282/654 1194/306/676 1195/308/678
f 1173/286/658 1172/284/656 1187/307/677 1188/309/679
f 1166/288/659 1135/310/650 1181/311/680
f 1211/312/652 1180/285/657 1195/308/678
f 1174/290/660 1173/286/658 1188/309/679 1189/313/681
f 1167/291/661 1166/288/659 1181/311/680 1182/314/682
f 1175/292/662 1174/290/660 1189/313/681 1190/298/668
f 1168/293/663 1167/291/661 1182/314/682 1183/300/670
f 1195/308/678 1194/306/676 1209/315/683 1210/316/684
f 1188/309/679 1187/307/677 1202/317/685 1203/318/686
f 1181/311/680 1135/319/650 1196/320/687
f 1211/321/652 1195/308/678 1210/316/684
f 1189/313/681 1188/309/679 1203/318/686 1204/322/688
f 1182/314/682 1181/311/680 1196/320/687 1197/323/689
f 1190/298/668 1189/313/681 1204/322/688 1205/324/690
f 1183/300/670 1182/314/682 1197/323/689 1198/325/691
f 1191/299/669 1190/298/668 1205/324/690 1206/326/692
f 1184/301/671 1183/300/670 1198/325/691 1199/327/693
f 1192/302/672 1191/299/669 1206/326/692 1207/328/694
f 1185/303/673 1184/301/671 1199/327/693 1200/329/695
f 1193/304/674 1192/302/672 1207/328/694 1208/330/696
f 1186/305/675 1185/303/673 1200/329/695 1201/331/697
f 1194/306/676 1193/304/674 1208/330/696 1209/315/683
f 1187/307/677 1186/305/675 1201/331/697 1202/317/685
f 1199/327/693 1198/325/691 1214/332/698 1215/333/699
f 1207/328/694 1206/326/692 1222/334/700 1223/335/701
f 1200/329/695 1199/327/693 1215/333/699 1216/336/702
f 1208/330/696 1207/328/694 1223/335/701 1224/337/703
f 1201/331/697 1200/329/695 1216/336/702 1217/338/704
f 1209/315/683 1208/330/696 1224/337/703 1225/339/705
f 1202/317/685 1201/331/697 1217/338/704 1218/340/706
f 1210/316/684 1209/315/683 1225/339/705 1226/341/707
f 1203/318/686 1202/317/685 1218/340/706 1219/342/708
f 1196/320/687 1135/343/650 1212/344/709
f 1211/345/652 1210/316/684 1226/341/707
f 1204/322/688 1203/318/686 1219/342/708 1220/346/710
f 1197/323/689 1196/320/687 1212/344/709 1213/347/711
f 1205/324/690 1204/322/688 1220/346/710 1221/348/712
f 1198/325/691 1197/323/689 1213/347/711 1214/332/698
f 1206/326/692 1205/324/690 1221/348/712 1222/334/700
f 1219/342/708 1218/340/706 1233/349/713 1234/350/714
f 1212/344/709 1135/351/650 1227/352/715
f 1211/353/652 1226/341/707 1241/354/716
f 1220/346/710 1219/342/708 1234/350/714 1235/355/717
f 1213/347/711 1212/344/709 1227/352/715 1228/356/718
f 1221/348/712 1220/346/710 1235/355/717 1236/357/719
f 1214/332/698 1213/347/711 1228/356/718 1229/358/720
f 1222/334/700 1221/348/712 1236/357/719 1237/359/721
f 1215/333/699 1214/332/698 1229/358/720 1230/360/722
f 1223/335/701 1222/334/700 1237/359/721 1238/361/723
f 1216/336/702 1215/333/699 1230/360/722 1231/362/724
f 1224/337/703 1223/335/701 1238/361/723 1239/363/725
f 1217/338/704 1216/336/702 1231/362/724 1232/364/726
f 1225/339/705 1224/337/703 1239/363/725 1240/365/727
f 1218/340/706 1217/338/704 1232/364/726 1233/349/713
f 1226/341/707 1225/339/705 1240/365/727 1241/354/716
f 1238/361/723 1237/359/721 1252/366/728 1253/367/729
f 1231/362/724 1230/360/722 1245/368/730 1246/369/731
f 1239/363/725 1238/361/723 1253/367/729 1254/370/732
f 1232/364/726 1231/362/724 1246/369/731 1247/371/733
f 1240/365/727 1239/363/725 1254/370/732 1255/372/734
f 1233/349/713 1232/364/726 1247/371/733 1248/373/735
f 1241/354/716 1240/365/727 1255/372/734 1256/374/736
f 1234/350/714 1233/349/713 1248/373/735 1249/375/737
f 1227/352/715 1135/376/650 1242/377/738
f 1211/378/652 1241/354/716 1256/374/736
f 1235/355/717 1234/350/714 1249/375/737 1250/379/739
f 1228/356/718 1227/352/715 1242/377/738 1243/380/740
f 1236/357/719 1235/355/717 1250/379/739 1251/381/741
f 1229/358/720 1228/356/718 1243/380/740 1244/382/742
f 1237/359/721 1236/357/719 1251/381/741 1252/366/728
f 1230/360/722 1229/358/720 1244/382/742 1245/368/730
f 1242/377/738 1135/383/650 1257/384/743
f 1211/385/652 1256/374/736 1271/386/744
f 1250/379/739 1249/375/737 1264/104/745 1265/387/746
f 1243/380/740 1242/377/738 1257/384/743 1258/388/747
f 1251/381/741 1250/379/739 1265/387/746 1266/389/748
f 1244/382/742 1243/380/740 1258/388/747 1259/390/749
f 1252/366/728 1251/381/741 1266/389/748 1267/391/750
f 1245/368/730 1244/382/742 1259/390/749 1260/392/751
f 1253/367/729 1252/366/728 1267/391/750 1268/393/752
f 1246/369/731 1245/368/730 1260/392/751 1261/394/753
f 1254/370/732 1253/367/729 1268/393/752 1269/395/754
f 1247/371/733 1246/369/731 1261/394/753 1262/396/755
f 1255/372/734 1254/370/732 1269/395/754 1270/397/756
f 1248/373/735 1247/371/733 1262/396/755 1263/398/757
f 1256/374/736 1255/372/734 1270/397/756 1271/386/744
f 1249/375/737 1248/373/735 1263/398/757 1264/104/745
f 1261/399/753 1260/400/751 1275/401/758 1276/402/759
f 1269/403/754 1268/404/752 1283/405/760 1284/406/761
f 1262/407/755 1261/399/753 1276/402/759 1277/408/762
f 1270/409/756 1269/403/754 1284/406/761 1285/410/763
f 1263/411/757 1262/407/755 1277/408/762 1278/412/764
f 1271/413/744 1270/409/756 1285/410/763 1286/414/765
f 1264/10/745 1263/411/757 1278/412/764 1279/415/766
f 1257/416/743 1135/417/650 1272/418/767
f 1211/419/652 1271/413/744 1286/414/765
f 1265/420/746 1264/10/745 1279/415/766 1280/421/768
f 1258/422/747 1257/416/743 1272/418/767 1273/423/769
f 1266/424/748 1265/420/746 1280/421/768 1281/425/770
f 1259/426/749 1258/422/747 1273/423/769 1274/427/771
f 1267/428/750 1266/424/748 1281/425/770 1282/429/772
f 1260/400/751 1259/426/749 1274/427/771 1275/401/758
f 1268/404/752 1267/428/750 1282/429/772 1283/405/760
f 1280/421/768 1279/415/766 1294/430/773 1295/431/774
f 1273/423/769 1272/418/767 1287/432/775 1288/433/776
f 1281/425/770 1280/421/768 1295/431/774 1296/434/777
f 1274/427/771 1273/423/769 1288/433/776 1289/435/778
f 1282/429/772 1281/425/770 1296/434/777 1297/436/779
f 1275/401/758 1274/427/771 1289/435/778 1290/437/780
f 1283/405/760 1282/429/772 1297/436/779 1298/438/781
f 1276/402/759 1275/401/758 1290/437/780 1291/439/782
f 1284/406/761 1283/405/760 1298/438/781 1299/440/783
f 1277/408/762 1276/402/759 1291/439/782 1292/441/784
f 1285/410/763 1284/406/761 1299/440/783 1300/442/785
f 1278/412/764 1277/408/762 1292/441/784 1293/443/786
f 1286/414/765 1285/410/763 1300/442/785 1301/444/787
f 1279/415/766 1278/412/764 1293/443/786 1294/430/773
f 1272/418/767 1135/445/650 1287/432/775
f 1211/446/652 1286/414/765 1301/444/787
f 1299/440/783 1298/438/781 1313/447/788 1314/448/789
f 1292/441/784 1291/439/782 1306/449/790 1307/450/791
f 1300/442/785 1299/440/783 1314/448/789 1315/451/792
f 1293/443/786 1292/441/784 1307/450/791 1308/452/793
f 1301/444/787 1300/442/785 1315/451/792 1316/453/794
f 1294/430/773 1293/443/786 1308/452/793 1309/454/795
f 1287/432/775 1135/455/650 1302/456/796
f 1211/457/652 1301/444/787 1316/453/794
f 1295/431/774 1294/430/773 1309/454/795 1310/458/797
f 1288/433/776 1287/432/775 1302/456/796 1303/459/798
f 1296/434/777 1295/431/774 1310/458/797 1311/460/799
f 1289/435/778 1288/433/776 1303/459/798 1304/461/800
f 1297/436/779 1296/434/777 1311/460/799 1312/462/801
f 1290/437/780 1289/435/778 1304/461/800 1305/463/802
f 1298/438/781 1297/436/779 1312/462/801 1313/447/788
f 1291/439/782 1290/437/780 1305/463/802 1306/449/790
f 1311/460/799 1310/458/797 1325/464/803 1326/465/804
f 1304/461/800 1303/459/798 1318/466/805 1319/467/806
f 1312/462/801 1311/460/799 1326/465/804 1327/468/807
f 1305/463/802 1304/461/800 1319/467/806 1320/469/808
f 1313/447/788 1312/462/801 1327/468/807 1328/470/809
f 1306/449/790 1305/463/802 1320/469/808 1321/471/810
f 1314/448/789 1313/447/788 1328/470/809 1329/472/811
f 1307/450/791 1306/449/790 1321/471/810 1322/473/812
f 1315/451/792 1314/448/789 1329/472/811 1330/474/813
f 1308/452/793 1307/450/791 1322/473/812 1323/475/814
f 1316/453/794 1315/451/792 1330/474/813 1331/476/815
f 1309/454/795 1308/452/793 1323/475/814 1324/477/816
f 1302/456/796 1135/478/650 1317/479/817
f 1211/480/652 1316/453/794 1331/476/815
f 1310/458/797 1309/454/795 1324/477/816 1325/464/803
f 1303/459/798 1302/456/796 1317/479/817 1318/466/805
f 1330/474/813 1329/472/811 1344/481/818 1345/482/819
f 1323/475/814 1322/473/812 1337/483/820 1338/484/821
f 1331/476/815 1330/474/813 1345/482/819 1346/485/822
f 1324/477/816 1323/475/814 1338/484/821 1339/486/823
f 1317/479/817 1135/487/650 1332/488/824
f 1211/489/652 1331/476/815 1346/485/822
f 1325/464/803 1324/477/816 1339/486/823 1340/490/825
f 1318/466/805 1317/479/817 1332/488/824 1333/491/826
f 1326/465/804 1325/464/803 1340/490/825 1341/492/827
f 1319/467/806 1318/466/805 1333/491/826 1334/493/828
f 1327/468/807 1326/465/804 1341/492/827 1342/494/829
f 1320/469/808 1319/467/806 1334/493/828 1335/495/830
f 1328/470/809 1327/468/807 1342/494/829 1343/496/831
f 1321/471/810 1320/469/808 1335/495/830 1336/497/832
f 1329/472/811 1328/470/809 1343/496/831 1344/481/818
f 1322/473/812 1321/471/810 1336/497/832 1337/483/820
f 1334/493/828 1333/491/826 1348/498/833 1349/499/834
f 1342/494/829 1341/492/827 1356/500/835 1357/501/836
f 1335/495/830 1334/493/828 1349/499/834 1350/502/837
f 1343/496/831 1342/494/829 1357/501/836 1358/503/838
f 1336/497/832 1335/495/830 1350/502/837 1351/504/839
f 1344/481/818 1343/496/831 1358/503/838 1359/505/840
f 1337/483/820 1336/497/832 1351/504/839 1352/506/841
f 1345/482/819 1344/481/818 1359/505/840 1360/507/842
f 1338/484/821 1337/483/820 1352/506/841 1353/508/843
f 1346/485/822 1345/482/819 1360/507/842 1361/509/844
f 1339/486/823 1338/484/821 1353/508/843 1354/510/845
f 1332/488/824 1135/511/650 1347/512/846
f 1211/513/652 1346/485/822 1361/509/844
f 1340/490/825 1339/486/823 1354/510/845 1355/514/847
f 1333/491/826 1332/488/824 1347/512/846 1348/498/833
f 1341/492/827 1340/490/825 1355/514/847 1356/500/835
f 1353/508/843 1352/506/841 1367/515/848 1368/516/849
f 1361/509/844 1360/507/842 1375/517/850 1376/518/851
f 1354/510/845 1353/508/843 1368/516/849 1369/519/852
f 1347/512/846 1135/520/650 1362/521/853
f 1211/522/652 1361/509/844 1376/518/851
f 1355/514/847 1354/510/845 1369/519/852 1370/523/854
f 1348/498/833 1347/512/846 1362/521/853 1363/524/855
f 1356/500/835 1355/514/847 1370/523/854 1371/525/856
f 1349/499/834 1348/498/833 1363/524/855 1364/526/857
f 1357/501/836 1356/500/835 1371/525/856 1372/527/858
f 1350/502/837 1349/499/834 1364/526/857 1365/528/859
f 1358/503/838 1357/501/836 1372/527/858 1373/529/860
f 1351/504/839 1350/502/837 1365/528/859 1366/530/861
f 1359/505/840 1358/503/838 1373/529/860 1374/531/862
f 1352/506/841 1351/504/839 1366/530/861 1367/515/848
f 1360/507/842 1359/505/840 1374/531/862 1375/517/850
f 1372/527/858 1371/525/856 1381/532/863 1134/533/864
f 1365/528/859 1364/526/857 1129/534/865 1379/535/866
f 1373/529/860 1372/527/858 1134/533/864 1382/536/867
f 1366/530/861 1365/528/859 1379/535/866 1130/537/868
f 1374/531/862 1373/529/860 1382/536/867 1383/538/869
f 1367/515/848 1366/530/861 1130/537/868 1380/539/870
f 1375/517/850 1374/531/862 1383/538/869 1384/540/871
f 1368/516/849 1367/515/848 1380/539/870 1131/541/872
f 1376/518/851 1375/517/850 1384/540/871 1385/542/873
f 1369/519/852 1368/516/849 1131/541/872 1132/27/874
f 1362/521/853 1135/543/650 1377/544/875
f 1211/545/652 1376/518/851 1385/542/873
f 1370/523/854 1369/519/852 1132/27/874 1133/546/876
f 1363/524/855 1362/521/853 1377/544/875 1378/547/877
f 1371/525/856 1370/523/854 1133/546/876 1381/532/863
f 1364/526/857 1363/524/855 1378/547/877 1129/534/865
f 1131/541/872 1380/539/870 1412/539/878 1388/541/878
f 1137/254/626 1138/253/625 1395/253/878 1394/254/878
f 1381/532/863 1133/546/876 1390/546/878 1413/532/878
f 1138/253/625 1139/259/631 1396/259/878 1395/253/878
f 1139/259/631 1140/263/635 1397/263/878 1396/259/878
f 1134/533/864 1381/532/863 1413/532/878 1391/533/878
f 1382/536/867 1134/533/864 1391/533/878 1414/536/878
f 1140/263/635 1141/267/639 1398/267/878 1397/263/878
f 1211/545/652 1385/542/873 1417/542/878 1408/545/878
f 1141/267/639 1142/271/643 1399/271/878 1398/267/878
f 1135/278/650 1136/277/649 1393/277/878 1392/278/878
f 1142/271/643 1143/275/647 1400/275/878 1399/271/878
f 1150/273/645 1211/280/652 1408/280/878 1407/273/878
f 1143/275/647 1144/250/622 1401/250/878 1400/275/878
f 1144/250/622 1145/249/621 1402/249/878 1401/250/878
f 1145/249/621 1146/257/629 1403/257/878 1402/249/878
f 1377/544/875 1135/543/650 1392/543/878 1409/544/878
f 1378/547/877 1377/544/875 1409/544/878 1410/547/878
f 1146/257/629 1147/261/633 1404/261/878 1403/257/878
f 1129/534/865 1378/547/877 1410/547/878 1386/534/878
f 1383/538/869 1382/536/867 1414/536/878 1415/538/878
f 1147/261/633 1148/265/637 1405/265/878 1404/261/878
f 1379/535/866 1129/534/865 1386/534/878 1411/535/878
f 1132/27/874 1131/541/872 1388/541/878 1389/27/878
f 1384/540/871 1383/538/869 1415/538/878 1416/540/878
f 1148/265/637 1149/269/641 1406/269/878 1405/265/878
f 1130/537/868 1379/535/866 1411/535/878 1387/537/878
f 1133/546/876 1132/27/874 1389/27/878 1390/546/878
f 1385/542/873 1384/540/871 1416/540/878 1417/542/878
f 1149/269/641 1150/273/645 1407/273/878 1406/269/878
f 1380/539/870 1130/537/868 1387/537/878 1412/539/878
f 1136/277/649 1137/254/626 1394/254/878 1393/277/878
s 0
usemtl shampoo_bottle
f 2050/1/1 2051/2/1 2053/3/1 2052/4/1
f 2052/4/3 2053/3/3 2057/9/3 2056/6/3
f 2056/6/33 2057/9/33 2055/753/33 2054/7/33
f 2054/7/18 2055/753/18 2051/34/18 2050/49/18
f 2052/5/2 2056/6/2 2054/7/2 2050/8/2
f 2057/9/26 2053/19/26 2051/754/26 2055/753/26
s 1
usemtl shampoo_bottle_2
f 2058/10/3 2059/11/3 2061/12/69 2060/13/69
f 2060/13/69 2061/12/69 2063/14/68 2062/15/68
f 2062/15/68 2063/14/68 2065/16/67 2064/17/67
f 2064/17/67 2065/16/67 2067/18/66 2066/19/66
f 2066/19/66 2067/18/66 2069/20/65 2068/21/65
f 2068/21/65 2069/20/65 2071/22/64 2070/23/64
f 2070/23/64 2071/22/64 2073/24/63 2072/25/63
f 2072/25/63 2073/24/63 2075/26/33 2074/27/33
f 2074/27/33 2075/26/33 2077/28/90 2076/29/90
f 2076/29/90 2077/28/90 2079/30/89 2078/31/89
f 2078/31/89 2079/30/89 2081/32/88 2080/33/88
f 2080/33/88 2081/32/88 2083/34/87 2082/9/87
f 2082/9/87 2083/34/87 2085/35/86 2084/36/86
f 2084/36/86 2085/35/86 2087/37/85 2086/38/85
f 2086/38/85 2087/37/85 2089/39/84 2088/40/84
f 2088/40/84 2089/39/84 2091/41/18 2090/42/18
f 2090/42/18 2091/41/18 2093/43/83 2092/44/83
f 2092/44/83 2093/43/83 2095/45/82 2094/46/82
f 2094/46/82 2095/45/82 2097/47/81 2096/48/81
f 2096/48/81 2097/47/81 2099/49/80 2098/6/80
f 2098/6/80 2099/49/80 2101/50/79 2100/51/79
f 2100/51/79 2101/50/79 2103/52/78 2102/53/78
f 2102/53/78 2103/52/78 2105/54/77 2104/55/77
f 2104/55/77 2105/54/77 2107/56/1 2106/57/1
f 2106/57/1 2107/56/1 2109/58/76 2108/59/76
f 2108/59/76 2109/58/76 2111/60/75 2110/61/75
f 2110/61/75 2111/60/75 2113/62/74 2112/63/74
f 2112/63/74 2113/62/74 2115/64/73 2114/5/73
f 2114/5/73 2115/64/73 2117/65/72 2116/66/72
f 2116/66/72 2117/65/72 2119/67/71 2118/68/71
s 0
f 2061/755/26 2059/756/26 2121/757/26 2119/758/26 2117/759/26 2115/760/26 2113/761/26 2111/762/26 2109/763/26 2107/764/26 2105/765/26 2103/766/26 2101/767/26 2099/768/26 2097/769/26 2095/770/26 2093/771/26 2091/772/26 2089/773/26 2087/774/26 2085/775/26 2083/776/26 2081/777/26 2079/778/26 2077/779/26 2075/780/26 2073/781/26 2071/782/26 2069/783/26 2067/784/26 2065/785/26 2063/786/26
s 1
f 2118/68/71 2119/67/71 2121/101/70 2120/102/70
f 2120/102/70 2121/101/70 2059/103/3 2058/104/3
s 0
f 2058/787/2 2060/788/2 2062/789/2 2064/790/2 2066/791/2 2068/792/2 2070/793/2 2072/794/2 2074/795/2 2076/796/2 2078/797/2 2080/798/2 2082/799/2 2084/800/2 2086/801/2 2088/802/2 2090/803/2 2092/804/2 2094/805/2 2096/806/2 2098/807/2 2100/808/2 2102/809/2 2104/810/2 2106/811/2 2108/812/2 2110/813/2 2112/814/2 2114/815/2 2116/816/2 2118/817/2 2120/818/2
s 1
f 2122/10/1453 2123/11/1454 2125/12/1455 2124/13/1456
f 2124/13/1456 2125/12/1455 2127/14/1457 2126/15/1458
f 2126/15/1458 2127/14/1457 2129/16/1459 2128/17/1460
f 2128/17/1460 2129/16/1459 2131/18/1461 2130/19/1462
f 2130/19/1462 2131/18/1461 2133/20/1463 2132/21/1464
f 2132/21/1464 2133/20/1463 2135/22/1465 2134/23/1466
f 2134/23/1466 2135/22/1465 2137/24/1467 2136/25/1468
f 2136/25/1468 2137/24/1467 2139/26/1469 2138/27/1470
f 2138/27/1470 2139/26/1469 2141/28/1471 2140/29/1471
f 2140/29/1471 2141/28/1471 2143/30/1472 2142/31/1473
f 2142/31/1473 2143/30/1472 2145/32/1474 2144/33/1475
f 2144/33/1475 2145/32/1474 2147/34/1476 2146/9/1477
f 2146/9/1477 2147/34/1476 2149/35/1478 2148/36/1479
f 2148/36/1479 2149/35/1478 2151/37/1480 2150/38/1481
f 2150/38/1481 2151/37/1480 2153/39/1482 2152/40/1483
f 2152/40/1483 2153/39/1482 2155/41/1484 2154/42/1485
f 2154/42/1485 2155/41/1484 2157/43/1486 2156/44/1487
f 2156/44/1487 2157/43/1486 2159/45/1488 2158/46/1489
f 2158/46/1489 2159/45/1488 2161/47/1490 2160/48/1491
f 2160/48/1491 2161/47/1490 2163/49/1492 2162/6/1493
f 2162/6/1493 2163/49/1492 2165/50/1494 2164/51/1495
f 2164/51/1495 2165/50/1494 2167/52/1496 2166/53/1497
f 2166/53/1497 2167/52/1496 2169/54/1498 2168/55/1499
f 2168/55/1499 2169/54/1498 2171/56/1500 2170/57/1501
f 2170/57/1501 2171/56/1500 2173/58/1502 2172/59/1503
f 2172/59/1503 2173/58/1502 2175/60/1504 2174/61/1505
f 2174/61/1505 2175/60/1504 2177/62/1506 2176/63/1507
f 2176/63/1507 2177/62/1506 2179/64/1508 2178/5/1509
f 2178/5/1509 2179/64/1508 2181/65/1510 2180/66/1511
f 2180/66/1511 2181/65/1510 2183/67/1512 2182/68/1513
s 0
f 2125/755/1514 2123/756/1514 2185/757/1514 2183/758/1514 2181/759/1514 2179/760/1514 2177/761/1514 2175/762/1514 2173/763/1514 2171/764/1514 2169/765/1514 2167/766/1514 2165/767/1514 2163/768/1514 2161/769/1514 2159/770/1514 2157/771/1514 2155/772/1514 2153/773/1514 2151/774/1514 2149/775/1514 2147/776/1514 2145/777/1514 2143/778/1514 2141/779/1514 2139/780/1514 2137/781/1514 2135/782/1514 2133/783/1514 2131/784/1514 2129/785/1514 2127/786/1514
s 1
f 2182/68/1513 2183/67/1512 2185/101/1515 2184/102/1516
f 2184/102/1516 2185/101/1515 2123/103/1454 2122/104/1453
s 0
f 2122/787/2 2124/788/2 2126/789/2 2128/790/2 2130/791/2 2132/792/2 2134/793/2 2136/794/2 2138/795/2 2140/796/2 2142/797/2 2144/798/2 2146/799/2 2148/800/2 2150/801/2 2152/802/2 2154/803/2 2156/804/2 2158/805/2 2160/806/2 2162/807/2 2164/808/2 2166/809/2 2168/810/2 2170/811/2 2172/812/2 2174/813/2 2176/814/2 2178/815/2 2180/816/2 2182/817/2 2184/818/2
s 1
f 2186/10/1517 2187/11/1518 2189/12/1519 2188/13/1520
f 2188/13/1520 2189/12/1519 2191/14/1521 2190/15/1522
f 2190/15/1522 2191/14/1521 2193/16/1523 2192/17/1524
f 2192/17/1524 2193/16/1523 2195/18/1525 2194/19/1526
f 2194/19/1526 2195/18/1525 2197/20/1527 2196/21/1528
f 2196/21/1528 2197/20/1527 2199/22/1529 2198/23/1530
f 2198/23/1530 2199/22/1529 2201/24/1531 2200/25/1532
f 2200/25/1532 2201/24/1531 2203/26/1533 2202/27/1534
f 2202/27/1534 2203/26/1533 2205/28/1535 2204/29/1536
f 2204/29/1536 2205/28/1535 2207/30/1537 2206/31/1538
f 2206/31/1538 2207/30/1537 2209/32/1539 2208/33/1540
f 2208/33/1540 2209/32/1539 2211/34/1541 2210/9/1542
f 2210/9/1542 2211/34/1541 2213/35/1543 2212/36/1544
f 2212/36/1544 2213/35/1543 2215/37/1545 2214/38/1546
f 2214/38/1546 2215/37/1545 2217/39/1547 2216/40/1548
f 2216/40/1548 2217/39/1547 2219/41/1549 2218/42/1550
f 2218/42/1550 2219/41/1549 2221/43/1551 2220/44/1552
f 2220/44/1552 2221/43/1551 2223/45/1553 2222/46/1554
f 2222/46/1554 2223/45/1553 2225/47/1555 2224/48/1556
f 2224/48/1556 2225/47/1555 2227/49/1557 2226/6/1558
f 2226/6/1558 2227/49/1557 2229/50/1559 2228/51/1560
f 2228/51/1560 2229/50/1559 2231/52/1561 2230/53/1562
f 2230/53/1562 2231/52/1561 2233/54/1563 2232/55/1564
f 2232/55/1564 2233/54/1563 2235/56/1565 2234/57/1566
f 2234/57/1566 2235/56/1565 2237/58/1567 2236/59/1568
f 2236/59/1568 2237/58/1567 2239/60/1569 2238/61/1570
f 2238/61/1570 2239/60/1569 2241/62/1571 2240/63/1572
f 2240/63/1572 2241/62/1571 2243/64/1573 2242/5/1574
f 2242/5/1574 2243/64/1573 2245/65/1575 2244/66/1576
f 2244/66/1576 2245/65/1575 2247/67/1577 2246/68/1578
s 0
f 2189/755/1579 2187/756/1579 2249/757/1579 2247/758/1579 2245/759/1579 2243/760/1579 2241/761/1579 2239/762/1579 2237/763/1579 2235/764/1579 2233/765/1579 2231/766/1579 2229/767/1579 2227/768/1579 2225/769/1579 2223/770/1579 2221/771/1579 2219/772/1579 2217/773/1579 2215/774/1579 2213/775/1579 2211/776/1579 2209/777/1579 2207/778/1579 2205/779/1579 2203/780/1579 2201/781/1579 2199/782/1579 2197/783/1579 2195/784/1579 2193/785/1579 2191/786/1579
s 1
f 2246/68/1578 2247/67/1577 2249/101/1580 2248/102/1581
f 2248/102/1581 2249/101/1580 2187/103/1518 2186/104/1517
s 0
f 2186/787/1582 2188/788/1582 2190/789/1582 2192/790/1582 2194/791/1582 2196/792/1582 2198/793/1582 2200/794/1582 2202/795/1582 2204/796/1582 2206/797/1582 2208/798/1582 2210/799/1582 2212/800/1582 2214/801/1582 2216/802/1582 2218/803/1582 2220/804/1582 2222/805/1582 2224/806/1582 2226/807/1582 2228/808/1582 2230/809/1582 2232/810/1582 2234/811/1582 2236/812/1582 2238/813/1582 2240/814/1582 2242/815/1582 2244/816/1582 2246/817/1582 2248/818/1582
o toilet
v -1.421428 0.801855 -2.114673
v -1.421428 2.801855 -2.022524
v -1.226338 0.801855 -2.083763
v -1.287776 2.801855 -2.001348
v -1.038745 0.801855 -1.992221
v -1.159259 2.801855 -1.938634
v -0.865858 0.801855 -1.843566
v -1.040817 2.801855 -1.836793
v -0.714321 0.801855 -1.643509
v -0.937002 2.801855 -1.699738
v -0.589959 0.801855 -1.399739
v -0.851804 2.801855 -1.532735
v -0.497549 0.801855 -1.121624
v -0.788495 2.801855 -1.342203
v -0.440643 0.801855 -0.819851
v -0.749510 2.801855 -1.135464
v -0.421428 0.801855 -0.506017
v -0.736347 2.801855 -0.920463
v -0.440643 0.801855 -0.192184
v -0.749510 2.801855 -0.705462
v -0.497549 0.801855 0.109588
v -0.788495 2.801855 -0.498723
v -0.589959 0.801855 0.387704
v -0.851804 2.801855 -0.308191
v -0.714321 0.801855 0.631474
v -0.937002 2.801855 -0.141189
v -0.865858 0.801855 0.831531
v -1.040817 2.801855 -0.004134
v -1.038745 0.801855 0.980186
v -1.159259 2.801855 0.097708
v -1.226338 0.801855 1.071728
v -1.287776 2.801855 0.160421
v -1.421428 0.801855 1.102638
v -1.421428 2.801855 0.181597
v -1.616518 0.801855 1.071728
v -1.555081 2.801855 0.160421
v -1.804112 0.801855 0.980186
v -1.683598 2.801855 0.097708
v -1.976998 0.801855 0.831531
v -1.802039 2.801855 -0.004134
v -2.128535 0.801855 0.631474
v -1.905854 2.801855 -0.141189
v -2.252898 0.801855 0.387704
v -1.991053 2.801855 -0.308191
v -2.345308 0.801855 0.109588
v -2.054361 2.801855 -0.498723
v -2.402214 0.801855 -0.192184
v -2.093346 2.801855 -0.705462
v -2.421428 0.801855 -0.506017
v -2.106510 2.801855 -0.920463
v -2.402214 0.801855 -0.819851
v -2.093346 2.801855 -1.135464
v -2.345308 0.801855 -1.121624
v -2.054361 2.801855 -1.342203
v -2.252898 0.801855 -1.399739
v -1.991053 2.801855 -1.532735
v -2.128535 0.801855 -1.643509
v -1.905854 2.801855 -1.699738
v -1.976998 0.801855 -1.843566
v -1.802039 2.801855 -1.836793
v -1.804112 0.801855 -1.992221
v -1.683598 2.801855 -1.938634
v -1.616518 0.801855 -2.083763
v -1.555081 2.801855 -2.001348
v -1.421428 3.720596 -2.886712
v -1.421428 3.361993 -2.841616
v -1.421428 2.699381 -2.491179
v -1.159681 3.720596 -2.841616
v -1.164710 3.361993 -2.797387
v -1.179605 3.017171 -2.666398
v -1.203793 2.699381 -2.453682
v -1.236345 2.420836 -2.167416
v -1.276009 2.192240 -1.818599
v -1.321262 2.022378 -1.420637
v -1.370364 1.917777 -0.988823
v -0.907993 3.720596 -2.708061
v -0.917858 3.361993 -2.666398
v -0.947076 3.017171 -2.543008
v -0.994522 2.699381 -2.342635
v -1.058374 2.420836 -2.072978
v -1.136179 2.192240 -1.744400
v -1.224945 2.022378 -1.369528
v -1.321262 1.917777 -0.962768
v -0.676036 3.720596 -2.491178
v -0.690358 3.361993 -2.453682
v -0.732775 3.017171 -2.342635
v -0.801657 2.699381 -2.162303
v -0.894356 2.420836 -1.919619
v -1.007310 2.192240 -1.623906
v -1.136179 2.022378 -1.286530
v -1.276009 1.917777 -0.920456
v -0.472724 3.720596 -2.199303
v -0.490953 3.361993 -2.167415
v -0.544940 3.017171 -2.072978
v -0.632609 2.699381 -1.919618
v -0.750593 2.420836 -1.713232
v -0.894356 2.192240 -1.461749
v -1.058374 2.022378 -1.174834
v -1.236345 1.917777 -0.863514
v -0.305870 3.720596 -1.843653
v -0.327305 3.361993 -1.818599
v -0.390787 3.017171 -1.744400
v -0.493875 2.699381 -1.623906
v -0.632609 2.420836 -1.461749
v -0.801657 2.192240 -1.264160
v -0.994522 2.022378 -1.038733
v -1.203793 1.917777 -0.794130
v -0.181886 3.720596 -1.437894
v -0.205703 3.361993 -1.420637
v -0.276240 3.017171 -1.369528
v -0.390787 2.699381 -1.286530
v -0.544939 2.420836 -1.174835
v -0.732775 2.192240 -1.038733
v -0.947076 2.022378 -0.883456
v -1.179605 1.917777 -0.714971
v -0.105537 3.720596 -0.997620
v -0.130822 3.361993 -0.988823
v -0.205703 3.017171 -0.962768
v -0.327305 2.699381 -0.920456
v -0.490953 2.420836 -0.863514
v -0.690358 2.192240 -0.794130
v -0.917858 2.022378 -0.714971
v -1.164710 1.917777 -0.629077
v -0.079758 3.720596 -0.539751
v -0.105537 3.361993 -0.539751
v -0.181886 3.017171 -0.539752
v -0.305870 2.699381 -0.539751
v -0.472724 2.420836 -0.539752
v -0.676036 2.192240 -0.539752
v -0.907993 2.022378 -0.539752
v -1.159681 1.917777 -0.539752
v -0.105538 3.720596 -0.081882
v -0.130822 3.361993 -0.090680
v -0.205703 3.017171 -0.116735
v -0.327305 2.699381 -0.159047
v -0.490953 2.420836 -0.215989
v -0.690358 2.192240 -0.285373
v -0.917858 2.022378 -0.364533
v -1.164710 1.917777 -0.450426
v -0.181887 3.720596 0.358392
v -0.205704 3.361993 0.341134
v -0.276240 3.017171 0.290024
v -0.390787 2.699381 0.207027
v -0.544940 2.420836 0.095331
v -0.732776 2.192240 -0.040770
v -0.947076 2.022378 -0.196047
v -1.179605 1.917777 -0.364533
v -0.305870 3.720596 0.764150
v -0.327305 3.361993 0.739096
v -0.390787 3.017171 0.664896
v -0.493875 2.699381 0.544403
v -0.632609 2.420836 0.382246
v -0.801657 2.192240 0.184657
v -0.994522 2.022378 -0.040770
v -1.203793 1.917777 -0.285373
v -0.472724 3.720596 1.119800
v -0.490953 3.361993 1.087912
v -0.544940 3.017171 0.993474
v -0.632609 2.699381 0.840115
v -0.750593 2.420836 0.633729
v -0.894356 2.192240 0.382246
v -1.058375 2.022378 0.095331
v -1.236345 1.917777 -0.215989
v -0.676036 3.720596 1.411674
v -0.690358 3.361993 1.374179
v -0.732775 3.017171 1.263131
v -0.801657 2.699381 1.082800
v -0.894356 2.420836 0.840115
v -1.007310 2.192240 0.544403
v -1.136179 2.022378 0.207027
v -1.276009 1.917777 -0.159047
v -0.907993 3.720596 1.628556
v -0.917859 3.361993 1.586894
v -0.947076 3.017171 1.463504
v -0.994522 2.699381 1.263131
v -1.058375 2.420836 0.993474
v -1.136179 2.192240 0.664896
v -1.224945 2.022378 0.290024
v -1.321262 1.917777 -0.116736
v -1.159682 3.720596 1.762112
v -1.164711 3.361993 1.717883
v -1.179605 3.017171 1.586894
v -1.203794 2.699381 1.374178
v -1.236345 2.420836 1.087912
v -1.276009 2.192240 0.739095
v -1.321262 2.022378 0.341134
v -1.370364 1.917777 -0.090680
v -1.421428 3.720596 1.807207
v -1.421428 3.361993 1.762112
v -1.421428 3.017171 1.628556
v -1.421428 2.699381 1.411674
v -1.421428 2.420836 1.119800
v -1.421428 2.192240 0.764149
v -1.421428 2.022378 0.358391
v -1.421428 1.917777 -0.081882
v -1.683175 3.720596 1.762111
v -1.678146 3.361993 1.717882
v -1.663250 3.017171 1.586894
v -1.639063 2.699381 1.374178
v -1.606511 2.420836 1.087912
v -1.566847 2.192240 0.739095
v -1.521594 2.022378 0.341134
v -1.472492 1.917777 -0.090680
v -1.934863 3.720596 1.628555
v -1.924997 3.361993 1.586894
v -1.895780 3.017171 1.463504
v -1.848334 2.699381 1.263131
v -1.784481 2.420836 0.993474
v -1.706677 2.192240 0.664896
v -1.617911 2.022378 0.290024
v -1.521594 1.917777 -0.116736
v -2.166820 3.720596 1.411673
v -2.152498 3.361993 1.374178
v -2.110080 3.017171 1.263131
v -2.041199 2.699381 1.082800
v -1.948500 2.420836 0.840115
v -1.835546 2.192240 0.544402
v -1.706677 2.022378 0.207027
v -1.566847 1.917777 -0.159048
v -2.370132 3.720596 1.119798
v -2.351903 3.361993 1.087912
v -2.297916 3.017171 0.993474
v -2.210247 2.699381 0.840114
v -2.092263 2.420836 0.633729
v -1.948500 2.192240 0.382245
v -1.784481 2.022378 0.095331
v -1.606511 1.917777 -0.215989
v -1.421428 1.882458 -0.539752
v -2.536986 3.720596 0.764148
v -2.515551 3.361993 0.739095
v -2.452069 3.017171 0.664896
v -2.348980 2.699381 0.544402
v -2.210247 2.420836 0.382246
v -2.041199 2.192240 0.184657
v -1.848333 2.022378 -0.040771
v -1.639062 1.917777 -0.285373
v -2.660969 3.720596 0.358390
v -2.637152 3.361993 0.341133
v -2.566615 3.017171 0.290024
v -2.452069 2.699381 0.207026
v -2.297916 2.420836 0.095331
v -2.110080 2.192240 -0.040771
v -1.895780 2.022378 -0.196047
v -1.663250 1.917777 -0.364533
v -2.737318 3.720596 -0.081884
v -2.712034 3.361993 -0.090681
v -2.637152 3.017171 -0.116736
v -2.515551 2.699381 -0.159048
v -2.351903 2.420836 -0.215989
v -2.152497 2.192240 -0.285374
v -1.924997 2.022378 -0.364533
v -1.678145 1.917777 -0.450426
v -2.763097 3.720596 -0.539753
v -2.737318 3.361993 -0.539752
v -2.660969 3.017171 -0.539752
v -2.536986 2.699381 -0.539752
v -2.370132 2.420836 -0.539752
v -2.166820 2.192240 -0.539752
v -1.934863 2.022378 -0.539752
v -1.683175 1.917777 -0.539752
v -2.737318 3.720596 -0.997622
v -2.712034 3.361993 -0.988824
v -2.637152 3.017171 -0.962768
v -2.515550 2.699381 -0.920456
v -2.351903 2.420836 -0.863514
v -2.152497 2.192240 -0.794130
v -1.924997 2.022378 -0.714971
v -1.678145 1.917777 -0.629077
v -2.660969 3.720596 -1.437895
v -2.637152 3.361993 -1.420637
v -2.566615 3.017171 -1.369527
v -2.452069 2.699381 -1.286530
v -2.297916 2.420836 -1.174834
v -2.110080 2.192240 -1.038733
v -1.895780 2.022378 -0.883456
v -1.663250 1.917777 -0.714971
v -2.536985 3.720596 -1.843653
v -2.515550 3.361993 -1.818599
v -2.452069 3.017171 -1.744399
v -2.348980 2.699381 -1.623906
v -2.210247 2.420836 -1.461749
v -2.041198 2.192240 -1.264160
v -1.848333 2.022378 -1.038733
v -1.639062 1.917777 -0.794130
v -2.370131 3.720596 -2.199303
v -2.351902 3.361993 -2.167415
v -2.297916 3.017171 -2.072977
v -2.210246 2.699381 -1.919618
v -2.092263 2.420836 -1.713232
v -1.948499 2.192240 -1.461749
v -1.784481 2.022378 -1.174834
v -1.606511 1.917777 -0.863514
v -2.166819 3.720596 -2.491177
v -2.152497 3.361993 -2.453681
v -2.110080 3.017171 -2.342634
v -2.041198 2.699381 -2.162303
v -1.948500 2.420836 -1.919618
v -1.835545 2.192240 -1.623905
v -1.706677 2.022378 -1.286530
v -1.566847 1.917777 -0.920456
v -1.934862 3.720596 -2.708059
v -1.924997 3.361993 -2.666396
v -1.895780 3.017171 -2.543007
v -1.848333 2.699381 -2.342634
v -1.784481 2.420836 -2.072978
v -1.706677 2.192240 -1.744399
v -1.617911 2.022378 -1.369527
v -1.521594 1.917777 -0.962767
v -1.683174 3.720596 -2.841614
v -1.678145 3.361993 -2.797386
v -1.663250 3.017171 -2.666396
v -1.639062 2.699381 -2.453681
v -1.606511 2.420836 -2.167415
v -1.566846 2.192240 -1.818598
v -1.521594 2.022378 -1.420637
v -1.472492 1.917777 -0.988823
v -1.421428 3.017171 -2.708059
v -1.421428 2.420836 -2.199303
v -1.421428 2.192240 -1.843652
v -1.421428 2.022378 -1.437894
v -1.421428 1.917777 -0.997620
v -0.037350 3.778129 -0.530548
v -0.073867 3.856220 -0.530548
v -0.173632 3.913387 -0.530548
v -0.309912 3.934312 -0.530548
v -0.446194 3.913387 -0.530548
v -0.545958 3.856220 -0.530548
v -0.582475 3.778129 -0.530548
v -0.545958 3.700038 -0.530548
v -0.446194 3.642871 -0.530548
v -0.309912 3.621946 -0.530548
v -0.173632 3.642871 -0.530548
v -0.073867 3.700038 -0.530548
v -0.049009 3.778129 -0.847127
v -0.085213 3.856220 -0.838644
v -0.184125 3.913387 -0.815469
v -0.319240 3.934312 -0.783811
v -0.454355 3.913387 -0.752153
v -0.553266 3.856220 -0.728978
v -0.589470 3.778129 -0.720495
v -0.553266 3.700038 -0.728978
v -0.454355 3.642871 -0.752153
v -0.319240 3.621946 -0.783811
v -0.184125 3.642871 -0.815469
v -0.085213 3.700038 -0.838644
v -0.083787 3.778129 -1.158289
v -0.119059 3.856220 -1.141469
v -0.215425 3.913387 -1.095515
v -0.347062 3.934312 -1.032741
v -0.478699 3.913387 -0.969967
v -0.575065 3.856220 -0.924013
v -0.610337 3.778129 -0.907193
v -0.575065 3.700038 -0.924013
v -0.478699 3.642871 -0.969967
v -0.347062 3.621946 -1.032741
v -0.215425 3.642871 -1.095515
v -0.119059 3.700038 -1.141469
v -0.141088 3.778129 -1.458711
v -0.174825 3.856220 -1.433841
v -0.266996 3.913387 -1.365895
v -0.392903 3.934312 -1.273078
v -0.518810 3.913387 -1.180262
v -0.610981 3.856220 -1.112316
v -0.644717 3.778129 -1.087446
v -0.610981 3.700038 -1.112316
v -0.518810 3.642871 -1.180262
v -0.392903 3.621946 -1.273078
v -0.266996 3.642871 -1.365895
v -0.174825 3.700038 -1.433841
v -0.219933 3.778129 -1.743252
v -0.251557 3.856220 -1.710758
v -0.337955 3.913387 -1.621982
v -0.455978 3.934312 -1.500711
v -0.574001 3.913387 -1.379441
v -0.660400 3.856220 -1.290665
v -0.692024 3.778129 -1.258170
v -0.660400 3.700038 -1.290665
v -0.574001 3.642871 -1.379441
v -0.455978 3.621946 -1.500711
v -0.337955 3.642871 -1.621982
v -0.251557 3.700038 -1.710758
v -0.318971 3.778129 -2.007042
v -0.347941 3.856220 -1.967479
v -0.427090 3.913387 -1.859392
v -0.535209 3.934312 -1.711743
v -0.643328 3.913387 -1.564094
v -0.722476 3.856220 -1.456007
v -0.751447 3.778129 -1.416444
v -0.722476 3.700038 -1.456007
v -0.643328 3.642871 -1.564094
v -0.535209 3.621946 -1.711743
v -0.427090 3.642871 -1.859392
v -0.347941 3.700038 -1.967479
v -0.436509 3.778129 -2.245570
v -0.462330 3.856220 -2.199616
v -0.532874 3.913387 -2.074068
v -0.629239 3.934312 -1.902565
v -0.725604 3.913387 -1.731063
v -0.796149 3.856220 -1.605515
v -0.821970 3.778129 -1.559561
v -0.796149 3.700038 -1.605515
v -0.725604 3.642871 -1.731063
v -0.629239 3.621946 -1.902565
v -0.532874 3.642871 -2.074068
v -0.462330 3.700038 -2.199616
v -0.570534 3.778129 -2.454752
v -0.592764 3.856220 -2.403194
v -0.653497 3.913387 -2.262332
v -0.736460 3.934312 -2.069912
v -0.819423 3.913387 -1.877491
v -0.880155 3.856220 -1.736630
v -0.902385 3.778129 -1.685071
v -0.880155 3.700038 -1.736630
v -0.819423 3.642871 -1.877491
v -0.736460 3.621946 -2.069912
v -0.653497 3.642871 -2.262332
v -0.592764 3.700038 -2.403194
v -0.718756 3.778129 -2.631012
v -0.737014 3.856220 -2.574731
v -0.786896 3.913387 -2.420966
v -0.855037 3.934312 -2.210920
v -0.923178 3.913387 -2.000873
v -0.973060 3.856220 -1.847108
v -0.991318 3.778129 -1.790827
v -0.973060 3.700038 -1.847108
v -0.923178 3.642871 -2.000873
v -0.855037 3.621946 -2.210920
v -0.786896 3.642871 -2.420966
v -0.737014 3.700038 -2.574731
v -0.878636 3.778129 -2.771332
v -0.892610 3.856220 -2.711290
v -0.930788 3.913387 -2.547253
v -0.982941 3.934312 -2.323175
v -1.035094 3.913387 -2.099097
v -1.073272 3.856220 -1.935060
v -1.087246 3.778129 -1.875018
v -1.073272 3.700038 -1.935060
v -1.035094 3.642871 -2.099097
v -0.982941 3.621946 -2.323175
v -0.930788 3.642871 -2.547253
v -0.892610 3.700038 -2.711290
v -1.047440 3.778129 -2.873312
v -1.056891 3.856220 -2.810537
v -1.082712 3.913387 -2.639035
v -1.117984 3.934312 -2.404759
v -1.153256 3.913387 -2.170483
v -1.179077 3.856220 -1.998980
v -1.188529 3.778129 -1.936206
v -1.179077 3.700038 -1.998980
v -1.153256 3.642871 -2.170483
v -1.117984 3.621946 -2.404759
v -1.082712 3.642871 -2.639035
v -1.056891 3.700038 -2.810537
v -1.222279 3.778129 -2.935205
v -1.227045 3.856220 -2.870773
v -1.240067 3.913387 -2.694740
v -1.257856 3.934312 -2.454274
v -1.275644 3.913387 -2.213809
v -1.288666 3.856220 -2.037775
v -1.293432 3.778129 -1.973343
v -1.288666 3.700038 -2.037775
v -1.275644 3.642871 -2.213809
v -1.257856 3.621946 -2.454274
v -1.240067 3.642871 -2.694740
v -1.227045 3.700038 -2.870773
v -1.400161 3.778129 -2.955956
v -1.400161 3.856220 -2.890966
v -1.400161 3.913387 -2.713415
v -1.400161 3.934312 -2.470874
v -1.400161 3.913387 -2.228333
v -1.400161 3.856220 -2.050781
v -1.400161 3.778129 -1.985792
v -1.400161 3.700038 -2.050781
v -1.400161 3.642871 -2.228333
v -1.400161 3.621946 -2.470874
v -1.400161 3.642871 -2.713415
v -1.400161 3.700038 -2.890966
v -1.578044 3.778129 -2.935205
v -1.573278 3.856220 -2.870773
v -1.560256 3.913387 -2.694740
v -1.542467 3.934312 -2.454274
v -1.524679 3.913387 -2.213809
v -1.511657 3.856220 -2.037775
v -1.506891 3.778129 -1.973343
v -1.511657 3.700038 -2.037775
v -1.524679 3.642871 -2.213809
v -1.542467 3.621946 -2.454274
v -1.560256 3.642871 -2.694740
v -1.573278 3.700038 -2.870773
v -1.752882 3.778129 -2.873312
v -1.743431 3.856220 -2.810538
v -1.717610 3.913387 -2.639035
v -1.682338 3.934312 -2.404759
v -1.647066 3.913387 -2.170483
v -1.621245 3.856220 -1.998980
v -1.611794 3.778129 -1.936206
v -1.621245 3.700038 -1.998980
v -1.647066 3.642871 -2.170483
v -1.682338 3.621946 -2.404759
v -1.717610 3.642871 -2.639035
v -1.743431 3.700038 -2.810538
v -1.921687 3.778129 -2.771332
v -1.907712 3.856220 -2.711291
v -1.869534 3.913387 -2.547253
v -1.817382 3.934312 -2.323175
v -1.765229 3.913387 -2.099097
v -1.727051 3.856220 -1.935060
v -1.713076 3.778129 -1.875018
v -1.727051 3.700038 -1.935060
v -1.765229 3.642871 -2.099097
v -1.817382 3.621946 -2.323175
v -1.869534 3.642871 -2.547253
v -1.907712 3.700038 -2.711291
v -2.081567 3.778129 -2.631013
v -2.063308 3.856220 -2.574731
v -2.013426 3.913387 -2.420966
v -1.945286 3.934312 -2.210920
v -1.877145 3.913387 -2.000873
v -1.827263 3.856220 -1.847108
v -1.809004 3.778129 -1.790827
v -1.827263 3.700038 -1.847108
v -1.877145 3.642871 -2.000873
v -1.945286 3.621946 -2.210920
v -2.013426 3.642871 -2.420966
v -2.063308 3.700038 -2.574731
v -2.229788 3.778129 -2.454753
v -2.207558 3.856220 -2.403194
v -2.146825 3.913387 -2.262332
v -2.063863 3.934312 -2.069912
v -1.980900 3.913387 -1.877491
v -1.920167 3.856220 -1.736630
v -1.897937 3.778129 -1.685071
v -1.920167 3.700038 -1.736630
v -1.980900 3.642871 -1.877491
v -2.063863 3.621946 -2.069912
v -2.146825 3.642871 -2.262332
v -2.207558 3.700038 -2.403194
v -2.363814 3.778129 -2.245570
v -2.337993 3.856220 -2.199616
v -2.267449 3.913387 -2.074067
v -2.171084 3.934312 -1.902565
v -2.074718 3.913387 -1.731063
v -2.004174 3.856220 -1.605515
v -1.978353 3.778129 -1.559561
v -2.004174 3.700038 -1.605515
v -2.074718 3.642871 -1.731063
v -2.171084 3.621946 -1.902565
v -2.267449 3.642871 -2.074067
v -2.337993 3.700038 -2.199616
v -2.481352 3.778129 -2.007042
v -2.452382 3.856220 -1.967480
v -2.373233 3.913387 -1.859393
v -2.265114 3.934312 -1.711743
v -2.156995 3.913387 -1.564094
v -2.077846 3.856220 -1.456007
v -2.048876 3.778129 -1.416445
v -2.077846 3.700038 -1.456007
v -2.156995 3.642871 -1.564094
v -2.265114 3.621946 -1.711743
v -2.373233 3.642871 -1.859393
v -2.452382 3.700038 -1.967480
v -2.580390 3.778129 -1.743252
v -2.548766 3.856220 -1.710758
v -2.462367 3.913387 -1.621982
v -2.344344 3.934312 -1.500712
v -2.226321 3.913387 -1.379441
v -2.139923 3.856220 -1.290665
v -2.108299 3.778129 -1.258171
v -2.139923 3.700038 -1.290665
v -2.226321 3.642871 -1.379441
v -2.344344 3.621946 -1.500712
v -2.462367 3.642871 -1.621982
v -2.548766 3.700038 -1.710758
v -2.659235 3.778129 -1.458712
v -2.625498 3.856220 -1.433841
v -2.533327 3.913387 -1.365895
v -2.407420 3.934312 -1.273079
v -2.281512 3.913387 -1.180262
v -2.189342 3.856220 -1.112316
v -2.155605 3.778129 -1.087446
v -2.189342 3.700038 -1.112316
v -2.281512 3.642871 -1.180262
v -2.407420 3.621946 -1.273079
v -2.533327 3.642871 -1.365895
v -2.625498 3.700038 -1.433841
v -2.716536 3.778129 -1.158289
v -2.681263 3.856220 -1.141469
v -2.584898 3.913387 -1.095515
v -2.453261 3.934312 -1.032741
v -2.321623 3.913387 -0.969967
v -2.225258 3.856220 -0.924013
v -2.189986 3.778129 -0.907193
v -2.225258 3.700038 -0.924013
v -2.321623 3.642871 -0.969967
v -2.453261 3.621946 -1.032741
v -2.584898 3.642871 -1.095515
v -2.681263 3.700038 -1.141469
v -2.751313 3.778129 -0.847127
v -2.715109 3.856220 -0.838645
v -2.616198 3.913387 -0.815470
v -2.481083 3.934312 -0.783812
v -2.345968 3.913387 -0.752154
v -2.247056 3.856220 -0.728978
v -2.210852 3.778129 -0.720496
v -2.247056 3.700038 -0.728978
v -2.345968 3.642871 -0.752154
v -2.481083 3.621946 -0.783812
v -2.616198 3.642871 -0.815470
v -2.715109 3.700038 -0.838645
v -2.762972 3.778129 -0.530548
v -2.726456 3.856220 -0.530548
v -2.626691 3.913387 -0.530548
v -2.490410 3.934312 -0.530548
v -2.354129 3.913387 -0.530548
v -2.254364 3.856220 -0.530548
v -2.217848 3.778129 -0.530548
v -2.254364 3.700038 -0.530548
v -2.354129 3.642871 -0.530548
v -2.490410 3.621946 -0.530548
v -2.626691 3.642871 -0.530548
v -2.726456 3.700038 -0.530548
v -2.751313 3.778129 -0.213969
v -2.715109 3.856220 -0.222451
v -2.616198 3.913387 -0.245626
v -2.481083 3.934312 -0.277284
v -2.345968 3.913387 -0.308942
v -2.247056 3.856220 -0.332118
v -2.210852 3.778129 -0.340600
v -2.247056 3.700038 -0.332118
v -2.345968 3.642871 -0.308942
v -2.481083 3.621946 -0.277284
v -2.616198 3.642871 -0.245626
v -2.715109 3.700038 -0.222451
v -2.716536 3.778129 0.097193
v -2.681263 3.856220 0.080373
v -2.584898 3.913387 0.034419
v -2.453261 3.934312 -0.028355
v -2.321623 3.913387 -0.091129
v -2.225258 3.856220 -0.137083
v -2.189986 3.778129 -0.153903
v -2.225258 3.700038 -0.137083
v -2.321623 3.642871 -0.091129
v -2.453261 3.621946 -0.028355
v -2.584898 3.642871 0.034419
v -2.681263 3.700038 0.080373
v -2.659235 3.778129 0.397614
v -2.625498 3.856220 0.372744
v -2.533327 3.913387 0.304798
v -2.407420 3.934312 0.211982
v -2.281513 3.913387 0.119166
v -2.189342 3.856220 0.051220
v -2.155605 3.778129 0.026350
v -2.189342 3.700038 0.051220
v -2.281513 3.642871 0.119166
v -2.407420 3.621946 0.211982
v -2.533327 3.642871 0.304798
v -2.625498 3.700038 0.372744
v -2.580390 3.778129 0.682155
v -2.548766 3.856220 0.649661
v -2.462368 3.913387 0.560885
v -2.344345 3.934312 0.439615
v -2.226322 3.913387 0.318344
v -2.139923 3.856220 0.229568
v -2.108299 3.778129 0.197074
v -2.139923 3.700038 0.229568
v -2.226322 3.642871 0.318344
v -2.344345 3.621946 0.439615
v -2.462368 3.642871 0.560885
v -2.548766 3.700038 0.649661
v -2.481352 3.778129 0.945947
v -2.452382 3.856220 0.906384
v -2.373233 3.913387 0.798297
v -2.265114 3.934312 0.650648
v -2.156995 3.913387 0.502999
v -2.077846 3.856220 0.394912
v -2.048876 3.778129 0.355349
v -2.077846 3.700038 0.394912
v -2.156995 3.642871 0.502999
v -2.265114 3.621946 0.650648
v -2.373233 3.642871 0.798297
v -2.452382 3.700038 0.906384
v -2.363814 3.778129 1.184474
v -2.337993 3.856220 1.138520
v -2.267449 3.913387 1.012971
v -2.171084 3.934312 0.841469
v -2.074718 3.913387 0.669967
v -2.004174 3.856220 0.544419
v -1.978353 3.778129 0.498465
v -2.004174 3.700038 0.544419
v -2.074718 3.642871 0.669967
v -2.171084 3.621946 0.841469
v -2.267449 3.642871 1.012971
v -2.337993 3.700038 1.138520
v -2.229789 3.778129 1.393657
v -2.207559 3.856220 1.342097
v -2.146826 3.913387 1.201236
v -2.063863 3.934312 1.008816
v -1.980900 3.913387 0.816395
v -1.920167 3.856220 0.675533
v -1.897938 3.778129 0.623975
v -1.920167 3.700038 0.675533
v -1.980900 3.642871 0.816395
v -2.063863 3.621946 1.008816
v -2.146826 3.642871 1.201236
v -2.207559 3.700038 1.342097
v -2.081567 3.778129 1.569917
v -2.063308 3.856220 1.513635
v -2.013426 3.913387 1.359870
v -1.945286 3.934312 1.149824
v -1.877145 3.913387 0.939777
v -1.827263 3.856220 0.786012
v -1.809004 3.778129 0.729731
v -1.827263 3.700038 0.786012
v -1.877145 3.642871 0.939777
v -1.945286 3.621946 1.149824
v -2.013426 3.642871 1.359870
v -2.063308 3.700038 1.513635
v -1.921687 3.778129 1.710237
v -1.907712 3.856220 1.650195
v -1.869534 3.913387 1.486158
v -1.817382 3.934312 1.262079
v -1.765229 3.913387 1.038001
v -1.727051 3.856220 0.873964
v -1.713076 3.778129 0.813923
v -1.727051 3.700038 0.873964
v -1.765229 3.642871 1.038001
v -1.817382 3.621946 1.262079
v -1.869534 3.642871 1.486158
v -1.907712 3.700038 1.650195
v -1.752883 3.778129 1.812216
v -1.743432 3.856220 1.749442
v -1.717611 3.913387 1.577939
v -1.682339 3.934312 1.343663
v -1.647067 3.913387 1.109387
v -1.621246 3.856220 0.937884
v -1.611794 3.778129 0.875110
v -1.621246 3.700038 0.937884
v -1.647067 3.642871 1.109387
v -1.682339 3.621946 1.343663
v -1.717611 3.642871 1.577939
v -1.743432 3.700038 1.749442
v -1.578045 3.778129 1.874110
v -1.573278 3.856220 1.809677
v -1.560256 3.913387 1.633644
v -1.542468 3.934312 1.393178
v -1.524680 3.913387 1.152713
v -1.511658 3.856220 0.976679
v -1.506891 3.778129 0.912246
v -1.511658 3.700038 0.976679
v -1.524680 3.642871 1.152713
v -1.542468 3.621946 1.393178
v -1.560256 3.642871 1.633644
v -1.573278 3.700038 1.809677
v -1.400161 3.778129 1.894860
v -1.400161 3.856220 1.829871
v -1.400161 3.913387 1.652319
v -1.400161 3.934312 1.409778
v -1.400161 3.913387 1.167237
v -1.400161 3.856220 0.989685
v -1.400161 3.778129 0.924697
v -1.400161 3.700038 0.989685
v -1.400161 3.642871 1.167237
v -1.400161 3.621946 1.409778
v -1.400161 3.642871 1.652319
v -1.400161 3.700038 1.829871
v -1.222279 3.778129 1.874110
v -1.227045 3.856220 1.809677
v -1.240067 3.913387 1.633644
v -1.257856 3.934312 1.393178
v -1.275644 3.913387 1.152713
v -1.288666 3.856220 0.976679
v -1.293432 3.778129 0.912247
v -1.288666 3.700038 0.976679
v -1.275644 3.642871 1.152713
v -1.257856 3.621946 1.393178
v -1.240067 3.642871 1.633644
v -1.227045 3.700038 1.809677
v -1.047441 3.778129 1.812216
v -1.056892 3.856220 1.749442
v -1.082713 3.913387 1.577940
v -1.117985 3.934312 1.343664
v -1.153257 3.913387 1.109387
v -1.179078 3.856220 0.937885
v -1.188529 3.778129 0.875110
v -1.179078 3.700038 0.937885
v -1.153257 3.642871 1.109387
v -1.117985 3.621946 1.343664
v -1.082713 3.642871 1.577940
v -1.056892 3.700038 1.749442
v -0.878636 3.778129 1.710236
v -0.892610 3.856220 1.650195
v -0.930788 3.913387 1.486157
v -0.982941 3.934312 1.262079
v -1.035094 3.913387 1.038001
v -1.073272 3.856220 0.873964
v -1.087246 3.778129 0.813923
v -1.073272 3.700038 0.873964
v -1.035094 3.642871 1.038001
v -0.982941 3.621946 1.262079
v -0.930788 3.642871 1.486157
v -0.892610 3.700038 1.650195
v -0.718756 3.778129 1.569917
v -0.737014 3.856220 1.513635
v -0.786896 3.913387 1.359870
v -0.855037 3.934312 1.149824
v -0.923178 3.913387 0.939777
v -0.973060 3.856220 0.786012
v -0.991318 3.778129 0.729731
v -0.973060 3.700038 0.786012
v -0.923178 3.642871 0.939777
v -0.855037 3.621946 1.149824
v -0.786896 3.642871 1.359870
v -0.737014 3.700038 1.513635
v -0.570535 3.778129 1.393658
v -0.592765 3.856220 1.342099
v -0.653498 3.913387 1.201237
v -0.736460 3.934312 1.008817
v -0.819423 3.913387 0.816396
v -0.880156 3.856220 0.675534
v -0.902386 3.778129 0.623975
v -0.880156 3.700038 0.675534
v -0.819423 3.642871 0.816396
v -0.736460 3.621946 1.008817
v -0.653498 3.642871 1.201237
v -0.592765 3.700038 1.342099
v -0.436509 3.778129 1.184475
v -0.462330 3.856220 1.138521
v -0.532874 3.913387 1.012973
v -0.629239 3.934312 0.841471
v -0.725605 3.913387 0.669968
v -0.796149 3.856220 0.544420
v -0.821970 3.778129 0.498466
v -0.796149 3.700038 0.544420
v -0.725605 3.642871 0.669968
v -0.629239 3.621946 0.841471
v -0.532874 3.642871 1.012973
v -0.462330 3.700038 1.138521
v -0.318971 3.778129 0.945947
v -0.347941 3.856220 0.906384
v -0.427090 3.913387 0.798297
v -0.535209 3.934312 0.650647
v -0.643328 3.913387 0.502998
v -0.722476 3.856220 0.394911
v -0.751447 3.778129 0.355349
v -0.722476 3.700038 0.394911
v -0.643328 3.642871 0.502998
v -0.535209 3.621946 0.650647
v -0.427090 3.642871 0.798297
v -0.347941 3.700038 0.906384
v -0.219933 3.778129 0.682156
v -0.251557 3.856220 0.649662
v -0.337955 3.913387 0.560886
v -0.455978 3.934312 0.439615
v -0.574001 3.913387 0.318345
v -0.660400 3.856220 0.229569
v -0.692024 3.778129 0.197074
v -0.660400 3.700038 0.229569
v -0.574001 3.642871 0.318345
v -0.455978 3.621946 0.439615
v -0.337955 3.642871 0.560886
v -0.251557 3.700038 0.649662
v -0.141088 3.778129 0.397616
v -0.174825 3.856220 0.372746
v -0.266996 3.913387 0.304800
v -0.392903 3.934312 0.211983
v -0.518810 3.913387 0.119167
v -0.610981 3.856220 0.051221
v -0.644718 3.778129 0.026350
v -0.610981 3.700038 0.051221
v -0.518810 3.642871 0.119167
v -0.392903 3.621946 0.211983
v -0.266996 3.642871 0.304800
v -0.174825 3.700038 0.372746
v -0.083787 3.778129 0.097193
v -0.119059 3.856220 0.080373
v -0.215425 3.913387 0.034419
v -0.347062 3.934312 -0.028355
v -0.478699 3.913387 -0.091129
v -0.575065 3.856220 -0.137083
v -0.610337 3.778129 -0.153903
v -0.575065 3.700038 -0.137083
v -0.478699 3.642871 -0.091129
v -0.347062 3.621946 -0.028355
v -0.215425 3.642871 0.034419
v -0.119059 3.700038 0.080373
v -0.049009 3.778129 -0.213969
v -0.085213 3.856220 -0.222451
v -0.184125 3.913387 -0.245627
v -0.319240 3.934312 -0.277285
v -0.454355 3.913387 -0.308943
v -0.553266 3.856220 -0.332118
v -0.589470 3.778129 -0.340600
v -0.553266 3.700038 -0.332118
v -0.454355 3.642871 -0.308943
v -0.319240 3.621946 -0.277285
v -0.184125 3.642871 -0.245627
v -0.085213 3.700038 -0.222451
v 0.072858 6.139644 -2.774949
v 0.040783 6.147065 -2.854623
v -0.055585 6.154918 -2.916852
v -0.190425 6.161097 -2.944963
v -0.207904 6.136252 -2.634079
v -0.070722 6.133401 -2.647618
v 0.032044 6.134643 -2.699180
v 0.052129 5.824628 -2.801290
v 0.020610 5.840490 -2.880257
v -0.074241 5.871404 -2.940559
v -0.207009 5.909085 -2.966036
v -0.224487 5.884240 -2.655151
v -0.089378 5.849887 -2.671325
v 0.011871 5.828068 -2.724816
v 0.008483 5.515776 -2.828427
v -0.021867 5.539914 -2.906667
v -0.113523 5.593436 -2.964982
v -0.241926 5.662003 -2.987746
v -0.259404 5.637157 -2.676861
v -0.128659 5.571919 -2.695748
v -0.030606 5.527491 -2.751225
v -0.057334 5.218370 -2.855895
v -0.085920 5.250476 -2.933399
v -0.172758 5.325771 -2.989703
v -0.294579 5.424078 -3.009720
v -0.312057 5.399233 -2.698835
v -0.187894 5.304255 -2.720469
v -0.094659 5.238054 -2.777957
v -0.144195 4.937500 -2.883225
v -0.170453 4.977132 -2.959997
v -0.250932 5.072988 -3.014300
v -0.364068 5.199382 -3.031584
v -0.381546 5.174536 -2.720699
v -0.266069 5.051471 -2.745066
v -0.179193 4.964709 -2.804555
v -0.250614 4.677972 -2.909949
v -0.274021 4.724558 -2.986005
v -0.346709 4.839413 -3.038352
v -0.449203 4.991759 -3.052963
v -0.466681 4.966914 -2.742078
v -0.361846 4.817896 -2.769118
v -0.282760 4.712136 -2.830563
v -0.374770 4.444225 -2.935610
v -0.394850 4.497075 -3.010978
v -0.458450 4.629040 -3.061447
v -0.548528 4.804762 -3.073492
v -0.566006 4.779917 -2.762607
v -0.473587 4.607524 -2.792212
v -0.403589 4.484652 -2.855536
v -0.514539 4.240261 -2.959768
v -0.530874 4.298576 -3.034489
v -0.584242 4.445473 -3.083189
v -0.660343 4.641591 -3.092819
v -0.677821 4.616745 -2.781934
v -0.599379 4.423956 -2.813955
v -0.539613 4.286153 -2.879047
v -0.667529 4.069567 -2.982011
v -0.679765 4.132456 -3.056136
v -0.721934 4.291849 -3.103208
v -0.782735 4.505036 -3.110613
v -0.800214 4.480191 -2.799728
v -0.737070 4.270332 -2.833973
v -0.688505 4.120033 -2.900694
v -0.831123 3.935067 -3.001957
v -0.838975 4.001559 -3.075548
v -0.869168 4.170798 -3.121160
v -0.913610 4.397435 -3.126570
v -0.931089 4.372590 -2.815685
v -0.884305 4.149282 -2.851925
v -0.847715 3.989137 -2.920106
v -1.002522 3.839059 -3.019267
v -1.005782 3.908125 -3.092393
v -1.023427 4.084392 -3.136738
v -1.050730 4.320629 -3.140417
v -1.068208 4.295784 -2.829532
v -1.038564 4.062875 -2.867503
v -1.014521 3.895702 -2.936951
v -1.178793 3.783188 -3.033642
v -1.177329 3.853750 -3.106384
v -1.182071 4.034107 -3.149676
v -1.191746 4.275932 -3.151918
v -1.209224 4.251087 -2.841033
v -1.197207 4.012590 -2.880441
v -1.186069 3.841327 -2.950942
v -1.356919 3.768409 -3.044837
v -1.350682 3.839368 -3.117279
v -1.342384 4.020806 -3.159752
v -1.334247 4.264109 -3.160874
v -1.351725 4.239264 -2.849989
v -1.357521 3.999289 -2.890517
v -1.359422 3.826945 -2.961837
v -1.533853 3.794976 -3.052662
v -1.522876 3.865222 -3.124894
v -1.501625 4.044716 -3.166794
v -1.475795 4.285362 -3.167134
v -1.493273 4.260517 -2.856249
v -1.516762 4.023199 -2.897559
v -1.531615 3.852799 -2.969452
v -1.706568 3.862432 -3.056981
v -1.690963 3.930871 -3.129098
v -1.657068 4.105427 -3.170681
v -1.613966 4.339327 -3.170589
v -1.631445 4.314482 -2.859704
v -1.672205 4.083911 -2.901447
v -1.699702 3.918448 -2.973656
v -1.872109 3.969625 -3.057722
v -1.852068 4.035192 -3.129818
v -1.806055 4.201900 -3.171347
v -1.746399 4.425082 -3.171181
v -1.763877 4.400237 -2.860297
v -1.821192 4.180384 -2.902113
v -1.860807 4.022769 -2.974376
v -2.027642 4.114719 -3.054870
v -2.003434 4.176399 -3.127043
v -1.946035 4.332486 -3.168781
v -1.870825 4.541158 -3.168900
v -1.888304 4.516313 -2.858015
v -1.961171 4.310969 -2.899547
v -2.012173 4.163976 -2.971601
v -2.170507 4.295235 -3.048476
v -2.142471 4.352077 -3.120820
v -2.074614 4.494950 -3.163027
v -1.985117 4.685570 -3.163785
v -2.002596 4.660725 -2.852900
v -2.089750 4.473433 -2.893792
v -2.151210 4.339654 -2.965378
v -2.298260 4.508081 -3.038648
v -2.266800 4.559220 -3.111256
v -2.189591 4.686511 -3.154181
v -2.087320 4.855847 -3.155923
v -2.104798 4.831001 -2.845038
v -2.204728 4.664994 -2.884947
v -2.275540 4.546797 -2.955814
v -2.408713 4.749615 -3.025555
v -2.374295 4.794282 -3.098514
v -2.288999 4.903892 -3.142398
v -2.175683 5.049074 -3.145448
v -2.193161 5.024229 -2.834563
v -2.304136 4.882375 -2.873163
v -2.383034 4.781859 -2.943072
v -2.499979 5.015706 -3.009421
v -2.463114 5.053243 -3.082812
v -2.371138 5.143373 -3.127877
v -2.248695 5.261947 -3.132541
v -2.266173 5.237101 -2.821656
v -2.386275 5.121857 -2.858643
v -2.471854 5.040820 -2.927370
v -2.570494 5.301801 -2.990521
v -2.531740 5.331672 -3.064418
v -2.434602 5.400859 -3.110867
v -2.305107 5.490823 -3.117421
v -2.322586 5.465977 -2.806536
v -2.449739 5.379342 -2.841633
v -2.540480 5.319249 -2.908977
v -2.619053 5.603004 -2.969180
v -2.578998 5.624804 -3.043649
v -2.478305 5.671942 -3.091660
v -2.343955 5.731785 -3.100348
v -2.361433 5.706940 -2.789463
v -2.493442 5.650425 -2.822426
v -2.587738 5.612382 -2.888207
v -2.644825 5.914161 -2.945762
v -2.604079 5.927624 -3.020858
v -2.501499 5.951983 -3.070584
v -2.364571 5.980711 -3.081614
v -2.382050 5.955865 -2.770729
v -2.516636 5.930466 -2.801349
v -2.612818 5.915201 -2.865416
v -2.647367 6.229949 -2.920668
v -2.606554 6.234951 -2.996437
v -2.503788 6.236192 -3.047999
v -2.366606 6.233341 -3.061538
v -2.384084 6.208496 -2.750653
v -2.518925 6.214676 -2.778765
v -2.615293 6.222528 -2.840995
v -2.626638 6.544965 -2.894327
v -2.586380 6.541526 -2.970802
v -2.485132 6.519707 -3.024292
v -2.350023 6.485354 -3.040466
v -2.367501 6.460509 -2.729581
v -2.500268 6.498190 -2.755058
v -2.595119 6.529103 -2.815360
v -2.582993 6.853818 -2.867190
v -2.543904 6.842103 -2.944392
v -2.445850 6.797674 -2.999869
v -2.315106 6.732436 -3.018757
v -2.332584 6.707591 -2.707871
v -2.460987 6.776157 -2.730635
v -2.552643 6.829680 -2.788950
v -2.517176 7.151223 -2.839722
v -2.479851 7.131539 -2.917660
v -2.386616 7.065339 -2.975148
v -2.262453 6.970360 -2.996782
v -2.279931 6.945515 -2.685897
v -2.401752 7.043822 -2.705914
v -2.488590 7.119116 -2.762218
v -2.430315 7.432094 -2.812392
v -2.395318 7.404883 -2.891062
v -2.308441 7.318122 -2.950551
v -2.192964 7.195057 -2.974918
v -2.210443 7.170212 -2.664033
v -2.323577 7.296606 -2.681316
v -2.404057 7.392461 -2.735620
v -2.323896 7.691623 -2.785668
v -2.291750 7.657458 -2.865054
v -2.212664 7.551698 -2.926499
v -2.107829 7.402679 -2.953539
v -2.125307 7.377834 -2.642653
v -2.227800 7.530181 -2.657265
v -2.300489 7.645036 -2.709612
v -2.199740 7.925368 -2.760007
v -2.170921 7.884941 -2.840081
v -2.100924 7.762069 -2.903405
v -2.008504 7.589676 -2.933010
v -2.025982 7.564831 -2.622125
v -2.116060 7.740552 -2.634171
v -2.179660 7.872519 -2.684639
v -2.059972 8.129333 -2.735849
v -2.034897 8.083440 -2.816570
v -1.975132 7.945637 -2.881662
v -1.896689 7.752848 -2.913684
v -1.914167 7.728003 -2.602798
v -1.990268 7.924120 -2.612428
v -2.043636 8.071017 -2.661128
v -1.906981 8.300026 -2.713606
v -1.886005 8.249560 -2.794923
v -1.837439 8.099262 -2.861643
v -1.774296 7.889403 -2.895889
v -1.791775 7.864557 -2.585004
v -1.852576 8.077745 -2.592409
v -1.894744 8.237138 -2.639481
v -1.743387 8.434527 -2.693660
v -1.726795 8.380457 -2.775511
v -1.690205 8.220312 -2.843691
v -1.643421 7.997004 -2.879932
v -1.660899 7.972157 -2.569047
v -1.705342 8.198795 -2.574457
v -1.735534 8.368034 -2.620069
v -1.571988 8.530534 -2.676351
v -1.559989 8.473891 -2.758666
v -1.535947 8.306719 -2.828113
v -1.506302 8.073810 -2.866085
v -1.523781 8.048964 -2.555200
v -1.551083 8.285202 -2.558879
v -1.568729 8.461469 -2.603224
v -1.395718 8.586405 -2.661975
v -1.388442 8.528266 -2.744676
v -1.377303 8.357002 -2.815176
v -1.365286 8.118506 -2.854584
v -1.382765 8.093661 -2.543699
v -1.392440 8.335486 -2.545941
v -1.397182 8.515843 -2.589233
v -1.217591 8.601184 -2.650780
v -1.215088 8.542648 -2.733780
v -1.216989 8.370304 -2.805099
v -1.222785 8.130329 -2.845628
v -1.240263 8.105484 -2.534743
v -1.232126 8.348787 -2.535865
v -1.223827 8.530226 -2.578338
v -1.040657 8.574618 -2.642955
v -1.042895 8.516794 -2.726165
v -1.057748 8.346395 -2.798057
v -1.081237 8.109076 -2.839368
v -1.098716 8.084231 -2.528483
v -1.072885 8.324878 -2.528823
v -1.051634 8.504372 -2.570723
v -0.867942 8.507161 -2.638636
v -0.874808 8.451145 -2.721961
v -0.902305 8.285684 -2.794170
v -0.943066 8.055112 -2.835913
v -0.960544 8.030267 -2.525028
v -0.917442 8.264167 -2.524936
v -0.883547 8.438723 -2.566519
v -0.702401 8.399968 -2.637896
v -0.713702 8.346825 -2.721241
v -0.753318 8.189209 -2.793504
v -0.810633 7.969357 -2.835320
v -0.828111 7.944511 -2.524435
v -0.768455 8.167692 -2.524270
v -0.722442 8.334401 -2.565799
v -0.546868 8.254873 -2.640747
v -0.562337 8.205618 -2.724016
v -0.613338 8.058624 -2.796070
v -0.686206 7.853281 -2.837601
v -0.703685 7.828436 -2.526717
v -0.628475 8.037107 -2.526836
v -0.571076 8.193195 -2.568574
v -0.404003 8.074359 -2.647141
v -0.423300 8.029940 -2.730239
v -0.484760 7.896161 -2.801825
v -0.571914 7.708869 -2.842717
v -0.589393 7.684024 -2.531832
v -0.499897 7.874645 -2.532590
v -0.432039 8.017517 -2.574797
v -0.276251 7.861514 -2.656969
v -0.298971 7.822798 -2.739803
v -0.369783 7.704600 -2.810670
v -0.469712 7.538593 -2.850579
v -0.487191 7.513748 -2.539694
v -0.384920 7.683084 -2.541435
v -0.307710 7.810375 -2.584361
v -0.165796 7.619978 -2.670062
v -0.191476 7.587733 -2.752545
v -0.270374 7.487218 -2.822453
v -0.381349 7.345365 -2.861053
v -0.398827 7.320519 -2.550169
v -0.285511 7.465702 -2.553219
v -0.200215 7.575311 -2.597103
v -0.074531 7.353888 -2.686196
v -0.102656 7.328773 -2.768247
v -0.188235 7.247737 -2.836974
v -0.308337 7.132492 -2.873961
v -0.325815 7.107646 -2.563076
v -0.203372 7.226220 -2.567740
v -0.111395 7.316350 -2.612805
v -0.004016 7.067794 -2.705096
v -0.034030 7.050344 -2.786640
v -0.124771 6.990252 -2.853984
v -0.251924 6.903617 -2.889081
v -0.269403 6.878772 -2.578196
v -0.139908 6.968736 -2.584749
v -0.042770 7.037922 -2.631198
v 0.044544 6.766589 -2.726437
v 0.013228 6.757212 -2.807410
v -0.081068 6.719168 -2.873191
v -0.213077 6.662653 -2.906154
v -0.230556 6.637808 -2.595269
v -0.096205 6.697652 -2.603957
v 0.004488 6.744789 -2.651968
v 0.070315 6.455432 -2.749855
v 0.038308 6.454391 -2.830201
v -0.057874 6.439127 -2.894267
v -0.192460 6.413728 -2.924888
v -0.209938 6.388883 -2.614003
v -0.073010 6.417610 -2.625033
v 0.029569 6.441969 -2.674759
v -1.654685 3.837672 -3.014580
v -1.131288 3.837672 -3.014580
v -1.654685 3.819562 -3.012796
v -1.131288 3.819562 -3.012796
v -1.654685 3.802149 -3.007514
v -1.131288 3.802149 -3.007514
v -1.654685 3.786100 -2.998936
v -1.131288 3.786100 -2.998936
v -1.654685 3.772034 -2.987391
v -1.131288 3.772034 -2.987391
v -1.654685 3.760490 -2.973325
v -1.131288 3.760490 -2.973325
v -1.654685 3.751912 -2.957277
v -1.131288 3.751911 -2.957277
v -1.654685 3.746629 -2.939863
v -1.131288 3.746629 -2.939863
v -1.654685 3.744846 -2.921753
v -1.131288 3.744846 -2.921753
v -1.654685 3.746629 -2.903644
v -1.131288 3.746629 -2.903644
v -1.654685 3.751912 -2.886230
v -1.131288 3.751911 -2.886230
v -1.654685 3.760490 -2.870182
v -1.131288 3.760490 -2.870182
v -1.654685 3.772034 -2.856115
v -1.131288 3.772034 -2.856115
v -1.654685 3.786100 -2.844571
v -1.131288 3.786100 -2.844571
v -1.654685 3.802149 -2.835993
v -1.131288 3.802149 -2.835993
v -1.654685 3.819562 -2.830711
v -1.131288 3.819562 -2.830711
v -1.654685 3.837672 -2.828927
v -1.131288 3.837672 -2.828927
v -1.654685 3.855781 -2.830711
v -1.131288 3.855781 -2.830711
v -1.654685 3.873195 -2.835993
v -1.131288 3.873195 -2.835993
v -1.654685 3.889243 -2.844571
v -1.131288 3.889243 -2.844571
v -1.654685 3.903310 -2.856115
v -1.131288 3.903310 -2.856115
v -1.654685 3.914854 -2.870182
v -1.131288 3.914854 -2.870182
v -1.654685 3.923432 -2.886230
v -1.131288 3.923432 -2.886230
v -1.654685 3.928715 -2.903644
v -1.131288 3.928715 -2.903644
v -1.654685 3.930498 -2.921753
v -1.131288 3.930498 -2.921753
v -1.654685 3.928715 -2.939863
v -1.131288 3.928715 -2.939863
v -1.654685 3.923432 -2.957277
v -1.131288 3.923432 -2.957277
v -1.654685 3.914854 -2.973325
v -1.131288 3.914854 -2.973325
v -1.654685 3.903310 -2.987391
v -1.131288 3.903310 -2.987391
v -1.654685 3.889243 -2.998936
v -1.131288 3.889243 -2.998936
v -1.654685 3.873195 -3.007514
v -1.131288 3.873195 -3.007514
v -1.654685 3.855781 -3.012796
v -1.131288 3.855781 -3.012796
v -1.421428 0.835617 -2.055346
v -1.421428 2.767053 -1.964772
v -1.233598 0.835571 -2.025528
v -1.294716 2.767009 -1.944755
v -1.053026 0.835434 -1.937233
v -1.172831 2.766880 -1.885461
v -0.886688 0.835212 -1.793894
v -1.060423 2.766672 -1.789132
v -0.740996 0.834911 -1.601078
v -0.961785 2.766392 -1.659415
v -0.621553 0.834545 -1.366260
v -0.880696 2.766055 -1.501228
v -0.532938 0.834126 -1.098526
v -0.820280 2.765674 -1.320579
v -0.478529 0.833671 -0.808214
v -0.782879 2.765265 -1.124347
v -0.460382 0.833199 -0.506505
v -0.769968 2.764847 -0.920030
v -0.479158 0.832728 -0.204998
v -0.782086 2.764435 -0.715459
v -0.534099 0.832277 0.084743
v -0.818816 2.764047 -0.518506
v -0.623070 0.831863 0.351621
v -0.878785 2.763695 -0.336779
v -0.742637 0.831502 0.585431
v -0.959719 2.763391 -0.177323
v -0.888204 0.831208 0.777239
v -1.058517 2.763146 -0.046341
v -1.054186 0.830990 0.919723
v -1.171374 2.762966 0.051058
v -1.234225 0.830856 1.007447
v -1.293928 2.762856 0.111066
v -1.421428 0.830811 1.037066
v -1.421428 2.762820 0.131334
v -1.608631 0.830856 1.007447
v -1.548929 2.762856 0.111066
v -1.788670 0.830990 0.919723
v -1.671483 2.762966 0.051058
v -1.954652 0.831208 0.777239
v -1.784340 2.763146 -0.046341
v -2.100219 0.831502 0.585431
v -1.883138 2.763391 -0.177323
v -2.219786 0.831863 0.351621
v -1.964071 2.763695 -0.336779
v -2.308757 0.832277 0.084743
v -2.024041 2.764047 -0.518506
v -2.363699 0.832728 -0.204998
v -2.060771 2.764435 -0.715459
v -2.382474 0.833199 -0.506505
v -2.072889 2.764847 -0.920030
v -2.364327 0.833671 -0.808214
v -2.059977 2.765265 -1.124347
v -2.309918 0.834126 -1.098526
v -2.022577 2.765674 -1.320579
v -2.221303 0.834545 -1.366260
v -1.962160 2.766055 -1.501228
v -2.101860 0.834911 -1.601078
v -1.881072 2.766392 -1.659415
v -1.956168 0.835212 -1.793894
v -1.782434 2.766672 -1.789132
v -1.789830 0.835434 -1.937233
v -1.670025 2.766880 -1.885461
v -1.609259 0.835571 -2.025528
v -1.548141 2.767009 -1.944755
v -1.421428 3.724493 -2.806524
v -1.421428 3.369777 -2.762164
v -1.421428 2.722758 -2.420079
v -1.170194 3.724479 -2.763230
v -1.175128 3.369752 -2.719716
v -1.189630 3.032711 -2.591669
v -1.213127 2.722697 -2.384133
v -1.244636 2.451784 -2.105666
v -1.282851 2.230340 -1.767689
v -1.326213 2.066565 -1.383848
v -1.373020 1.966186 -0.969154
v -0.928424 3.724442 -2.634911
v -0.938107 3.369681 -2.593903
v -0.966574 3.032580 -2.473214
v -1.012695 2.722527 -2.277608
v -1.074542 2.451606 -2.015159
v -1.149542 2.230191 -1.696649
v -1.234631 2.066475 -1.334968
v -1.326462 1.966159 -0.944276
v -0.705295 3.724388 -2.426241
v -0.719363 3.369578 -2.389313
v -0.760731 3.032389 -2.280604
v -0.827752 2.722278 -2.104419
v -0.917620 2.451344 -1.868041
v -1.026587 2.229973 -1.581205
v -1.150184 2.066344 -1.255552
v -1.283536 1.966119 -0.903861
v -0.509385 3.724328 -2.144940
v -0.527305 3.369462 -2.113513
v -0.580013 3.032172 -2.020980
v -0.665406 2.721994 -1.871011
v -0.779901 2.451045 -1.669816
v -0.918711 2.229719 -1.425702
v -1.076117 2.066190 -1.148612
v -1.245894 1.966072 -0.849447
v -0.348328 3.724269 -1.801587
v -0.369415 3.369350 -1.776880
v -0.431456 3.031964 -1.704114
v -0.531968 2.721720 -1.586183
v -0.666729 2.450753 -1.427977
v -0.830088 2.229471 -1.236043
v -1.015290 2.066038 -1.018224
v -1.214985 1.966025 -0.783113
v -0.228474 3.724222 -1.409282
v -0.251919 3.369259 -1.392255
v -0.320911 3.031793 -1.342098
v -0.432683 2.721495 -1.260810
v -0.582538 2.450512 -1.151765
v -0.764175 2.229265 -1.019482
v -0.970063 2.065910 -0.869383
v -1.192008 1.965985 -0.707402
v -0.154590 3.724192 -0.983154
v -0.179489 3.369200 -0.974471
v -0.252767 3.031682 -0.948890
v -0.371485 2.721348 -0.907432
v -0.530649 2.450355 -0.851817
v -0.723559 2.229128 -0.784355
v -0.942199 2.065825 -0.707814
v -1.177854 1.965959 -0.625226
v -0.129629 3.724181 -0.539751
v -0.155018 3.369180 -0.539751
v -0.229745 3.031644 -0.539752
v -0.350811 2.721297 -0.539751
v -0.513120 2.450300 -0.539752
v -0.709840 2.229081 -0.539752
v -0.932789 2.065796 -0.539752
v -1.173074 1.965950 -0.539752
v -0.154591 3.724192 -0.096349
v -0.179489 3.369200 -0.105032
v -0.252767 3.031682 -0.130613
v -0.371485 2.721348 -0.172071
v -0.530649 2.450355 -0.227686
v -0.723559 2.229128 -0.295148
v -0.942199 2.065825 -0.371689
v -1.177854 1.965959 -0.454277
v -0.228475 3.724222 0.329779
v -0.251920 3.369259 0.312752
v -0.320911 3.031793 0.262595
v -0.432683 2.721495 0.181308
v -0.582538 2.450512 0.072262
v -0.764175 2.229264 -0.060021
v -0.970063 2.065910 -0.210120
v -1.192008 1.965985 -0.372101
v -0.348328 3.724269 0.722084
v -0.369416 3.369350 0.697377
v -0.431456 3.031964 0.624610
v -0.531968 2.721720 0.506680
v -0.666730 2.450753 0.348474
v -0.830088 2.229471 0.156540
v -1.015290 2.066038 -0.061279
v -1.214985 1.966025 -0.296390
v -0.509385 3.724328 1.065437
v -0.527305 3.369462 1.034010
v -0.580013 3.032172 0.941476
v -0.665406 2.721994 0.791507
v -0.779902 2.451045 0.590312
v -0.918711 2.229719 0.346199
v -1.076117 2.066190 0.069109
v -1.245894 1.966072 -0.230056
v -0.705295 3.724388 1.346737
v -0.719363 3.369578 1.309809
v -0.760731 3.032389 1.201101
v -0.827752 2.722278 1.024916
v -0.917620 2.451344 0.788538
v -1.026588 2.229973 0.501702
v -1.150185 2.066344 0.176049
v -1.283536 1.966119 -0.175642
v -0.928424 3.724442 1.555406
v -0.938108 3.369681 1.514399
v -0.966574 3.032580 1.393710
v -1.012695 2.722527 1.198104
v -1.074542 2.451606 0.935655
v -1.149542 2.230191 0.617146
v -1.234631 2.066475 0.255464
v -1.326462 1.966159 -0.135228
v -1.170195 3.724479 1.683726
v -1.175128 3.369752 1.640212
v -1.189630 3.032711 1.512164
v -1.213127 2.722697 1.304629
v -1.244636 2.451784 1.026162
v -1.282851 2.230340 0.688184
v -1.326213 2.066565 0.304345
v -1.373020 1.966186 -0.110350
v -1.421428 3.724493 1.727019
v -1.421428 3.369777 1.682660
v -1.421428 3.032758 1.552132
v -1.421428 2.722758 1.340574
v -1.421428 2.451847 1.056706
v -1.421428 2.230392 0.712162
v -1.421428 2.066596 0.320846
v -1.421428 1.966196 -0.101951
v -1.672662 3.724479 1.683725
v -1.667728 3.369752 1.640211
v -1.653225 3.032711 1.512164
v -1.629729 2.722697 1.304629
v -1.598219 2.451784 1.026162
v -1.560005 2.230340 0.688184
v -1.516642 2.066565 0.304345
v -1.469836 1.966186 -0.110350
v -1.914432 3.724442 1.555405
v -1.904748 3.369681 1.514399
v -1.876282 3.032580 1.393710
v -1.830161 2.722527 1.198104
v -1.768314 2.451606 0.935655
v -1.693314 2.230191 0.617146
v -1.608225 2.066475 0.255464
v -1.516394 1.966159 -0.135228
v -2.137561 3.724388 1.346736
v -2.123492 3.369578 1.309808
v -2.082125 3.032389 1.201101
v -2.015104 2.722278 1.024916
v -1.925235 2.451344 0.788538
v -1.816268 2.229973 0.501701
v -1.692671 2.066344 0.176049
v -1.559319 1.966119 -0.175643
v -2.333471 3.724328 1.065436
v -2.315551 3.369462 1.034010
v -2.262843 3.032172 0.941476
v -2.177450 2.721994 0.791507
v -2.062954 2.451045 0.590312
v -1.924145 2.229719 0.346198
v -1.766739 2.066190 0.069109
v -1.596962 1.966072 -0.230056
v -1.421428 1.932458 -0.539752
v -2.494527 3.724269 0.722082
v -2.473440 3.369350 0.697376
v -2.411399 3.031964 0.624610
v -2.310888 2.721720 0.506680
v -2.176126 2.450753 0.348473
v -2.012768 2.229471 0.156539
v -1.827566 2.066038 -0.061279
v -1.627870 1.966025 -0.296390
v -2.614380 3.724222 0.329777
v -2.590936 3.369259 0.312751
v -2.521945 3.031793 0.262595
v -2.410172 2.721495 0.181307
v -2.260318 2.450512 0.072261
v -2.078680 2.229265 -0.060022
v -1.872793 2.065910 -0.210120
v -1.650848 1.965985 -0.372101
v -2.688264 3.724191 -0.096350
v -2.663367 3.369200 -0.105033
v -2.590088 3.031682 -0.130613
v -2.471370 2.721348 -0.172071
v -2.312207 2.450355 -0.227686
v -2.119296 2.229128 -0.295149
v -1.900656 2.065825 -0.371689
v -1.665002 1.965959 -0.454277
v -2.713226 3.724181 -0.539753
v -2.687837 3.369180 -0.539752
v -2.613110 3.031644 -0.539752
v -2.492045 2.721297 -0.539752
v -2.329735 2.450300 -0.539752
v -2.133015 2.229081 -0.539752
v -1.910067 2.065796 -0.539752
v -1.669782 1.965950 -0.539752
v -2.688264 3.724192 -0.983155
v -2.663367 3.369200 -0.974471
v -2.590088 3.031682 -0.948890
v -2.471370 2.721348 -0.907432
v -2.312207 2.450355 -0.851817
v -2.119296 2.229128 -0.784355
v -1.900656 2.065825 -0.707814
v -1.665002 1.965959 -0.625226
v -2.614380 3.724222 -1.409282
v -2.590936 3.369259 -1.392255
v -2.521945 3.031793 -1.342098
v -2.410172 2.721495 -1.260811
v -2.260318 2.450512 -1.151765
v -2.078680 2.229265 -1.019482
v -1.872793 2.065910 -0.869383
v -1.650848 1.965985 -0.707402
v -2.494526 3.724269 -1.801587
v -2.473440 3.369350 -1.776880
v -2.411399 3.031964 -1.704113
v -2.310887 2.721720 -1.586183
v -2.176126 2.450753 -1.427977
v -2.012767 2.229471 -1.236043
v -1.827566 2.066038 -1.018224
v -1.627870 1.966025 -0.783113
v -2.333470 3.724327 -2.144940
v -2.315550 3.369462 -2.113513
v -2.262843 3.032172 -2.020979
v -2.177450 2.721994 -1.871011
v -2.062954 2.451045 -1.669815
v -1.924145 2.229719 -1.425702
v -1.766738 2.066190 -1.148612
v -1.596962 1.966072 -0.849447
v -2.137560 3.724388 -2.426239
v -2.123492 3.369578 -2.389311
v -2.082125 3.032389 -2.280603
v -2.015103 2.722278 -2.104419
v -1.925235 2.451344 -1.868041
v -1.816268 2.229973 -1.581204
v -1.692671 2.066344 -1.255551
v -1.559319 1.966119 -0.903860
v -1.914431 3.724442 -2.634908
v -1.904748 3.369681 -2.593902
v -1.876282 3.032580 -2.473213
v -1.830161 2.722527 -2.277607
v -1.768314 2.451606 -2.015158
v -1.693313 2.230191 -1.696649
v -1.608224 2.066475 -1.334967
v -1.516394 1.966159 -0.944275
v -1.672661 3.724479 -2.763228
v -1.667727 3.369752 -2.719715
v -1.653225 3.032711 -2.591667
v -1.629729 2.722697 -2.384132
v -1.598219 2.451784 -2.105665
v -1.560004 2.230340 -1.767687
v -1.516642 2.066565 -1.383848
v -1.469836 1.966186 -0.969153
v -1.421428 3.032758 -2.631635
v -1.421428 2.451847 -2.136209
v -1.421427 2.230392 -1.791665
v -1.421428 2.066596 -1.400348
v -1.421428 1.966196 -0.977552
v -0.087350 3.778129 -0.530548
v -0.110914 3.822642 -0.530548
v -0.190439 3.866297 -0.530548
v -0.310198 3.884313 -0.530548
v -0.430000 3.866082 -0.530548
v -0.509432 3.822076 -0.530548
v -0.532475 3.778129 -0.530548
v -0.509432 3.734182 -0.530548
v -0.430000 3.690176 -0.530548
v -0.310198 3.671946 -0.530548
v -0.190439 3.689961 -0.530548
v -0.110914 3.733617 -0.530548
v -0.098656 3.778129 -0.837583
v -0.121980 3.822619 -0.831601
v -0.200795 3.866290 -0.812289
v -0.319525 3.884313 -0.783769
v -0.438298 3.866075 -0.755239
v -0.517019 3.822052 -0.735918
v -0.539818 3.778129 -0.729973
v -0.517019 3.734207 -0.735918
v -0.438298 3.690183 -0.755239
v -0.319525 3.671946 -0.783769
v -0.200795 3.689969 -0.812289
v -0.121980 3.733639 -0.831601
v -0.132371 3.778129 -1.139280
v -0.154985 3.822553 -1.127461
v -0.231684 3.866268 -1.089202
v -0.347345 3.884313 -1.032655
v -0.463049 3.866052 -0.976088
v -0.539653 3.821980 -0.937813
v -0.561734 3.778129 -0.926075
v -0.539653 3.734278 -0.937813
v -0.463049 3.690206 -0.976088
v -0.347345 3.671946 -1.032655
v -0.231684 3.689990 -1.089202
v -0.154985 3.733706 -1.127461
v -0.187889 3.778129 -1.430402
v -0.209350 3.822446 -1.413032
v -0.282575 3.866234 -1.356543
v -0.393183 3.884313 -1.272945
v -0.503832 3.866017 -1.189318
v -0.576960 3.821865 -1.132811
v -0.597875 3.778129 -1.115577
v -0.576960 3.734393 -1.132811
v -0.503832 3.690242 -1.189318
v -0.393183 3.671946 -1.272945
v -0.282575 3.690025 -1.356543
v -0.209350 3.733812 -1.413032
v -0.264218 3.778129 -1.705912
v -0.284122 3.822305 -1.683399
v -0.352594 3.866188 -1.609735
v -0.456252 3.884313 -1.500528
v -0.559951 3.865970 -1.391282
v -0.628324 3.821712 -1.317599
v -0.647670 3.778129 -1.295298
v -0.628324 3.734546 -1.317599
v -0.559951 3.690288 -1.391282
v -0.456252 3.671946 -1.500528
v -0.352594 3.690070 -1.609735
v -0.284122 3.733953 -1.683399
v -0.359997 3.778129 -1.961066
v -0.377996 3.822139 -1.933923
v -0.440538 3.866135 -1.844440
v -0.535471 3.884313 -1.711507
v -0.630445 3.865916 -1.578524
v -0.692890 3.821532 -1.489027
v -0.710323 3.778129 -1.462194
v -0.692890 3.734727 -1.489027
v -0.630445 3.690343 -1.578524
v -0.535471 3.671945 -1.711507
v -0.440538 3.690123 -1.844440
v -0.377996 3.734120 -1.933923
v -0.473527 3.778129 -2.191503
v -0.489335 3.821956 -2.160322
v -0.544897 3.866078 -2.056646
v -0.629484 3.884313 -1.902274
v -0.714112 3.865857 -1.747840
v -0.769582 3.821333 -1.644159
v -0.784828 3.778129 -1.613409
v -0.769582 3.734925 -1.644159
v -0.714112 3.690401 -1.747840
v -0.629484 3.671945 -1.902274
v -0.544897 3.690180 -2.056646
v -0.489335 3.734302 -2.160322
v -0.602808 3.778129 -2.393319
v -0.616208 3.821771 -2.358740
v -0.663881 3.866020 -2.242725
v -0.736681 3.884313 -2.069566
v -0.809520 3.865798 -1.896331
v -0.857110 3.821130 -1.780318
v -0.869971 3.778129 -1.746312
v -0.857110 3.735128 -1.780318
v -0.809520 3.690460 -1.896331
v -0.736681 3.671945 -2.069566
v -0.663881 3.690238 -2.242725
v -0.616208 3.734487 -2.358740
v -0.745584 3.778129 -2.563138
v -0.756422 3.821595 -2.525821
v -0.795450 3.865966 -2.399500
v -0.855227 3.884313 -2.210522
v -0.915038 3.865742 -2.021456
v -0.953996 3.820937 -1.895143
v -0.964346 3.778129 -1.858553
v -0.953996 3.735322 -1.895143
v -0.915038 3.690516 -2.021456
v -0.855227 3.671945 -2.210522
v -0.795450 3.690292 -2.399500
v -0.756422 3.734663 -2.525821
v -0.899386 3.778129 -2.698153
v -0.907568 3.821441 -2.658752
v -0.937352 3.865919 -2.524295
v -0.983092 3.884313 -2.322732
v -1.028859 3.865695 -2.121069
v -1.058590 3.820767 -1.986625
v -1.066365 3.778129 -1.948101
v -1.058590 3.735491 -1.986625
v -1.028859 3.690563 -2.121069
v -0.983092 3.671945 -2.322732
v -0.937352 3.690339 -2.524295
v -0.907568 3.734818 -2.658752
v -1.061590 3.778129 -2.796167
v -1.067062 3.821321 -2.755311
v -1.087160 3.865883 -2.614984
v -1.118089 3.884313 -2.404280
v -1.149038 3.865658 -2.193466
v -1.169099 3.820635 -2.053154
v -1.174278 3.778129 -2.013303
v -1.169099 3.735623 -2.053154
v -1.149038 3.690600 -2.193466
v -1.118089 3.671945 -2.404280
v -1.087160 3.690375 -2.614984
v -1.067062 3.734937 -2.755311
v -1.229453 3.778129 -2.855605
v -1.232192 3.821245 -2.813894
v -1.242313 3.865860 -2.670022
v -1.257909 3.884313 -2.453773
v -1.273516 3.865635 -2.237406
v -1.283618 3.820551 -2.093551
v -1.286204 3.778129 -2.052931
v -1.283618 3.735708 -2.093551
v -1.273516 3.690623 -2.237406
v -1.257909 3.671945 -2.453773
v -1.242313 3.690398 -2.670022
v -1.232192 3.735013 -2.813894
v -1.400161 3.778129 -2.875523
v -1.400161 3.821219 -2.833529
v -1.400161 3.865852 -2.688473
v -1.400161 3.884313 -2.470365
v -1.400161 3.865627 -2.252137
v -1.400161 3.820522 -2.107098
v -1.400161 3.778129 -2.066225
v -1.400161 3.735736 -2.107098
v -1.400161 3.690631 -2.252137
v -1.400161 3.671945 -2.470365
v -1.400161 3.690406 -2.688473
v -1.400161 3.735039 -2.833529
v -1.570871 3.778129 -2.855604
v -1.568131 3.821245 -2.813894
v -1.558010 3.865860 -2.670022
v -1.542414 3.884313 -2.453773
v -1.526807 3.865635 -2.237406
v -1.516705 3.820551 -2.093551
v -1.514119 3.778129 -2.052931
v -1.516705 3.735708 -2.093551
v -1.526807 3.690623 -2.237406
v -1.542414 3.671945 -2.453773
v -1.558010 3.690398 -2.670022
v -1.568131 3.735013 -2.813894
v -1.738733 3.778129 -2.796167
v -1.733261 3.821321 -2.755312
v -1.713162 3.865883 -2.614984
v -1.682234 3.884313 -2.404280
v -1.651284 3.865658 -2.193466
v -1.631223 3.820635 -2.053154
v -1.626044 3.778129 -2.013303
v -1.631223 3.735623 -2.053154
v -1.651284 3.690600 -2.193466
v -1.682234 3.671945 -2.404280
v -1.713162 3.690375 -2.614984
v -1.733261 3.734937 -2.755312
v -1.900936 3.778129 -2.698153
v -1.892755 3.821441 -2.658752
v -1.862971 3.865919 -2.524295
v -1.817231 3.884313 -2.322732
v -1.771463 3.865695 -2.121069
v -1.741733 3.820767 -1.986625
v -1.733958 3.778129 -1.948101
v -1.741733 3.735491 -1.986625
v -1.771463 3.690563 -2.121069
v -1.817231 3.671945 -2.322732
v -1.862971 3.690339 -2.524295
v -1.892755 3.734818 -2.658752
v -2.054739 3.778129 -2.563138
v -2.043900 3.821595 -2.525822
v -2.004872 3.865966 -2.399500
v -1.945096 3.884313 -2.210522
v -1.885285 3.865742 -2.021456
v -1.846327 3.820937 -1.895143
v -1.835976 3.778129 -1.858553
v -1.846327 3.735322 -1.895143
v -1.885285 3.690516 -2.021456
v -1.945096 3.671945 -2.210522
v -2.004872 3.690292 -2.399500
v -2.043900 3.734663 -2.525822
v -2.197515 3.778129 -2.393320
v -2.184115 3.821771 -2.358741
v -2.136442 3.866020 -2.242725
v -2.063642 3.884313 -2.069566
v -1.990803 3.865798 -1.896332
v -1.943213 3.821130 -1.780318
v -1.930351 3.778129 -1.746312
v -1.943213 3.735128 -1.780318
v -1.990803 3.690460 -1.896332
v -2.063642 3.671945 -2.069566
v -2.136442 3.690238 -2.242725
v -2.184115 3.734487 -2.358741
v -2.326796 3.778129 -2.191503
v -2.310988 3.821956 -2.160321
v -2.255426 3.866078 -2.056646
v -2.170839 3.884313 -1.902274
v -2.086211 3.865857 -1.747840
v -2.030741 3.821333 -1.644158
v -2.015495 3.778129 -1.613408
v -2.030741 3.734925 -1.644158
v -2.086211 3.690401 -1.747840
v -2.170839 3.671945 -1.902274
v -2.255426 3.690180 -2.056646
v -2.310988 3.734302 -2.160321
v -2.440325 3.778129 -1.961066
v -2.422327 3.822139 -1.933923
v -2.359784 3.866135 -1.844440
v -2.264852 3.884313 -1.711507
v -2.169878 3.865916 -1.578524
v -2.107432 3.821532 -1.489027
v -2.090000 3.778129 -1.462194
v -2.107432 3.734727 -1.489027
v -2.169878 3.690343 -1.578524
v -2.264852 3.671945 -1.711507
v -2.359784 3.690123 -1.844440
v -2.422327 3.734120 -1.933923
v -2.536104 3.778129 -1.705913
v -2.516200 3.822305 -1.683399
v -2.447728 3.866188 -1.609735
v -2.344071 3.884313 -1.500528
v -2.240372 3.865970 -1.391282
v -2.171998 3.821712 -1.317599
v -2.152653 3.778129 -1.295298
v -2.171998 3.734546 -1.317599
v -2.240372 3.690288 -1.391282
v -2.344071 3.671946 -1.500528
v -2.447728 3.690070 -1.609735
v -2.516200 3.733953 -1.683399
v -2.612434 3.778129 -1.430402
v -2.590973 3.822446 -1.413032
v -2.517747 3.866234 -1.356544
v -2.407140 3.884313 -1.272946
v -2.296490 3.866017 -1.189318
v -2.223362 3.821865 -1.132811
v -2.202447 3.778129 -1.115577
v -2.223362 3.734393 -1.132811
v -2.296490 3.690242 -1.189318
v -2.407140 3.671946 -1.272946
v -2.517747 3.690025 -1.356544
v -2.590973 3.733812 -1.413032
v -2.667952 3.778129 -1.139280
v -2.645338 3.822553 -1.127461
v -2.568639 3.866268 -1.089202
v -2.452977 3.884313 -1.032655
v -2.337273 3.866052 -0.976088
v -2.260670 3.821980 -0.937813
v -2.238589 3.778129 -0.926075
v -2.260670 3.734278 -0.937813
v -2.337273 3.690206 -0.976088
v -2.452977 3.671946 -1.032655
v -2.568639 3.689990 -1.089202
v -2.645338 3.733706 -1.127461
v -2.701666 3.778129 -0.837583
v -2.678343 3.822619 -0.831601
v -2.599528 3.866290 -0.812289
v -2.480798 3.884313 -0.783769
v -2.362025 3.866075 -0.755239
v -2.283304 3.822052 -0.735919
v -2.260504 3.778129 -0.729973
v -2.283304 3.734207 -0.735919
v -2.362025 3.690183 -0.755239
v -2.480798 3.671946 -0.783769
v -2.599528 3.689969 -0.812289
v -2.678343 3.733639 -0.831601
v -2.712972 3.778129 -0.530548
v -2.689409 3.822642 -0.530548
v -2.609884 3.866297 -0.530548
v -2.490124 3.884313 -0.530548
v -2.370323 3.866082 -0.530548
v -2.290890 3.822076 -0.530548
v -2.267848 3.778129 -0.530548
v -2.290890 3.734182 -0.530548
v -2.370323 3.690176 -0.530548
v -2.490124 3.671946 -0.530548
v -2.609884 3.689961 -0.530548
v -2.689409 3.733617 -0.530548
v -2.701666 3.778129 -0.223513
v -2.678343 3.822619 -0.229495
v -2.599528 3.866290 -0.248807
v -2.480798 3.884313 -0.277327
v -2.362025 3.866075 -0.305857
v -2.283304 3.822052 -0.325177
v -2.260504 3.778129 -0.331123
v -2.283304 3.734207 -0.325177
v -2.362025 3.690183 -0.305857
v -2.480798 3.671946 -0.277327
v -2.599528 3.689969 -0.248807
v -2.678343 3.733639 -0.229495
v -2.667952 3.778129 0.078184
v -2.645338 3.822553 0.066365
v -2.568639 3.866268 0.028106
v -2.452977 3.884313 -0.028441
v -2.337273 3.866052 -0.085008
v -2.260670 3.821980 -0.123283
v -2.238589 3.778129 -0.135021
v -2.260670 3.734278 -0.123283
v -2.337273 3.690206 -0.085008
v -2.452977 3.671946 -0.028441
v -2.568639 3.689990 0.028106
v -2.645338 3.733706 0.066365
v -2.612434 3.778129 0.369305
v -2.590973 3.822446 0.351935
v -2.517747 3.866234 0.295447
v -2.407140 3.884313 0.211849
v -2.296490 3.866017 0.128222
v -2.223362 3.821865 0.071714
v -2.202447 3.778129 0.054481
v -2.223362 3.734393 0.071714
v -2.296490 3.690242 0.128222
v -2.407140 3.671946 0.211849
v -2.517747 3.690025 0.295447
v -2.590973 3.733812 0.351935
v -2.536105 3.778129 0.644816
v -2.516201 3.822305 0.622302
v -2.447728 3.866188 0.548638
v -2.344071 3.884313 0.439432
v -2.240372 3.865970 0.330186
v -2.171999 3.821712 0.256503
v -2.152653 3.778129 0.234201
v -2.171999 3.734546 0.256503
v -2.240372 3.690288 0.330186
v -2.344071 3.671946 0.439432
v -2.447728 3.690070 0.548638
v -2.516201 3.733953 0.622302
v -2.440325 3.778129 0.899971
v -2.422327 3.822139 0.872828
v -2.359784 3.866135 0.783344
v -2.264852 3.884313 0.650412
v -2.169878 3.865916 0.517429
v -2.107432 3.821532 0.427932
v -2.090000 3.778129 0.401098
v -2.107432 3.734727 0.427932
v -2.169878 3.690343 0.517429
v -2.264852 3.671945 0.650412
v -2.359784 3.690123 0.783344
v -2.422327 3.734120 0.872828
v -2.326796 3.778129 1.130407
v -2.310988 3.821956 1.099226
v -2.255426 3.866078 0.995550
v -2.170839 3.884313 0.841178
v -2.086211 3.865857 0.686744
v -2.030741 3.821333 0.583062
v -2.015495 3.778129 0.552313
v -2.030741 3.734925 0.583062
v -2.086211 3.690401 0.686744
v -2.170839 3.671945 0.841178
v -2.255426 3.690180 0.995550
v -2.310988 3.734302 1.099226
v -2.197515 3.778129 1.332223
v -2.184115 3.821771 1.297644
v -2.136442 3.866020 1.181629
v -2.063642 3.884313 1.008470
v -1.990803 3.865798 0.835236
v -1.943213 3.821130 0.719221
v -1.930352 3.778129 0.685216
v -1.943213 3.735128 0.719221
v -1.990803 3.690460 0.835236
v -2.063642 3.671945 1.008470
v -2.136442 3.690238 1.181629
v -2.184115 3.734487 1.297644
v -2.054739 3.778129 1.502042
v -2.043900 3.821595 1.464726
v -2.004872 3.865966 1.338405
v -1.945096 3.884313 1.149426
v -1.885285 3.865742 0.960360
v -1.846327 3.820937 0.834047
v -1.835976 3.778129 0.797458
v -1.846327 3.735322 0.834047
v -1.885285 3.690516 0.960360
v -1.945096 3.671945 1.149426
v -2.004872 3.690292 1.338405
v -2.043900 3.734663 1.464726
v -1.900936 3.778129 1.637057
v -1.892755 3.821441 1.597657
v -1.862971 3.865919 1.463199
v -1.817231 3.884313 1.261636
v -1.771463 3.865695 1.059973
v -1.741733 3.820767 0.925529
v -1.733958 3.778129 0.887005
v -1.741733 3.735491 0.925529
v -1.771463 3.690563 1.059973
v -1.817231 3.671945 1.261636
v -1.862971 3.690339 1.463199
v -1.892755 3.734818 1.597657
v -1.738733 3.778129 1.735071
v -1.733261 3.821321 1.694216
v -1.713163 3.865883 1.553888
v -1.682234 3.884313 1.343184
v -1.651285 3.865658 1.132370
v -1.631223 3.820635 0.992058
v -1.626045 3.778129 0.952208
v -1.631223 3.735623 0.992058
v -1.651285 3.690600 1.132370
v -1.682234 3.671945 1.343184
v -1.713163 3.690375 1.553888
v -1.733261 3.734937 1.694216
v -1.570871 3.778129 1.794509
v -1.568131 3.821245 1.752798
v -1.558010 3.865860 1.608926
v -1.542414 3.884313 1.392677
v -1.526808 3.865635 1.176311
v -1.516705 3.820551 1.032455
v -1.514119 3.778129 0.991834
v -1.516705 3.735708 1.032455
v -1.526808 3.690623 1.176311
v -1.542414 3.671945 1.392677
v -1.558010 3.690398 1.608926
v -1.568131 3.735013 1.752798
v -1.400161 3.778129 1.814427
v -1.400161 3.821219 1.772433
v -1.400161 3.865852 1.627377
v -1.400161 3.884313 1.409269
v -1.400161 3.865627 1.191041
v -1.400161 3.820522 1.046002
v -1.400161 3.778129 1.005129
v -1.400161 3.735736 1.046002
v -1.400161 3.690631 1.191041
v -1.400161 3.671945 1.409269
v -1.400161 3.690406 1.627377
v -1.400161 3.735039 1.772433
v -1.229453 3.778129 1.794509
v -1.232192 3.821245 1.752798
v -1.242313 3.865860 1.608926
v -1.257909 3.884313 1.392677
v -1.273516 3.865635 1.176311
v -1.283618 3.820551 1.032455
v -1.286204 3.778129 0.991834
v -1.283618 3.735708 1.032455
v -1.273516 3.690623 1.176311
v -1.257909 3.671945 1.392677
v -1.242313 3.690398 1.608926
v -1.232192 3.735013 1.752798
v -1.061590 3.778129 1.735072
v -1.067062 3.821321 1.694216
v -1.087161 3.865883 1.553888
v -1.118089 3.884313 1.343185
v -1.149039 3.865658 1.132370
v -1.169100 3.820635 0.992059
v -1.174279 3.778129 0.952208
v -1.169100 3.735623 0.992059
v -1.149039 3.690600 1.132370
v -1.118089 3.671945 1.343185
v -1.087161 3.690375 1.553888
v -1.067062 3.734937 1.694216
v -0.899386 3.778129 1.637057
v -0.907568 3.821441 1.597656
v -0.937352 3.865919 1.463199
v -0.983092 3.884313 1.261636
v -1.028859 3.865695 1.059973
v -1.058590 3.820767 0.925529
v -1.066365 3.778129 0.887005
v -1.058590 3.735491 0.925529
v -1.028859 3.690563 1.059973
v -0.983092 3.671945 1.261636
v -0.937352 3.690339 1.463199
v -0.907568 3.734818 1.597657
v -0.745584 3.778129 1.502042
v -0.756422 3.821595 1.464726
v -0.795450 3.865966 1.338404
v -0.855227 3.884313 1.149426
v -0.915038 3.865742 0.960360
v -0.953996 3.820937 0.834047
v -0.964346 3.778129 0.797457
v -0.953996 3.735322 0.834047
v -0.915038 3.690516 0.960360
v -0.855227 3.671945 1.149426
v -0.795450 3.690292 1.338404
v -0.756422 3.734663 1.464726
v -0.602808 3.778129 1.332224
v -0.616208 3.821771 1.297645
v -0.663881 3.866020 1.181630
v -0.736681 3.884313 1.008471
v -0.809520 3.865798 0.835236
v -0.857110 3.821130 0.719223
v -0.869972 3.778129 0.685217
v -0.857110 3.735128 0.719223
v -0.809520 3.690460 0.835236
v -0.736681 3.671945 1.008471
v -0.663881 3.690238 1.181630
v -0.616208 3.734487 1.297645
v -0.473527 3.778129 1.130408
v -0.489336 3.821956 1.099227
v -0.544898 3.866078 0.995552
v -0.629485 3.884313 0.841180
v -0.714112 3.865857 0.686745
v -0.769582 3.821333 0.583063
v -0.784828 3.778129 0.552314
v -0.769582 3.734925 0.583063
v -0.714112 3.690401 0.686745
v -0.629485 3.671945 0.841180
v -0.544898 3.690180 0.995552
v -0.489336 3.734302 1.099227
v -0.359997 3.778129 0.899971
v -0.377996 3.822139 0.872827
v -0.440538 3.866135 0.783344
v -0.535471 3.884313 0.650411
v -0.630445 3.865916 0.517428
v -0.692890 3.821532 0.427932
v -0.710323 3.778129 0.401098
v -0.692890 3.734727 0.427932
v -0.630445 3.690343 0.517428
v -0.535471 3.671945 0.650411
v -0.440538 3.690123 0.783344
v -0.377996 3.734120 0.872827
v -0.264218 3.778129 0.644817
v -0.284122 3.822305 0.622303
v -0.352594 3.866188 0.548639
v -0.456252 3.884313 0.439432
v -0.559951 3.865970 0.330186
v -0.628324 3.821712 0.256503
v -0.647670 3.778129 0.234202
v -0.628324 3.734546 0.256503
v -0.559951 3.690288 0.330186
v -0.456252 3.671946 0.439432
v -0.352594 3.690070 0.548639
v -0.284122 3.733953 0.622303
v -0.187889 3.778129 0.369307
v -0.209350 3.822446 0.351937
v -0.282575 3.866234 0.295449
v -0.393183 3.884313 0.211850
v -0.503833 3.866017 0.128223
v -0.576961 3.821865 0.071715
v -0.597875 3.778129 0.054482
v -0.576961 3.734393 0.071715
v -0.503833 3.690242 0.128223
v -0.393183 3.671946 0.211850
v -0.282575 3.690025 0.295449
v -0.209350 3.733812 0.351937
v -0.132370 3.778129 0.078183
v -0.154985 3.822553 0.066365
v -0.231684 3.866268 0.028106
v -0.347345 3.884313 -0.028442
v -0.463049 3.866052 -0.085008
v -0.539653 3.821980 -0.123283
v -0.561734 3.778129 -0.135022
v -0.539653 3.734278 -0.123283
v -0.463049 3.690206 -0.085008
v -0.347345 3.671946 -0.028442
v -0.231684 3.689990 0.028106
v -0.154985 3.733706 0.066365
v -0.098656 3.778129 -0.223513
v -0.121980 3.822619 -0.229495
v -0.200795 3.866290 -0.248807
v -0.319525 3.884313 -0.277327
v -0.438298 3.866075 -0.305857
v -0.517019 3.822052 -0.325177
v -0.539818 3.778129 -0.331123
v -0.517019 3.734207 -0.325177
v -0.438298 3.690183 -0.305857
v -0.319525 3.671946 -0.277327
v -0.200795 3.689969 -0.248807
v -0.121980 3.733639 -0.229495
v 0.022995 6.141256 -2.780301
v 0.008724 6.146016 -2.792923
v -0.068460 6.152836 -2.839204
v -0.194620 6.158695 -2.864907
v -0.208590 6.138803 -2.714399
v -0.079873 6.136157 -2.726568
v 0.004382 6.137571 -2.766017
v 0.002507 5.830030 -2.805988
v -0.011123 5.841662 -2.818128
v -0.086990 5.870116 -2.862812
v -0.211179 5.906853 -2.885964
v -0.225151 5.886960 -2.735458
v -0.098439 5.853421 -2.750221
v -0.015643 5.833131 -2.791480
v -0.040592 5.525026 -2.832409
v -0.052919 5.543272 -2.843858
v -0.125976 5.592926 -2.887088
v -0.246034 5.659939 -2.907654
v -0.260010 5.640045 -2.757153
v -0.137467 5.576221 -2.774620
v -0.057632 5.534695 -2.817896
v -0.105513 5.231591 -2.859099
v -0.115928 5.255983 -2.869675
v -0.184748 5.326011 -2.911618
v -0.298589 5.422177 -2.929605
v -0.312568 5.402283 -2.779114
v -0.196283 5.309305 -2.799344
v -0.120843 5.247404 -2.844808
v -0.191054 4.954881 -2.885582
v -0.199032 4.984739 -2.895142
v -0.262295 5.073941 -2.935987
v -0.367943 5.197638 -2.951442
v -0.381926 5.177744 -2.800964
v -0.273876 5.057243 -2.823968
v -0.204159 4.976206 -2.871744
v -0.295607 4.699760 -2.911385
v -0.300759 4.734203 -2.919834
v -0.357283 4.841032 -2.959781
v -0.452908 4.990163 -2.972793
v -0.466894 4.970270 -2.822329
v -0.368910 4.824352 -2.848064
v -0.306101 4.725770 -2.898227
v -0.417177 4.470712 -2.936049
v -0.419304 4.508671 -2.943347
v -0.468083 4.631266 -2.982602
v -0.552028 4.803301 -2.993291
v -0.566018 4.783410 -2.842843
v -0.479750 4.614613 -2.871213
v -0.424856 4.500397 -2.923782
v -0.553394 4.271727 -2.959134
v -0.552565 4.311998 -2.965311
v -0.592791 4.448236 -3.004066
v -0.663607 4.640251 -3.012587
v -0.677599 4.620362 -2.862155
v -0.604490 4.431616 -2.893012
v -0.558306 4.303948 -2.947937
v -0.701556 4.106186 -2.980238
v -0.698190 4.147524 -2.985401
v -0.729268 4.295069 -3.023814
v -0.785733 4.503801 -3.030349
v -0.799727 4.483915 -2.879934
v -0.740988 4.278489 -2.913078
v -0.704077 4.139761 -2.970226
v -0.858715 3.976724 -2.999002
v -0.853624 4.018015 -3.003344
v -0.875171 4.174384 -3.041517
v -0.916314 4.396287 -3.046276
v -0.930309 4.376404 -2.895874
v -0.886900 4.157846 -2.931059
v -0.859583 4.010594 -2.990202
v -1.021865 3.885094 -3.015125
v -1.016182 3.925613 -3.018921
v -1.028000 4.088239 -3.056881
v -1.053115 4.319545 -3.060095
v -1.067109 4.299664 -2.909703
v -1.039722 4.071744 -2.946639
v -1.022104 3.918563 -3.007437
v -1.188212 3.832184 -3.028375
v -1.183113 3.871809 -3.031959
v -1.185140 4.038096 -3.069651
v -1.193793 4.274886 -3.071570
v -1.207786 4.255007 -2.921185
v -1.196841 4.021640 -2.959544
v -1.188865 3.865112 -3.021549
v -1.355412 3.818235 -3.038575
v -1.351668 3.857451 -3.042308
v -1.343914 4.024803 -3.079614
v -1.335945 4.263067 -3.080505
v -1.349936 4.243191 -2.930122
v -1.355578 4.008378 -2.969548
v -1.357122 3.851028 -3.032228
v -1.521507 3.843228 -3.045603
v -1.519125 3.882768 -3.049818
v -1.501625 4.048584 -3.086602
v -1.477146 4.284292 -3.086749
v -1.491133 4.264418 -2.936363
v -1.513242 4.032179 -2.976482
v -1.524198 3.876490 -3.039271
v -1.684531 3.907063 -3.049355
v -1.682764 3.947382 -3.054332
v -1.655594 4.109038 -3.090493
v -1.614984 4.338198 -3.090194
v -1.628967 4.318324 -2.939800
v -1.667158 4.092640 -2.980227
v -1.687440 3.941102 -3.042593
v -1.842145 4.009345 -3.049749
v -1.839862 4.050287 -3.055696
v -1.803195 4.205145 -3.091216
v -1.747105 4.423868 -3.090780
v -1.761084 4.403994 -2.940376
v -1.814705 4.188742 -2.980725
v -1.844189 4.043875 -3.042214
v -1.991595 4.149000 -3.046746
v -1.987726 4.189813 -3.053795
v -1.941899 4.335271 -3.088749
v -1.871246 4.539838 -3.088499
v -1.885221 4.519963 -2.938080
v -1.953359 4.318851 -2.977974
v -1.991788 4.183180 -3.038232
v -2.129973 4.324072 -3.040362
v -2.123775 4.363637 -3.048577
v -2.069328 4.497198 -3.083126
v -1.985281 4.684129 -3.083386
v -1.999253 4.664252 -2.932952
v -2.080745 4.480752 -2.972029
v -2.127666 4.356734 -3.030800
v -2.254487 4.531733 -3.030677
v -2.245608 4.568818 -3.040060
v -2.183291 4.688158 -3.074434
v -2.087258 4.854270 -3.075530
v -2.101227 4.834391 -2.925080
v -2.194674 4.671678 -2.963000
v -2.249413 4.561629 -3.020108
v -2.362636 4.768425 -3.017835
v -2.351062 4.801853 -3.028340
v -2.281831 4.904882 -3.062812
v -2.175428 5.047350 -3.065064
v -2.189395 5.027469 -2.914598
v -2.293191 4.888365 -2.951052
v -2.354853 4.794385 -3.006383
v -2.452288 5.030007 -3.002040
v -2.438262 5.058748 -3.013582
v -2.363253 5.143662 -3.048452
v -2.248282 5.260066 -3.052168
v -2.262248 5.240183 -2.901687
v -2.374603 5.127108 -2.936396
v -2.442095 5.051021 -2.989888
v -2.521712 5.311874 -2.983554
v -2.505656 5.335088 -2.996019
v -2.426158 5.400414 -3.031593
v -2.304571 5.488779 -3.037060
v -2.318537 5.468893 -2.886568
v -2.437509 5.383821 -2.919289
v -2.509574 5.327130 -2.970921
v -2.569586 5.609063 -2.962692
v -2.552045 5.626116 -2.975936
v -2.469462 5.670738 -3.012519
v -2.343332 5.729574 -3.020000
v -2.357298 5.709686 -2.869499
v -2.480826 5.654111 -2.900030
v -2.556082 5.617960 -2.949816
v -2.595009 5.916347 -2.939813
v -2.576603 5.926820 -2.953671
v -2.492421 5.950006 -2.991552
v -2.363899 5.978330 -3.001279
v -2.377867 5.958439 -2.850773
v -2.503805 5.933350 -2.878950
v -2.580782 5.918501 -2.926942
v -2.597505 6.228337 -2.915316
v -2.578892 6.232022 -2.929600
v -2.494637 6.233436 -2.969049
v -2.365920 6.230791 -2.981218
v -2.379889 6.210898 -2.830709
v -2.506051 6.216757 -2.856413
v -2.583234 6.223577 -2.902694
v -2.577017 6.539563 -2.889629
v -2.558867 6.536464 -2.904137
v -2.476070 6.516173 -2.945396
v -2.349359 6.482634 -2.960159
v -2.363331 6.462741 -2.809653
v -2.487520 6.499477 -2.832805
v -2.563386 6.527931 -2.877489
v -2.533918 6.844568 -2.863208
v -2.516878 6.834899 -2.877721
v -2.437043 6.793373 -2.920997
v -2.314500 6.729548 -2.938464
v -2.328475 6.709655 -2.787964
v -2.448534 6.776668 -2.808529
v -2.521590 6.826322 -2.851759
v -2.468997 7.138001 -2.836518
v -2.453667 7.122190 -2.850809
v -2.378227 7.060287 -2.896273
v -2.261941 6.967310 -2.916503
v -2.275921 6.947415 -2.766012
v -2.389762 7.043582 -2.783998
v -2.458583 7.113610 -2.825942
v -2.383456 7.414712 -2.810035
v -2.370351 7.393387 -2.823873
v -2.300633 7.312349 -2.871649
v -2.192584 7.191850 -2.894653
v -2.206567 7.171955 -2.744174
v -2.312215 7.295652 -2.759630
v -2.375478 7.384854 -2.800475
v -2.278902 7.669833 -2.784231
v -2.268409 7.643824 -2.797389
v -2.205600 7.545242 -2.847553
v -2.107616 7.399324 -2.873288
v -2.121602 7.379431 -2.722824
v -2.217227 7.528563 -2.735835
v -2.273751 7.635391 -2.775783
v -2.157333 7.898882 -2.759568
v -2.149654 7.869195 -2.771835
v -2.094761 7.754980 -2.824404
v -2.008492 7.586184 -2.852774
v -2.022482 7.566292 -2.702326
v -2.106427 7.738327 -2.713015
v -2.155206 7.860922 -2.752271
v -2.021116 8.097866 -2.736483
v -2.016204 8.065645 -2.747680
v -1.970020 7.937978 -2.802605
v -1.896911 7.749231 -2.833462
v -1.910903 7.729342 -2.683031
v -1.981719 7.921358 -2.691551
v -2.021945 8.057594 -2.730306
v -1.872954 8.263407 -2.715379
v -1.870433 8.229833 -2.725390
v -1.833521 8.091105 -2.782539
v -1.774783 7.885678 -2.815683
v -1.788777 7.865792 -2.665268
v -1.845242 8.074525 -2.671803
v -1.876320 8.222070 -2.710216
v -1.715794 8.392870 -2.696615
v -1.714927 8.358999 -2.705415
v -1.687610 8.211747 -2.764558
v -1.644201 7.993190 -2.799743
v -1.658196 7.973306 -2.649341
v -1.699339 8.195210 -2.654100
v -1.720886 8.351579 -2.692273
v -1.552645 8.484499 -2.680492
v -1.552407 8.451030 -2.688180
v -1.534788 8.297850 -2.748978
v -1.507401 8.069929 -2.785914
v -1.521396 8.050048 -2.635522
v -1.546510 8.281355 -2.638736
v -1.558328 8.443981 -2.676695
v -1.386299 8.537409 -2.667242
v -1.385646 8.504481 -2.674069
v -1.377670 8.347953 -2.736073
v -1.366725 8.114586 -2.774432
v -1.380718 8.094708 -2.624047
v -1.389371 8.331497 -2.625966
v -1.391398 8.497785 -2.663658
v -1.219098 8.551358 -2.657042
v -1.217388 8.518566 -2.663389
v -1.218932 8.361216 -2.726068
v -1.224574 8.126402 -2.765495
v -1.238565 8.106525 -2.615112
v -1.230596 8.344790 -2.616003
v -1.222841 8.512142 -2.653310
v -1.053004 8.526365 -2.650014
v -1.050312 8.493103 -2.656346
v -1.061268 8.337415 -2.719135
v -1.083377 8.105176 -2.759254
v -1.097365 8.085301 -2.608868
v -1.072885 8.321010 -2.609015
v -1.055385 8.486826 -2.645799
v -0.889979 8.462530 -2.646262
v -0.887070 8.428492 -2.653024
v -0.907352 8.276954 -2.715390
v -0.945543 8.051270 -2.755817
v -0.959526 8.031396 -2.605423
v -0.918917 8.260555 -2.605124
v -0.891746 8.422211 -2.641286
v -0.732364 8.360249 -2.645869
v -0.730321 8.325718 -2.653403
v -0.759805 8.180852 -2.714892
v -0.813426 7.965600 -2.755241
v -0.827405 7.945726 -2.604836
v -0.771315 8.164448 -2.604401
v -0.734648 8.319305 -2.639922
v -0.582914 8.220592 -2.648871
v -0.582722 8.186414 -2.657385
v -0.621150 8.050742 -2.717643
v -0.689289 7.849630 -2.757537
v -0.703264 7.829755 -2.607119
v -0.632611 8.034323 -2.606868
v -0.586784 8.179781 -2.641822
v -0.444537 8.045523 -2.655255
v -0.446845 8.012860 -2.664817
v -0.493765 7.888843 -2.723588
v -0.575257 7.705342 -2.762665
v -0.589229 7.685465 -2.612231
v -0.505182 7.872396 -2.612491
v -0.450735 8.005957 -2.647040
v -0.320023 7.837862 -2.664940
v -0.325098 7.807966 -2.675509
v -0.379836 7.697917 -2.732616
v -0.473284 7.535203 -2.770537
v -0.487253 7.515325 -2.620087
v -0.391219 7.681437 -2.621183
v -0.328902 7.800776 -2.655557
v -0.211874 7.601169 -2.677782
v -0.219657 7.575208 -2.689234
v -0.281318 7.481228 -2.744565
v -0.385115 7.342124 -2.781019
v -0.399082 7.322243 -2.630553
v -0.292679 7.464712 -2.632805
v -0.223448 7.567740 -2.667277
v -0.122222 7.339586 -2.693577
v -0.132415 7.318573 -2.705729
v -0.199906 7.242486 -2.759221
v -0.312262 7.129410 -2.793930
v -0.326228 7.109527 -2.643449
v -0.211257 7.225931 -2.647165
v -0.136248 7.310845 -2.682034
v -0.052798 7.057720 -2.712063
v -0.064935 7.042464 -2.724696
v -0.137001 6.985773 -2.776328
v -0.255973 6.900701 -2.809049
v -0.269938 6.880815 -2.658557
v -0.148352 6.969181 -2.664024
v -0.068854 7.034506 -2.699598
v -0.004924 6.760530 -2.732925
v -0.018428 6.751633 -2.745801
v -0.093684 6.715482 -2.795587
v -0.217212 6.659907 -2.826118
v -0.231178 6.640018 -2.675617
v -0.105048 6.698855 -2.683098
v -0.022465 6.743477 -2.719681
v 0.020499 6.453246 -2.755804
v 0.006272 6.451092 -2.768675
v -0.070705 6.436243 -2.816666
v -0.196643 6.411154 -2.844844
v -0.210611 6.391263 -2.694338
v -0.082089 6.419587 -2.704065
v 0.002093 6.442773 -2.741946
v -1.620004 3.837672 -2.956640
v -1.165969 3.837672 -2.956640
v -1.620020 3.824011 -2.955275
v -1.165953 3.824011 -2.955275
v -1.620069 3.811201 -2.951329
v -1.165903 3.811201 -2.951329
v -1.620158 3.800059 -2.945266
v -1.165815 3.800059 -2.945266
v -1.620295 3.791313 -2.937924
v -1.165678 3.791313 -2.937924
v -1.620484 3.785469 -2.930573
v -1.165489 3.785469 -2.930573
v -1.620712 3.782556 -2.924832
v -1.165261 3.782556 -2.924832
v -1.620920 3.781798 -2.922017
v -1.165053 3.781798 -2.922017
v -1.621008 3.781804 -2.921753
v -1.164965 3.781804 -2.921753
v -1.620920 3.781798 -2.921490
v -1.165053 3.781798 -2.921490
v -1.620712 3.782556 -2.918675
v -1.165261 3.782556 -2.918675
v -1.620484 3.785469 -2.912934
v -1.165489 3.785469 -2.912934
v -1.620295 3.791313 -2.905583
v -1.165678 3.791313 -2.905583
v -1.620158 3.800059 -2.898241
v -1.165815 3.800059 -2.898240
v -1.620069 3.811201 -2.892178
v -1.165903 3.811201 -2.892178
v -1.620020 3.824011 -2.888232
v -1.165953 3.824011 -2.888232
v -1.620004 3.837672 -2.886867
v -1.165969 3.837672 -2.886867
v -1.620020 3.851333 -2.888232
v -1.165953 3.851333 -2.888232
v -1.620069 3.864143 -2.892178
v -1.165903 3.864143 -2.892178
v -1.620158 3.875284 -2.898241
v -1.165815 3.875284 -2.898240
v -1.620294 3.884030 -2.905583
v -1.165678 3.884030 -2.905583
v -1.620484 3.889874 -2.912934
v -1.165489 3.889874 -2.912934
v -1.620712 3.892788 -2.918675
v -1.165261 3.892788 -2.918675
v -1.620920 3.893545 -2.921490
v -1.165053 3.893545 -2.921490
v -1.621008 3.893540 -2.921753
v -1.164965 3.893540 -2.921753
v -1.620920 3.893545 -2.922017
v -1.165053 3.893545 -2.922017
v -1.620712 3.892788 -2.924832
v -1.165261 3.892788 -2.924832
v -1.620484 3.889874 -2.930573
v -1.165489 3.889874 -2.930573
v -1.620295 3.884030 -2.937924
v -1.165678 3.884030 -2.937924
v -1.620158 3.875284 -2.945266
v -1.165815 3.875284 -2.945267
v -1.620069 3.864143 -2.951329
v -1.165903 3.864143 -2.951329
v -1.620020 3.851333 -2.955275
v -1.165953 3.851333 -2.955275
vn -0.0000 -0.8273 -0.5618
vn -0.0000 0.8418 -0.5398
vn 0.1763 -0.8187 -0.5465
vn 0.1664 0.8352 -0.5242
vn 0.3382 -0.7952 -0.5032
vn 0.3173 0.8176 -0.4804
vn 0.4760 -0.7623 -0.4386
vn 0.4427 0.7944 -0.4159
vn 0.5858 -0.7260 -0.3601
vn 0.5389 0.7712 -0.3389
vn 0.6684 -0.6916 -0.2737
vn 0.6071 0.7523 -0.2558
vn 0.7264 -0.6624 -0.1832
vn 0.6503 0.7402 -0.1710
vn 0.7626 -0.6405 -0.0905
vn 0.6713 0.7361 -0.0864
vn 0.7791 -0.6269 0.0038
vn 0.6724 0.7402 -0.0033
vn 0.7764 -0.6223 0.0998
vn 0.6546 0.7520 0.0776
vn 0.7534 -0.6271 0.1979
vn 0.6180 0.7706 0.1558
vn 0.7073 -0.6411 0.2979
vn 0.5618 0.7946 0.2300
vn 0.6336 -0.6634 0.3981
vn 0.4854 0.8218 0.2984
vn 0.5265 -0.6916 0.4944
vn 0.3883 0.8492 0.3578
vn 0.3821 -0.7209 0.5782
vn 0.2720 0.8731 0.4047
vn 0.2023 -0.7438 0.6371
vn 0.1403 0.8894 0.4350
vn -0.0000 -0.7525 0.6585
vn -0.0000 0.8953 0.4455
vn -0.2023 -0.7438 0.6371
vn -0.1403 0.8894 0.4350
vn -0.3821 -0.7209 0.5782
vn -0.2720 0.8731 0.4047
vn -0.5265 -0.6916 0.4944
vn -0.3883 0.8492 0.3578
vn -0.6336 -0.6634 0.3981
vn -0.4854 0.8218 0.2984
vn -0.7073 -0.6411 0.2979
vn -0.5618 0.7946 0.2300
vn -0.7534 -0.6271 0.1979
vn -0.6180 0.7706 0.1558
vn -0.7764 -0.6223 0.0998
vn -0.6546 0.7520 0.0776
vn -0.7791 -0.6269 0.0038
vn -0.6724 0.7402 -0.0033
vn -0.7626 -0.6405 -0.0905
vn -0.6713 0.7361 -0.0864
vn -0.7264 -0.6624 -0.1832
vn -0.6503 0.7402 -0.1710
vn -0.6684 -0.6916 -0.2737
vn -0.6071 0.7523 -0.2558
vn -0.5858 -0.7260 -0.3601
vn -0.5389 0.7712 -0.3389
vn -0.4760 -0.7623 -0.4386
vn -0.4427 0.7944 -0.4159
vn -0.3382 -0.7952 -0.5032
vn -0.3173 0.8176 -0.4804
vn -0.1763 -0.8187 -0.5465
vn -0.1664 0.8352 -0.5242
vn -0.0000 0.7915 -0.6111
vn -0.0000 -0.2457 -0.9693
vn -0.0000 -0.6480 -0.7616
vn 0.2046 0.7816 -0.5893
vn 0.3185 -0.2372 -0.9177
vn 0.2923 -0.4532 -0.8421
vn 0.2537 -0.6339 -0.7306
vn 0.2076 -0.7747 -0.5973
vn 0.1576 -0.8774 -0.4531
vn 0.1061 -0.9466 -0.3045
vn 0.0541 -0.9864 -0.1549
vn 0.3835 0.7559 -0.5305
vn 0.5718 -0.2171 -0.7911
vn 0.5317 -0.4201 -0.7354
vn 0.4696 -0.5981 -0.6494
vn 0.3913 -0.7447 -0.5407
vn 0.3019 -0.8574 -0.4169
vn 0.2057 -0.9366 -0.2837
vn 0.1057 -0.9837 -0.1453
vn 0.5238 0.7237 -0.4492
vn 0.7446 -0.1947 -0.6385
vn 0.7016 -0.3819 -0.6016
vn 0.6319 -0.5544 -0.5416
vn 0.5381 -0.7056 -0.4610
vn 0.4239 -0.8298 -0.3629
vn 0.2938 -0.9223 -0.2511
vn 0.1526 -0.9797 -0.1300
vn 0.6257 0.6928 -0.3585
vn 0.8542 -0.1755 -0.4894
vn 0.8135 -0.3479 -0.4660
vn 0.7446 -0.5134 -0.4265
vn 0.6468 -0.6667 -0.3703
vn 0.5202 -0.8005 -0.2975
vn 0.3670 -0.9063 -0.2096
vn 0.1928 -0.9751 -0.1098
vn 0.6954 0.6675 -0.2662
vn 0.9217 -0.1610 -0.3529
vn 0.8843 -0.3216 -0.3385
vn 0.8191 -0.4804 -0.3135
vn 0.7226 -0.6336 -0.2764
vn 0.5912 -0.7742 -0.2259
vn 0.4239 -0.8912 -0.1618
vn 0.2251 -0.9706 -0.0856
vn 0.7399 0.6494 -0.1756
vn 0.9618 -0.1512 -0.2282
vn 0.9271 -0.3035 -0.2200
vn 0.8655 -0.4568 -0.2053
vn 0.7717 -0.6091 -0.1830
vn 0.6393 -0.7539 -0.1515
vn 0.4641 -0.8789 -0.1098
vn 0.2487 -0.9668 -0.0587
vn 0.7645 0.6387 -0.0871
vn 0.9830 -0.1456 -0.1120
vn 0.9500 -0.2929 -0.1082
vn 0.8908 -0.4429 -0.1015
vn 0.7991 -0.5942 -0.0910
vn 0.6670 -0.7411 -0.0759
vn 0.4880 -0.8711 -0.0554
vn 0.2631 -0.9643 -0.0298
vn 0.7724 0.6351 -0.0000
vn 0.9896 -0.1437 -0.0000
vn 0.9572 -0.2895 -0.0000
vn 0.8988 -0.4383 -0.0000
vn 0.8079 -0.5893 -0.0000
vn 0.6761 -0.7368 -0.0000
vn 0.4959 -0.8684 -0.0000
vn 0.2679 -0.9635 -0.0000
vn 0.7645 0.6387 0.0871
vn 0.9830 -0.1456 0.1120
vn 0.9500 -0.2929 0.1082
vn 0.8908 -0.4429 0.1015
vn 0.7991 -0.5942 0.0910
vn 0.6670 -0.7411 0.0759
vn 0.4880 -0.8711 0.0554
vn 0.2631 -0.9643 0.0298
vn 0.7399 0.6494 0.1756
vn 0.9618 -0.1512 0.2282
vn 0.9271 -0.3035 0.2200
vn 0.8655 -0.4568 0.2053
vn 0.7717 -0.6091 0.1830
vn 0.6393 -0.7539 0.1515
vn 0.4641 -0.8789 0.1098
vn 0.2487 -0.9668 0.0587
vn 0.6954 0.6675 0.2662
vn 0.9217 -0.1610 0.3529
vn 0.8843 -0.3216 0.3385
vn 0.8191 -0.4804 0.3135
vn 0.7226 -0.6336 0.2764
vn 0.5912 -0.7742 0.2259
vn 0.4239 -0.8912 0.1618
vn 0.2251 -0.9706 0.0856
vn 0.6257 0.6928 0.3585
vn 0.8542 -0.1755 0.4894
vn 0.8135 -0.3479 0.4660
vn 0.7446 -0.5134 0.4265
vn 0.6468 -0.6667 0.3703
vn 0.5202 -0.8005 0.2975
vn 0.3670 -0.9063 0.2096
vn 0.1928 -0.9751 0.1098
vn 0.5238 0.7237 0.4492
vn 0.7446 -0.1947 0.6385
vn 0.7016 -0.3819 0.6016
vn 0.6319 -0.5544 0.5416
vn 0.5381 -0.7056 0.4610
vn 0.4239 -0.8298 0.3629
vn 0.2938 -0.9223 0.2511
vn 0.1526 -0.9797 0.1300
vn 0.3835 0.7559 0.5305
vn 0.5718 -0.2171 0.7911
vn 0.5317 -0.4201 0.7354
vn 0.4696 -0.5981 0.6494
vn 0.3913 -0.7447 0.5407
vn 0.3019 -0.8574 0.4169
vn 0.2057 -0.9366 0.2837
vn 0.1057 -0.9837 0.1453
vn 0.2046 0.7816 0.5893
vn 0.3185 -0.2372 0.9177
vn 0.2923 -0.4532 0.8421
vn 0.2537 -0.6339 0.7306
vn 0.2076 -0.7747 0.5973
vn 0.1576 -0.8774 0.4531
vn 0.1061 -0.9466 0.3045
vn 0.0541 -0.9864 0.1549
vn -0.0000 0.7915 0.6111
vn -0.0000 -0.2457 0.9693
vn -0.0000 -0.4668 0.8844
vn -0.0000 -0.6480 0.7616
vn -0.0000 -0.7861 0.6181
vn -0.0000 -0.8848 0.4659
vn -0.0000 -0.9502 0.3118
vn -0.0000 -0.9874 0.1582
vn -0.2046 0.7816 0.5893
vn -0.3185 -0.2372 0.9177
vn -0.2923 -0.4532 0.8421
vn -0.2537 -0.6339 0.7306
vn -0.2076 -0.7747 0.5973
vn -0.1576 -0.8774 0.4531
vn -0.1061 -0.9466 0.3045
vn -0.0541 -0.9864 0.1549
vn -0.3835 0.7559 0.5305
vn -0.5718 -0.2171 0.7911
vn -0.5317 -0.4201 0.7354
vn -0.4696 -0.5981 0.6494
vn -0.3913 -0.7447 0.5407
vn -0.3019 -0.8574 0.4169
vn -0.2057 -0.9366 0.2837
vn -0.1057 -0.9837 0.1453
vn -0.5238 0.7237 0.4492
vn -0.7446 -0.1947 0.6385
vn -0.7016 -0.3819 0.6016
vn -0.6319 -0.5544 0.5416
vn -0.5381 -0.7056 0.4610
vn -0.4239 -0.8298 0.3629
vn -0.2938 -0.9223 0.2511
vn -0.1526 -0.9797 0.1300
vn -0.6257 0.6928 0.3585
vn -0.8542 -0.1755 0.4894
vn -0.8135 -0.3479 0.4660
vn -0.7446 -0.5134 0.4265
vn -0.6468 -0.6667 0.3703
vn -0.5202 -0.8005 0.2975
vn -0.3670 -0.9063 0.2096
vn -0.1928 -0.9751 0.1098
vn -0.0000 -1.0000 -0.0000
vn -0.6954 0.6675 0.2662
vn -0.9217 -0.1610 0.3529
vn -0.8843 -0.3216 0.3385
vn -0.8191 -0.4804 0.3135
vn -0.7226 -0.6336 0.2764
vn -0.5912 -0.7742 0.2259
vn -0.4239 -0.8912 0.1618
vn -0.2251 -0.9706 0.0856
vn -0.7399 0.6494 0.1756
vn -0.9618 -0.1512 0.2282
vn -0.9271 -0.3035 0.2200
vn -0.8655 -0.4568 0.2053
vn -0.7717 -0.6091 0.1830
vn -0.6393 -0.7539 0.1515
vn -0.4641 -0.8789 0.1098
vn -0.2487 -0.9668 0.0587
vn -0.7645 0.6387 0.0871
vn -0.9830 -0.1456 0.1120
vn -0.9500 -0.2929 0.1082
vn -0.8908 -0.4429 0.1015
vn -0.7991 -0.5942 0.0910
vn -0.6670 -0.7411 0.0759
vn -0.4880 -0.8711 0.0554
vn -0.2631 -0.9643 0.0298
vn -0.7724 0.6351 -0.0000
vn -0.9896 -0.1437 -0.0000
vn -0.9572 -0.2895 -0.0000
vn -0.8988 -0.4383 -0.0000
vn -0.8079 -0.5893 -0.0000
vn -0.6761 -0.7368 -0.0000
vn -0.4959 -0.8684 -0.0000
vn -0.2679 -0.9635 -0.0000
vn -0.7645 0.6387 -0.0871
vn -0.9830 -0.1456 -0.1120
vn -0.9500 -0.2929 -0.1082
vn -0.8908 -0.4429 -0.1015
vn -0.7991 -0.5942 -0.0910
vn -0.6670 -0.7411 -0.0759
vn -0.4880 -0.8711 -0.0554
vn -0.2631 -0.9643 -0.0298
vn -0.7399 0.6494 -0.1756
vn -0.9618 -0.1512 -0.2282
vn -0.9271 -0.3035 -0.2200
vn -0.8655 -0.4568 -0.2053
vn -0.7717 -0.6091 -0.1830
vn -0.6393 -0.7539 -0.1515
vn -0.4641 -0.8789 -0.1098
vn -0.2487 -0.9668 -0.0587
vn -0.6954 0.6675 -0.2662
vn -0.9217 -0.1610 -0.3529
vn -0.8843 -0.3216 -0.3385
vn -0.8191 -0.4804 -0.3135
vn -0.7226 -0.6336 -0.2764
vn -0.5912 -0.7742 -0.2259
vn -0.4239 -0.8912 -0.1618
vn -0.2251 -0.9706 -0.0856
vn -0.6257 0.6928 -0.3585
vn -0.8542 -0.1755 -0.4894
vn -0.8135 -0.3479 -0.4660
vn -0.7446 -0.5134 -0.4265
vn -0.6468 -0.6667 -0.3703
vn -0.5202 -0.8005 -0.2975
vn -0.3670 -0.9063 -0.2096
vn -0.1928 -0.9751 -0.1098
vn -0.5238 0.7237 -0.4492
vn -0.7446 -0.1947 -0.6385
vn -0.7016 -0.3819 -0.6016
vn -0.6319 -0.5544 -0.5416
vn -0.5381 -0.7056 -0.4610
vn -0.4239 -0.8298 -0.3629
vn -0.2938 -0.9223 -0.2511
vn -0.1526 -0.9797 -0.1300
vn -0.3835 0.7559 -0.5305
vn -0.5718 -0.2171 -0.7911
vn -0.5317 -0.4201 -0.7354
vn -0.4696 -0.5981 -0.6494
vn -0.3913 -0.7447 -0.5407
vn -0.3019 -0.8574 -0.4169
vn -0.2057 -0.9366 -0.2837
vn -0.1057 -0.9837 -0.1453
vn -0.2046 0.7816 -0.5893
vn -0.3185 -0.2372 -0.9177
vn -0.2923 -0.4532 -0.8421
vn -0.2537 -0.6339 -0.7306
vn -0.2076 -0.7747 -0.5973
vn -0.1576 -0.8774 -0.4531
vn -0.1061 -0.9466 -0.3045
vn -0.0541 -0.9864 -0.1549
vn -0.0000 -0.4668 -0.8844
vn -0.0000 -0.7861 -0.6181
vn -0.0000 -0.8848 -0.4659
vn -0.0000 -0.9502 -0.3118
vn -0.0000 -0.9874 -0.1582
vn 1.0000 -0.0000 -0.0000
vn 0.7409 0.6716 -0.0000
vn 0.3361 0.9418 -0.0000
vn 0.0057 1.0000 -0.0000
vn -0.3239 0.9461 -0.0000
vn -0.7305 0.6829 -0.0000
vn -1.0000 -0.0000 -0.0000
vn -0.7305 -0.6829 -0.0000
vn -0.3239 -0.9461 -0.0000
vn 0.0057 -1.0000 -0.0000
vn 0.3361 -0.9418 -0.0000
vn 0.7409 -0.6716 -0.0000
vn 0.9973 -0.0000 -0.0741
vn 0.7371 0.6736 -0.0546
vn 0.3336 0.9424 -0.0246
vn 0.0057 1.0000 -0.0003
vn -0.3213 0.9467 0.0239
vn -0.7266 0.6849 0.0538
vn -0.9973 -0.0000 0.0736
vn -0.7266 -0.6849 0.0538
vn -0.3213 -0.9467 0.0239
vn 0.0057 -1.0000 -0.0003
vn 0.3336 -0.9424 -0.0246
vn 0.7371 -0.6736 -0.0546
vn 0.9888 -0.0000 -0.1495
vn 0.7253 0.6797 -0.1093
vn 0.3258 0.9442 -0.0489
vn 0.0057 1.0000 -0.0007
vn -0.3136 0.9484 0.0474
vn -0.7147 0.6911 0.1076
vn -0.9889 -0.0000 0.1485
vn -0.7147 -0.6911 0.1076
vn -0.3136 -0.9484 0.0474
vn 0.0057 -1.0000 -0.0007
vn 0.3258 -0.9442 -0.0489
vn 0.7253 -0.6797 -0.1093
vn 0.9738 -0.0000 -0.2276
vn 0.7051 0.6898 -0.1642
vn 0.3129 0.9470 -0.0726
vn 0.0056 1.0000 -0.0010
vn -0.3007 0.9511 0.0703
vn -0.6944 0.7012 0.1616
vn -0.9741 -0.0000 0.2261
vn -0.6944 -0.7012 0.1616
vn -0.3007 -0.9511 0.0703
vn 0.0056 -1.0000 -0.0010
vn 0.3129 -0.9470 -0.0726
vn 0.7051 -0.6898 -0.1642
vn 0.9508 -0.0000 -0.3098
vn 0.6757 0.7037 -0.2194
vn 0.2949 0.9508 -0.0953
vn 0.0055 1.0000 -0.0014
vn -0.2829 0.9547 0.0921
vn -0.6648 0.7152 0.2157
vn -0.9515 -0.0000 0.3078
vn -0.6648 -0.7152 0.2157
vn -0.2829 -0.9547 0.0921
vn 0.0055 -1.0000 -0.0014
vn 0.2949 -0.9508 -0.0953
vn 0.6757 -0.7037 -0.2194
vn 0.9176 -0.0000 -0.3974
vn 0.6360 0.7212 -0.2744
vn 0.2719 0.9552 -0.1168
vn 0.0052 1.0000 -0.0018
vn -0.2602 0.9590 0.1126
vn -0.6249 0.7327 0.2695
vn -0.9187 -0.0000 0.3949
vn -0.6249 -0.7327 0.2695
vn -0.2602 -0.9590 0.1126
vn 0.0052 -1.0000 -0.0018
vn 0.2719 -0.9552 -0.1168
vn 0.6360 -0.7212 -0.2744
vn 0.8709 -0.0000 -0.4915
vn 0.5846 0.7417 -0.3287
vn 0.2440 0.9601 -0.1366
vn 0.0049 1.0000 -0.0022
vn -0.2330 0.9636 0.1314
vn -0.5735 0.7531 0.3224
vn -0.8724 -0.0000 0.4888
vn -0.5735 -0.7531 0.3224
vn -0.2330 -0.9636 0.1314
vn 0.0049 -1.0000 -0.0022
vn 0.2440 -0.9601 -0.1366
vn 0.5846 -0.7417 -0.3287
vn 0.8055 -0.0000 -0.5925
vn 0.5201 0.7643 -0.3811
vn 0.2116 0.9651 -0.1544
vn 0.0044 1.0000 -0.0027
vn -0.2015 0.9682 0.1481
vn -0.5093 0.7755 0.3731
vn -0.8076 -0.0000 0.5897
vn -0.5093 -0.7755 0.3731
vn -0.2015 -0.9682 0.1481
vn 0.0044 -1.0000 -0.0027
vn 0.2116 -0.9651 -0.1544
vn 0.5201 -0.7643 -0.3811
vn 0.7150 -0.0000 -0.6991
vn 0.4415 0.7876 -0.4299
vn 0.1749 0.9699 -0.1697
vn 0.0038 1.0000 -0.0031
vn -0.1662 0.9726 0.1624
vn -0.4314 0.7984 0.4200
vn -0.7177 -0.0000 0.6964
vn -0.4314 -0.7984 0.4200
vn -0.1662 -0.9726 0.1624
vn 0.0038 -1.0000 -0.0031
vn 0.1749 -0.9699 -0.1697
vn 0.4415 -0.7876 -0.4299
vn 0.5916 -0.0000 -0.8062
vn 0.3482 0.8096 -0.4726
vn 0.1347 0.9740 -0.1820
vn 0.0030 1.0000 -0.0034
vn -0.1276 0.9765 0.1738
vn -0.3396 0.8199 0.4608
vn -0.5945 -0.0000 0.8041
vn -0.3396 -0.8200 0.4608
vn -0.1276 -0.9765 0.1738
vn 0.0030 -1.0000 -0.0034
vn 0.1347 -0.9740 -0.1820
vn 0.3482 -0.8096 -0.4726
vn 0.4288 -0.0000 -0.9034
vn 0.2413 0.8279 -0.5063
vn 0.0915 0.9773 -0.1912
vn 0.0021 1.0000 -0.0037
vn -0.0866 0.9794 0.1823
vn -0.2349 0.8378 0.4929
vn -0.4315 -0.0000 0.9021
vn -0.2349 -0.8378 0.4929
vn -0.0866 -0.9794 0.1823
vn 0.0021 -1.0000 -0.0037
vn 0.0915 -0.9773 -0.1912
vn 0.2413 -0.8279 -0.5063
vn 0.2271 -0.0000 -0.9739
vn 0.1236 0.8402 -0.5280
vn 0.0463 0.9793 -0.1968
vn 0.0011 1.0000 -0.0039
vn -0.0437 0.9813 0.1874
vn -0.1202 0.8497 0.5134
vn -0.2288 -0.0000 0.9735
vn -0.1202 -0.8497 0.5134
vn -0.0437 -0.9813 0.1874
vn 0.0011 -1.0000 -0.0039
vn 0.0463 -0.9793 -0.1968
vn 0.1236 -0.8402 -0.5280
vn -0.0000 -0.0000 -1.0000
vn -0.0000 0.8445 -0.5355
vn -0.0000 0.9801 -0.1987
vn -0.0000 1.0000 -0.0039
vn -0.0000 0.9820 0.1891
vn -0.0000 0.8538 0.5205
vn -0.0000 -0.0000 1.0000
vn -0.0000 -0.8538 0.5205
vn -0.0000 -0.9820 0.1891
vn -0.0000 -1.0000 -0.0039
vn -0.0000 -0.9801 -0.1987
vn -0.0000 -0.8445 -0.5355
vn -0.2271 -0.0000 -0.9739
vn -0.1236 0.8402 -0.5280
vn -0.0463 0.9793 -0.1968
vn -0.0011 1.0000 -0.0039
vn 0.0437 0.9813 0.1874
vn 0.1202 0.8497 0.5134
vn 0.2288 -0.0000 0.9735
vn 0.1202 -0.8497 0.5134
vn 0.0437 -0.9813 0.1874
vn -0.0011 -1.0000 -0.0039
vn -0.0463 -0.9793 -0.1968
vn -0.1236 -0.8402 -0.5280
vn -0.4288 -0.0000 -0.9034
vn -0.2413 0.8279 -0.5063
vn -0.0915 0.9773 -0.1912
vn -0.0021 1.0000 -0.0037
vn 0.0866 0.9794 0.1823
vn 0.2349 0.8378 0.4929
vn 0.4315 -0.0000 0.9021
vn 0.2349 -0.8378 0.4929
vn 0.0866 -0.9794 0.1823
vn -0.0021 -1.0000 -0.0037
vn -0.0915 -0.9773 -0.1912
vn -0.2413 -0.8279 -0.5063
vn -0.5916 -0.0000 -0.8062
vn -0.3482 0.8096 -0.4726
vn -0.1347 0.9740 -0.1820
vn -0.0030 1.0000 -0.0034
vn 0.1276 0.9765 0.1738
vn 0.3396 0.8200 0.4608
vn 0.5945 -0.0000 0.8041
vn 0.3396 -0.8200 0.4608
vn 0.1276 -0.9765 0.1738
vn -0.0030 -1.0000 -0.0034
vn -0.1347 -0.9740 -0.1820
vn -0.3482 -0.8096 -0.4726
vn -0.7150 -0.0000 -0.6991
vn -0.4414 0.7876 -0.4299
vn -0.1749 0.9699 -0.1697
vn -0.0038 1.0000 -0.0031
vn 0.1662 0.9726 0.1624
vn 0.4314 0.7984 0.4200
vn 0.7177 -0.0000 0.6964
vn 0.4314 -0.7984 0.4200
vn 0.1662 -0.9726 0.1624
vn -0.0038 -1.0000 -0.0031
vn -0.1749 -0.9699 -0.1697
vn -0.4414 -0.7876 -0.4299
vn -0.8055 -0.0000 -0.5925
vn -0.5201 0.7643 -0.3811
vn -0.2116 0.9651 -0.1544
vn -0.0044 1.0000 -0.0027
vn 0.2015 0.9682 0.1481
vn 0.5093 0.7755 0.3731
vn 0.8076 -0.0000 0.5897
vn 0.5093 -0.7755 0.3731
vn 0.2015 -0.9682 0.1481
vn -0.0044 -1.0000 -0.0027
vn -0.2116 -0.9651 -0.1544
vn -0.5201 -0.7643 -0.3811
vn -0.8709 -0.0000 -0.4915
vn -0.5846 0.7417 -0.3287
vn -0.2440 0.9601 -0.1366
vn -0.0049 1.0000 -0.0022
vn 0.2330 0.9636 0.1314
vn 0.5735 0.7531 0.3224
vn 0.8724 -0.0000 0.4888
vn 0.5735 -0.7531 0.3224
vn 0.2330 -0.9636 0.1314
vn -0.0049 -1.0000 -0.0022
vn -0.2440 -0.9601 -0.1366
vn -0.5846 -0.7417 -0.3287
vn -0.9176 -0.0000 -0.3974
vn -0.6360 0.7212 -0.2744
vn -0.2719 0.9552 -0.1168
vn -0.0052 1.0000 -0.0018
vn 0.2602 0.9590 0.1126
vn 0.6249 0.7327 0.2695
vn 0.9187 -0.0000 0.3949
vn 0.6249 -0.7327 0.2695
vn 0.2602 -0.9590 0.1126
vn -0.0052 -1.0000 -0.0018
vn -0.2719 -0.9552 -0.1168
vn -0.6360 -0.7212 -0.2744
vn -0.9508 -0.0000 -0.3098
vn -0.6757 0.7037 -0.2194
vn -0.2949 0.9508 -0.0953
vn -0.0055 1.0000 -0.0014
vn 0.2829 0.9547 0.0921
vn 0.6648 0.7152 0.2157
vn 0.9515 -0.0000 0.3078
vn 0.6648 -0.7152 0.2157
vn 0.2829 -0.9547 0.0921
vn -0.0055 -1.0000 -0.0014
vn -0.2949 -0.9508 -0.0953
vn -0.6757 -0.7037 -0.2194
vn -0.9738 -0.0000 -0.2276
vn -0.7051 0.6898 -0.1642
vn -0.3129 0.9470 -0.0726
vn -0.0056 1.0000 -0.0010
vn 0.3007 0.9511 0.0703
vn 0.6944 0.7012 0.1616
vn 0.9741 -0.0000 0.2261
vn 0.6944 -0.7012 0.1616
vn 0.3007 -0.9511 0.0703
vn -0.0056 -1.0000 -0.0010
vn -0.3129 -0.9470 -0.0726
vn -0.7051 -0.6898 -0.1642
vn -0.9888 -0.0000 -0.1495
vn -0.7253 0.6797 -0.1093
vn -0.3258 0.9442 -0.0489
vn -0.0057 1.0000 -0.0007
vn 0.3136 0.9484 0.0474
vn 0.7147 0.6911 0.1076
vn 0.9889 -0.0000 0.1485
vn 0.7147 -0.6911 0.1076
vn 0.3136 -0.9484 0.0474
vn -0.0057 -1.0000 -0.0007
vn -0.3258 -0.9442 -0.0489
vn -0.7253 -0.6797 -0.1093
vn -0.9973 -0.0000 -0.0741
vn -0.7371 0.6736 -0.0546
vn -0.3336 0.9424 -0.0246
vn -0.0057 1.0000 -0.0003
vn 0.3213 0.9467 0.0239
vn 0.7266 0.6849 0.0538
vn 0.9973 -0.0000 0.0736
vn 0.7266 -0.6849 0.0538
vn 0.3213 -0.9467 0.0239
vn -0.0057 -1.0000 -0.0003
vn -0.3336 -0.9424 -0.0246
vn -0.7371 -0.6736 -0.0546
vn -0.7409 0.6716 -0.0000
vn -0.3361 0.9418 -0.0000
vn -0.0057 1.0000 -0.0000
vn 0.3239 0.9461 -0.0000
vn 0.7305 0.6829 -0.0000
vn 0.7305 -0.6829 -0.0000
vn 0.3239 -0.9461 -0.0000
vn -0.0057 -1.0000 -0.0000
vn -0.3361 -0.9418 -0.0000
vn -0.7409 -0.6716 -0.0000
vn -0.9973 -0.0000 0.0741
vn -0.7371 0.6736 0.0546
vn -0.3336 0.9424 0.0246
vn -0.0057 1.0000 0.0003
vn 0.3213 0.9467 -0.0239
vn 0.7266 0.6849 -0.0538
vn 0.9973 -0.0000 -0.0736
vn 0.7266 -0.6849 -0.0538
vn 0.3213 -0.9467 -0.0239
vn -0.0057 -1.0000 0.0003
vn -0.3336 -0.9424 0.0246
vn -0.7371 -0.6736 0.0546
vn -0.9888 -0.0000 0.1495
vn -0.7253 0.6797 0.1093
vn -0.3258 0.9442 0.0489
vn -0.0057 1.0000 0.0007
vn 0.3136 0.9484 -0.0474
vn 0.7147 0.6911 -0.1076
vn 0.9889 -0.0000 -0.1485
vn 0.7147 -0.6911 -0.1076
vn 0.3136 -0.9484 -0.0474
vn -0.0057 -1.0000 0.0007
vn -0.3258 -0.9442 0.0489
vn -0.7253 -0.6797 0.1093
vn -0.9738 -0.0000 0.2276
vn -0.7051 0.6898 0.1642
vn -0.3129 0.9470 0.0726
vn -0.0056 1.0000 0.0010
vn 0.3007 0.9511 -0.0703
vn 0.6944 0.7012 -0.1616
vn 0.9741 -0.0000 -0.2261
vn 0.6944 -0.7012 -0.1616
vn 0.3007 -0.9511 -0.0703
vn -0.0056 -1.0000 0.0010
vn -0.3129 -0.9470 0.0726
vn -0.7051 -0.6898 0.1642
vn -0.9508 -0.0000 0.3098
vn -0.6757 0.7037 0.2194
vn -0.2949 0.9508 0.0953
vn -0.0055 1.0000 0.0014
vn 0.2829 0.9547 -0.0921
vn 0.6648 0.7152 -0.2157
vn 0.9515 -0.0000 -0.3078
vn 0.6648 -0.7152 -0.2157
vn 0.2829 -0.9547 -0.0921
vn -0.0055 -1.0000 0.0014
vn -0.2949 -0.9508 0.0953
vn -0.6757 -0.7037 0.2194
vn -0.9176 -0.0000 0.3974
vn -0.6360 0.7212 0.2744
vn -0.2719 0.9552 0.1168
vn -0.0052 1.0000 0.0018
vn 0.2602 0.9590 -0.1126
vn 0.6249 0.7327 -0.2695
vn 0.9187 -0.0000 -0.3949
vn 0.6249 -0.7327 -0.2695
vn 0.2602 -0.9590 -0.1126
vn -0.0052 -1.0000 0.0018
vn -0.2719 -0.9552 0.1168
vn -0.6360 -0.7212 0.2744
vn -0.8709 -0.0000 0.4915
vn -0.5846 0.7417 0.3287
vn -0.2440 0.9601 0.1366
vn -0.0049 1.0000 0.0022
vn 0.2330 0.9636 -0.1314
vn 0.5735 0.7531 -0.3224
vn 0.8724 -0.0000 -0.4888
vn 0.5735 -0.7531 -0.3224
vn 0.2330 -0.9636 -0.1314
vn -0.0049 -1.0000 0.0022
vn -0.2440 -0.9601 0.1366
vn -0.5846 -0.7417 0.3287
vn -0.8055 -0.0000 0.5925
vn -0.5201 0.7643 0.3811
vn -0.2116 0.9651 0.1544
vn -0.0044 1.0000 0.0027
vn 0.2015 0.9682 -0.1481
vn 0.5093 0.7755 -0.3731
vn 0.8076 -0.0000 -0.5897
vn 0.5093 -0.7755 -0.3731
vn 0.2015 -0.9682 -0.1481
vn -0.0044 -1.0000 0.0027
vn -0.2116 -0.9651 0.1544
vn -0.5201 -0.7643 0.3811
vn -0.7150 -0.0000 0.6991
vn -0.4414 0.7876 0.4299
vn -0.1749 0.9699 0.1697
vn -0.0038 1.0000 0.0031
vn 0.1662 0.9726 -0.1624
vn 0.4314 0.7984 -0.4200
vn 0.7177 -0.0000 -0.6964
vn 0.4314 -0.7984 -0.4200
vn 0.1662 -0.9726 -0.1624
vn -0.0038 -1.0000 0.0031
vn -0.1749 -0.9699 0.1697
vn -0.4415 -0.7876 0.4299
vn -0.5916 -0.0000 0.8062
vn -0.3482 0.8096 0.4726
vn -0.1347 0.9740 0.1820
vn -0.0030 1.0000 0.0034
vn 0.1276 0.9765 -0.1738
vn 0.3396 0.8199 -0.4608
vn 0.5945 -0.0000 -0.8041
vn 0.3396 -0.8199 -0.4608
vn 0.1276 -0.9765 -0.1738
vn -0.0030 -1.0000 0.0034
vn -0.1347 -0.9740 0.1820
vn -0.3482 -0.8096 0.4726
vn -0.4288 -0.0000 0.9034
vn -0.2413 0.8279 0.5063
vn -0.0915 0.9773 0.1912
vn -0.0021 1.0000 0.0037
vn 0.0866 0.9794 -0.1823
vn 0.2349 0.8378 -0.4929
vn 0.4315 -0.0000 -0.9021
vn 0.2349 -0.8378 -0.4929
vn 0.0866 -0.9794 -0.1823
vn -0.0021 -1.0000 0.0037
vn -0.0915 -0.9773 0.1912
vn -0.2413 -0.8279 0.5063
vn -0.2271 -0.0000 0.9739
vn -0.1236 0.8402 0.5280
vn -0.0463 0.9793 0.1968
vn -0.0011 1.0000 0.0039
vn 0.0437 0.9813 -0.1874
vn 0.1202 0.8497 -0.5134
vn 0.2288 -0.0000 -0.9735
vn 0.1202 -0.8497 -0.5134
vn 0.0437 -0.9813 -0.1874
vn -0.0011 -1.0000 0.0039
vn -0.0463 -0.9793 0.1968
vn -0.1236 -0.8402 0.5280
vn -0.0000 0.8445 0.5355
vn -0.0000 0.9801 0.1987
vn -0.0000 1.0000 0.0039
vn -0.0000 0.9820 -0.1891
vn -0.0000 0.8538 -0.5205
vn -0.0000 -0.8538 -0.5205
vn -0.0000 -0.9820 -0.1891
vn -0.0000 -1.0000 0.0039
vn -0.0000 -0.9801 0.1987
vn -0.0000 -0.8445 0.5355
vn 0.2271 -0.0000 0.9739
vn 0.1236 0.8402 0.5280
vn 0.0463 0.9793 0.1968
vn 0.0011 1.0000 0.0039
vn -0.0437 0.9813 -0.1874
vn -0.1202 0.8497 -0.5134
vn -0.2288 -0.0000 -0.9735
vn -0.1202 -0.8497 -0.5134
vn -0.0437 -0.9813 -0.1874
vn 0.0011 -1.0000 0.0039
vn 0.0463 -0.9793 0.1968
vn 0.1236 -0.8402 0.5280
vn 0.4288 -0.0000 0.9034
vn 0.2413 0.8279 0.5063
vn 0.0915 0.9773 0.1912
vn 0.0021 1.0000 0.0037
vn -0.0866 0.9794 -0.1823
vn -0.2349 0.8378 -0.4929
vn -0.4315 -0.0000 -0.9021
vn -0.2349 -0.8378 -0.4929
vn -0.0866 -0.9794 -0.1823
vn 0.0021 -1.0000 0.0037
vn 0.0915 -0.9773 0.1912
vn 0.2413 -0.8279 0.5063
vn 0.5916 -0.0000 0.8062
vn 0.3482 0.8096 0.4726
vn 0.1347 0.9740 0.1820
vn 0.0030 1.0000 0.0034
vn -0.1276 0.9765 -0.1738
vn -0.3396 0.8199 -0.4608
vn -0.5945 -0.0000 -0.8041
vn -0.3396 -0.8200 -0.4608
vn -0.1276 -0.9765 -0.1738
vn 0.0030 -1.0000 0.0034
vn 0.1347 -0.9740 0.1820
vn 0.3482 -0.8096 0.4726
vn 0.7150 -0.0000 0.6991
vn 0.4414 0.7876 0.4299
vn 0.1749 0.9699 0.1697
vn 0.0038 1.0000 0.0031
vn -0.1662 0.9726 -0.1624
vn -0.4314 0.7984 -0.4200
vn -0.7177 -0.0000 -0.6964
vn -0.4314 -0.7984 -0.4200
vn -0.1662 -0.9726 -0.1624
vn 0.0038 -1.0000 0.0031
vn 0.1749 -0.9699 0.1697
vn 0.4414 -0.7876 0.4299
vn 0.8055 -0.0000 0.5925
vn 0.5201 0.7643 0.3811
vn 0.2116 0.9651 0.1544
vn 0.0044 1.0000 0.0027
vn -0.2015 0.9682 -0.1481
vn -0.5093 0.7755 -0.3731
vn -0.8076 -0.0000 -0.5897
vn -0.5093 -0.7755 -0.3731
vn -0.2015 -0.9682 -0.1481
vn 0.0044 -1.0000 0.0027
vn 0.2116 -0.9651 0.1544
vn 0.5201 -0.7643 0.3811
vn 0.8709 -0.0000 0.4915
vn 0.5846 0.7417 0.3287
vn 0.2440 0.9601 0.1366
vn 0.0049 1.0000 0.0022
vn -0.2330 0.9636 -0.1314
vn -0.5735 0.7531 -0.3224
vn -0.8724 -0.0000 -0.4888
vn -0.5735 -0.7531 -0.3224
vn -0.2330 -0.9636 -0.1314
vn 0.0049 -1.0000 0.0022
vn 0.2440 -0.9601 0.1366
vn 0.5846 -0.7417 0.3287
vn 0.9176 -0.0000 0.3974
vn 0.6360 0.7212 0.2744
vn 0.2719 0.9552 0.1168
vn 0.0052 1.0000 0.0018
vn -0.2602 0.9590 -0.1126
vn -0.6249 0.7327 -0.2695
vn -0.9187 -0.0000 -0.3949
vn -0.6249 -0.7327 -0.2695
vn -0.2602 -0.9590 -0.1126
vn 0.0052 -1.0000 0.0018
vn 0.2719 -0.9552 0.1168
vn 0.6360 -0.7212 0.2744
vn 0.9508 -0.0000 0.3098
vn 0.6757 0.7037 0.2194
vn 0.2949 0.9508 0.0953
vn 0.0055 1.0000 0.0014
vn -0.2829 0.9547 -0.0921
vn -0.6648 0.7152 -0.2157
vn -0.9515 -0.0000 -0.3078
vn -0.6648 -0.7152 -0.2157
vn -0.2829 -0.9547 -0.0921
vn 0.0055 -1.0000 0.0014
vn 0.2949 -0.9508 0.0953
vn 0.6757 -0.7037 0.2194
vn 0.9738 -0.0000 0.2276
vn 0.7051 0.6898 0.1642
vn 0.3129 0.9470 0.0726
vn 0.0056 1.0000 0.0010
vn -0.3007 0.9511 -0.0703
vn -0.6944 0.7012 -0.1616
vn -0.9741 -0.0000 -0.2261
vn -0.6944 -0.7012 -0.1616
vn -0.3007 -0.9511 -0.0703
vn 0.0056 -1.0000 0.0010
vn 0.3129 -0.9470 0.0726
vn 0.7051 -0.6898 0.1642
vn 0.9888 -0.0000 0.1495
vn 0.7253 0.6797 0.1093
vn 0.3258 0.9442 0.0489
vn 0.0057 1.0000 0.0007
vn -0.3136 0.9484 -0.0474
vn -0.7147 0.6911 -0.1076
vn -0.9889 -0.0000 -0.1485
vn -0.7147 -0.6911 -0.1076
vn -0.3136 -0.9484 -0.0474
vn 0.0057 -1.0000 0.0007
vn 0.3258 -0.9442 0.0489
vn 0.7253 -0.6797 0.1093
vn 0.9973 -0.0000 0.0741
vn 0.7371 0.6736 0.0546
vn 0.3336 0.9424 0.0246
vn 0.0057 1.0000 0.0003
vn -0.3213 0.9467 -0.0239
vn -0.7266 0.6849 -0.0538
vn -0.9973 -0.0000 -0.0736
vn -0.7266 -0.6849 -0.0538
vn -0.3213 -0.9467 -0.0239
vn 0.0057 -1.0000 0.0003
vn 0.3336 -0.9424 0.0246
vn 0.7371 -0.6736 0.0546
vn 0.9986 -0.0323 0.0414
vn 0.8021 0.0262 -0.5966
vn 0.3935 0.0636 -0.9171
vn 0.1340 0.0767 -0.9880
vn 0.0220 -0.0819 0.9964
vn 0.2862 -0.0862 0.9543
vn 0.7287 -0.0772 0.6804
vn 0.9935 -0.1082 0.0363
vn 0.7971 -0.0294 -0.6031
vn 0.3903 0.0394 -0.9198
vn 0.1332 0.0713 -0.9885
vn 0.0213 -0.0873 0.9960
vn 0.2832 -0.1104 0.9527
vn 0.7235 -0.1331 0.6774
vn 0.9822 -0.1851 0.0308
vn 0.7850 -0.0849 -0.6136
vn 0.3822 0.0157 -0.9239
vn 0.1313 0.0660 -0.9891
vn 0.0194 -0.0926 0.9955
vn 0.2751 -0.1344 0.9520
vn 0.7107 -0.1894 0.6775
vn 0.9641 -0.2646 0.0248
vn 0.7654 -0.1404 -0.6281
vn 0.3693 -0.0074 -0.9293
vn 0.1282 0.0608 -0.9899
vn 0.0164 -0.0978 0.9951
vn 0.2620 -0.1578 0.9521
vn 0.6899 -0.2464 0.6807
vn 0.9374 -0.3477 0.0182
vn 0.7372 -0.1962 -0.6465
vn 0.3513 -0.0295 -0.9358
vn 0.1240 0.0558 -0.9907
vn 0.0122 -0.1028 0.9946
vn 0.2440 -0.1804 0.9529
vn 0.6603 -0.3041 0.6867
vn 0.9000 -0.4358 0.0111
vn 0.6993 -0.2523 -0.6688
vn 0.3285 -0.0503 -0.9432
vn 0.1186 0.0511 -0.9916
vn 0.0068 -0.1076 0.9942
vn 0.2209 -0.2019 0.9542
vn 0.6206 -0.3625 0.6953
vn 0.8482 -0.5297 0.0034
vn 0.6500 -0.3082 -0.6947
vn 0.3007 -0.0695 -0.9512
vn 0.1121 0.0468 -0.9926
vn 0.0004 -0.1119 0.9937
vn 0.1929 -0.2219 0.9558
vn 0.5692 -0.4215 0.7059
vn 0.7771 -0.6293 -0.0049
vn 0.5870 -0.3633 -0.7235
vn 0.2683 -0.0867 -0.9594
vn 0.1046 0.0429 -0.9936
vn -0.0071 -0.1159 0.9932
vn 0.1602 -0.2401 0.9575
vn 0.5042 -0.4799 0.7180
vn 0.6806 -0.7325 -0.0137
vn 0.5083 -0.4157 -0.7542
vn 0.2313 -0.1015 -0.9676
vn 0.0961 0.0396 -0.9946
vn -0.0156 -0.1193 0.9927
vn 0.1229 -0.2558 0.9589
vn 0.4233 -0.5362 0.7303
vn 0.5521 -0.8335 -0.0229
vn 0.4120 -0.4629 -0.7848
vn 0.1902 -0.1136 -0.9751
vn 0.0867 0.0368 -0.9955
vn -0.0250 -0.1221 0.9922
vn 0.0814 -0.2688 0.9597
vn 0.3248 -0.5873 0.7413
vn 0.3872 -0.9214 -0.0320
vn 0.2977 -0.5007 -0.8128
vn 0.1455 -0.1224 -0.9818
vn 0.0766 0.0348 -0.9965
vn -0.0352 -0.1242 0.9916
vn 0.0364 -0.2784 0.9598
vn 0.2085 -0.6287 0.7491
vn 0.1886 -0.9812 -0.0408
vn 0.1679 -0.5242 -0.8349
vn 0.0980 -0.1273 -0.9870
vn 0.0657 0.0336 -0.9973
vn -0.0460 -0.1254 0.9910
vn -0.0115 -0.2838 0.9588
vn 0.0770 -0.6551 0.7516
vn -0.0302 -0.9984 -0.0485
vn 0.0289 -0.5293 -0.8480
vn 0.0489 -0.1279 -0.9906
vn 0.0546 0.0335 -0.9979
vn -0.0572 -0.1256 0.9904
vn -0.0609 -0.2847 0.9567
vn -0.0632 -0.6616 0.7472
vn -0.2475 -0.9673 -0.0547
vn -0.1100 -0.5144 -0.8505
vn -0.0000 -0.1239 -0.9923
vn 0.0434 0.0344 -0.9985
vn -0.0684 -0.1247 0.9898
vn -0.1100 -0.2807 0.9535
vn -0.2023 -0.6462 0.7359
vn -0.4420 -0.8951 -0.0591
vn -0.2392 -0.4818 -0.8430
vn -0.0472 -0.1156 -0.9922
vn 0.0327 0.0363 -0.9988
vn -0.0792 -0.1228 0.9893
vn -0.1574 -0.2722 0.9493
vn -0.3309 -0.6113 0.7189
vn -0.6011 -0.7968 -0.0618
vn -0.3528 -0.4363 -0.8278
vn -0.0915 -0.1038 -0.9904
vn 0.0227 0.0390 -0.9990
vn -0.0893 -0.1200 0.9887
vn -0.2017 -0.2598 0.9444
vn -0.4428 -0.5623 0.6984
vn -0.7232 -0.6878 -0.0630
vn -0.4483 -0.3828 -0.8078
vn -0.1320 -0.0889 -0.9873
vn 0.0135 0.0424 -0.9990
vn -0.0985 -0.1166 0.9883
vn -0.2421 -0.2442 0.9390
vn -0.5358 -0.5048 0.6768
vn -0.8132 -0.5785 -0.0629
vn -0.5262 -0.3253 -0.7857
vn -0.1683 -0.0716 -0.9831
vn 0.0053 0.0463 -0.9989
vn -0.1068 -0.1126 0.9879
vn -0.2781 -0.2260 0.9336
vn -0.6109 -0.4432 0.6560
vn -0.8781 -0.4745 -0.0618
vn -0.5882 -0.2664 -0.7636
vn -0.2000 -0.0523 -0.9784
vn -0.0020 0.0507 -0.9987
vn -0.1140 -0.1082 0.9876
vn -0.3094 -0.2057 0.9284
vn -0.6702 -0.3804 0.6373
vn -0.9242 -0.3773 -0.0598
vn -0.6365 -0.2074 -0.7429
vn -0.2269 -0.0313 -0.9734
vn -0.0082 0.0554 -0.9984
vn -0.1202 -0.1034 0.9873
vn -0.3359 -0.1838 0.9238
vn -0.7159 -0.3182 0.6215
vn -0.9563 -0.2868 -0.0572
vn -0.6730 -0.1491 -0.7245
vn -0.2488 -0.0091 -0.9685
vn -0.0133 0.0604 -0.9981
vn -0.1253 -0.0984 0.9872
vn -0.3574 -0.1608 0.9200
vn -0.7503 -0.2572 0.6091
vn -0.9779 -0.2019 -0.0540
vn -0.6995 -0.0916 -0.7088
vn -0.2657 0.0140 -0.9640
vn -0.0172 0.0657 -0.9977
vn -0.1292 -0.0931 0.9872
vn -0.3738 -0.1369 0.9173
vn -0.7750 -0.1976 0.6003
vn -0.9913 -0.1214 -0.0502
vn -0.7171 -0.0349 -0.6961
vn -0.2776 0.0378 -0.9600
vn -0.0200 0.0710 -0.9973
vn -0.1320 -0.0877 0.9874
vn -0.3853 -0.1126 0.9159
vn -0.7914 -0.1395 0.5952
vn -0.9980 -0.0438 -0.0461
vn -0.7267 0.0213 -0.6867
vn -0.2844 0.0619 -0.9567
vn -0.0216 0.0764 -0.9968
vn -0.1336 -0.0822 0.9876
vn -0.3918 -0.0881 0.9158
vn -0.8003 -0.0824 0.5939
vn -0.9986 0.0323 -0.0414
vn -0.7287 0.0772 -0.6804
vn -0.2862 0.0862 -0.9543
vn -0.0220 0.0819 -0.9964
vn -0.1340 -0.0767 0.9880
vn -0.3935 -0.0636 0.9171
vn -0.8021 -0.0262 0.5966
vn -0.9935 0.1082 -0.0363
vn -0.7235 0.1331 -0.6774
vn -0.2832 0.1104 -0.9527
vn -0.0213 0.0873 -0.9960
vn -0.1332 -0.0713 0.9885
vn -0.3903 -0.0394 0.9198
vn -0.7971 0.0294 0.6031
vn -0.9822 0.1851 -0.0308
vn -0.7107 0.1894 -0.6775
vn -0.2751 0.1344 -0.9520
vn -0.0194 0.0926 -0.9955
vn -0.1313 -0.0660 0.9891
vn -0.3822 -0.0157 0.9239
vn -0.7850 0.0849 0.6136
vn -0.9641 0.2646 -0.0248
vn -0.6899 0.2464 -0.6807
vn -0.2620 0.1578 -0.9521
vn -0.0164 0.0978 -0.9951
vn -0.1282 -0.0608 0.9899
vn -0.3693 0.0074 0.9293
vn -0.7654 0.1404 0.6281
vn -0.9374 0.3477 -0.0182
vn -0.6603 0.3041 -0.6867
vn -0.2440 0.1804 -0.9529
vn -0.0122 0.1028 -0.9946
vn -0.1240 -0.0558 0.9907
vn -0.3513 0.0295 0.9358
vn -0.7372 0.1962 0.6465
vn -0.9000 0.4358 -0.0111
vn -0.6206 0.3625 -0.6953
vn -0.2209 0.2019 -0.9542
vn -0.0068 0.1076 -0.9942
vn -0.1186 -0.0511 0.9916
vn -0.3285 0.0503 0.9432
vn -0.6993 0.2523 0.6688
vn -0.8482 0.5297 -0.0034
vn -0.5692 0.4215 -0.7059
vn -0.1929 0.2219 -0.9558
vn -0.0004 0.1119 -0.9937
vn -0.1121 -0.0468 0.9926
vn -0.3007 0.0695 0.9512
vn -0.6500 0.3082 0.6947
vn -0.7771 0.6293 0.0049
vn -0.5042 0.4799 -0.7180
vn -0.1602 0.2401 -0.9575
vn 0.0071 0.1159 -0.9932
vn -0.1046 -0.0429 0.9936
vn -0.2683 0.0867 0.9594
vn -0.5870 0.3633 0.7235
vn -0.6806 0.7325 0.0137
vn -0.4233 0.5362 -0.7303
vn -0.1229 0.2558 -0.9589
vn 0.0156 0.1193 -0.9927
vn -0.0961 -0.0396 0.9946
vn -0.2313 0.1015 0.9676
vn -0.5083 0.4157 0.7542
vn -0.5521 0.8335 0.0229
vn -0.3248 0.5873 -0.7413
vn -0.0814 0.2688 -0.9597
vn 0.0250 0.1221 -0.9922
vn -0.0867 -0.0368 0.9955
vn -0.1902 0.1136 0.9751
vn -0.4120 0.4629 0.7848
vn -0.3872 0.9214 0.0320
vn -0.2085 0.6287 -0.7491
vn -0.0364 0.2784 -0.9598
vn 0.0352 0.1242 -0.9916
vn -0.0766 -0.0348 0.9965
vn -0.1455 0.1224 0.9818
vn -0.2977 0.5007 0.8128
vn -0.1886 0.9812 0.0408
vn -0.0770 0.6551 -0.7516
vn 0.0115 0.2838 -0.9588
vn 0.0460 0.1254 -0.9910
vn -0.0657 -0.0336 0.9973
vn -0.0980 0.1273 0.9870
vn -0.1679 0.5242 0.8349
vn 0.0302 0.9984 0.0485
vn 0.0632 0.6616 -0.7472
vn 0.0609 0.2847 -0.9567
vn 0.0572 0.1256 -0.9904
vn -0.0546 -0.0335 0.9979
vn -0.0489 0.1279 0.9906
vn -0.0289 0.5293 0.8480
vn 0.2475 0.9673 0.0547
vn 0.2023 0.6462 -0.7359
vn 0.1100 0.2807 -0.9535
vn 0.0684 0.1247 -0.9898
vn -0.0434 -0.0344 0.9985
vn -0.0000 0.1239 0.9923
vn 0.1100 0.5144 0.8505
vn 0.4420 0.8951 0.0591
vn 0.3309 0.6113 -0.7189
vn 0.1574 0.2722 -0.9493
vn 0.0792 0.1228 -0.9893
vn -0.0327 -0.0363 0.9988
vn 0.0472 0.1156 0.9922
vn 0.2392 0.4818 0.8430
vn 0.6011 0.7968 0.0618
vn 0.4428 0.5623 -0.6984
vn 0.2017 0.2598 -0.9444
vn 0.0893 0.1200 -0.9887
vn -0.0227 -0.0390 0.9990
vn 0.0915 0.1038 0.9904
vn 0.3528 0.4363 0.8278
vn 0.7232 0.6878 0.0630
vn 0.5358 0.5048 -0.6768
vn 0.2421 0.2442 -0.9390
vn 0.0985 0.1166 -0.9883
vn -0.0135 -0.0424 0.9990
vn 0.1320 0.0889 0.9873
vn 0.4483 0.3828 0.8078
vn 0.8132 0.5785 0.0629
vn 0.6109 0.4432 -0.6560
vn 0.2781 0.2260 -0.9336
vn 0.1068 0.1126 -0.9879
vn -0.0053 -0.0463 0.9989
vn 0.1683 0.0716 0.9831
vn 0.5262 0.3253 0.7857
vn 0.8781 0.4745 0.0618
vn 0.6702 0.3804 -0.6373
vn 0.3094 0.2057 -0.9284
vn 0.1140 0.1082 -0.9876
vn 0.0020 -0.0507 0.9987
vn 0.2000 0.0523 0.9784
vn 0.5882 0.2664 0.7636
vn 0.9242 0.3773 0.0598
vn 0.7159 0.3182 -0.6215
vn 0.3359 0.1838 -0.9238
vn 0.1202 0.1034 -0.9873
vn 0.0082 -0.0554 0.9984
vn 0.2269 0.0313 0.9734
vn 0.6365 0.2074 0.7429
vn 0.9563 0.2868 0.0572
vn 0.7503 0.2572 -0.6091
vn 0.3574 0.1608 -0.9200
vn 0.1253 0.0984 -0.9872
vn 0.0133 -0.0604 0.9981
vn 0.2488 0.0091 0.9685
vn 0.6730 0.1491 0.7245
vn 0.9779 0.2019 0.0540
vn 0.7750 0.1976 -0.6003
vn 0.3738 0.1369 -0.9173
vn 0.1292 0.0931 -0.9872
vn 0.0172 -0.0657 0.9977
vn 0.2657 -0.0140 0.9640
vn 0.6995 0.0916 0.7088
vn 0.9913 0.1214 0.0502
vn 0.7914 0.1395 -0.5952
vn 0.3853 0.1126 -0.9159
vn 0.1320 0.0877 -0.9874
vn 0.0200 -0.0710 0.9973
vn 0.2776 -0.0378 0.9600
vn 0.7171 0.0349 0.6961
vn 0.9980 0.0438 0.0461
vn 0.8003 0.0824 -0.5939
vn 0.3918 0.0881 -0.9158
vn 0.1336 0.0822 -0.9876
vn 0.0216 -0.0764 0.9968
vn 0.2844 -0.0619 0.9567
vn 0.7267 -0.0213 0.6867
vn -0.8401 -0.0000 -0.5424
vn 0.8401 -0.0000 -0.5424
vn -0.8369 -0.1074 -0.5367
vn 0.8369 -0.1074 -0.5367
vn -0.8271 -0.2163 -0.5188
vn 0.8271 -0.2163 -0.5188
vn -0.8100 -0.3275 -0.4865
vn 0.8100 -0.3275 -0.4865
vn -0.7849 -0.4400 -0.4363
vn 0.7849 -0.4400 -0.4363
vn -0.7523 -0.5495 -0.3634
vn 0.7523 -0.5495 -0.3634
vn -0.7161 -0.6460 -0.2643
vn 0.7161 -0.6460 -0.2643
vn -0.6857 -0.7143 -0.1401
vn 0.6857 -0.7143 -0.1401
vn -0.6735 -0.7392 -0.0000
vn 0.6735 -0.7392 -0.0000
vn -0.6857 -0.7143 0.1401
vn 0.6857 -0.7143 0.1401
vn -0.7161 -0.6460 0.2643
vn 0.7161 -0.6460 0.2643
vn -0.7523 -0.5495 0.3634
vn 0.7523 -0.5495 0.3634
vn -0.7849 -0.4400 0.4363
vn 0.7849 -0.4400 0.4363
vn -0.8100 -0.3275 0.4865
vn 0.8100 -0.3275 0.4865
vn -0.8271 -0.2163 0.5188
vn 0.8271 -0.2163 0.5188
vn -0.8369 -0.1074 0.5367
vn 0.8369 -0.1074 0.5367
vn -0.8401 -0.0000 0.5424
vn 0.8401 -0.0000 0.5424
vn -0.8369 0.1074 0.5367
vn 0.8369 0.1074 0.5367
vn -0.8271 0.2163 0.5188
vn 0.8271 0.2163 0.5188
vn -0.8100 0.3275 0.4865
vn 0.8100 0.3275 0.4865
vn -0.7849 0.4400 0.4363
vn 0.7849 0.4400 0.4363
vn -0.7523 0.5495 0.3634
vn 0.7523 0.5495 0.3634
vn -0.7161 0.6460 0.2643
vn 0.7161 0.6460 0.2643
vn -0.6857 0.7143 0.1401
vn 0.6857 0.7143 0.1401
vn -0.6735 0.7392 -0.0000
vn 0.6735 0.7392 -0.0000
vn -0.6857 0.7143 -0.1401
vn 0.6857 0.7143 -0.1401
vn -0.7161 0.6460 -0.2643
vn 0.7161 0.6460 -0.2643
vn -0.7523 0.5495 -0.3634
vn 0.7523 0.5495 -0.3634
vn -0.7849 0.4400 -0.4363
vn 0.7849 0.4400 -0.4363
vn -0.8100 0.3275 -0.4865
vn 0.8100 0.3275 -0.4865
vn -0.8271 0.2163 -0.5188
vn 0.8271 0.2163 -0.5188
vn -0.8369 0.1074 -0.5367
vn 0.8369 0.1074 -0.5367
vn -0.0000 0.8265 0.5630
vn -0.0000 -0.8428 0.5383
vn -0.1763 0.8179 0.5477
vn -0.1663 -0.8362 0.5227
vn -0.3383 0.7944 0.5044
vn -0.3172 -0.8186 0.4789
vn -0.4762 0.7614 0.4398
vn -0.4425 -0.7953 0.4144
vn -0.5862 0.7252 0.3613
vn -0.5386 -0.7720 0.3374
vn -0.6689 0.6907 0.2748
vn -0.6067 -0.7531 0.2544
vn -0.7270 0.6614 0.1843
vn -0.6496 -0.7411 0.1696
vn -0.7634 0.6394 0.0915
vn -0.6705 -0.7370 0.0852
vn -0.7800 0.6258 -0.0029
vn -0.6714 -0.7411 0.0022
vn -0.7774 0.6212 -0.0990
vn -0.6534 -0.7529 -0.0786
vn -0.7545 0.6259 -0.1973
vn -0.6166 -0.7715 -0.1566
vn -0.7086 0.6399 -0.2974
vn -0.5604 -0.7955 -0.2306
vn -0.6349 0.6623 -0.3979
vn -0.4839 -0.8226 -0.2987
vn -0.5278 0.6906 -0.4944
vn -0.3870 -0.8498 -0.3579
vn -0.3831 0.7201 -0.5786
vn -0.2710 -0.8735 -0.4045
vn -0.2029 0.7430 -0.6378
vn -0.1397 -0.8897 -0.4345
vn -0.0000 0.7518 -0.6594
vn -0.0000 -0.8956 -0.4450
vn 0.2029 0.7430 -0.6378
vn 0.1397 -0.8897 -0.4345
vn 0.3831 0.7201 -0.5786
vn 0.2710 -0.8735 -0.4045
vn 0.5278 0.6906 -0.4944
vn 0.3870 -0.8498 -0.3579
vn 0.6349 0.6623 -0.3979
vn 0.4839 -0.8226 -0.2987
vn 0.7086 0.6399 -0.2974
vn 0.5604 -0.7955 -0.2306
vn 0.7545 0.6259 -0.1973
vn 0.6166 -0.7715 -0.1566
vn 0.7774 0.6212 -0.0990
vn 0.6534 -0.7529 -0.0786
vn 0.7800 0.6258 -0.0029
vn 0.6714 -0.7411 0.0022
vn 0.7634 0.6394 0.0915
vn 0.6705 -0.7370 0.0852
vn 0.7270 0.6614 0.1843
vn 0.6496 -0.7411 0.1696
vn 0.6689 0.6907 0.2748
vn 0.6067 -0.7531 0.2544
vn 0.5862 0.7252 0.3613
vn 0.5386 -0.7720 0.3374
vn 0.4762 0.7614 0.4398
vn 0.4425 -0.7953 0.4144
vn 0.3383 0.7944 0.5044
vn 0.3172 -0.8186 0.4789
vn 0.1763 0.8179 0.5477
vn 0.1663 -0.8362 0.5227
vn -0.0000 0.8973 0.4414
vn -0.0000 0.2454 0.9694
vn -0.0000 0.6480 0.7616
vn -0.1489 0.8910 0.4289
vn -0.3186 0.2369 0.9178
vn -0.2924 0.4531 0.8421
vn -0.2538 0.6338 0.7306
vn -0.2076 0.7747 0.5973
vn -0.1576 0.8774 0.4531
vn -0.1060 0.9466 0.3045
vn -0.0540 0.9865 0.1548
vn -0.2847 0.8740 0.3939
vn -0.5719 0.2168 0.7911
vn -0.5317 0.4201 0.7354
vn -0.4697 0.5981 0.6494
vn -0.3913 0.7446 0.5407
vn -0.3019 0.8574 0.4168
vn -0.2057 0.9366 0.2836
vn -0.1055 0.9837 0.1453
vn -0.3987 0.8510 0.3419
vn -0.7447 0.1944 0.6385
vn -0.7017 0.3819 0.6015
vn -0.6319 0.5544 0.5416
vn -0.5382 0.7056 0.4610
vn -0.4240 0.8298 0.3629
vn -0.2937 0.9223 0.2511
vn -0.1523 0.9797 0.1300
vn -0.4878 0.8270 0.2795
vn -0.8543 0.1752 0.4894
vn -0.8135 0.3479 0.4660
vn -0.7447 0.5134 0.4264
vn -0.6469 0.6667 0.3703
vn -0.5202 0.8005 0.2975
vn -0.3670 0.9063 0.2096
vn -0.1925 0.9751 0.1098
vn -0.5530 0.8058 0.2117
vn -0.9218 0.1608 0.3528
vn -0.8843 0.3216 0.3385
vn -0.8192 0.4803 0.3134
vn -0.7227 0.6335 0.2764
vn -0.5912 0.7742 0.2259
vn -0.4238 0.8912 0.1618
vn -0.2249 0.9706 0.0857
vn -0.5969 0.7897 0.1417
vn -0.9618 0.1510 0.2282
vn -0.9271 0.3034 0.2200
vn -0.8656 0.4568 0.2053
vn -0.7717 0.6090 0.1830
vn -0.6394 0.7538 0.1515
vn -0.4641 0.8790 0.1098
vn -0.2486 0.9668 0.0587
vn -0.6220 0.7798 0.0709
vn -0.9830 0.1454 0.1120
vn -0.9500 0.2929 0.1082
vn -0.8908 0.4429 0.1015
vn -0.7992 0.5942 0.0910
vn -0.6671 0.7411 0.0759
vn -0.4880 0.8711 0.0554
vn -0.2629 0.9644 0.0298
vn -0.6302 0.7764 -0.0000
vn -0.9896 0.1435 -0.0000
vn -0.9572 0.2894 -0.0000
vn -0.8988 0.4383 -0.0000
vn -0.8080 0.5892 -0.0000
vn -0.6761 0.7368 -0.0000
vn -0.4959 0.8684 -0.0000
vn -0.2678 0.9635 -0.0000
vn -0.6220 0.7798 -0.0709
vn -0.9830 0.1454 -0.1120
vn -0.9500 0.2929 -0.1082
vn -0.8908 0.4429 -0.1015
vn -0.7992 0.5942 -0.0910
vn -0.6671 0.7411 -0.0759
vn -0.4880 0.8711 -0.0554
vn -0.2629 0.9644 -0.0298
vn -0.5969 0.7897 -0.1417
vn -0.9618 0.1510 -0.2282
vn -0.9271 0.3034 -0.2200
vn -0.8656 0.4568 -0.2053
vn -0.7717 0.6090 -0.1830
vn -0.6394 0.7538 -0.1515
vn -0.4641 0.8790 -0.1098
vn -0.2486 0.9668 -0.0587
vn -0.5530 0.8058 -0.2117
vn -0.9218 0.1608 -0.3528
vn -0.8843 0.3216 -0.3385
vn -0.8192 0.4803 -0.3134
vn -0.7227 0.6335 -0.2764
vn -0.5912 0.7742 -0.2259
vn -0.4238 0.8912 -0.1618
vn -0.2249 0.9706 -0.0857
vn -0.4878 0.8270 -0.2795
vn -0.8543 0.1752 -0.4894
vn -0.8135 0.3479 -0.4660
vn -0.7447 0.5134 -0.4264
vn -0.6469 0.6667 -0.3703
vn -0.5202 0.8005 -0.2975
vn -0.3670 0.9063 -0.2096
vn -0.1925 0.9751 -0.1098
vn -0.3987 0.8510 -0.3419
vn -0.7447 0.1944 -0.6385
vn -0.7017 0.3819 -0.6015
vn -0.6319 0.5544 -0.5416
vn -0.5382 0.7056 -0.4610
vn -0.4240 0.8298 -0.3629
vn -0.2937 0.9223 -0.2511
vn -0.1523 0.9798 -0.1300
vn -0.2847 0.8740 -0.3939
vn -0.5719 0.2168 -0.7911
vn -0.5317 0.4201 -0.7354
vn -0.4697 0.5981 -0.6494
vn -0.3913 0.7446 -0.5407
vn -0.3019 0.8574 -0.4168
vn -0.2057 0.9366 -0.2836
vn -0.1055 0.9837 -0.1453
vn -0.1489 0.8910 -0.4289
vn -0.3186 0.2369 -0.9178
vn -0.2924 0.4531 -0.8421
vn -0.2538 0.6338 -0.7306
vn -0.2076 0.7747 -0.5973
vn -0.1576 0.8774 -0.4531
vn -0.1060 0.9466 -0.3045
vn -0.0540 0.9865 -0.1548
vn -0.0000 0.8973 -0.4414
vn -0.0000 0.2454 -0.9694
vn -0.0000 0.4667 -0.8844
vn -0.0000 0.6480 -0.7616
vn -0.0000 0.7861 -0.6181
vn -0.0000 0.8848 -0.4659
vn -0.0000 0.9502 -0.3117
vn -0.0000 0.9874 -0.1581
vn 0.1489 0.8910 -0.4289
vn 0.3186 0.2369 -0.9178
vn 0.2924 0.4531 -0.8421
vn 0.2538 0.6338 -0.7306
vn 0.2076 0.7747 -0.5973
vn 0.1576 0.8774 -0.4531
vn 0.1060 0.9466 -0.3045
vn 0.0540 0.9865 -0.1548
vn 0.2847 0.8740 -0.3939
vn 0.5719 0.2168 -0.7911
vn 0.5317 0.4201 -0.7354
vn 0.4697 0.5981 -0.6494
vn 0.3913 0.7446 -0.5407
vn 0.3019 0.8574 -0.4168
vn 0.2057 0.9366 -0.2836
vn 0.1055 0.9837 -0.1453
vn 0.3987 0.8510 -0.3419
vn 0.7447 0.1944 -0.6385
vn 0.7017 0.3819 -0.6015
vn 0.6319 0.5544 -0.5416
vn 0.5382 0.7056 -0.4610
vn 0.4240 0.8298 -0.3629
vn 0.2937 0.9223 -0.2511
vn 0.1523 0.9798 -0.1300
vn 0.4878 0.8270 -0.2795
vn 0.8543 0.1752 -0.4894
vn 0.8135 0.3479 -0.4660
vn 0.7447 0.5134 -0.4264
vn 0.6469 0.6667 -0.3703
vn 0.5202 0.8005 -0.2975
vn 0.3670 0.9063 -0.2096
vn 0.1925 0.9751 -0.1098
vn -0.0000 1.0000 -0.0000
vn 0.5530 0.8058 -0.2117
vn 0.9218 0.1608 -0.3528
vn 0.8843 0.3216 -0.3385
vn 0.8192 0.4803 -0.3134
vn 0.7227 0.6335 -0.2764
vn 0.5912 0.7742 -0.2259
vn 0.4238 0.8912 -0.1618
vn 0.2249 0.9706 -0.0857
vn 0.5969 0.7897 -0.1417
vn 0.9618 0.1510 -0.2282
vn 0.9271 0.3034 -0.2200
vn 0.8656 0.4568 -0.2053
vn 0.7717 0.6090 -0.1830
vn 0.6394 0.7538 -0.1515
vn 0.4641 0.8790 -0.1098
vn 0.2486 0.9668 -0.0587
vn 0.6220 0.7798 -0.0709
vn 0.9830 0.1454 -0.1120
vn 0.9500 0.2929 -0.1082
vn 0.8908 0.4429 -0.1015
vn 0.7992 0.5942 -0.0910
vn 0.6671 0.7411 -0.0759
vn 0.4880 0.8711 -0.0554
vn 0.2629 0.9644 -0.0298
vn 0.6302 0.7764 -0.0000
vn 0.9896 0.1435 -0.0000
vn 0.9572 0.2894 -0.0000
vn 0.8988 0.4383 -0.0000
vn 0.8080 0.5892 -0.0000
vn 0.6761 0.7368 -0.0000
vn 0.4959 0.8684 -0.0000
vn 0.2678 0.9635 -0.0000
vn 0.6220 0.7798 0.0709
vn 0.9830 0.1454 0.1120
vn 0.9500 0.2929 0.1082
vn 0.8908 0.4429 0.1015
vn 0.7992 0.5942 0.0910
vn 0.6671 0.7411 0.0759
vn 0.4880 0.8711 0.0554
vn 0.2629 0.9644 0.0298
vn 0.5969 0.7897 0.1417
vn 0.9618 0.1510 0.2282
vn 0.9271 0.3034 0.2200
vn 0.8656 0.4568 0.2053
vn 0.7717 0.6090 0.1830
vn 0.6394 0.7538 0.1515
vn 0.4641 0.8790 0.1098
vn 0.2486 0.9668 0.0587
vn 0.5530 0.8058 0.2117
vn 0.9218 0.1608 0.3528
vn 0.8843 0.3216 0.3385
vn 0.8192 0.4803 0.3134
vn 0.7227 0.6335 0.2764
vn 0.5912 0.7742 0.2259
vn 0.4238 0.8912 0.1618
vn 0.2249 0.9706 0.0857
vn 0.4878 0.8270 0.2795
vn 0.8543 0.1752 0.4894
vn 0.8135 0.3479 0.4660
vn 0.7447 0.5134 0.4264
vn 0.6469 0.6667 0.3703
vn 0.5202 0.8005 0.2975
vn 0.3670 0.9063 0.2096
vn 0.1925 0.9751 0.1098
vn 0.3987 0.8510 0.3419
vn 0.7447 0.1944 0.6385
vn 0.7017 0.3819 0.6015
vn 0.6319 0.5544 0.5416
vn 0.5381 0.7056 0.4610
vn 0.4240 0.8298 0.3629
vn 0.2937 0.9223 0.2511
vn 0.1523 0.9798 0.1300
vn 0.2847 0.8740 0.3939
vn 0.5719 0.2168 0.7911
vn 0.5317 0.4201 0.7354
vn 0.4697 0.5981 0.6494
vn 0.3913 0.7446 0.5407
vn 0.3019 0.8574 0.4168
vn 0.2057 0.9366 0.2836
vn 0.1055 0.9837 0.1453
vn 0.1489 0.8910 0.4289
vn 0.3186 0.2369 0.9178
vn 0.2924 0.4531 0.8421
vn 0.2538 0.6338 0.7306
vn 0.2076 0.7747 0.5973
vn 0.1576 0.8774 0.4531
vn 0.1060 0.9466 0.3045
vn 0.0540 0.9865 0.1548
vn -0.0000 0.4667 0.8844
vn -0.0000 0.7861 0.6181
vn -0.0000 0.8848 0.4659
vn -0.0000 0.9502 0.3117
vn -0.0000 0.9874 0.1581
vn -0.7177 -0.6963 -0.0000
vn -0.3259 -0.9454 -0.0000
vn -0.0048 -1.0000 -0.0000
vn 0.3166 -0.9485 -0.0000
vn 0.7099 -0.7043 -0.0000
vn 0.7099 0.7043 -0.0000
vn 0.3166 0.9485 -0.0000
vn -0.0048 1.0000 -0.0000
vn -0.3259 0.9454 -0.0000
vn -0.7177 0.6963 -0.0000
vn -0.9972 -0.0000 0.0742
vn -0.7137 -0.6984 0.0528
vn -0.3233 -0.9460 0.0238
vn -0.0048 -1.0000 0.0003
vn 0.3141 -0.9491 -0.0233
vn 0.7059 -0.7064 -0.0523
vn 0.9973 -0.0000 -0.0734
vn 0.7059 0.7064 -0.0523
vn 0.3141 0.9491 -0.0233
vn -0.0048 1.0000 0.0003
vn -0.3233 0.9460 0.0238
vn -0.7137 0.6984 0.0528
vn -0.9887 -0.0000 0.1498
vn -0.7017 -0.7046 0.1056
vn -0.3158 -0.9477 0.0474
vn -0.0048 -1.0000 0.0005
vn 0.3065 -0.9507 -0.0463
vn 0.6937 -0.7126 -0.1046
vn 0.9890 -0.0000 -0.1481
vn 0.6937 0.7126 -0.1046
vn 0.3065 0.9507 -0.0463
vn -0.0048 1.0000 0.0005
vn -0.3158 0.9477 0.0474
vn -0.7017 0.7046 0.1056
vn -0.9737 -0.0000 0.2280
vn -0.6811 -0.7148 0.1585
vn -0.3032 -0.9503 0.0703
vn -0.0047 -1.0000 0.0008
vn 0.2939 -0.9534 -0.0687
vn 0.6729 -0.7229 -0.1568
vn 0.9742 -0.0000 -0.2256
vn 0.6729 0.7229 -0.1568
vn 0.2939 0.9534 -0.0687
vn -0.0047 1.0000 0.0008
vn -0.3032 0.9503 0.0703
vn -0.6811 0.7148 0.1585
vn -0.9506 -0.0000 0.3103
vn -0.6513 -0.7288 0.2112
vn -0.2856 -0.9539 0.0923
vn -0.0046 -1.0000 0.0012
vn 0.2764 -0.9568 -0.0900
vn 0.6429 -0.7369 -0.2089
vn 0.9517 -0.0000 -0.3071
vn 0.6429 0.7369 -0.2089
vn 0.2764 0.9568 -0.0900
vn -0.0046 1.0000 0.0012
vn -0.2856 0.9539 0.0923
vn -0.6513 0.7288 0.2112
vn -0.9174 -0.0000 0.3980
vn -0.6113 -0.7462 0.2634
vn -0.2631 -0.9581 0.1130
vn -0.0045 -1.0000 0.0015
vn 0.2542 -0.9609 -0.1100
vn 0.6026 -0.7544 -0.2602
vn 0.9190 -0.0000 -0.3942
vn 0.6026 0.7544 -0.2602
vn 0.2542 0.9609 -0.1100
vn -0.0045 1.0000 0.0015
vn -0.2631 0.9581 0.1130
vn -0.6113 0.7462 0.2634
vn -0.8705 -0.0000 0.4923
vn -0.5600 -0.7665 0.3145
vn -0.2360 -0.9627 0.1321
vn -0.0042 -1.0000 0.0019
vn 0.2275 -0.9653 -0.1283
vn 0.5512 -0.7745 -0.3102
vn 0.8729 -0.0000 -0.4879
vn 0.5512 0.7745 -0.3102
vn 0.2275 0.9653 -0.1283
vn -0.0042 1.0000 0.0019
vn -0.2360 0.9627 0.1321
vn -0.5600 0.7665 0.3145
vn -0.8050 -0.0000 0.5933
vn -0.4963 -0.7885 0.3632
vn -0.2045 -0.9674 0.1492
vn -0.0038 -1.0000 0.0023
vn 0.1967 -0.9698 -0.1446
vn 0.4877 -0.7964 -0.3577
vn 0.8083 -0.0000 -0.5888
vn 0.4877 0.7964 -0.3577
vn 0.1967 0.9698 -0.1446
vn -0.0038 1.0000 0.0023
vn -0.2045 0.9674 0.1492
vn -0.4963 0.7885 0.3632
vn -0.7143 -0.0000 0.6998
vn -0.4195 -0.8109 0.4080
vn -0.1690 -0.9719 0.1639
vn -0.0033 -1.0000 0.0026
vn 0.1621 -0.9740 -0.1584
vn 0.4114 -0.8185 -0.4011
vn 0.7185 -0.0000 -0.6955
vn 0.4114 0.8185 -0.4011
vn 0.1621 0.9740 -0.1584
vn -0.0033 1.0000 0.0026
vn -0.1690 0.9719 0.1639
vn -0.4195 0.8109 0.4080
vn -0.5908 -0.0000 0.8068
vn -0.3295 -0.8318 0.4467
vn -0.1301 -0.9758 0.1758
vn -0.0026 -1.0000 0.0029
vn 0.1245 -0.9776 -0.1696
vn 0.3225 -0.8389 -0.4383
vn 0.5955 -0.0000 -0.8034
vn 0.3225 0.8389 -0.4383
vn 0.1245 0.9776 -0.1696
vn -0.0026 1.0000 0.0029
vn -0.1301 0.9758 0.1758
vn -0.3295 0.8318 0.4467
vn -0.4281 -0.0000 0.9037
vn -0.2276 -0.8490 0.4769
vn -0.0883 -0.9788 0.1846
vn -0.0018 -1.0000 0.0032
vn 0.0844 -0.9804 -0.1778
vn 0.2224 -0.8557 -0.4672
vn 0.4324 -0.0000 -0.9017
vn 0.2224 0.8557 -0.4672
vn 0.0844 0.9804 -0.1778
vn -0.0018 1.0000 0.0032
vn -0.0883 0.9788 0.1846
vn -0.2276 0.8490 0.4769
vn -0.2267 -0.0000 0.9740
vn -0.1163 -0.8604 0.4961
vn -0.0447 -0.9808 0.1899
vn -0.0009 -1.0000 0.0033
vn 0.0426 -0.9822 -0.1827
vn 0.1136 -0.8668 -0.4856
vn 0.2293 -0.0000 -0.9734
vn 0.1136 0.8668 -0.4856
vn 0.0426 0.9822 -0.1827
vn -0.0009 1.0000 0.0033
vn -0.0447 0.9808 0.1899
vn -0.1163 0.8604 0.4961
vn -0.0000 -0.8644 0.5028
vn -0.0000 -0.9814 0.1918
vn -0.0000 -1.0000 0.0034
vn -0.0000 -0.9828 -0.1844
vn -0.0000 -0.8706 -0.4920
vn -0.0000 0.8706 -0.4920
vn -0.0000 0.9828 -0.1844
vn -0.0000 1.0000 0.0034
vn -0.0000 0.9814 0.1918
vn -0.0000 0.8644 0.5028
vn 0.2267 -0.0000 0.9740
vn 0.1163 -0.8604 0.4961
vn 0.0447 -0.9808 0.1899
vn 0.0009 -1.0000 0.0033
vn -0.0426 -0.9822 -0.1827
vn -0.1136 -0.8668 -0.4856
vn -0.2293 -0.0000 -0.9734
vn -0.1136 0.8668 -0.4856
vn -0.0426 0.9822 -0.1827
vn 0.0009 1.0000 0.0033
vn 0.0447 0.9808 0.1899
vn 0.1163 0.8604 0.4961
vn 0.4281 -0.0000 0.9037
vn 0.2276 -0.8490 0.4769
vn 0.0883 -0.9788 0.1846
vn 0.0018 -1.0000 0.0032
vn -0.0844 -0.9804 -0.1778
vn -0.2224 -0.8557 -0.4672
vn -0.4324 -0.0000 -0.9017
vn -0.2224 0.8557 -0.4672
vn -0.0844 0.9804 -0.1778
vn 0.0018 1.0000 0.0032
vn 0.0883 0.9788 0.1846
vn 0.2276 0.8490 0.4769
vn 0.5908 -0.0000 0.8068
vn 0.3295 -0.8318 0.4467
vn 0.1301 -0.9758 0.1758
vn 0.0026 -1.0000 0.0029
vn -0.1245 -0.9776 -0.1696
vn -0.3225 -0.8389 -0.4383
vn -0.5955 -0.0000 -0.8034
vn -0.3225 0.8389 -0.4383
vn -0.1245 0.9776 -0.1696
vn 0.0026 1.0000 0.0029
vn 0.1301 0.9758 0.1758
vn 0.3295 0.8318 0.4467
vn 0.7143 -0.0000 0.6998
vn 0.4195 -0.8109 0.4080
vn 0.1690 -0.9719 0.1639
vn 0.0033 -1.0000 0.0026
vn -0.1621 -0.9740 -0.1584
vn -0.4114 -0.8185 -0.4011
vn -0.7185 -0.0000 -0.6955
vn -0.4114 0.8185 -0.4011
vn -0.1621 0.9740 -0.1584
vn 0.0033 1.0000 0.0026
vn 0.1690 0.9719 0.1639
vn 0.4195 0.8109 0.4080
vn 0.8050 -0.0000 0.5933
vn 0.4963 -0.7885 0.3632
vn 0.2045 -0.9674 0.1492
vn 0.0038 -1.0000 0.0023
vn -0.1967 -0.9698 -0.1446
vn -0.4877 -0.7964 -0.3577
vn -0.8083 -0.0000 -0.5888
vn -0.4877 0.7964 -0.3577
vn -0.1967 0.9698 -0.1446
vn 0.0038 1.0000 0.0023
vn 0.2045 0.9674 0.1492
vn 0.4963 0.7885 0.3632
vn 0.8705 -0.0000 0.4923
vn 0.5600 -0.7665 0.3145
vn 0.2360 -0.9627 0.1321
vn 0.0042 -1.0000 0.0019
vn -0.2275 -0.9653 -0.1283
vn -0.5512 -0.7745 -0.3102
vn -0.8729 -0.0000 -0.4879
vn -0.5512 0.7745 -0.3102
vn -0.2275 0.9653 -0.1283
vn 0.0042 1.0000 0.0019
vn 0.2360 0.9627 0.1321
vn 0.5600 0.7665 0.3145
vn 0.9174 -0.0000 0.3980
vn 0.6113 -0.7462 0.2634
vn 0.2631 -0.9581 0.1130
vn 0.0045 -1.0000 0.0015
vn -0.2542 -0.9609 -0.1100
vn -0.6026 -0.7544 -0.2602
vn -0.9190 -0.0000 -0.3942
vn -0.6026 0.7544 -0.2602
vn -0.2542 0.9609 -0.1100
vn 0.0045 1.0000 0.0015
vn 0.2631 0.9581 0.1130
vn 0.6113 0.7462 0.2634
vn 0.9506 -0.0000 0.3103
vn 0.6513 -0.7288 0.2112
vn 0.2856 -0.9539 0.0923
vn 0.0046 -1.0000 0.0012
vn -0.2764 -0.9568 -0.0900
vn -0.6429 -0.7369 -0.2089
vn -0.9517 -0.0000 -0.3071
vn -0.6429 0.7369 -0.2089
vn -0.2764 0.9568 -0.0900
vn 0.0046 1.0000 0.0012
vn 0.2856 0.9539 0.0923
vn 0.6513 0.7288 0.2112
vn 0.9737 -0.0000 0.2280
vn 0.6811 -0.7148 0.1585
vn 0.3032 -0.9503 0.0703
vn 0.0047 -1.0000 0.0008
vn -0.2939 -0.9534 -0.0687
vn -0.6729 -0.7229 -0.1568
vn -0.9742 -0.0000 -0.2256
vn -0.6729 0.7229 -0.1568
vn -0.2939 0.9534 -0.0687
vn 0.0047 1.0000 0.0008
vn 0.3032 0.9503 0.0703
vn 0.6811 0.7148 0.1585
vn 0.9887 -0.0000 0.1498
vn 0.7017 -0.7046 0.1056
vn 0.3158 -0.9477 0.0474
vn 0.0048 -1.0000 0.0005
vn -0.3065 -0.9507 -0.0463
vn -0.6937 -0.7126 -0.1046
vn -0.9890 -0.0000 -0.1481
vn -0.6937 0.7126 -0.1046
vn -0.3065 0.9507 -0.0463
vn 0.0048 1.0000 0.0005
vn 0.3158 0.9477 0.0474
vn 0.7017 0.7046 0.1056
vn 0.9972 -0.0000 0.0742
vn 0.7137 -0.6984 0.0528
vn 0.3233 -0.9460 0.0238
vn 0.0048 -1.0000 0.0003
vn -0.3141 -0.9491 -0.0233
vn -0.7059 -0.7064 -0.0523
vn -0.9973 -0.0000 -0.0734
vn -0.7059 0.7064 -0.0523
vn -0.3141 0.9491 -0.0233
vn 0.0048 1.0000 0.0003
vn 0.3233 0.9460 0.0238
vn 0.7137 0.6984 0.0528
vn 0.7177 -0.6963 -0.0000
vn 0.3259 -0.9454 -0.0000
vn 0.0048 -1.0000 -0.0000
vn -0.3166 -0.9485 -0.0000
vn -0.7099 -0.7043 -0.0000
vn -0.7099 0.7043 -0.0000
vn -0.3166 0.9485 -0.0000
vn 0.0048 1.0000 -0.0000
vn 0.3259 0.9454 -0.0000
vn 0.7177 0.6963 -0.0000
vn 0.9972 -0.0000 -0.0742
vn 0.7137 -0.6984 -0.0528
vn 0.3233 -0.9460 -0.0238
vn 0.0048 -1.0000 -0.0003
vn -0.3141 -0.9491 0.0233
vn -0.7059 -0.7064 0.0523
vn -0.9973 -0.0000 0.0734
vn -0.7059 0.7064 0.0523
vn -0.3141 0.9491 0.0233
vn 0.0048 1.0000 -0.0003
vn 0.3233 0.9460 -0.0238
vn 0.7137 0.6984 -0.0528
vn 0.9887 -0.0000 -0.1498
vn 0.7017 -0.7046 -0.1056
vn 0.3158 -0.9477 -0.0474
vn 0.0048 -1.0000 -0.0005
vn -0.3065 -0.9507 0.0463
vn -0.6937 -0.7126 0.1046
vn -0.9890 -0.0000 0.1481
vn -0.6937 0.7126 0.1046
vn -0.3065 0.9507 0.0463
vn 0.0048 1.0000 -0.0005
vn 0.3158 0.9477 -0.0474
vn 0.7017 0.7046 -0.1056
vn 0.9737 -0.0000 -0.2280
vn 0.6811 -0.7148 -0.1585
vn 0.3032 -0.9503 -0.0703
vn 0.0047 -1.0000 -0.0008
vn -0.2939 -0.9534 0.0687
vn -0.6729 -0.7229 0.1568
vn -0.9742 -0.0000 0.2256
vn -0.6729 0.7229 0.1568
vn -0.2939 0.9534 0.0687
vn 0.0047 1.0000 -0.0008
vn 0.3032 0.9503 -0.0703
vn 0.6811 0.7148 -0.1585
vn 0.9506 -0.0000 -0.3103
vn 0.6513 -0.7288 -0.2112
vn 0.2856 -0.9539 -0.0923
vn 0.0046 -1.0000 -0.0012
vn -0.2764 -0.9568 0.0900
vn -0.6429 -0.7369 0.2089
vn -0.9517 -0.0000 0.3071
vn -0.6429 0.7369 0.2089
vn -0.2764 0.9568 0.0900
vn 0.0046 1.0000 -0.0012
vn 0.2856 0.9539 -0.0923
vn 0.6513 0.7288 -0.2112
vn 0.9174 -0.0000 -0.3980
vn 0.6113 -0.7462 -0.2634
vn 0.2631 -0.9581 -0.1130
vn 0.0045 -1.0000 -0.0015
vn -0.2542 -0.9609 0.1100
vn -0.6026 -0.7544 0.2602
vn -0.9190 -0.0000 0.3942
vn -0.6026 0.7544 0.2602
vn -0.2542 0.9609 0.1100
vn 0.0045 1.0000 -0.0015
vn 0.2631 0.9581 -0.1130
vn 0.6113 0.7462 -0.2634
vn 0.8705 -0.0000 -0.4923
vn 0.5600 -0.7665 -0.3145
vn 0.2360 -0.9627 -0.1321
vn 0.0042 -1.0000 -0.0019
vn -0.2275 -0.9653 0.1283
vn -0.5512 -0.7745 0.3102
vn -0.8729 -0.0000 0.4879
vn -0.5512 0.7745 0.3102
vn -0.2275 0.9653 0.1283
vn 0.0042 1.0000 -0.0019
vn 0.2360 0.9627 -0.1321
vn 0.5600 0.7665 -0.3145
vn 0.8050 -0.0000 -0.5933
vn 0.4963 -0.7885 -0.3632
vn 0.2045 -0.9674 -0.1492
vn 0.0038 -1.0000 -0.0023
vn -0.1966 -0.9698 0.1446
vn -0.4877 -0.7964 0.3577
vn -0.8083 -0.0000 0.5888
vn -0.4877 0.7964 0.3577
vn -0.1966 0.9698 0.1446
vn 0.0038 1.0000 -0.0023
vn 0.2045 0.9674 -0.1492
vn 0.4963 0.7885 -0.3632
vn 0.7143 -0.0000 -0.6998
vn 0.4195 -0.8109 -0.4080
vn 0.1690 -0.9719 -0.1639
vn 0.0033 -1.0000 -0.0026
vn -0.1621 -0.9740 0.1584
vn -0.4114 -0.8185 0.4011
vn -0.7185 -0.0000 0.6955
vn -0.4114 0.8185 0.4011
vn -0.1621 0.9740 0.1584
vn 0.0033 1.0000 -0.0026
vn 0.1690 0.9719 -0.1639
vn 0.4195 0.8109 -0.4080
vn 0.5908 -0.0000 -0.8068
vn 0.3295 -0.8318 -0.4467
vn 0.1301 -0.9758 -0.1758
vn 0.0026 -1.0000 -0.0029
vn -0.1245 -0.9776 0.1696
vn -0.3225 -0.8389 0.4383
vn -0.5955 -0.0000 0.8034
vn -0.3225 0.8389 0.4383
vn -0.1245 0.9776 0.1696
vn 0.0026 1.0000 -0.0029
vn 0.1301 0.9758 -0.1758
vn 0.3295 0.8318 -0.4467
vn 0.4281 -0.0000 -0.9037
vn 0.2276 -0.8490 -0.4769
vn 0.0883 -0.9788 -0.1846
vn 0.0018 -1.0000 -0.0032
vn -0.0844 -0.9804 0.1778
vn -0.2224 -0.8557 0.4672
vn -0.4324 -0.0000 0.9017
vn -0.2224 0.8557 0.4672
vn -0.0844 0.9804 0.1778
vn 0.0018 1.0000 -0.0032
vn 0.0883 0.9788 -0.1846
vn 0.2276 0.8490 -0.4769
vn 0.2267 -0.0000 -0.9740
vn 0.1163 -0.8604 -0.4961
vn 0.0447 -0.9808 -0.1899
vn 0.0009 -1.0000 -0.0033
vn -0.0426 -0.9822 0.1827
vn -0.1136 -0.8668 0.4856
vn -0.2293 -0.0000 0.9733
vn -0.1136 0.8668 0.4856
vn -0.0426 0.9822 0.1827
vn 0.0009 1.0000 -0.0033
vn 0.0447 0.9808 -0.1899
vn 0.1163 0.8604 -0.4961
vn -0.0000 -0.8644 -0.5028
vn -0.0000 -0.9814 -0.1918
vn -0.0000 -1.0000 -0.0034
vn -0.0000 -0.9828 0.1844
vn -0.0000 -0.8706 0.4920
vn -0.0000 0.8706 0.4920
vn -0.0000 0.9828 0.1844
vn -0.0000 1.0000 -0.0034
vn -0.0000 0.9814 -0.1918
vn -0.0000 0.8644 -0.5028
vn -0.2267 -0.0000 -0.9740
vn -0.1163 -0.8604 -0.4961
vn -0.0447 -0.9808 -0.1899
vn -0.0009 -1.0000 -0.0033
vn 0.0426 -0.9822 0.1827
vn 0.1136 -0.8668 0.4856
vn 0.2293 -0.0000 0.9734
vn 0.1136 0.8668 0.4856
vn 0.0426 0.9822 0.1827
vn -0.0009 1.0000 -0.0033
vn -0.0447 0.9808 -0.1899
vn -0.1163 0.8604 -0.4961
vn -0.4281 -0.0000 -0.9037
vn -0.2276 -0.8490 -0.4769
vn -0.0883 -0.9788 -0.1846
vn -0.0018 -1.0000 -0.0032
vn 0.0844 -0.9804 0.1778
vn 0.2224 -0.8557 0.4672
vn 0.4324 -0.0000 0.9017
vn 0.2224 0.8557 0.4672
vn 0.0844 0.9804 0.1778
vn -0.0018 1.0000 -0.0032
vn -0.0883 0.9788 -0.1846
vn -0.2276 0.8490 -0.4769
vn -0.5908 -0.0000 -0.8068
vn -0.3295 -0.8318 -0.4467
vn -0.1301 -0.9758 -0.1758
vn -0.0026 -1.0000 -0.0029
vn 0.1245 -0.9776 0.1696
vn 0.3225 -0.8389 0.4383
vn 0.5955 -0.0000 0.8034
vn 0.3225 0.8389 0.4383
vn 0.1245 0.9776 0.1696
vn -0.0026 1.0000 -0.0029
vn -0.1301 0.9758 -0.1758
vn -0.3295 0.8318 -0.4467
vn -0.7143 -0.0000 -0.6998
vn -0.4195 -0.8109 -0.4080
vn -0.1690 -0.9719 -0.1639
vn -0.0033 -1.0000 -0.0026
vn 0.1621 -0.9740 0.1584
vn 0.4114 -0.8185 0.4011
vn 0.7185 -0.0000 0.6955
vn 0.4114 0.8185 0.4011
vn 0.1621 0.9740 0.1584
vn -0.0033 1.0000 -0.0026
vn -0.1690 0.9719 -0.1639
vn -0.4195 0.8109 -0.4080
vn -0.8050 -0.0000 -0.5933
vn -0.4963 -0.7885 -0.3632
vn -0.2045 -0.9674 -0.1492
vn -0.0038 -1.0000 -0.0023
vn 0.1967 -0.9698 0.1446
vn 0.4877 -0.7964 0.3577
vn 0.8083 -0.0000 0.5888
vn 0.4877 0.7964 0.3577
vn 0.1966 0.9698 0.1446
vn -0.0038 1.0000 -0.0023
vn -0.2045 0.9674 -0.1492
vn -0.4963 0.7885 -0.3632
vn -0.8705 -0.0000 -0.4923
vn -0.5600 -0.7665 -0.3145
vn -0.2360 -0.9627 -0.1321
vn -0.0042 -1.0000 -0.0019
vn 0.2275 -0.9653 0.1283
vn 0.5512 -0.7745 0.3102
vn 0.8729 -0.0000 0.4879
vn 0.5512 0.7745 0.3102
vn 0.2275 0.9653 0.1283
vn -0.0042 1.0000 -0.0019
vn -0.2360 0.9627 -0.1321
vn -0.5600 0.7665 -0.3145
vn -0.9174 -0.0000 -0.3980
vn -0.6113 -0.7462 -0.2634
vn -0.2631 -0.9581 -0.1130
vn -0.0045 -1.0000 -0.0015
vn 0.2542 -0.9609 0.1100
vn 0.6026 -0.7544 0.2602
vn 0.9190 -0.0000 0.3942
vn 0.6026 0.7544 0.2602
vn 0.2542 0.9609 0.1100
vn -0.0045 1.0000 -0.0015
vn -0.2631 0.9581 -0.1130
vn -0.6113 0.7462 -0.2634
vn -0.9506 -0.0000 -0.3103
vn -0.6513 -0.7288 -0.2112
vn -0.2856 -0.9539 -0.0923
vn -0.0046 -1.0000 -0.0012
vn 0.2764 -0.9568 0.0900
vn 0.6429 -0.7369 0.2089
vn 0.9517 -0.0000 0.3071
vn 0.6429 0.7370 0.2089
vn 0.2764 0.9568 0.0900
vn -0.0046 1.0000 -0.0012
vn -0.2856 0.9539 -0.0923
vn -0.6513 0.7288 -0.2112
vn -0.9737 -0.0000 -0.2280
vn -0.6811 -0.7148 -0.1585
vn -0.3032 -0.9503 -0.0703
vn -0.0047 -1.0000 -0.0008
vn 0.2939 -0.9534 0.0687
vn 0.6729 -0.7229 0.1568
vn 0.9742 -0.0000 0.2256
vn 0.6729 0.7229 0.1568
vn 0.2939 0.9534 0.0687
vn -0.0047 1.0000 -0.0008
vn -0.3032 0.9503 -0.0703
vn -0.6811 0.7148 -0.1585
vn -0.9887 -0.0000 -0.1498
vn -0.7017 -0.7046 -0.1056
vn -0.3158 -0.9477 -0.0474
vn -0.0048 -1.0000 -0.0005
vn 0.3065 -0.9507 0.0463
vn 0.6937 -0.7126 0.1046
vn 0.9890 -0.0000 0.1481
vn 0.6937 0.7126 0.1046
vn 0.3065 0.9507 0.0463
vn -0.0048 1.0000 -0.0005
vn -0.3158 0.9477 -0.0474
vn -0.7017 0.7046 -0.1056
vn -0.9972 -0.0000 -0.0742
vn -0.7137 -0.6984 -0.0528
vn -0.3233 -0.9460 -0.0238
vn -0.0048 -1.0000 -0.0003
vn 0.3141 -0.9491 0.0233
vn 0.7059 -0.7064 0.0523
vn 0.9973 -0.0000 0.0734
vn 0.7059 0.7064 0.0523
vn 0.3141 0.9491 0.0233
vn -0.0048 1.0000 -0.0003
vn -0.3233 0.9460 -0.0238
vn -0.7137 0.6984 -0.0528
vn -0.9994 0.0308 -0.0168
vn -0.6002 -0.0491 0.7983
vn -0.3748 -0.0648 0.9248
vn -0.1317 -0.0768 0.9883
vn -0.0199 0.0818 -0.9964
vn -0.2705 0.0861 -0.9589
vn -0.5290 0.0851 -0.8444
vn -0.9937 0.1111 -0.0142
vn -0.5958 -0.0099 0.8031
vn -0.3721 -0.0419 0.9273
vn -0.1310 -0.0715 0.9888
vn -0.0193 0.0871 -0.9960
vn -0.2674 0.1091 -0.9574
vn -0.5206 0.1260 -0.8445
vn -0.9814 0.1916 -0.0112
vn -0.5806 0.0284 0.8137
vn -0.3648 -0.0194 0.9309
vn -0.1292 -0.0663 0.9894
vn -0.0175 0.0923 -0.9956
vn -0.2597 0.1319 -0.9566
vn -0.5013 0.1657 -0.8493
vn -0.9618 0.2737 -0.0083
vn -0.5543 0.0644 0.8298
vn -0.3529 0.0025 0.9357
vn -0.1263 -0.0612 0.9901
vn -0.0146 0.0974 -0.9951
vn -0.2472 0.1542 -0.9566
vn -0.4706 0.2035 -0.8586
vn -0.9334 0.3589 -0.0057
vn -0.5168 0.0966 0.8506
vn -0.3363 0.0237 0.9415
vn -0.1222 -0.0564 0.9909
vn -0.0105 0.1023 -0.9947
vn -0.2301 0.1759 -0.9571
vn -0.4282 0.2378 -0.8719
vn -0.8937 0.4487 -0.0033
vn -0.4689 0.1235 0.8746
vn -0.3151 0.0438 0.9481
vn -0.1171 -0.0517 0.9918
vn -0.0054 0.1070 -0.9942
vn -0.2082 0.1965 -0.9581
vn -0.3743 0.2666 -0.8881
vn -0.8391 0.5440 -0.0011
vn -0.4121 0.1439 0.8997
vn -0.2891 0.0625 0.9552
vn -0.1109 -0.0474 0.9927
vn 0.0008 0.1113 -0.9938
vn -0.1816 0.2158 -0.9594
vn -0.3108 0.2881 -0.9058
vn -0.7647 0.6444 0.0013
vn -0.3491 0.1571 0.9238
vn -0.2586 0.0795 0.9627
vn -0.1036 -0.0436 0.9937
vn 0.0081 0.1152 -0.9933
vn -0.1505 0.2333 -0.9607
vn -0.2408 0.3007 -0.9228
vn -0.6647 0.7471 0.0043
vn -0.2834 0.1633 0.9450
vn -0.2238 0.0943 0.9701
vn -0.0954 -0.0402 0.9946
vn 0.0163 0.1187 -0.9928
vn -0.1150 0.2487 -0.9617
vn -0.1691 0.3044 -0.9374
vn -0.5337 0.8457 0.0081
vn -0.2188 0.1637 0.9619
vn -0.1847 0.1065 0.9770
vn -0.0862 -0.0374 0.9956
vn 0.0255 0.1215 -0.9923
vn -0.0755 0.2614 -0.9623
vn -0.1009 0.3006 -0.9484
vn -0.3695 0.9291 0.0125
vn -0.1579 0.1608 0.9743
vn -0.1420 0.1156 0.9831
vn -0.0762 -0.0353 0.9965
vn 0.0355 0.1237 -0.9917
vn -0.0324 0.2708 -0.9621
vn -0.0398 0.2924 -0.9555
vn -0.1768 0.9841 0.0168
vn -0.1013 0.1575 0.9823
vn -0.0964 0.1208 0.9880
vn -0.0656 -0.0341 0.9973
vn 0.0462 0.1249 -0.9911
vn 0.0134 0.2763 -0.9610
vn 0.0130 0.2838 -0.9588
vn 0.0320 0.9993 0.0202
vn -0.0472 0.1563 0.9866
vn -0.0491 0.1216 0.9914
vn -0.0546 -0.0340 0.9979
vn 0.0572 0.1251 -0.9905
vn 0.0606 0.2771 -0.9589
vn 0.0599 0.2779 -0.9587
vn 0.2391 0.9707 0.0219
vn 0.0083 0.1582 0.9874
vn -0.0019 0.1177 0.9930
vn -0.0436 -0.0349 0.9984
vn 0.0682 0.1242 -0.9899
vn 0.1076 0.2730 -0.9560
vn 0.1056 0.2761 -0.9553
vn 0.4274 0.9038 0.0220
vn 0.0688 0.1615 0.9845
vn 0.0436 0.1095 0.9930
vn -0.0331 -0.0368 0.9988
vn 0.0788 0.1222 -0.9894
vn 0.1527 0.2644 -0.9523
vn 0.1548 0.2774 -0.9482
vn 0.5854 0.8105 0.0208
vn 0.1353 0.1631 0.9773
vn 0.0861 0.0977 0.9915
vn -0.0232 -0.0396 0.9989
vn 0.0887 0.1195 -0.9889
vn 0.1946 0.2520 -0.9479
vn 0.2105 0.2788 -0.9370
vn 0.7094 0.7045 0.0189
vn 0.2060 0.1597 0.9654
vn 0.1249 0.0830 0.9887
vn -0.0142 -0.0430 0.9990
vn 0.0976 0.1160 -0.9884
vn 0.2327 0.2366 -0.9433
vn 0.2725 0.2771 -0.9214
vn 0.8025 0.5964 0.0173
vn 0.2770 0.1490 0.9492
vn 0.1595 0.0659 0.9850
vn -0.0062 -0.0469 0.9989
vn 0.1057 0.1121 -0.9881
vn 0.2666 0.2189 -0.9386
vn 0.3380 0.2694 -0.9018
vn 0.8703 0.4922 0.0166
vn 0.3438 0.1305 0.9299
vn 0.1896 0.0470 0.9807
vn 0.0008 -0.0512 0.9987
vn 0.1127 0.1077 -0.9878
vn 0.2959 0.1994 -0.9342
vn 0.4026 0.2538 -0.8795
vn 0.9189 0.3942 0.0168
vn 0.4026 0.1045 0.9094
vn 0.2150 0.0267 0.9762
vn 0.0068 -0.0559 0.9984
vn 0.1186 0.1029 -0.9876
vn 0.3207 0.1784 -0.9302
vn 0.4617 0.2304 -0.8566
vn 0.9531 0.3023 0.0176
vn 0.4511 0.0725 0.8895
vn 0.2357 0.0052 0.9718
vn 0.0116 -0.0608 0.9981
vn 0.1235 0.0979 -0.9875
vn 0.3408 0.1564 -0.9270
vn 0.5118 0.2003 -0.8354
vn 0.9764 0.2153 0.0185
vn 0.4879 0.0362 0.8721
vn 0.2516 -0.0171 0.9677
vn 0.0154 -0.0660 0.9977
vn 0.1272 0.0927 -0.9875
vn 0.3562 0.1338 -0.9248
vn 0.5508 0.1653 -0.8181
vn 0.9911 0.1318 0.0190
vn 0.5130 -0.0031 0.8584
vn 0.2626 -0.0399 0.9641
vn 0.0180 -0.0712 0.9973
vn 0.1298 0.0874 -0.9877
vn 0.3670 0.1108 -0.9236
vn 0.5782 0.1274 -0.8059
vn 0.9986 0.0500 0.0185
vn 0.5265 -0.0439 0.8490
vn 0.2689 -0.0630 0.9611
vn 0.0195 -0.0765 0.9969
vn 0.1313 0.0821 -0.9879
vn 0.3732 0.0878 -0.9236
vn 0.5944 0.0884 -0.7993
vn 0.9994 -0.0308 0.0168
vn 0.5290 -0.0851 0.8444
vn 0.2705 -0.0861 0.9589
vn 0.0199 -0.0818 0.9964
vn 0.1317 0.0768 -0.9883
vn 0.3748 0.0648 -0.9248
vn 0.6002 0.0491 -0.7983
vn 0.9937 -0.1111 0.0142
vn 0.5206 -0.1260 0.8445
vn 0.2674 -0.1091 0.9574
vn 0.0193 -0.0871 0.9960
vn 0.1310 0.0715 -0.9888
vn 0.3721 0.0419 -0.9273
vn 0.5958 0.0099 -0.8031
vn 0.9814 -0.1916 0.0112
vn 0.5013 -0.1657 0.8493
vn 0.2597 -0.1319 0.9566
vn 0.0175 -0.0923 0.9956
vn 0.1292 0.0663 -0.9894
vn 0.3648 0.0194 -0.9309
vn 0.5806 -0.0284 -0.8137
vn 0.9618 -0.2737 0.0083
vn 0.4706 -0.2035 0.8586
vn 0.2472 -0.1542 0.9566
vn 0.0146 -0.0974 0.9951
vn 0.1263 0.0612 -0.9901
vn 0.3529 -0.0025 -0.9357
vn 0.5543 -0.0644 -0.8298
vn 0.9334 -0.3589 0.0057
vn 0.4282 -0.2378 0.8719
vn 0.2301 -0.1759 0.9571
vn 0.0105 -0.1023 0.9947
vn 0.1222 0.0564 -0.9909
vn 0.3363 -0.0237 -0.9415
vn 0.5168 -0.0966 -0.8506
vn 0.8937 -0.4487 0.0033
vn 0.3743 -0.2666 0.8881
vn 0.2082 -0.1965 0.9581
vn 0.0054 -0.1070 0.9942
vn 0.1171 0.0517 -0.9918
vn 0.3151 -0.0438 -0.9481
vn 0.4689 -0.1235 -0.8746
vn 0.8391 -0.5440 0.0011
vn 0.3108 -0.2881 0.9058
vn 0.1816 -0.2158 0.9594
vn -0.0008 -0.1113 0.9938
vn 0.1109 0.0474 -0.9927
vn 0.2891 -0.0625 -0.9552
vn 0.4121 -0.1439 -0.8997
vn 0.7647 -0.6444 -0.0013
vn 0.2408 -0.3007 0.9228
vn 0.1505 -0.2333 0.9607
vn -0.0081 -0.1152 0.9933
vn 0.1036 0.0436 -0.9937
vn 0.2586 -0.0795 -0.9627
vn 0.3491 -0.1571 -0.9238
vn 0.6647 -0.7471 -0.0043
vn 0.1691 -0.3044 0.9374
vn 0.1150 -0.2487 0.9617
vn -0.0163 -0.1187 0.9928
vn 0.0954 0.0402 -0.9946
vn 0.2238 -0.0943 -0.9701
vn 0.2834 -0.1633 -0.9450
vn 0.5337 -0.8457 -0.0081
vn 0.1009 -0.3006 0.9484
vn 0.0755 -0.2614 0.9623
vn -0.0255 -0.1215 0.9923
vn 0.0862 0.0374 -0.9956
vn 0.1847 -0.1065 -0.9770
vn 0.2188 -0.1637 -0.9619
vn 0.3695 -0.9291 -0.0125
vn 0.0398 -0.2924 0.9555
vn 0.0324 -0.2708 0.9621
vn -0.0355 -0.1237 0.9917
vn 0.0762 0.0353 -0.9965
vn 0.1420 -0.1156 -0.9831
vn 0.1579 -0.1608 -0.9743
vn 0.1768 -0.9841 -0.0168
vn -0.0130 -0.2838 0.9588
vn -0.0134 -0.2763 0.9610
vn -0.0462 -0.1249 0.9911
vn 0.0656 0.0341 -0.9973
vn 0.0964 -0.1208 -0.9880
vn 0.1013 -0.1575 -0.9823
vn -0.0320 -0.9993 -0.0202
vn -0.0599 -0.2779 0.9587
vn -0.0606 -0.2771 0.9589
vn -0.0572 -0.1251 0.9905
vn 0.0546 0.0340 -0.9979
vn 0.0491 -0.1216 -0.9914
vn 0.0472 -0.1563 -0.9866
vn -0.2391 -0.9707 -0.0219
vn -0.1056 -0.2761 0.9553
vn -0.1076 -0.2730 0.9560
vn -0.0682 -0.1242 0.9899
vn 0.0436 0.0349 -0.9984
vn 0.0019 -0.1177 -0.9930
vn -0.0083 -0.1582 -0.9874
vn -0.4274 -0.9038 -0.0220
vn -0.1548 -0.2774 0.9482
vn -0.1527 -0.2644 0.9523
vn -0.0788 -0.1222 0.9894
vn 0.0331 0.0368 -0.9988
vn -0.0436 -0.1095 -0.9930
vn -0.0688 -0.1615 -0.9845
vn -0.5854 -0.8105 -0.0208
vn -0.2105 -0.2788 0.9370
vn -0.1946 -0.2520 0.9479
vn -0.0887 -0.1195 0.9889
vn 0.0232 0.0396 -0.9989
vn -0.0861 -0.0977 -0.9915
vn -0.1353 -0.1631 -0.9773
vn -0.7094 -0.7045 -0.0189
vn -0.2725 -0.2771 0.9214
vn -0.2327 -0.2366 0.9433
vn -0.0976 -0.1160 0.9884
vn 0.0142 0.0430 -0.9990
vn -0.1249 -0.0830 -0.9887
vn -0.2060 -0.1597 -0.9654
vn -0.8025 -0.5964 -0.0173
vn -0.3380 -0.2694 0.9018
vn -0.2666 -0.2189 0.9386
vn -0.1057 -0.1121 0.9881
vn 0.0062 0.0469 -0.9989
vn -0.1595 -0.0659 -0.9850
vn -0.2770 -0.1490 -0.9492
vn -0.8703 -0.4922 -0.0166
vn -0.4026 -0.2538 0.8795
vn -0.2959 -0.1994 0.9342
vn -0.1127 -0.1077 0.9878
vn -0.0008 0.0512 -0.9987
vn -0.1896 -0.0470 -0.9807
vn -0.3438 -0.1305 -0.9299
vn -0.9189 -0.3942 -0.0168
vn -0.4617 -0.2304 0.8566
vn -0.3207 -0.1784 0.9302
vn -0.1186 -0.1029 0.9876
vn -0.0068 0.0559 -0.9984
vn -0.2150 -0.0267 -0.9762
vn -0.4026 -0.1045 -0.9094
vn -0.9531 -0.3023 -0.0176
vn -0.5118 -0.2003 0.8354
vn -0.3408 -0.1565 0.9270
vn -0.1235 -0.0979 0.9875
vn -0.0116 0.0608 -0.9981
vn -0.2357 -0.0052 -0.9718
vn -0.4511 -0.0725 -0.8895
vn -0.9764 -0.2153 -0.0185
vn -0.5508 -0.1653 0.8181
vn -0.3562 -0.1338 0.9248
vn -0.1272 -0.0927 0.9875
vn -0.0154 0.0660 -0.9977
vn -0.2516 0.0171 -0.9677
vn -0.4879 -0.0362 -0.8721
vn -0.9911 -0.1318 -0.0190
vn -0.5782 -0.1274 0.8059
vn -0.3670 -0.1108 0.9236
vn -0.1298 -0.0874 0.9877
vn -0.0180 0.0712 -0.9973
vn -0.2626 0.0399 -0.9641
vn -0.5130 0.0031 -0.8584
vn -0.9986 -0.0500 -0.0185
vn -0.5944 -0.0884 0.7993
vn -0.3732 -0.0878 0.9236
vn -0.1313 -0.0821 0.9879
vn -0.0195 0.0765 -0.9969
vn -0.2689 0.0630 -0.9611
vn -0.5265 0.0439 -0.8490
vn 0.8398 -0.0000 0.5429
vn -0.8398 -0.0000 0.5429
vn 0.8365 0.1092 0.5370
vn -0.8365 0.1092 0.5370
vn 0.8262 0.2201 0.5186
vn -0.8262 0.2201 0.5186
vn 0.8081 0.3339 0.4853
vn -0.8081 0.3339 0.4853
vn 0.7812 0.4498 0.4329
vn -0.7812 0.4498 0.4329
vn 0.7453 0.5637 0.3560
vn -0.7453 0.5637 0.3560
vn 0.7019 0.6675 0.2486
vn -0.7019 0.6675 0.2486
vn 0.6013 0.7955 0.0748
vn -0.6012 0.7956 0.0748
vn 0.7070 0.7072 -0.0000
vn -0.7070 0.7072 -0.0000
vn 0.6013 0.7955 -0.0748
vn -0.6012 0.7956 -0.0748
vn 0.7019 0.6675 -0.2486
vn -0.7019 0.6675 -0.2486
vn 0.7453 0.5637 -0.3560
vn -0.7453 0.5637 -0.3560
vn 0.7812 0.4498 -0.4329
vn -0.7812 0.4498 -0.4329
vn 0.8081 0.3339 -0.4853
vn -0.8081 0.3339 -0.4853
vn 0.8262 0.2201 -0.5186
vn -0.8262 0.2201 -0.5186
vn 0.8365 0.1092 -0.5370
vn -0.8365 0.1092 -0.5370
vn 0.8398 -0.0000 -0.5429
vn -0.8398 -0.0000 -0.5429
vn 0.8365 -0.1092 -0.5370
vn -0.8365 -0.1092 -0.5370
vn 0.8262 -0.2201 -0.5186
vn -0.8262 -0.2201 -0.5186
vn 0.8081 -0.3339 -0.4853
vn -0.8081 -0.3339 -0.4853
vn 0.7812 -0.4498 -0.4329
vn -0.7812 -0.4498 -0.4329
vn 0.7453 -0.5637 -0.3560
vn -0.7453 -0.5637 -0.3560
vn 0.7019 -0.6675 -0.2486
vn -0.7019 -0.6675 -0.2486
vn 0.6014 -0.7954 -0.0749
vn -0.6014 -0.7954 -0.0749
vn 0.7070 -0.7072 -0.0000
vn -0.7070 -0.7072 -0.0000
vn 0.6014 -0.7954 0.0749
vn -0.6014 -0.7954 0.0749
vn 0.7019 -0.6675 0.2486
vn -0.7019 -0.6675 0.2486
vn 0.7453 -0.5637 0.3560
vn -0.7453 -0.5637 0.3560
vn 0.7812 -0.4498 0.4329
vn -0.7812 -0.4498 0.4329
vn 0.8081 -0.3339 0.4853
vn -0.8081 -0.3339 0.4853
vn 0.8262 -0.2201 0.5186
vn -0.8262 -0.2201 0.5186
vn 0.8365 -0.1092 0.5370
vn -0.8365 -0.1092 0.5370
vt 1.000000 0.500000
vt 1.000000 1.000000
vt 0.968750 1.000000
vt 0.968750 0.500000
vt 0.937500 1.000000
vt 0.937500 0.500000
vt 0.906250 1.000000
vt 0.906250 0.500000
vt 0.875000 1.000000
vt 0.875000 0.500000
vt 0.843750 1.000000
vt 0.843750 0.500000
vt 0.812500 1.000000
vt 0.812500 0.500000
vt 0.781250 1.000000
vt 0.781250 0.500000
vt 0.750000 1.000000
vt 0.750000 0.500000
vt 0.718750 1.000000
vt 0.718750 0.500000
vt 0.687500 1.000000
vt 0.687500 0.500000
vt 0.656250 1.000000
vt 0.656250 0.500000
vt 0.625000 1.000000
vt 0.625000 0.500000
vt 0.593750 1.000000
vt 0.593750 0.500000
vt 0.562500 1.000000
vt 0.562500 0.500000
vt 0.531250 1.000000
vt 0.531250 0.500000
vt 0.500000 1.000000
vt 0.500000 0.500000
vt 0.468750 1.000000
vt 0.468750 0.500000
vt 0.437500 1.000000
vt 0.437500 0.500000
vt 0.406250 1.000000
vt 0.406250 0.500000
vt 0.375000 1.000000
vt 0.375000 0.500000
vt 0.343750 1.000000
vt 0.343750 0.500000
vt 0.312500 1.000000
vt 0.312500 0.500000
vt 0.281250 1.000000
vt 0.281250 0.500000
vt 0.250000 1.000000
vt 0.250000 0.500000
vt 0.218750 1.000000
vt 0.218750 0.500000
vt 0.187500 1.000000
vt 0.187500 0.500000
vt 0.156250 1.000000
vt 0.156250 0.500000
vt 0.125000 1.000000
vt 0.125000 0.500000
vt 0.093750 1.000000
vt 0.093750 0.500000
vt 0.062500 1.000000
vt 0.062500 0.500000
vt 0.296822 0.485388
vt 0.250000 0.490000
vt 0.203178 0.485388
vt 0.158156 0.471731
vt 0.116663 0.449553
vt 0.080294 0.419706
vt 0.050447 0.383337
vt 0.028269 0.341844
vt 0.014612 0.296822
vt 0.010000 0.250000
vt 0.014612 0.203178
vt 0.028269 0.158156
vt 0.050447 0.116663
vt 0.080294 0.080294
vt 0.116663 0.050447
vt 0.158156 0.028269
vt 0.203178 0.014612
vt 0.250000 0.010000
vt 0.296822 0.014612
vt 0.341844 0.028269
vt 0.383337 0.050447
vt 0.419706 0.080294
vt 0.449553 0.116663
vt 0.471731 0.158156
vt 0.485388 0.203178
vt 0.490000 0.250000
vt 0.485388 0.296822
vt 0.471731 0.341844
vt 0.449553 0.383337
vt 0.419706 0.419706
vt 0.383337 0.449553
vt 0.341844 0.471731
vt 0.031250 1.000000
vt 0.031250 0.500000
vt 0.000000 1.000000
vt 0.000000 0.500000
vt 0.750000 0.490000
vt 0.796822 0.485388
vt 0.841844 0.471731
vt 0.883337 0.449553
vt 0.919706 0.419706
vt 0.949553 0.383337
vt 0.971731 0.341844
vt 0.985388 0.296822
vt 0.990000 0.250000
vt 0.985388 0.203178
vt 0.971731 0.158156
vt 0.949553 0.116663
vt 0.919706 0.080294
vt 0.883337 0.050447
vt 0.841844 0.028269
vt 0.796822 0.014612
vt 0.750000 0.010000
vt 0.703178 0.014612
vt 0.658156 0.028269
vt 0.616663 0.050447
vt 0.580294 0.080294
vt 0.550447 0.116663
vt 0.528269 0.158156
vt 0.514612 0.203178
vt 0.510000 0.250000
vt 0.514612 0.296822
vt 0.528269 0.341844
vt 0.550447 0.383337
vt 0.580294 0.419706
vt 0.616663 0.449553
vt 0.658156 0.471731
vt 0.703178 0.485388
vt 0.750000 0.250000
vt 0.750000 0.312500
vt 0.718750 0.312500
vt 0.718750 0.250000
vt 0.750000 0.187500
vt 0.718750 0.187500
vt 0.750000 0.125000
vt 0.718750 0.125000
vt 0.750000 0.062500
vt 0.718750 0.062500
vt 0.734375 0.000000
vt 0.750000 0.437500
vt 0.718750 0.437500
vt 0.750000 0.375000
vt 0.718750 0.375000
vt 0.687500 0.437500
vt 0.687500 0.375000
vt 0.687500 0.312500
vt 0.687500 0.250000
vt 0.687500 0.187500
vt 0.687500 0.125000
vt 0.687500 0.062500
vt 0.703125 0.000000
vt 0.656250 0.187500
vt 0.656250 0.125000
vt 0.656250 0.062500
vt 0.671875 0.000000
vt 0.656250 0.437500
vt 0.656250 0.375000
vt 0.656250 0.312500
vt 0.656250 0.250000
vt 0.625000 0.375000
vt 0.625000 0.312500
vt 0.625000 0.250000
vt 0.625000 0.187500
vt 0.625000 0.125000
vt 0.625000 0.062500
vt 0.640625 0.000000
vt 0.625000 0.437500
vt 0.593750 0.125000
vt 0.593750 0.062500
vt 0.609375 0.000000
vt 0.593750 0.437500
vt 0.593750 0.375000
vt 0.593750 0.312500
vt 0.593750 0.250000
vt 0.593750 0.187500
vt 0.562500 0.312500
vt 0.562500 0.250000
vt 0.562500 0.187500
vt 0.562500 0.125000
vt 0.562500 0.062500
vt 0.578125 0.000000
vt 0.562500 0.437500
vt 0.562500 0.375000
vt 0.546875 0.000000
vt 0.531250 0.062500
vt 0.531250 0.437500
vt 0.531250 0.375000
vt 0.531250 0.312500
vt 0.531250 0.250000
vt 0.531250 0.187500
vt 0.531250 0.125000
vt 0.500000 0.312500
vt 0.500000 0.250000
vt 0.500000 0.187500
vt 0.500000 0.125000
vt 0.500000 0.062500
vt 0.515625 0.000000
vt 0.500000 0.500000
vt 0.500000 0.437500
vt 0.500000 0.375000
vt 0.484375 0.000000
vt 0.468750 0.062500
vt 0.468750 0.500000
vt 0.468750 0.437500
vt 0.468750 0.375000
vt 0.468750 0.312500
vt 0.468750 0.250000
vt 0.468750 0.187500
vt 0.468750 0.125000
vt 0.437500 0.250000
vt 0.437500 0.187500
vt 0.437500 0.125000
vt 0.437500 0.062500
vt 0.453125 0.000000
vt 0.437500 0.500000
vt 0.437500 0.437500
vt 0.437500 0.375000
vt 0.437500 0.312500
vt 0.406250 0.500000
vt 0.406250 0.437500
vt 0.406250 0.375000
vt 0.406250 0.312500
vt 0.406250 0.250000
vt 0.406250 0.187500
vt 0.406250 0.125000
vt 0.406250 0.062500
vt 0.421875 0.000000
vt 0.375000 0.250000
vt 0.375000 0.187500
vt 0.375000 0.125000
vt 0.375000 0.062500
vt 0.390625 0.000000
vt 0.375000 0.500000
vt 0.375000 0.437500
vt 0.375000 0.375000
vt 0.375000 0.312500
vt 0.343750 0.437500
vt 0.343750 0.375000
vt 0.343750 0.312500
vt 0.343750 0.250000
vt 0.343750 0.187500
vt 0.343750 0.125000
vt 0.343750 0.062500
vt 0.359375 0.000000
vt 0.343750 0.500000
vt 0.312500 0.187500
vt 0.312500 0.125000
vt 0.312500 0.062500
vt 0.328125 0.000000
vt 0.312500 0.500000
vt 0.312500 0.437500
vt 0.312500 0.375000
vt 0.312500 0.312500
vt 0.312500 0.250000
vt 0.281250 0.375000
vt 0.281250 0.312500
vt 0.281250 0.250000
vt 0.281250 0.187500
vt 0.281250 0.125000
vt 0.281250 0.062500
vt 0.296875 0.000000
vt 0.281250 0.500000
vt 0.281250 0.437500
vt 0.250000 0.125000
vt 0.250000 0.062500
vt 0.265625 0.000000
vt 0.250000 0.500000
vt 0.250000 0.437500
vt 0.250000 0.375000
vt 0.250000 0.312500
vt 0.250000 0.250000
vt 0.250000 0.187500
vt 0.218750 0.375000
vt 0.218750 0.312500
vt 0.218750 0.250000
vt 0.218750 0.187500
vt 0.218750 0.125000
vt 0.218750 0.062500
vt 0.234375 0.000000
vt 0.218750 0.500000
vt 0.218750 0.437500
vt 0.187500 0.125000
vt 0.187500 0.062500
vt 0.203125 0.000000
vt 0.187500 0.500000
vt 0.187500 0.437500
vt 0.187500 0.375000
vt 0.187500 0.312500
vt 0.187500 0.250000
vt 0.187500 0.187500
vt 0.156250 0.312500
vt 0.156250 0.250000
vt 0.156250 0.187500
vt 0.156250 0.125000
vt 0.156250 0.062500
vt 0.171875 0.000000
vt 0.156250 0.500000
vt 0.156250 0.437500
vt 0.156250 0.375000
vt 0.140625 0.000000
vt 0.125000 0.062500
vt 0.125000 0.500000
vt 0.125000 0.437500
vt 0.125000 0.375000
vt 0.125000 0.312500
vt 0.125000 0.250000
vt 0.125000 0.187500
vt 0.125000 0.125000
vt 0.093750 0.312500
vt 0.093750 0.250000
vt 0.093750 0.187500
vt 0.093750 0.125000
vt 0.093750 0.062500
vt 0.109375 0.000000
vt 0.093750 0.500000
vt 0.093750 0.437500
vt 0.093750 0.375000
vt 0.078125 0.000000
vt 0.062500 0.062500
vt 0.062500 0.500000
vt 0.062500 0.437500
vt 0.062500 0.375000
vt 0.062500 0.312500
vt 0.062500 0.250000
vt 0.062500 0.187500
vt 0.062500 0.125000
vt 0.031250 0.250000
vt 0.031250 0.187500
vt 0.031250 0.125000
vt 0.031250 0.062500
vt 0.046875 0.000000
vt 0.031250 0.500000
vt 0.031250 0.437500
vt 0.031250 0.375000
vt 0.031250 0.312500
vt 0.000000 0.437500
vt 0.000000 0.375000
vt 0.000000 0.312500
vt 0.000000 0.250000
vt 0.000000 0.187500
vt 0.000000 0.125000
vt 0.000000 0.062500
vt 0.015625 0.000000
vt 1.000000 0.125000
vt 1.000000 0.187500
vt 0.968750 0.187500
vt 0.968750 0.125000
vt 1.000000 0.062500
vt 0.968750 0.062500
vt 0.984375 0.000000
vt 1.000000 0.437500
vt 0.968750 0.500000
vt 0.968750 0.437500
vt 1.000000 0.375000
vt 0.968750 0.375000
vt 1.000000 0.312500
vt 0.968750 0.312500
vt 1.000000 0.250000
vt 0.968750 0.250000
vt 0.937500 0.437500
vt 0.937500 0.375000
vt 0.937500 0.312500
vt 0.937500 0.250000
vt 0.937500 0.187500
vt 0.937500 0.125000
vt 0.937500 0.062500
vt 0.953125 0.000000
vt 0.937500 0.500000
vt 0.906250 0.187500
vt 0.906250 0.125000
vt 0.906250 0.062500
vt 0.921875 0.000000
vt 0.906250 0.500000
vt 0.906250 0.437500
vt 0.906250 0.375000
vt 0.906250 0.312500
vt 0.906250 0.250000
vt 0.875000 0.375000
vt 0.875000 0.312500
vt 0.875000 0.250000
vt 0.875000 0.187500
vt 0.875000 0.125000
vt 0.875000 0.062500
vt 0.890625 0.000000
vt 0.875000 0.500000
vt 0.875000 0.437500
vt 0.843750 0.125000
vt 0.843750 0.062500
vt 0.859375 0.000000
vt 0.843750 0.500000
vt 0.843750 0.437500
vt 0.843750 0.375000
vt 0.843750 0.312500
vt 0.843750 0.250000
vt 0.843750 0.187500
vt 0.812500 0.375000
vt 0.812500 0.312500
vt 0.812500 0.250000
vt 0.812500 0.187500
vt 0.812500 0.125000
vt 0.812500 0.062500
vt 0.828125 0.000000
vt 0.812500 0.500000
vt 0.812500 0.437500
vt 0.781250 0.125000
vt 0.781250 0.062500
vt 0.796875 0.000000
vt 0.781250 0.500000
vt 0.781250 0.437500
vt 0.781250 0.375000
vt 0.781250 0.312500
vt 0.781250 0.250000
vt 0.781250 0.187500
vt 0.765625 0.000000
vt 0.520833 0.500000
vt 0.520833 0.583333
vt 0.500000 0.583333
vt 0.520833 0.666667
vt 0.500000 0.666667
vt 0.520833 0.750000
vt 0.500000 0.750000
vt 0.520833 0.833333
vt 0.500000 0.833333
vt 0.520833 0.916667
vt 0.500000 0.916667
vt 0.520833 1.000000
vt 0.500000 0.000000
vt 0.520833 0.000000
vt 0.520833 0.083333
vt 0.500000 0.083333
vt 0.520833 0.166667
vt 0.500000 0.166667
vt 0.520833 0.250000
vt 0.520833 0.333333
vt 0.500000 0.333333
vt 0.520833 0.416667
vt 0.500000 0.416667
vt 0.541667 0.500000
vt 0.541667 0.583333
vt 0.541667 0.666667
vt 0.541667 0.750000
vt 0.541667 0.833333
vt 0.541667 0.916667
vt 0.541667 1.000000
vt 0.541667 0.000000
vt 0.541667 0.083333
vt 0.541667 0.166667
vt 0.541667 0.250000
vt 0.541667 0.333333
vt 0.541667 0.416667
vt 0.562500 0.583333
vt 0.562500 0.666667
vt 0.562500 0.750000
vt 0.562500 0.833333
vt 0.562500 0.916667
vt 0.562500 0.000000
vt 0.562500 0.083333
vt 0.562500 0.166667
vt 0.562500 0.333333
vt 0.562500 0.416667
vt 0.583333 0.500000
vt 0.583333 0.583333
vt 0.583333 0.666667
vt 0.583333 0.750000
vt 0.583333 0.833333
vt 0.583333 0.916667
vt 0.583333 1.000000
vt 0.583333 0.000000
vt 0.583333 0.083333
vt 0.583333 0.166667
vt 0.583333 0.250000
vt 0.583333 0.333333
vt 0.583333 0.416667
vt 0.604167 0.500000
vt 0.604167 0.583333
vt 0.604167 0.666667
vt 0.604167 0.750000
vt 0.604167 0.833333
vt 0.604167 0.916667
vt 0.604167 1.000000
vt 0.604167 0.000000
vt 0.604167 0.083333
vt 0.604167 0.166667
vt 0.604167 0.250000
vt 0.604167 0.333333
vt 0.604167 0.416667
vt 0.625000 0.583333
vt 0.625000 0.666667
vt 0.625000 0.750000
vt 0.625000 0.833333
vt 0.625000 0.916667
vt 0.625000 0.000000
vt 0.625000 0.083333
vt 0.625000 0.166667
vt 0.625000 0.333333
vt 0.625000 0.416667
vt 0.645833 0.500000
vt 0.645833 0.583333
vt 0.645833 0.666667
vt 0.645833 0.750000
vt 0.645833 0.833333
vt 0.645833 0.916667
vt 0.645833 1.000000
vt 0.645833 0.000000
vt 0.645833 0.083333
vt 0.645833 0.166667
vt 0.645833 0.250000
vt 0.645833 0.333333
vt 0.645833 0.416667
vt 0.666667 0.500000
vt 0.666667 0.583333
vt 0.666667 0.666667
vt 0.666667 0.750000
vt 0.666667 0.833333
vt 0.666667 0.916667
vt 0.666667 1.000000
vt 0.666667 0.000000
vt 0.666667 0.083333
vt 0.666667 0.166667
vt 0.666667 0.250000
vt 0.666667 0.333333
vt 0.666667 0.416667
vt 0.687500 0.583333
vt 0.687500 0.666667
vt 0.687500 0.750000
vt 0.687500 0.833333
vt 0.687500 0.916667
vt 0.687500 0.000000
vt 0.687500 0.083333
vt 0.687500 0.166667
vt 0.687500 0.333333
vt 0.687500 0.416667
vt 0.708333 0.500000
vt 0.708333 0.583333
vt 0.708333 0.666667
vt 0.708333 0.750000
vt 0.708333 0.833333
vt 0.708333 0.916667
vt 0.708333 1.000000
vt 0.708333 0.000000
vt 0.708333 0.083333
vt 0.708333 0.166667
vt 0.708333 0.250000
vt 0.708333 0.333333
vt 0.708333 0.416667
vt 0.729167 0.500000
vt 0.729167 0.583333
vt 0.729167 0.666667
vt 0.729167 0.750000
vt 0.729167 0.833333
vt 0.729167 0.916667
vt 0.729167 1.000000
vt 0.729167 0.000000
vt 0.729167 0.083333
vt 0.729167 0.166667
vt 0.729167 0.250000
vt 0.729167 0.333333
vt 0.729167 0.416667
vt 0.750000 0.583333
vt 0.750000 0.666667
vt 0.750000 0.750000
vt 0.750000 0.833333
vt 0.750000 0.916667
vt 0.750000 0.000000
vt 0.750000 0.083333
vt 0.750000 0.166667
vt 0.750000 0.250000
vt 0.750000 0.333333
vt 0.750000 0.416667
vt 0.770833 0.500000
vt 0.770833 0.583333
vt 0.770833 0.666667
vt 0.770833 0.750000
vt 0.770833 0.833333
vt 0.770833 0.916667
vt 0.770833 1.000000
vt 0.770833 0.000000
vt 0.770833 0.083333
vt 0.770833 0.166667
vt 0.770833 0.250000
vt 0.770833 0.333333
vt 0.770833 0.416667
vt 0.791667 0.500000
vt 0.791667 0.583333
vt 0.791667 0.666667
vt 0.791667 0.750000
vt 0.791667 0.833333
vt 0.791667 0.916667
vt 0.791667 1.000000
vt 0.791667 0.000000
vt 0.791667 0.083333
vt 0.791667 0.166667
vt 0.791667 0.250000
vt 0.791667 0.333333
vt 0.791667 0.416667
vt 0.812500 0.583333
vt 0.812500 0.666667
vt 0.812500 0.750000
vt 0.812500 0.833333
vt 0.812500 0.916667
vt 0.812500 0.000000
vt 0.812500 0.083333
vt 0.812500 0.166667
vt 0.812500 0.250000
vt 0.812500 0.333333
vt 0.812500 0.416667
vt 0.833333 0.500000
vt 0.833333 0.583333
vt 0.833333 0.666667
vt 0.833333 0.750000
vt 0.833333 0.833333
vt 0.833333 0.916667
vt 0.833333 1.000000
vt 0.833333 0.000000
vt 0.833333 0.083333
vt 0.833333 0.166667
vt 0.833333 0.250000
vt 0.833333 0.333333
vt 0.833333 0.416667
vt 0.854167 0.500000
vt 0.854167 0.583333
vt 0.854167 0.666667
vt 0.854167 0.750000
vt 0.854167 0.833333
vt 0.854167 0.916667
vt 0.854167 1.000000
vt 0.854167 0.000000
vt 0.854167 0.083333
vt 0.854167 0.166667
vt 0.854167 0.250000
vt 0.854167 0.333333
vt 0.854167 0.416667
vt 0.875000 0.583333
vt 0.875000 0.666667
vt 0.875000 0.750000
vt 0.875000 0.833333
vt 0.875000 0.916667
vt 0.875000 0.000000
vt 0.875000 0.083333
vt 0.875000 0.166667
vt 0.875000 0.250000
vt 0.875000 0.333333
vt 0.875000 0.416667
vt 0.895833 0.500000
vt 0.895833 0.583333
vt 0.895833 0.666667
vt 0.895833 0.750000
vt 0.895833 0.833333
vt 0.895833 0.916667
vt 0.895833 1.000000
vt 0.895833 0.000000
vt 0.895833 0.083333
vt 0.895833 0.166667
vt 0.895833 0.250000
vt 0.895833 0.333333
vt 0.895833 0.416667
vt 0.916667 0.500000
vt 0.916667 0.583333
vt 0.916667 0.666667
vt 0.916667 0.750000
vt 0.916667 0.833333
vt 0.916667 0.916667
vt 0.916667 1.000000
vt 0.916667 0.000000
vt 0.916667 0.083333
vt 0.916667 0.166667
vt 0.916667 0.250000
vt 0.916667 0.333333
vt 0.916667 0.416667
vt 0.937500 0.583333
vt 0.937500 0.666667
vt 0.937500 0.750000
vt 0.937500 0.833333
vt 0.937500 0.916667
vt 0.937500 0.000000
vt 0.937500 0.083333
vt 0.937500 0.166667
vt 0.937500 0.250000
vt 0.937500 0.333333
vt 0.937500 0.416667
vt 0.958333 0.500000
vt 0.958333 0.583333
vt 0.958333 0.666667
vt 0.958333 0.750000
vt 0.958333 0.833333
vt 0.958333 0.916667
vt 0.958333 1.000000
vt 0.958333 0.000000
vt 0.958333 0.083333
vt 0.958333 0.166667
vt 0.958333 0.250000
vt 0.958333 0.333333
vt 0.958333 0.416667
vt 0.979167 0.500000
vt 0.979167 0.583333
vt 0.979167 0.666667
vt 0.979167 0.750000
vt 0.979167 0.833333
vt 0.979167 0.916667
vt 0.979167 1.000000
vt 0.979167 0.000000
vt 0.979167 0.083333
vt 0.979167 0.166667
vt 0.979167 0.250000
vt 0.979167 0.333333
vt 0.979167 0.416667
vt 1.000000 0.583333
vt 1.000000 0.666667
vt 1.000000 0.750000
vt 1.000000 0.833333
vt 1.000000 0.916667
vt 1.000000 0.000000
vt 1.000000 0.083333
vt 1.000000 0.166667
vt 1.000000 0.250000
vt 1.000000 0.333333
vt 1.000000 0.416667
vt 0.000000 0.500000
vt 0.020833 0.500000
vt 0.020833 0.583333
vt 0.000000 0.583333
vt 0.020833 0.666667
vt 0.000000 0.666667
vt 0.020833 0.750000
vt 0.000000 0.750000
vt 0.020833 0.833333
vt 0.000000 0.833333
vt 0.020833 0.916667
vt 0.000000 0.916667
vt 0.020833 1.000000
vt 0.000000 1.000000
vt 0.000000 0.000000
vt 0.020833 0.000000
vt 0.020833 0.083333
vt 0.000000 0.083333
vt 0.020833 0.166667
vt 0.000000 0.166667
vt 0.020833 0.250000
vt 0.000000 0.250000
vt 0.020833 0.333333
vt 0.000000 0.333333
vt 0.020833 0.416667
vt 0.000000 0.416667
vt 0.041667 0.500000
vt 0.041667 0.583333
vt 0.041667 0.666667
vt 0.041667 0.750000
vt 0.041667 0.833333
vt 0.041667 0.916667
vt 0.041667 1.000000
vt 0.041667 0.000000
vt 0.041667 0.083333
vt 0.041667 0.166667
vt 0.041667 0.250000
vt 0.041667 0.333333
vt 0.041667 0.416667
vt 0.062500 0.583333
vt 0.062500 0.666667
vt 0.062500 0.750000
vt 0.062500 0.833333
vt 0.062500 0.916667
vt 0.062500 0.000000
vt 0.062500 0.083333
vt 0.062500 0.166667
vt 0.062500 0.250000
vt 0.062500 0.333333
vt 0.062500 0.416667
vt 0.083333 0.500000
vt 0.083333 0.583333
vt 0.083333 0.666667
vt 0.083333 0.750000
vt 0.083333 0.833333
vt 0.083333 0.916667
vt 0.083333 1.000000
vt 0.083333 0.000000
vt 0.083333 0.083333
vt 0.083333 0.166667
vt 0.083333 0.250000
vt 0.083333 0.333333
vt 0.083333 0.416667
vt 0.104167 0.500000
vt 0.104167 0.583333
vt 0.104167 0.666667
vt 0.104167 0.750000
vt 0.104167 0.833333
vt 0.104167 0.916667
vt 0.104167 1.000000
vt 0.104167 0.000000
vt 0.104167 0.083333
vt 0.104167 0.166667
vt 0.104167 0.250000
vt 0.104167 0.333333
vt 0.104167 0.416667
vt 0.125000 0.583333
vt 0.125000 0.666667
vt 0.125000 0.750000
vt 0.125000 0.833333
vt 0.125000 0.916667
vt 0.125000 0.000000
vt 0.125000 0.083333
vt 0.125000 0.166667
vt 0.125000 0.333333
vt 0.125000 0.416667
vt 0.145833 0.500000
vt 0.145833 0.583333
vt 0.145833 0.666667
vt 0.145833 0.750000
vt 0.145833 0.833333
vt 0.145833 0.916667
vt 0.145833 1.000000
vt 0.145833 0.000000
vt 0.145833 0.083333
vt 0.145833 0.166667
vt 0.145833 0.250000
vt 0.145833 0.333333
vt 0.145833 0.416667
vt 0.166667 0.500000
vt 0.166667 0.583333
vt 0.166667 0.666667
vt 0.166667 0.750000
vt 0.166667 0.833333
vt 0.166667 0.916667
vt 0.166667 1.000000
vt 0.166667 0.000000
vt 0.166667 0.083333
vt 0.166667 0.166667
vt 0.166667 0.250000
vt 0.166667 0.333333
vt 0.166667 0.416667
vt 0.187500 0.583333
vt 0.187500 0.666667
vt 0.187500 0.750000
vt 0.187500 0.833333
vt 0.187500 0.916667
vt 0.187500 0.000000
vt 0.187500 0.083333
vt 0.187500 0.166667
vt 0.187500 0.333333
vt 0.187500 0.416667
vt 0.208333 0.500000
vt 0.208333 0.583333
vt 0.208333 0.666667
vt 0.208333 0.750000
vt 0.208333 0.833333
vt 0.208333 0.916667
vt 0.208333 1.000000
vt 0.208333 0.000000
vt 0.208333 0.083333
vt 0.208333 0.166667
vt 0.208333 0.250000
vt 0.208333 0.333333
vt 0.208333 0.416667
vt 0.229167 0.500000
vt 0.229167 0.583333
vt 0.229167 0.666667
vt 0.229167 0.750000
vt 0.229167 0.833333
vt 0.229167 0.916667
vt 0.229167 1.000000
vt 0.229167 0.000000
vt 0.229167 0.083333
vt 0.229167 0.166667
vt 0.229167 0.250000
vt 0.229167 0.333333
vt 0.229167 0.416667
vt 0.250000 0.583333
vt 0.250000 0.666667
vt 0.250000 0.750000
vt 0.250000 0.833333
vt 0.250000 0.916667
vt 0.250000 0.000000
vt 0.250000 0.083333
vt 0.250000 0.166667
vt 0.250000 0.333333
vt 0.250000 0.416667
vt 0.270833 0.500000
vt 0.270833 0.583333
vt 0.270833 0.666667
vt 0.270833 0.750000
vt 0.270833 0.833333
vt 0.270833 0.916667
vt 0.270833 1.000000
vt 0.270833 0.000000
vt 0.270833 0.083333
vt 0.270833 0.166667
vt 0.270833 0.250000
vt 0.270833 0.333333
vt 0.270833 0.416667
vt 0.291667 0.500000
vt 0.291667 0.583333
vt 0.291667 0.666667
vt 0.291667 0.750000
vt 0.291667 0.833333
vt 0.291667 0.916667
vt 0.291667 1.000000
vt 0.291667 0.000000
vt 0.291667 0.083333
vt 0.291667 0.166667
vt 0.291667 0.250000
vt 0.291667 0.333333
vt 0.291667 0.416667
vt 0.312500 0.583333
vt 0.312500 0.666667
vt 0.312500 0.750000
vt 0.312500 0.833333
vt 0.312500 0.916667
vt 0.312500 0.000000
vt 0.312500 0.083333
vt 0.312500 0.166667
vt 0.312500 0.333333
vt 0.312500 0.416667
vt 0.333333 0.500000
vt 0.333333 0.583333
vt 0.333333 0.666667
vt 0.333333 0.750000
vt 0.333333 0.833333
vt 0.333333 0.916667
vt 0.333333 1.000000
vt 0.333333 0.000000
vt 0.333333 0.083333
vt 0.333333 0.166667
vt 0.333333 0.250000
vt 0.333333 0.333333
vt 0.333333 0.416667
vt 0.354167 0.500000
vt 0.354167 0.583333
vt 0.354167 0.666667
vt 0.354167 0.750000
vt 0.354167 0.833333
vt 0.354167 0.916667
vt 0.354167 1.000000
vt 0.354167 0.000000
vt 0.354167 0.083333
vt 0.354167 0.166667
vt 0.354167 0.250000
vt 0.354167 0.333333
vt 0.354167 0.416667
vt 0.375000 0.583333
vt 0.375000 0.666667
vt 0.375000 0.750000
vt 0.375000 0.833333
vt 0.375000 0.916667
vt 0.375000 0.000000
vt 0.375000 0.083333
vt 0.375000 0.166667
vt 0.375000 0.333333
vt 0.375000 0.416667
vt 0.395833 0.500000
vt 0.395833 0.583333
vt 0.395833 0.666667
vt 0.395833 0.750000
vt 0.395833 0.833333
vt 0.395833 0.916667
vt 0.395833 1.000000
vt 0.395833 0.000000
vt 0.395833 0.083333
vt 0.395833 0.166667
vt 0.395833 0.250000
vt 0.395833 0.333333
vt 0.395833 0.416667
vt 0.416667 0.500000
vt 0.416667 0.583333
vt 0.416667 0.666667
vt 0.416667 0.750000
vt 0.416667 0.833333
vt 0.416667 0.916667
vt 0.416667 1.000000
vt 0.416667 0.000000
vt 0.416667 0.083333
vt 0.416667 0.166667
vt 0.416667 0.250000
vt 0.416667 0.333333
vt 0.416667 0.416667
vt 0.437500 0.583333
vt 0.437500 0.666667
vt 0.437500 0.750000
vt 0.437500 0.833333
vt 0.437500 0.916667
vt 0.437500 0.000000
vt 0.437500 0.083333
vt 0.437500 0.166667
vt 0.437500 0.333333
vt 0.437500 0.416667
vt 0.458333 0.500000
vt 0.458333 0.583333
vt 0.458333 0.666667
vt 0.458333 0.750000
vt 0.458333 0.833333
vt 0.458333 0.916667
vt 0.458333 1.000000
vt 0.458333 0.000000
vt 0.458333 0.083333
vt 0.458333 0.166667
vt 0.458333 0.250000
vt 0.458333 0.333333
vt 0.458333 0.416667
vt 0.479167 0.500000
vt 0.479167 0.583333
vt 0.479167 0.666667
vt 0.479167 0.750000
vt 0.479167 0.833333
vt 0.479167 0.916667
vt 0.479167 1.000000
vt 0.479167 0.000000
vt 0.479167 0.083333
vt 0.479167 0.166667
vt 0.479167 0.250000
vt 0.479167 0.333333
vt 0.479167 0.416667
vt 0.158156 0.028269
vt 0.341844 0.028269
vt 0.841844 0.028269
vt 0.658156 0.028269
s 1
usemtl toiet1
f 2250/819/1583 2251/820/1584 2253/821/1586 2252/822/1585
f 2252/822/1585 2253/821/1586 2255/823/1588 2254/824/1587
f 2254/824/1587 2255/823/1588 2257/825/1590 2256/826/1589
f 2256/826/1589 2257/825/1590 2259/827/1592 2258/828/1591
f 2258/828/1591 2259/827/1592 2261/829/1594 2260/830/1593
f 2260/830/1593 2261/829/1594 2263/831/1596 2262/832/1595
f 2262/832/1595 2263/831/1596 2265/833/1598 2264/834/1597
f 2264/834/1597 2265/833/1598 2267/835/1600 2266/836/1599
f 2266/836/1599 2267/835/1600 2269/837/1602 2268/838/1601
f 2268/838/1601 2269/837/1602 2271/839/1604 2270/840/1603
f 2270/840/1603 2271/839/1604 2273/841/1606 2272/842/1605
f 2272/842/1605 2273/841/1606 2275/843/1608 2274/844/1607
f 2274/844/1607 2275/843/1608 2277/845/1610 2276/846/1609
f 2276/846/1609 2277/845/1610 2279/847/1612 2278/848/1611
f 2278/848/1611 2279/847/1612 2281/849/1614 2280/850/1613
f 2280/850/1613 2281/849/1614 2283/851/1616 2282/852/1615
f 2282/852/1615 2283/851/1616 2285/853/1618 2284/854/1617
f 2284/854/1617 2285/853/1618 2287/855/1620 2286/856/1619
f 2286/856/1619 2287/855/1620 2289/857/1622 2288/858/1621
f 2288/858/1621 2289/857/1622 2291/859/1624 2290/860/1623
f 2290/860/1623 2291/859/1624 2293/861/1626 2292/862/1625
f 2292/862/1625 2293/861/1626 2295/863/1628 2294/864/1627
f 2294/864/1627 2295/863/1628 2297/865/1630 2296/866/1629
f 2296/866/1629 2297/865/1630 2299/867/1632 2298/868/1631
f 2298/868/1631 2299/867/1632 2301/869/1634 2300/870/1633
f 2300/870/1633 2301/869/1634 2303/871/1636 2302/872/1635
f 2302/872/1635 2303/871/1636 2305/873/1638 2304/874/1637
f 2304/874/1637 2305/873/1638 2307/875/1640 2306/876/1639
f 2306/876/1639 2307/875/1640 2309/877/1642 2308/878/1641
f 2308/878/1641 2309/877/1642 2311/879/1644 2310/880/1643
f 2253/881/1586 2251/882/1584 2313/883/1646 2311/884/1644 2309/885/1642 2307/886/1640 2305/887/1638 2303/888/1636 2301/889/1634 2299/890/1632 2297/891/1630 2295/892/1628 2293/893/1626 2291/894/1624 2289/895/1622 2287/896/1620 2285/897/1618 2283/898/1616 2281/899/1614 2279/900/1612 2277/901/1610 2275/902/1608 2273/903/1606 2271/904/1604 2269/905/1602 2267/906/1600 2265/907/1598 2263/908/1596 2261/909/1594 2259/910/1592 2257/911/1590 2255/912/1588
f 2310/880/1643 2311/879/1644 2313/913/1646 2312/914/1645
f 2312/914/1645 2313/913/1646 2251/915/1584 2250/916/1583
f 2250/917/1583 2252/918/1585 2254/919/1587 2256/920/1589 2258/921/1591 2260/922/1593 2262/923/1595 2264/924/1597 2266/925/1599 2268/926/1601 2270/927/1603 2272/928/1605 2274/929/1607 2276/930/1609 2278/931/1611 2280/932/1613 2282/933/1615 2284/934/1617 2286/935/1619 2288/936/1621 2290/937/1623 2292/938/1625 2294/939/1627 2296/940/1629 2298/941/1631 2300/942/1633 2302/943/1635 2304/944/1637 2306/945/1639 2308/946/1641 2310/947/1643 2312/948/1645
f 2567/949/1900 2316/950/1649 2320/951/1653 2321/952/1654
f 2568/953/1901 2567/949/1900 2321/952/1654 2322/954/1655
f 2569/955/1902 2568/953/1901 2322/954/1655 2323/956/1656
f 2570/957/1903 2569/955/1902 2323/956/1656 2324/958/1657
f 2477/959/1810 2570/957/1903 2324/958/1657
f 2315/960/1648 2314/836/1647 2317/838/1650 2318/961/1651
f 2566/962/1899 2315/960/1648 2318/961/1651 2319/963/1652
f 2316/950/1649 2566/962/1899 2319/963/1652 2320/951/1653
f 2319/963/1652 2318/961/1651 2326/964/1659 2327/965/1660
f 2320/951/1653 2319/963/1652 2327/965/1660 2328/966/1661
f 2321/952/1654 2320/951/1653 2328/966/1661 2329/967/1662
f 2322/954/1655 2321/952/1654 2329/967/1662 2330/968/1663
f 2323/956/1656 2322/954/1655 2330/968/1663 2331/969/1664
f 2324/958/1657 2323/956/1656 2331/969/1664 2332/970/1665
f 2477/971/1810 2324/958/1657 2332/970/1665
f 2318/961/1651 2317/838/1650 2325/840/1658 2326/964/1659
f 2331/969/1664 2330/968/1663 2338/972/1671 2339/973/1672
f 2332/970/1665 2331/969/1664 2339/973/1672 2340/974/1673
f 2477/975/1810 2332/970/1665 2340/974/1673
f 2326/964/1659 2325/840/1658 2333/842/1666 2334/976/1667
f 2327/965/1660 2326/964/1659 2334/976/1667 2335/977/1668
f 2328/966/1661 2327/965/1660 2335/977/1668 2336/978/1669
f 2329/967/1662 2328/966/1661 2336/978/1669 2337/979/1670
f 2330/968/1663 2329/967/1662 2337/979/1670 2338/972/1671
f 2336/978/1669 2335/977/1668 2343/980/1676 2344/981/1677
f 2337/979/1670 2336/978/1669 2344/981/1677 2345/982/1678
f 2338/972/1671 2337/979/1670 2345/982/1678 2346/983/1679
f 2339/973/1672 2338/972/1671 2346/983/1679 2347/984/1680
f 2340/974/1673 2339/973/1672 2347/984/1680 2348/985/1681
f 2477/986/1810 2340/974/1673 2348/985/1681
f 2334/976/1667 2333/842/1666 2341/844/1674 2342/987/1675
f 2335/977/1668 2334/976/1667 2342/987/1675 2343/980/1676
f 2348/985/1681 2347/984/1680 2355/988/1688 2356/989/1689
f 2477/990/1810 2348/985/1681 2356/989/1689
f 2342/987/1675 2341/844/1674 2349/846/1682 2350/991/1683
f 2343/980/1676 2342/987/1675 2350/991/1683 2351/992/1684
f 2344/981/1677 2343/980/1676 2351/992/1684 2352/993/1685
f 2345/982/1678 2344/981/1677 2352/993/1685 2353/994/1686
f 2346/983/1679 2345/982/1678 2353/994/1686 2354/995/1687
f 2347/984/1680 2346/983/1679 2354/995/1687 2355/988/1688
f 2353/994/1686 2352/993/1685 2360/996/1693 2361/997/1694
f 2354/995/1687 2353/994/1686 2361/997/1694 2362/998/1695
f 2355/988/1688 2354/995/1687 2362/998/1695 2363/999/1696
f 2356/989/1689 2355/988/1688 2363/999/1696 2364/1000/1697
f 2477/1001/1810 2356/989/1689 2364/1000/1697
f 2350/991/1683 2349/846/1682 2357/848/1690 2358/1002/1691
f 2351/992/1684 2350/991/1683 2358/1002/1691 2359/1003/1692
f 2352/993/1685 2351/992/1684 2359/1003/1692 2360/996/1693
f 2477/1004/1810 2364/1000/1697 2372/1005/1705
f 2358/1002/1691 2357/848/1690 2365/850/1698 2366/1006/1699
f 2359/1003/1692 2358/1002/1691 2366/1006/1699 2367/1007/1700
f 2360/996/1693 2359/1003/1692 2367/1007/1700 2368/1008/1701
f 2361/997/1694 2360/996/1693 2368/1008/1701 2369/1009/1702
f 2362/998/1695 2361/997/1694 2369/1009/1702 2370/1010/1703
f 2363/999/1696 2362/998/1695 2370/1010/1703 2371/1011/1704
f 2364/1000/1697 2363/999/1696 2371/1011/1704 2372/1005/1705
f 2369/1009/1702 2368/1008/1701 2376/1012/1709 2377/1013/1710
f 2370/1010/1703 2369/1009/1702 2377/1013/1710 2378/1014/1711
f 2371/1011/1704 2370/1010/1703 2378/1014/1711 2379/1015/1712
f 2372/1005/1705 2371/1011/1704 2379/1015/1712 2380/1016/1713
f 2477/1017/1810 2372/1005/1705 2380/1016/1713
f 2366/1006/1699 2365/850/1698 2373/1018/1706 2374/1019/1707
f 2367/1007/1700 2366/1006/1699 2374/1019/1707 2375/1020/1708
f 2368/1008/1701 2367/1007/1700 2375/1020/1708 2376/1012/1709
f 2477/1021/1810 2380/1016/1713 2388/1022/1721
f 2374/1019/1707 2373/1018/1706 2381/1023/1714 2382/1024/1715
f 2375/1020/1708 2374/1019/1707 2382/1024/1715 2383/1025/1716
f 2376/1012/1709 2375/1020/1708 2383/1025/1716 2384/1026/1717
f 2377/1013/1710 2376/1012/1709 2384/1026/1717 2385/1027/1718
f 2378/1014/1711 2377/1013/1710 2385/1027/1718 2386/1028/1719
f 2379/1015/1712 2378/1014/1711 2386/1028/1719 2387/1029/1720
f 2380/1016/1713 2379/1015/1712 2387/1029/1720 2388/1022/1721
f 2386/1028/1719 2385/1027/1718 2393/1030/1726 2394/1031/1727
f 2387/1029/1720 2386/1028/1719 2394/1031/1727 2395/1032/1728
f 2388/1022/1721 2387/1029/1720 2395/1032/1728 2396/1033/1729
f 2477/1034/1810 2388/1022/1721 2396/1033/1729
f 2382/1024/1715 2381/1023/1714 2389/1035/1722 2390/1036/1723
f 2383/1025/1716 2382/1024/1715 2390/1036/1723 2391/1037/1724
f 2384/1026/1717 2383/1025/1716 2391/1037/1724 2392/1038/1725
f 2385/1027/1718 2384/1026/1717 2392/1038/1725 2393/1030/1726
f 2390/1036/1723 2389/1035/1722 2397/1039/1730 2398/1040/1731
f 2391/1037/1724 2390/1036/1723 2398/1040/1731 2399/1041/1732
f 2392/1038/1725 2391/1037/1724 2399/1041/1732 2400/1042/1733
f 2393/1030/1726 2392/1038/1725 2400/1042/1733 2401/1043/1734
f 2394/1031/1727 2393/1030/1726 2401/1043/1734 2402/1044/1735
f 2395/1032/1728 2394/1031/1727 2402/1044/1735 2403/1045/1736
f 2396/1033/1729 2395/1032/1728 2403/1045/1736 2404/1046/1737
f 2477/1047/1810 2396/1033/1729 2404/1046/1737
f 2402/1044/1735 2401/1043/1734 2409/1048/1742 2410/1049/1743
f 2403/1045/1736 2402/1044/1735 2410/1049/1743 2411/1050/1744
f 2404/1046/1737 2403/1045/1736 2411/1050/1744 2412/1051/1745
f 2477/1052/1810 2404/1046/1737 2412/1051/1745
f 2398/1040/1731 2397/1039/1730 2405/1053/1738 2406/1054/1739
f 2399/1041/1732 2398/1040/1731 2406/1054/1739 2407/1055/1740
f 2400/1042/1733 2399/1041/1732 2407/1055/1740 2408/1056/1741
f 2401/1043/1734 2400/1042/1733 2408/1056/1741 2409/1048/1742
f 2407/1055/1740 2406/1054/1739 2414/1057/1747 2415/1058/1748
f 2408/1056/1741 2407/1055/1740 2415/1058/1748 2416/1059/1749
f 2409/1048/1742 2408/1056/1741 2416/1059/1749 2417/1060/1750
f 2410/1049/1743 2409/1048/1742 2417/1060/1750 2418/1061/1751
f 2411/1050/1744 2410/1049/1743 2418/1061/1751 2419/1062/1752
f 2412/1051/1745 2411/1050/1744 2419/1062/1752 2420/1063/1753
f 2477/1064/1810 2412/1051/1745 2420/1063/1753
f 2406/1054/1739 2405/1053/1738 2413/1065/1746 2414/1057/1747
f 2419/1062/1752 2418/1061/1751 2426/1066/1759 2427/1067/1760
f 2420/1063/1753 2419/1062/1752 2427/1067/1760 2428/1068/1761
f 2477/1069/1810 2420/1063/1753 2428/1068/1761
f 2414/1057/1747 2413/1065/1746 2421/1070/1754 2422/1071/1755
f 2415/1058/1748 2414/1057/1747 2422/1071/1755 2423/1072/1756
f 2416/1059/1749 2415/1058/1748 2423/1072/1756 2424/1073/1757
f 2417/1060/1750 2416/1059/1749 2424/1073/1757 2425/1074/1758
f 2418/1061/1751 2417/1060/1750 2425/1074/1758 2426/1066/1759
f 2424/1073/1757 2423/1072/1756 2431/1075/1764 2432/1076/1765
f 2425/1074/1758 2424/1073/1757 2432/1076/1765 2433/1077/1766
f 2426/1066/1759 2425/1074/1758 2433/1077/1766 2434/1078/1767
f 2427/1067/1760 2426/1066/1759 2434/1078/1767 2435/1079/1768
f 2428/1068/1761 2427/1067/1760 2435/1079/1768 2436/1080/1769
f 2477/1081/1810 2428/1068/1761 2436/1080/1769
f 2422/1071/1755 2421/1070/1754 2429/1082/1762 2430/1083/1763
f 2423/1072/1756 2422/1071/1755 2430/1083/1763 2431/1075/1764
f 2436/1080/1769 2435/1079/1768 2443/1084/1776 2444/1085/1777
f 2477/1086/1810 2436/1080/1769 2444/1085/1777
f 2430/1083/1763 2429/1082/1762 2437/1087/1770 2438/1088/1771
f 2431/1075/1764 2430/1083/1763 2438/1088/1771 2439/1089/1772
f 2432/1076/1765 2431/1075/1764 2439/1089/1772 2440/1090/1773
f 2433/1077/1766 2432/1076/1765 2440/1090/1773 2441/1091/1774
f 2434/1078/1767 2433/1077/1766 2441/1091/1774 2442/1092/1775
f 2435/1079/1768 2434/1078/1767 2442/1092/1775 2443/1084/1776
f 2440/1090/1773 2439/1089/1772 2447/1093/1780 2448/1094/1781
f 2441/1091/1774 2440/1090/1773 2448/1094/1781 2449/1095/1782
f 2442/1092/1775 2441/1091/1774 2449/1095/1782 2450/1096/1783
f 2443/1084/1776 2442/1092/1775 2450/1096/1783 2451/1097/1784
f 2444/1085/1777 2443/1084/1776 2451/1097/1784 2452/1098/1785
f 2477/1099/1810 2444/1085/1777 2452/1098/1785
f 2438/1088/1771 2437/1087/1770 2445/1100/1778 2446/1101/1779
f 2439/1089/1772 2438/1088/1771 2446/1101/1779 2447/1093/1780
f 2452/1098/1785 2451/1097/1784 2459/1102/1792 2460/1103/1793
f 2477/1104/1810 2452/1098/1785 2460/1103/1793
f 2446/1101/1779 2445/1100/1778 2453/1105/1786 2454/1106/1787
f 2447/1093/1780 2446/1101/1779 2454/1106/1787 2455/1107/1788
f 2448/1094/1781 2447/1093/1780 2455/1107/1788 2456/1108/1789
f 2449/1095/1782 2448/1094/1781 2456/1108/1789 2457/1109/1790
f 2450/1096/1783 2449/1095/1782 2457/1109/1790 2458/1110/1791
f 2451/1097/1784 2450/1096/1783 2458/1110/1791 2459/1102/1792
f 2457/1109/1790 2456/1108/1789 2464/1111/1797 2465/1112/1798
f 2458/1110/1791 2457/1109/1790 2465/1112/1798 2466/1113/1799
f 2459/1102/1792 2458/1110/1791 2466/1113/1799 2467/1114/1800
f 2460/1103/1793 2459/1102/1792 2467/1114/1800 2468/1115/1801
f 2477/1116/1810 2460/1103/1793 2468/1115/1801
f 2454/1106/1787 2453/1105/1786 2461/1117/1794 2462/1118/1795
f 2455/1107/1788 2454/1106/1787 2462/1118/1795 2463/1119/1796
f 2456/1108/1789 2455/1107/1788 2463/1119/1796 2464/1111/1797
f 2477/1120/1810 2468/1115/1801 2476/1121/1809
f 2462/1118/1795 2461/1117/1794 2469/1122/1802 2470/1123/1803
f 2463/1119/1796 2462/1118/1795 2470/1123/1803 2471/1124/1804
f 2464/1111/1797 2463/1119/1796 2471/1124/1804 2472/1125/1805
f 2465/1112/1798 2464/1111/1797 2472/1125/1805 2473/1126/1806
f 2466/1113/1799 2465/1112/1798 2473/1126/1806 2474/1127/1807
f 2467/1114/1800 2466/1113/1799 2474/1127/1807 2475/1128/1808
f 2468/1115/1801 2467/1114/1800 2475/1128/1808 2476/1121/1809
f 2473/1126/1806 2472/1125/1805 2481/1129/1814 2482/1130/1815
f 2474/1127/1807 2473/1126/1806 2482/1130/1815 2483/1131/1816
f 2475/1128/1808 2474/1127/1807 2483/1131/1816 2484/1132/1817
f 2476/1121/1809 2475/1128/1808 2484/1132/1817 2485/1133/1818
f 2477/1134/1810 2476/1121/1809 2485/1133/1818
f 2470/1123/1803 2469/1122/1802 2478/1135/1811 2479/1136/1812
f 2471/1124/1804 2470/1123/1803 2479/1136/1812 2480/1137/1813
f 2472/1125/1805 2471/1124/1804 2480/1137/1813 2481/1129/1814
f 2477/1138/1810 2485/1133/1818 2493/1139/1826
f 2479/1136/1812 2478/1135/1811 2486/1140/1819 2487/1141/1820
f 2480/1137/1813 2479/1136/1812 2487/1141/1820 2488/1142/1821
f 2481/1129/1814 2480/1137/1813 2488/1142/1821 2489/1143/1822
f 2482/1130/1815 2481/1129/1814 2489/1143/1822 2490/1144/1823
f 2483/1131/1816 2482/1130/1815 2490/1144/1823 2491/1145/1824
f 2484/1132/1817 2483/1131/1816 2491/1145/1824 2492/1146/1825
f 2485/1133/1818 2484/1132/1817 2492/1146/1825 2493/1139/1826
f 2491/1145/1824 2490/1144/1823 2498/1147/1831 2499/1148/1832
f 2492/1146/1825 2491/1145/1824 2499/1148/1832 2500/1149/1833
f 2493/1139/1826 2492/1146/1825 2500/1149/1833 2501/1150/1834
f 2477/1151/1810 2493/1139/1826 2501/1150/1834
f 2487/1141/1820 2486/1140/1819 2494/1152/1827 2495/1153/1828
f 2488/1142/1821 2487/1141/1820 2495/1153/1828 2496/1154/1829
f 2489/1143/1822 2488/1142/1821 2496/1154/1829 2497/1155/1830
f 2490/1144/1823 2489/1143/1822 2497/1155/1830 2498/1147/1831
f 2496/1154/1829 2495/1153/1828 2503/1156/1836 2504/1157/1837
f 2497/1155/1830 2496/1154/1829 2504/1157/1837 2505/1158/1838
f 2498/1147/1831 2497/1155/1830 2505/1158/1838 2506/1159/1839
f 2499/1148/1832 2498/1147/1831 2506/1159/1839 2507/1160/1840
f 2500/1149/1833 2499/1148/1832 2507/1160/1840 2508/1161/1841
f 2501/1150/1834 2500/1149/1833 2508/1161/1841 2509/1162/1842
f 2477/1163/1810 2501/1150/1834 2509/1162/1842
f 2495/1153/1828 2494/1152/1827 2502/916/1835 2503/1156/1836
f 2508/1164/1841 2507/1165/1840 2515/1166/1848 2516/1167/1849
f 2509/1168/1842 2508/1164/1841 2516/1167/1849 2517/1169/1850
f 2477/1170/1810 2509/1168/1842 2517/1169/1850
f 2503/1171/1836 2502/819/1835 2510/1172/1843 2511/1173/1844
f 2504/1174/1837 2503/1171/1836 2511/1173/1844 2512/1175/1845
f 2505/1176/1838 2504/1174/1837 2512/1175/1845 2513/1177/1846
f 2506/1178/1839 2505/1176/1838 2513/1177/1846 2514/1179/1847
f 2507/1165/1840 2506/1178/1839 2514/1179/1847 2515/1166/1848
f 2512/1175/1845 2511/1173/1844 2519/1180/1852 2520/1181/1853
f 2513/1177/1846 2512/1175/1845 2520/1181/1853 2521/1182/1854
f 2514/1179/1847 2513/1177/1846 2521/1182/1854 2522/1183/1855
f 2515/1166/1848 2514/1179/1847 2522/1183/1855 2523/1184/1856
f 2516/1167/1849 2515/1166/1848 2523/1184/1856 2524/1185/1857
f 2517/1169/1850 2516/1167/1849 2524/1185/1857 2525/1186/1858
f 2477/1187/1810 2517/1169/1850 2525/1186/1858
f 2511/1173/1844 2510/1172/1843 2518/1188/1851 2519/1180/1852
f 2524/1185/1857 2523/1184/1856 2531/1189/1864 2532/1190/1865
f 2525/1186/1858 2524/1185/1857 2532/1190/1865 2533/1191/1866
f 2477/1192/1810 2525/1186/1858 2533/1191/1866
f 2519/1180/1852 2518/1188/1851 2526/1193/1859 2527/1194/1860
f 2520/1181/1853 2519/1180/1852 2527/1194/1860 2528/1195/1861
f 2521/1182/1854 2520/1181/1853 2528/1195/1861 2529/1196/1862
f 2522/1183/1855 2521/1182/1854 2529/1196/1862 2530/1197/1863
f 2523/1184/1856 2522/1183/1855 2530/1197/1863 2531/1189/1864
f 2529/1196/1862 2528/1195/1861 2536/1198/1869 2537/1199/1870
f 2530/1197/1863 2529/1196/1862 2537/1199/1870 2538/1200/1871
f 2531/1189/1864 2530/1197/1863 2538/1200/1871 2539/1201/1872
f 2532/1190/1865 2531/1189/1864 2539/1201/1872 2540/1202/1873
f 2533/1191/1866 2532/1190/1865 2540/1202/1873 2541/1203/1874
f 2477/1204/1810 2533/1191/1866 2541/1203/1874
f 2527/1194/1860 2526/1193/1859 2534/1205/1867 2535/1206/1868
f 2528/1195/1861 2527/1194/1860 2535/1206/1868 2536/1198/1869
f 2541/1203/1874 2540/1202/1873 2548/1207/1881 2549/1208/1882
f 2477/1209/1810 2541/1203/1874 2549/1208/1882
f 2535/1206/1868 2534/1205/1867 2542/1210/1875 2543/1211/1876
f 2536/1198/1869 2535/1206/1868 2543/1211/1876 2544/1212/1877
f 2537/1199/1870 2536/1198/1869 2544/1212/1877 2545/1213/1878
f 2538/1200/1871 2537/1199/1870 2545/1213/1878 2546/1214/1879
f 2539/1201/1872 2538/1200/1871 2546/1214/1879 2547/1215/1880
f 2540/1202/1873 2539/1201/1872 2547/1215/1880 2548/1207/1881
f 2545/1213/1878 2544/1212/1877 2552/1216/1885 2553/1217/1886
f 2546/1214/1879 2545/1213/1878 2553/1217/1886 2554/1218/1887
f 2547/1215/1880 2546/1214/1879 2554/1218/1887 2555/1219/1888
f 2548/1207/1881 2547/1215/1880 2555/1219/1888 2556/1220/1889
f 2549/1208/1882 2548/1207/1881 2556/1220/1889 2557/1221/1890
f 2477/1222/1810 2549/1208/1882 2557/1221/1890
f 2543/1211/1876 2542/1210/1875 2550/1223/1883 2551/1224/1884
f 2544/1212/1877 2543/1211/1876 2551/1224/1884 2552/1216/1885
f 2557/1221/1890 2556/1220/1889 2564/1225/1897 2565/1226/1898
f 2477/1227/1810 2557/1221/1890 2565/1226/1898
f 2551/1224/1884 2550/1223/1883 2558/1228/1891 2559/1229/1892
f 2552/1216/1885 2551/1224/1884 2559/1229/1892 2560/1230/1893
f 2553/1217/1886 2552/1216/1885 2560/1230/1893 2561/1231/1894
f 2554/1218/1887 2553/1217/1886 2561/1231/1894 2562/1232/1895
f 2555/1219/1888 2554/1218/1887 2562/1232/1895 2563/1233/1896
f 2556/1220/1889 2555/1219/1888 2563/1233/1896 2564/1225/1897
f 2562/1232/1895 2561/1231/1894 2316/950/1649 2567/949/1900
f 2563/1233/1896 2562/1232/1895 2567/949/1900 2568/953/1901
f 2564/1225/1897 2563/1233/1896 2568/953/1901 2569/955/1902
f 2565/1226/1898 2564/1225/1897 2569/955/1902 2570/957/1903
f 2477/1234/1810 2565/1226/1898 2570/957/1903
f 2559/1229/1892 2558/1228/1891 2314/836/1647 2315/960/1648
f 2560/1230/1893 2559/1229/1892 2315/960/1648 2566/962/1899
f 2561/1231/1894 2560/1230/1893 2566/962/1899 2316/950/1649
f 2571/852/1904 2583/1235/1916 2584/1236/1917 2572/1237/1905
f 2572/1237/1905 2584/1236/1917 2585/1238/1918 2573/1239/1906
f 2573/1239/1906 2585/1238/1918 2586/1240/1919 2574/1241/1907
f 2574/1241/1907 2586/1240/1919 2587/1242/1920 2575/1243/1908
f 2575/1243/1908 2587/1242/1920 2588/1244/1921 2576/1245/1909
f 2576/1245/1909 2588/1244/1921 2589/1246/1922 2577/851/1910
f 2577/1247/1910 2589/1248/1922 2590/1249/1923 2578/1250/1911
f 2578/1250/1911 2590/1249/1923 2591/1251/1924 2579/1252/1912
f 2579/1252/1912 2591/1251/1924 2592/1253/1925 2580/1013/1913
f 2580/1013/1913 2592/1253/1925 2593/1254/1926 2581/1255/1914
f 2581/1255/1914 2593/1254/1926 2594/1256/1927 2582/1257/1915
f 2582/1257/1915 2594/1256/1927 2583/1235/1916 2571/852/1904
f 2583/1235/1916 2595/1258/1928 2596/1259/1929 2584/1236/1917
f 2584/1236/1917 2596/1259/1929 2597/1260/1930 2585/1238/1918
f 2585/1238/1918 2597/1260/1930 2598/1261/1931 2586/1240/1919
f 2586/1240/1919 2598/1261/1931 2599/1262/1932 2587/1242/1920
f 2587/1242/1920 2599/1262/1932 2600/1263/1933 2588/1244/1921
f 2588/1244/1921 2600/1263/1933 2601/1264/1934 2589/1246/1922
f 2589/1248/1922 2601/1265/1934 2602/1266/1935 2590/1249/1923
f 2590/1249/1923 2602/1266/1935 2603/1267/1936 2591/1251/1924
f 2591/1251/1924 2603/1267/1936 2604/1268/1937 2592/1253/1925
f 2592/1253/1925 2604/1268/1937 2605/1269/1938 2593/1254/1926
f 2593/1254/1926 2605/1269/1938 2606/1270/1939 2594/1256/1927
f 2594/1256/1927 2606/1270/1939 2595/1258/1928 2583/1235/1916
f 2595/1258/1928 2607/848/1940 2608/1271/1941 2596/1259/1929
f 2596/1259/1929 2608/1271/1941 2609/1272/1942 2597/1260/1930
f 2597/1260/1930 2609/1272/1942 2610/1273/1943 2598/1261/1931
f 2598/1261/1931 2610/1273/1943 2611/1274/1944 2599/1262/1932
f 2599/1262/1932 2611/1274/1944 2612/1275/1945 2600/1263/1933
f 2600/1263/1933 2612/1275/1945 2613/847/1946 2601/1264/1934
f 2601/1265/1934 2613/1276/1946 2614/1277/1947 2602/1266/1935
f 2602/1266/1935 2614/1277/1947 2615/1278/1948 2603/1267/1936
f 2603/1267/1936 2615/1278/1948 2616/997/1949 2604/1268/1937
f 2604/1268/1937 2616/997/1949 2617/1279/1950 2605/1269/1938
f 2605/1269/1938 2617/1279/1950 2618/1280/1951 2606/1270/1939
f 2606/1270/1939 2618/1280/1951 2607/848/1940 2595/1258/1928
f 2607/848/1940 2619/1281/1952 2620/1282/1953 2608/1271/1941
f 2608/1271/1941 2620/1282/1953 2621/1283/1954 2609/1272/1942
f 2609/1272/1942 2621/1283/1954 2622/1284/1955 2610/1273/1943
f 2610/1273/1943 2622/1284/1955 2623/1285/1956 2611/1274/1944
f 2611/1274/1944 2623/1285/1956 2624/1286/1957 2612/1275/1945
f 2612/1275/1945 2624/1286/1957 2625/1287/1958 2613/847/1946
f 2613/1276/1946 2625/1288/1958 2626/1289/1959 2614/1277/1947
f 2614/1277/1947 2626/1289/1959 2627/1290/1960 2615/1278/1948
f 2615/1278/1948 2627/1290/1960 2628/1291/1961 2616/997/1949
f 2616/997/1949 2628/1291/1961 2629/1292/1962 2617/1279/1950
f 2617/1279/1950 2629/1292/1962 2630/1293/1963 2618/1280/1951
f 2618/1280/1951 2630/1293/1963 2619/1281/1952 2607/848/1940
f 2619/1281/1952 2631/1294/1964 2632/1295/1965 2620/1282/1953
f 2620/1282/1953 2632/1295/1965 2633/1296/1966 2621/1283/1954
f 2621/1283/1954 2633/1296/1966 2634/1297/1967 2622/1284/1955
f 2622/1284/1955 2634/1297/1967 2635/1298/1968 2623/1285/1956
f 2623/1285/1956 2635/1298/1968 2636/1299/1969 2624/1286/1957
f 2624/1286/1957 2636/1299/1969 2637/1300/1970 2625/1287/1958
f 2625/1288/1958 2637/1301/1970 2638/1302/1971 2626/1289/1959
f 2626/1289/1959 2638/1302/1971 2639/1303/1972 2627/1290/1960
f 2627/1290/1960 2639/1303/1972 2640/1304/1973 2628/1291/1961
f 2628/1291/1961 2640/1304/1973 2641/1305/1974 2629/1292/1962
f 2629/1292/1962 2641/1305/1974 2642/1306/1975 2630/1293/1963
f 2630/1293/1963 2642/1306/1975 2631/1294/1964 2619/1281/1952
f 2631/1294/1964 2643/844/1976 2644/1307/1977 2632/1295/1965
f 2632/1295/1965 2644/1307/1977 2645/1308/1978 2633/1296/1966
f 2633/1296/1966 2645/1308/1978 2646/1309/1979 2634/1297/1967
f 2634/1297/1967 2646/1309/1979 2647/1310/1980 2635/1298/1968
f 2635/1298/1968 2647/1310/1980 2648/1311/1981 2636/1299/1969
f 2636/1299/1969 2648/1311/1981 2649/843/1982 2637/1300/1970
f 2637/1301/1970 2649/1312/1982 2650/1313/1983 2638/1302/1971
f 2638/1302/1971 2650/1313/1983 2651/1314/1984 2639/1303/1972
f 2639/1303/1972 2651/1314/1984 2652/982/1985 2640/1304/1973
f 2640/1304/1973 2652/982/1985 2653/1315/1986 2641/1305/1974
f 2641/1305/1974 2653/1315/1986 2654/1316/1987 2642/1306/1975
f 2642/1306/1975 2654/1316/1987 2643/844/1976 2631/1294/1964
f 2643/844/1976 2655/1317/1988 2656/1318/1989 2644/1307/1977
f 2644/1307/1977 2656/1318/1989 2657/1319/1990 2645/1308/1978
f 2645/1308/1978 2657/1319/1990 2658/1320/1991 2646/1309/1979
f 2646/1309/1979 2658/1320/1991 2659/1321/1992 2647/1310/1980
f 2647/1310/1980 2659/1321/1992 2660/1322/1993 2648/1311/1981
f 2648/1311/1981 2660/1322/1993 2661/1323/1994 2649/843/1982
f 2649/1312/1982 2661/1324/1994 2662/1325/1995 2650/1313/1983
f 2650/1313/1983 2662/1325/1995 2663/1326/1996 2651/1314/1984
f 2651/1314/1984 2663/1326/1996 2664/1327/1997 2652/982/1985
f 2652/982/1985 2664/1327/1997 2665/1328/1998 2653/1315/1986
f 2653/1315/1986 2665/1328/1998 2666/1329/1999 2654/1316/1987
f 2654/1316/1987 2666/1329/1999 2655/1317/1988 2643/844/1976
f 2655/1317/1988 2667/1330/2000 2668/1331/2001 2656/1318/1989
f 2656/1318/1989 2668/1331/2001 2669/1332/2002 2657/1319/1990
f 2657/1319/1990 2669/1332/2002 2670/1333/2003 2658/1320/1991
f 2658/1320/1991 2670/1333/2003 2671/1334/2004 2659/1321/1992
f 2659/1321/1992 2671/1334/2004 2672/1335/2005 2660/1322/1993
f 2660/1322/1993 2672/1335/2005 2673/1336/2006 2661/1323/1994
f 2661/1324/1994 2673/1337/2006 2674/1338/2007 2662/1325/1995
f 2662/1325/1995 2674/1338/2007 2675/1339/2008 2663/1326/1996
f 2663/1326/1996 2675/1339/2008 2676/1340/2009 2664/1327/1997
f 2664/1327/1997 2676/1340/2009 2677/1341/2010 2665/1328/1998
f 2665/1328/1998 2677/1341/2010 2678/1342/2011 2666/1329/1999
f 2666/1329/1999 2678/1342/2011 2667/1330/2000 2655/1317/1988
f 2667/1330/2000 2679/840/2012 2680/1343/2013 2668/1331/2001
f 2668/1331/2001 2680/1343/2013 2681/1344/2014 2669/1332/2002
f 2669/1332/2002 2681/1344/2014 2682/1345/2015 2670/1333/2003
f 2670/1333/2003 2682/1345/2015 2683/1346/2016 2671/1334/2004
f 2671/1334/2004 2683/1346/2016 2684/1347/2017 2672/1335/2005
f 2672/1335/2005 2684/1347/2017 2685/839/2018 2673/1336/2006
f 2673/1337/2006 2685/1348/2018 2686/1349/2019 2674/1338/2007
f 2674/1338/2007 2686/1349/2019 2687/1350/2020 2675/1339/2008
f 2675/1339/2008 2687/1350/2020 2688/967/2021 2676/1340/2009
f 2676/1340/2009 2688/967/2021 2689/1351/2022 2677/1341/2010
f 2677/1341/2010 2689/1351/2022 2690/1352/2023 2678/1342/2011
f 2678/1342/2011 2690/1352/2023 2679/840/2012 2667/1330/2000
f 2679/840/2012 2691/1353/2024 2692/1354/2025 2680/1343/2013
f 2680/1343/2013 2692/1354/2025 2693/1355/2026 2681/1344/2014
f 2681/1344/2014 2693/1355/2026 2694/1356/2027 2682/1345/2015
f 2682/1345/2015 2694/1356/2027 2695/1357/2028 2683/1346/2016
f 2683/1346/2016 2695/1357/2028 2696/1358/2029 2684/1347/2017
f 2684/1347/2017 2696/1358/2029 2697/1359/2030 2685/839/2018
f 2685/1348/2018 2697/1360/2030 2698/1361/2031 2686/1349/2019
f 2686/1349/2019 2698/1361/2031 2699/1362/2032 2687/1350/2020
f 2687/1350/2020 2699/1362/2032 2700/1363/2033 2688/967/2021
f 2688/967/2021 2700/1363/2033 2701/1364/2034 2689/1351/2022
f 2689/1351/2022 2701/1364/2034 2702/1365/2035 2690/1352/2023
f 2690/1352/2023 2702/1365/2035 2691/1353/2024 2679/840/2012
f 2691/1353/2024 2703/1366/2036 2704/1367/2037 2692/1354/2025
f 2692/1354/2025 2704/1367/2037 2705/1368/2038 2693/1355/2026
f 2693/1355/2026 2705/1368/2038 2706/1369/2039 2694/1356/2027
f 2694/1356/2027 2706/1369/2039 2707/1370/2040 2695/1357/2028
f 2695/1357/2028 2707/1370/2040 2708/1371/2041 2696/1358/2029
f 2696/1358/2029 2708/1371/2041 2709/1372/2042 2697/1359/2030
f 2697/1360/2030 2709/1373/2042 2710/1374/2043 2698/1361/2031
f 2698/1361/2031 2710/1374/2043 2711/1375/2044 2699/1362/2032
f 2699/1362/2032 2711/1375/2044 2712/1376/2045 2700/1363/2033
f 2700/1363/2033 2712/1376/2045 2713/1377/2046 2701/1364/2034
f 2701/1364/2034 2713/1377/2046 2714/1378/2047 2702/1365/2035
f 2702/1365/2035 2714/1378/2047 2703/1366/2036 2691/1353/2024
f 2703/1366/2036 2715/836/2048 2716/1379/2049 2704/1367/2037
f 2704/1367/2037 2716/1379/2049 2717/1380/2050 2705/1368/2038
f 2705/1368/2038 2717/1380/2050 2718/1381/2051 2706/1369/2039
f 2706/1369/2039 2718/1381/2051 2719/1382/2052 2707/1370/2040
f 2707/1370/2040 2719/1382/2052 2720/1383/2053 2708/1371/2041
f 2708/1371/2041 2720/1383/2053 2721/835/2054 2709/1372/2042
f 2709/1373/2042 2721/1384/2054 2722/1385/2055 2710/1374/2043
f 2710/1374/2043 2722/1385/2055 2723/1386/2056 2711/1375/2044
f 2711/1375/2044 2723/1386/2056 2724/1387/2057 2712/1376/2045
f 2712/1376/2045 2724/1387/2057 2725/1388/2058 2713/1377/2046
f 2713/1377/2046 2725/1388/2058 2726/1389/2059 2714/1378/2047
f 2714/1378/2047 2726/1389/2059 2715/836/2048 2703/1366/2036
f 2715/836/2048 2727/1390/2060 2728/1391/2061 2716/1379/2049
f 2716/1379/2049 2728/1391/2061 2729/1392/2062 2717/1380/2050
f 2717/1380/2050 2729/1392/2062 2730/1393/2063 2718/1381/2051
f 2718/1381/2051 2730/1393/2063 2731/1394/2064 2719/1382/2052
f 2719/1382/2052 2731/1394/2064 2732/1395/2065 2720/1383/2053
f 2720/1383/2053 2732/1395/2065 2733/1396/2066 2721/835/2054
f 2721/1384/2054 2733/1397/2066 2734/1398/2067 2722/1385/2055
f 2722/1385/2055 2734/1398/2067 2735/1399/2068 2723/1386/2056
f 2723/1386/2056 2735/1399/2068 2736/1400/2069 2724/1387/2057
f 2724/1387/2057 2736/1400/2069 2737/1401/2070 2725/1388/2058
f 2725/1388/2058 2737/1401/2070 2738/1402/2071 2726/1389/2059
f 2726/1389/2059 2738/1402/2071 2727/1390/2060 2715/836/2048
f 2727/1390/2060 2739/1403/2072 2740/1404/2073 2728/1391/2061
f 2728/1391/2061 2740/1404/2073 2741/1405/2074 2729/1392/2062
f 2729/1392/2062 2741/1405/2074 2742/1406/2075 2730/1393/2063
f 2730/1393/2063 2742/1406/2075 2743/1407/2076 2731/1394/2064
f 2731/1394/2064 2743/1407/2076 2744/1408/2077 2732/1395/2065
f 2732/1395/2065 2744/1408/2077 2745/1409/2078 2733/1396/2066
f 2733/1397/2066 2745/1410/2078 2746/1411/2079 2734/1398/2067
f 2734/1398/2067 2746/1411/2079 2747/1412/2080 2735/1399/2068
f 2735/1399/2068 2747/1412/2080 2748/1413/2081 2736/1400/2069
f 2736/1400/2069 2748/1413/2081 2749/1414/2082 2737/1401/2070
f 2737/1401/2070 2749/1414/2082 2750/1415/2083 2738/1402/2071
f 2738/1402/2071 2750/1415/2083 2739/1403/2072 2727/1390/2060
f 2739/1403/2072 2751/832/2084 2752/1416/2085 2740/1404/2073
f 2740/1404/2073 2752/1416/2085 2753/1417/2086 2741/1405/2074
f 2741/1405/2074 2753/1417/2086 2754/1418/2087 2742/1406/2075
f 2742/1406/2075 2754/1418/2087 2755/1419/2088 2743/1407/2076
f 2743/1407/2076 2755/1419/2088 2756/1420/2089 2744/1408/2077
f 2744/1408/2077 2756/1420/2089 2757/831/2090 2745/1409/2078
f 2745/1410/2078 2757/1421/2090 2758/1422/2091 2746/1411/2079
f 2746/1411/2079 2758/1422/2091 2759/1423/2092 2747/1412/2080
f 2747/1412/2080 2759/1423/2092 2760/1424/2093 2748/1413/2081
f 2748/1413/2081 2760/1424/2093 2761/1425/2094 2749/1414/2082
f 2749/1414/2082 2761/1425/2094 2762/1426/2095 2750/1415/2083
f 2750/1415/2083 2762/1426/2095 2751/832/2084 2739/1403/2072
f 2751/832/2084 2763/1427/2096 2764/1428/2097 2752/1416/2085
f 2752/1416/2085 2764/1428/2097 2765/1429/2098 2753/1417/2086
f 2753/1417/2086 2765/1429/2098 2766/1430/2099 2754/1418/2087
f 2754/1418/2087 2766/1430/2099 2767/1431/2100 2755/1419/2088
f 2755/1419/2088 2767/1431/2100 2768/1432/2101 2756/1420/2089
f 2756/1420/2089 2768/1432/2101 2769/1433/2102 2757/831/2090
f 2757/1421/2090 2769/1434/2102 2770/1435/2103 2758/1422/2091
f 2758/1422/2091 2770/1435/2103 2771/1436/2104 2759/1423/2092
f 2759/1423/2092 2771/1436/2104 2772/1437/2105 2760/1424/2093
f 2760/1424/2093 2772/1437/2105 2773/1438/2106 2761/1425/2094
f 2761/1425/2094 2773/1438/2106 2774/1439/2107 2762/1426/2095
f 2762/1426/2095 2774/1439/2107 2763/1427/2096 2751/832/2084
f 2763/1427/2096 2775/1440/2108 2776/1441/2109 2764/1428/2097
f 2764/1428/2097 2776/1441/2109 2777/1442/2110 2765/1429/2098
f 2765/1429/2098 2777/1442/2110 2778/1443/2111 2766/1430/2099
f 2766/1430/2099 2778/1443/2111 2779/1444/2112 2767/1431/2100
f 2767/1431/2100 2779/1444/2112 2780/1445/2113 2768/1432/2101
f 2768/1432/2101 2780/1445/2113 2781/1446/2114 2769/1433/2102
f 2769/1434/2102 2781/1447/2114 2782/1448/2115 2770/1435/2103
f 2770/1435/2103 2782/1448/2115 2783/1449/2116 2771/1436/2104
f 2771/1436/2104 2783/1449/2116 2784/1450/2117 2772/1437/2105
f 2772/1437/2105 2784/1450/2117 2785/1451/2118 2773/1438/2106
f 2773/1438/2106 2785/1451/2118 2786/1452/2119 2774/1439/2107
f 2774/1439/2107 2786/1452/2119 2775/1440/2108 2763/1427/2096
f 2775/1440/2108 2787/828/2120 2788/1453/2121 2776/1441/2109
f 2776/1441/2109 2788/1453/2121 2789/1454/2122 2777/1442/2110
f 2777/1442/2110 2789/1454/2122 2790/1455/2123 2778/1443/2111
f 2778/1443/2111 2790/1455/2123 2791/1456/2124 2779/1444/2112
f 2779/1444/2112 2791/1456/2124 2792/1457/2125 2780/1445/2113
f 2780/1445/2113 2792/1457/2125 2793/827/2126 2781/1446/2114
f 2781/1447/2114 2793/1458/2126 2794/1459/2127 2782/1448/2115
f 2782/1448/2115 2794/1459/2127 2795/1460/2128 2783/1449/2116
f 2783/1449/2116 2795/1460/2128 2796/1461/2129 2784/1450/2117
f 2784/1450/2117 2796/1461/2129 2797/1462/2130 2785/1451/2118
f 2785/1451/2118 2797/1462/2130 2798/1463/2131 2786/1452/2119
f 2786/1452/2119 2798/1463/2131 2787/828/2120 2775/1440/2108
f 2787/828/2120 2799/1464/2132 2800/1465/2133 2788/1453/2121
f 2788/1453/2121 2800/1465/2133 2801/1466/2134 2789/1454/2122
f 2789/1454/2122 2801/1466/2134 2802/1467/2135 2790/1455/2123
f 2790/1455/2123 2802/1467/2135 2803/1468/2136 2791/1456/2124
f 2791/1456/2124 2803/1468/2136 2804/1469/2137 2792/1457/2125
f 2792/1457/2125 2804/1469/2137 2805/1470/2138 2793/827/2126
f 2793/1458/2126 2805/1471/2138 2806/1472/2139 2794/1459/2127
f 2794/1459/2127 2806/1472/2139 2807/1473/2140 2795/1460/2128
f 2795/1460/2128 2807/1473/2140 2808/1474/2141 2796/1461/2129
f 2796/1461/2129 2808/1474/2141 2809/1475/2142 2797/1462/2130
f 2797/1462/2130 2809/1475/2142 2810/1476/2143 2798/1463/2131
f 2798/1463/2131 2810/1476/2143 2799/1464/2132 2787/828/2120
f 2799/1464/2132 2811/1477/2144 2812/1478/2145 2800/1465/2133
f 2800/1465/2133 2812/1478/2145 2813/1479/2146 2801/1466/2134
f 2801/1466/2134 2813/1479/2146 2814/1480/2147 2802/1467/2135
f 2802/1467/2135 2814/1480/2147 2815/1481/2148 2803/1468/2136
f 2803/1468/2136 2815/1481/2148 2816/1482/2149 2804/1469/2137
f 2804/1469/2137 2816/1482/2149 2817/1483/2150 2805/1470/2138
f 2805/1471/2138 2817/1484/2150 2818/1485/2151 2806/1472/2139
f 2806/1472/2139 2818/1485/2151 2819/1486/2152 2807/1473/2140
f 2807/1473/2140 2819/1486/2152 2820/1487/2153 2808/1474/2141
f 2808/1474/2141 2820/1487/2153 2821/1488/2154 2809/1475/2142
f 2809/1475/2142 2821/1488/2154 2822/1489/2155 2810/1476/2143
f 2810/1476/2143 2822/1489/2155 2811/1477/2144 2799/1464/2132
f 2811/1477/2144 2823/824/2156 2824/1490/2157 2812/1478/2145
f 2812/1478/2145 2824/1490/2157 2825/1491/2158 2813/1479/2146
f 2813/1479/2146 2825/1491/2158 2826/1492/2159 2814/1480/2147
f 2814/1480/2147 2826/1492/2159 2827/1493/2160 2815/1481/2148
f 2815/1481/2148 2827/1493/2160 2828/1494/2161 2816/1482/2149
f 2816/1482/2149 2828/1494/2161 2829/823/2162 2817/1483/2150
f 2817/1484/2150 2829/1495/2162 2830/1496/2163 2818/1485/2151
f 2818/1485/2151 2830/1496/2163 2831/1497/2164 2819/1486/2152
f 2819/1486/2152 2831/1497/2164 2832/1498/2165 2820/1487/2153
f 2820/1487/2153 2832/1498/2165 2833/1499/2166 2821/1488/2154
f 2821/1488/2154 2833/1499/2166 2834/1500/2167 2822/1489/2155
f 2822/1489/2155 2834/1500/2167 2823/824/2156 2811/1477/2144
f 2823/824/2156 2835/1501/2168 2836/1502/2169 2824/1490/2157
f 2824/1490/2157 2836/1502/2169 2837/1503/2170 2825/1491/2158
f 2825/1491/2158 2837/1503/2170 2838/1504/2171 2826/1492/2159
f 2826/1492/2159 2838/1504/2171 2839/1505/2172 2827/1493/2160
f 2827/1493/2160 2839/1505/2172 2840/1506/2173 2828/1494/2161
f 2828/1494/2161 2840/1506/2173 2841/1507/2174 2829/823/2162
f 2829/1495/2162 2841/1508/2174 2842/1509/2175 2830/1496/2163
f 2830/1496/2163 2842/1509/2175 2843/1510/2176 2831/1497/2164
f 2831/1497/2164 2843/1510/2176 2844/1511/2177 2832/1498/2165
f 2832/1498/2165 2844/1511/2177 2845/1512/2178 2833/1499/2166
f 2833/1499/2166 2845/1512/2178 2846/1513/2179 2834/1500/2167
f 2834/1500/2167 2846/1513/2179 2835/1501/2168 2823/824/2156
f 2835/1501/2168 2847/1514/2180 2848/1515/2181 2836/1502/2169
f 2836/1502/2169 2848/1515/2181 2849/1516/2182 2837/1503/2170
f 2837/1503/2170 2849/1516/2182 2850/1517/2183 2838/1504/2171
f 2838/1504/2171 2850/1517/2183 2851/1518/2184 2839/1505/2172
f 2839/1505/2172 2851/1518/2184 2852/1519/2185 2840/1506/2173
f 2840/1506/2173 2852/1519/2185 2853/1520/2186 2841/1507/2174
f 2841/1508/2174 2853/1521/2186 2854/1522/2187 2842/1509/2175
f 2842/1509/2175 2854/1522/2187 2855/1523/2188 2843/1510/2176
f 2843/1510/2176 2855/1523/2188 2856/1524/2189 2844/1511/2177
f 2844/1511/2177 2856/1524/2189 2857/1525/2190 2845/1512/2178
f 2845/1512/2178 2857/1525/2190 2858/1526/2191 2846/1513/2179
f 2846/1513/2179 2858/1526/2191 2847/1514/2180 2835/1501/2168
f 2847/1514/2180 2859/819/1910 2860/1527/2192 2848/1515/2181
f 2848/1515/2181 2860/1527/2192 2861/1528/2193 2849/1516/2182
f 2849/1516/2182 2861/1528/2193 2862/1529/2194 2850/1517/2183
f 2850/1517/2183 2862/1529/2194 2863/1530/2195 2851/1518/2184
f 2851/1518/2184 2863/1530/2195 2864/1531/2196 2852/1519/2185
f 2852/1519/2185 2864/1531/2196 2865/820/1904 2853/1520/2186
f 2853/1521/2186 2865/1532/1904 2866/1533/2197 2854/1522/2187
f 2854/1522/2187 2866/1533/2197 2867/1534/2198 2855/1523/2188
f 2855/1523/2188 2867/1534/2198 2868/1535/2199 2856/1524/2189
f 2856/1524/2189 2868/1535/2199 2869/1536/2200 2857/1525/2190
f 2857/1525/2190 2869/1536/2200 2870/1537/2201 2858/1526/2191
f 2858/1526/2191 2870/1537/2201 2859/819/1910 2847/1514/2180
f 2859/1538/1910 2871/1539/2202 2872/1540/2203 2860/1541/2192
f 2860/1541/2192 2872/1540/2203 2873/1542/2204 2861/1543/2193
f 2861/1543/2193 2873/1542/2204 2874/1544/2205 2862/1545/2194
f 2862/1545/2194 2874/1544/2205 2875/1546/2206 2863/1547/2195
f 2863/1547/2195 2875/1546/2206 2876/1548/2207 2864/1549/2196
f 2864/1549/2196 2876/1548/2207 2877/1550/2208 2865/1551/1904
f 2865/1552/1904 2877/1553/2208 2878/1554/2209 2866/1555/2197
f 2866/1555/2197 2878/1554/2209 2879/1556/2210 2867/1557/2198
f 2867/1557/2198 2879/1556/2210 2880/1558/2211 2868/1559/2199
f 2868/1559/2199 2880/1558/2211 2881/1560/2212 2869/1561/2200
f 2869/1561/2200 2881/1560/2212 2882/1562/2213 2870/1563/2201
f 2870/1563/2201 2882/1562/2213 2871/1539/2202 2859/1538/1910
f 2871/1539/2202 2883/1564/2214 2884/1565/2215 2872/1540/2203
f 2872/1540/2203 2884/1565/2215 2885/1566/2216 2873/1542/2204
f 2873/1542/2204 2885/1566/2216 2886/1567/2217 2874/1544/2205
f 2874/1544/2205 2886/1567/2217 2887/1568/2218 2875/1546/2206
f 2875/1546/2206 2887/1568/2218 2888/1569/2219 2876/1548/2207
f 2876/1548/2207 2888/1569/2219 2889/1570/2220 2877/1550/2208
f 2877/1553/2208 2889/1571/2220 2890/1572/2221 2878/1554/2209
f 2878/1554/2209 2890/1572/2221 2891/1573/2222 2879/1556/2210
f 2879/1556/2210 2891/1573/2222 2892/1574/2223 2880/1558/2211
f 2880/1558/2211 2892/1574/2223 2893/1575/2224 2881/1560/2212
f 2881/1560/2212 2893/1575/2224 2894/1576/2225 2882/1562/2213
f 2882/1562/2213 2894/1576/2225 2883/1564/2214 2871/1539/2202
f 2883/1564/2214 2895/880/2226 2896/1577/2227 2884/1565/2215
f 2884/1565/2215 2896/1577/2227 2897/1578/2228 2885/1566/2216
f 2885/1566/2216 2897/1578/2228 2898/1579/2229 2886/1567/2217
f 2886/1567/2217 2898/1579/2229 2899/1580/2230 2887/1568/2218
f 2887/1568/2218 2899/1580/2230 2900/1581/2231 2888/1569/2219
f 2888/1569/2219 2900/1581/2231 2901/879/2232 2889/1570/2220
f 2889/1571/2220 2901/1582/2232 2902/1583/2233 2890/1572/2221
f 2890/1572/2221 2902/1583/2233 2903/1584/2234 2891/1573/2222
f 2891/1573/2222 2903/1584/2234 2904/1585/2235 2892/1574/2223
f 2892/1574/2223 2904/1585/2235 2905/1586/2236 2893/1575/2224
f 2893/1575/2224 2905/1586/2236 2906/1587/2237 2894/1576/2225
f 2894/1576/2225 2906/1587/2237 2895/880/2226 2883/1564/2214
f 2895/880/2226 2907/1588/2238 2908/1589/2239 2896/1577/2227
f 2896/1577/2227 2908/1589/2239 2909/1590/2240 2897/1578/2228
f 2897/1578/2228 2909/1590/2240 2910/1591/2241 2898/1579/2229
f 2898/1579/2229 2910/1591/2241 2911/1592/2242 2899/1580/2230
f 2899/1580/2230 2911/1592/2242 2912/1593/2243 2900/1581/2231
f 2900/1581/2231 2912/1593/2243 2913/1594/2244 2901/879/2232
f 2901/1582/2232 2913/1595/2244 2914/1596/2245 2902/1583/2233
f 2902/1583/2233 2914/1596/2245 2915/1597/2246 2903/1584/2234
f 2903/1584/2234 2915/1597/2246 2916/1598/2247 2904/1585/2235
f 2904/1585/2235 2916/1598/2247 2917/1599/2248 2905/1586/2236
f 2905/1586/2236 2917/1599/2248 2918/1600/2249 2906/1587/2237
f 2906/1587/2237 2918/1600/2249 2907/1588/2238 2895/880/2226
f 2907/1588/2238 2919/1601/2250 2920/1602/2251 2908/1589/2239
f 2908/1589/2239 2920/1602/2251 2921/1603/2252 2909/1590/2240
f 2909/1590/2240 2921/1603/2252 2922/1604/2253 2910/1591/2241
f 2910/1591/2241 2922/1604/2253 2923/1605/2254 2911/1592/2242
f 2911/1592/2242 2923/1605/2254 2924/1606/2255 2912/1593/2243
f 2912/1593/2243 2924/1606/2255 2925/1607/2256 2913/1594/2244
f 2913/1595/2244 2925/1608/2256 2926/1609/2257 2914/1596/2245
f 2914/1596/2245 2926/1609/2257 2927/1610/2258 2915/1597/2246
f 2915/1597/2246 2927/1610/2258 2928/1611/2259 2916/1598/2247
f 2916/1598/2247 2928/1611/2259 2929/1612/2260 2917/1599/2248
f 2917/1599/2248 2929/1612/2260 2930/1613/2261 2918/1600/2249
f 2918/1600/2249 2930/1613/2261 2919/1601/2250 2907/1588/2238
f 2919/1601/2250 2931/876/2262 2932/1614/2263 2920/1602/2251
f 2920/1602/2251 2932/1614/2263 2933/1615/2264 2921/1603/2252
f 2921/1603/2252 2933/1615/2264 2934/1616/2265 2922/1604/2253
f 2922/1604/2253 2934/1616/2265 2935/1617/2266 2923/1605/2254
f 2923/1605/2254 2935/1617/2266 2936/1618/2267 2924/1606/2255
f 2924/1606/2255 2936/1618/2267 2937/875/2268 2925/1607/2256
f 2925/1608/2256 2937/1619/2268 2938/1620/2269 2926/1609/2257
f 2926/1609/2257 2938/1620/2269 2939/1621/2270 2927/1610/2258
f 2927/1610/2258 2939/1621/2270 2940/1126/2271 2928/1611/2259
f 2928/1611/2259 2940/1126/2271 2941/1622/2272 2929/1612/2260
f 2929/1612/2260 2941/1622/2272 2942/1623/2273 2930/1613/2261
f 2930/1613/2261 2942/1623/2273 2931/876/2262 2919/1601/2250
f 2931/876/2262 2943/1624/2274 2944/1625/2275 2932/1614/2263
f 2932/1614/2263 2944/1625/2275 2945/1626/2276 2933/1615/2264
f 2933/1615/2264 2945/1626/2276 2946/1627/2277 2934/1616/2265
f 2934/1616/2265 2946/1627/2277 2947/1628/2278 2935/1617/2266
f 2935/1617/2266 2947/1628/2278 2948/1629/2279 2936/1618/2267
f 2936/1618/2267 2948/1629/2279 2949/1630/2280 2937/875/2268
f 2937/1619/2268 2949/1631/2280 2950/1632/2281 2938/1620/2269
f 2938/1620/2269 2950/1632/2281 2951/1633/2282 2939/1621/2270
f 2939/1621/2270 2951/1633/2282 2952/1634/2283 2940/1126/2271
f 2940/1126/2271 2952/1634/2283 2953/1635/2284 2941/1622/2272
f 2941/1622/2272 2953/1635/2284 2954/1636/2285 2942/1623/2273
f 2942/1623/2273 2954/1636/2285 2943/1624/2274 2931/876/2262
f 2943/1624/2274 2955/1637/2286 2956/1638/2287 2944/1625/2275
f 2944/1625/2275 2956/1638/2287 2957/1639/2288 2945/1626/2276
f 2945/1626/2276 2957/1639/2288 2958/1640/2289 2946/1627/2277
f 2946/1627/2277 2958/1640/2289 2959/1641/2290 2947/1628/2278
f 2947/1628/2278 2959/1641/2290 2960/1642/2291 2948/1629/2279
f 2948/1629/2279 2960/1642/2291 2961/1643/2292 2949/1630/2280
f 2949/1631/2280 2961/1644/2292 2962/1645/2293 2950/1632/2281
f 2950/1632/2281 2962/1645/2293 2963/1646/2294 2951/1633/2282
f 2951/1633/2282 2963/1646/2294 2964/1647/2295 2952/1634/2283
f 2952/1634/2283 2964/1647/2295 2965/1648/2296 2953/1635/2284
f 2953/1635/2284 2965/1648/2296 2966/1649/2297 2954/1636/2285
f 2954/1636/2285 2966/1649/2297 2955/1637/2286 2943/1624/2274
f 2955/1637/2286 2967/872/2298 2968/1650/2299 2956/1638/2287
f 2956/1638/2287 2968/1650/2299 2969/1651/2300 2957/1639/2288
f 2957/1639/2288 2969/1651/2300 2970/1652/2301 2958/1640/2289
f 2958/1640/2289 2970/1652/2301 2971/1653/2302 2959/1641/2290
f 2959/1641/2290 2971/1653/2302 2972/1654/2303 2960/1642/2291
f 2960/1642/2291 2972/1654/2303 2973/871/2304 2961/1643/2292
f 2961/1644/2292 2973/1655/2304 2974/1656/2305 2962/1645/2293
f 2962/1645/2293 2974/1656/2305 2975/1657/2306 2963/1646/2294
f 2963/1646/2294 2975/1657/2306 2976/1109/2307 2964/1647/2295
f 2964/1647/2295 2976/1109/2307 2977/1658/2308 2965/1648/2296
f 2965/1648/2296 2977/1658/2308 2978/1659/2309 2966/1649/2297
f 2966/1649/2297 2978/1659/2309 2967/872/2298 2955/1637/2286
f 2967/872/2298 2979/1660/2310 2980/1661/2311 2968/1650/2299
f 2968/1650/2299 2980/1661/2311 2981/1662/2312 2969/1651/2300
f 2969/1651/2300 2981/1662/2312 2982/1663/2313 2970/1652/2301
f 2970/1652/2301 2982/1663/2313 2983/1664/2314 2971/1653/2302
f 2971/1653/2302 2983/1664/2314 2984/1665/2315 2972/1654/2303
f 2972/1654/2303 2984/1665/2315 2985/1666/2316 2973/871/2304
f 2973/1655/2304 2985/1667/2316 2986/1668/2317 2974/1656/2305
f 2974/1656/2305 2986/1668/2317 2987/1669/2318 2975/1657/2306
f 2975/1657/2306 2987/1669/2318 2988/1670/2319 2976/1109/2307
f 2976/1109/2307 2988/1670/2319 2989/1671/2320 2977/1658/2308
f 2977/1658/2308 2989/1671/2320 2990/1672/2321 2978/1659/2309
f 2978/1659/2309 2990/1672/2321 2979/1660/2310 2967/872/2298
f 2979/1660/2310 2991/1673/2322 2992/1674/2323 2980/1661/2311
f 2980/1661/2311 2992/1674/2323 2993/1675/2324 2981/1662/2312
f 2981/1662/2312 2993/1675/2324 2994/1676/2325 2982/1663/2313
f 2982/1663/2313 2994/1676/2325 2995/1677/2326 2983/1664/2314
f 2983/1664/2314 2995/1677/2326 2996/1678/2327 2984/1665/2315
f 2984/1665/2315 2996/1678/2327 2997/1679/2328 2985/1666/2316
f 2985/1667/2316 2997/1680/2328 2998/1681/2329 2986/1668/2317
f 2986/1668/2317 2998/1681/2329 2999/1682/2330 2987/1669/2318
f 2987/1669/2318 2999/1682/2330 3000/1683/2331 2988/1670/2319
f 2988/1670/2319 3000/1683/2331 3001/1684/2332 2989/1671/2320
f 2989/1671/2320 3001/1684/2332 3002/1685/2333 2990/1672/2321
f 2990/1672/2321 3002/1685/2333 2991/1673/2322 2979/1660/2310
f 2991/1673/2322 3003/868/2054 3004/1686/2334 2992/1674/2323
f 2992/1674/2323 3004/1686/2334 3005/1687/2335 2993/1675/2324
f 2993/1675/2324 3005/1687/2335 3006/1688/2336 2994/1676/2325
f 2994/1676/2325 3006/1688/2336 3007/1689/2337 2995/1677/2326
f 2995/1677/2326 3007/1689/2337 3008/1690/2338 2996/1678/2327
f 2996/1678/2327 3008/1690/2338 3009/867/2048 2997/1679/2328
f 2997/1680/2328 3009/1691/2048 3010/1692/2339 2998/1681/2329
f 2998/1681/2329 3010/1692/2339 3011/1693/2340 2999/1682/2330
f 2999/1682/2330 3011/1693/2340 3012/1091/2341 3000/1683/2331
f 3000/1683/2331 3012/1091/2341 3013/1694/2342 3001/1684/2332
f 3001/1684/2332 3013/1694/2342 3014/1695/2343 3002/1685/2333
f 3002/1685/2333 3014/1695/2343 3003/868/2054 2991/1673/2322
f 3003/868/2054 3015/1696/2344 3016/1697/2345 3004/1686/2334
f 3004/1686/2334 3016/1697/2345 3017/1698/2346 3005/1687/2335
f 3005/1687/2335 3017/1698/2346 3018/1699/2347 3006/1688/2336
f 3006/1688/2336 3018/1699/2347 3019/1700/2348 3007/1689/2337
f 3007/1689/2337 3019/1700/2348 3020/1701/2349 3008/1690/2338
f 3008/1690/2338 3020/1701/2349 3021/1702/2350 3009/867/2048
f 3009/1691/2048 3021/1703/2350 3022/1704/2351 3010/1692/2339
f 3010/1692/2339 3022/1704/2351 3023/1705/2352 3011/1693/2340
f 3011/1693/2340 3023/1705/2352 3024/1706/2353 3012/1091/2341
f 3012/1091/2341 3024/1706/2353 3025/1707/2354 3013/1694/2342
f 3013/1694/2342 3025/1707/2354 3026/1708/2355 3014/1695/2343
f 3014/1695/2343 3026/1708/2355 3015/1696/2344 3003/868/2054
f 3015/1696/2344 3027/1709/2356 3028/1710/2357 3016/1697/2345
f 3016/1697/2345 3028/1710/2357 3029/1711/2358 3017/1698/2346
f 3017/1698/2346 3029/1711/2358 3030/1712/2359 3018/1699/2347
f 3018/1699/2347 3030/1712/2359 3031/1713/2360 3019/1700/2348
f 3019/1700/2348 3031/1713/2360 3032/1714/2361 3020/1701/2349
f 3020/1701/2349 3032/1714/2361 3033/1715/2362 3021/1702/2350
f 3021/1703/2350 3033/1716/2362 3034/1717/2363 3022/1704/2351
f 3022/1704/2351 3034/1717/2363 3035/1718/2364 3023/1705/2352
f 3023/1705/2352 3035/1718/2364 3036/1719/2365 3024/1706/2353
f 3024/1706/2353 3036/1719/2365 3037/1720/2366 3025/1707/2354
f 3025/1707/2354 3037/1720/2366 3038/1721/2367 3026/1708/2355
f 3026/1708/2355 3038/1721/2367 3027/1709/2356 3015/1696/2344
f 3027/1709/2356 3039/864/2368 3040/1722/2369 3028/1710/2357
f 3028/1710/2357 3040/1722/2369 3041/1723/2370 3029/1711/2358
f 3029/1711/2358 3041/1723/2370 3042/1724/2371 3030/1712/2359
f 3030/1712/2359 3042/1724/2371 3043/1725/2372 3031/1713/2360
f 3031/1713/2360 3043/1725/2372 3044/1726/2373 3032/1714/2361
f 3032/1714/2361 3044/1726/2373 3045/863/2374 3033/1715/2362
f 3033/1716/2362 3045/1727/2374 3046/1728/2375 3034/1717/2363
f 3034/1717/2363 3046/1728/2375 3047/1729/2376 3035/1718/2364
f 3035/1718/2364 3047/1729/2376 3048/1074/2377 3036/1719/2365
f 3036/1719/2365 3048/1074/2377 3049/1730/2378 3037/1720/2366
f 3037/1720/2366 3049/1730/2378 3050/1731/2379 3038/1721/2367
f 3038/1721/2367 3050/1731/2379 3039/864/2368 3027/1709/2356
f 3039/864/2368 3051/1732/2380 3052/1733/2381 3040/1722/2369
f 3040/1722/2369 3052/1733/2381 3053/1734/2382 3041/1723/2370
f 3041/1723/2370 3053/1734/2382 3054/1735/2383 3042/1724/2371
f 3042/1724/2371 3054/1735/2383 3055/1736/2384 3043/1725/2372
f 3043/1725/2372 3055/1736/2384 3056/1737/2385 3044/1726/2373
f 3044/1726/2373 3056/1737/2385 3057/1738/2386 3045/863/2374
f 3045/1727/2374 3057/1739/2386 3058/1740/2387 3046/1728/2375
f 3046/1728/2375 3058/1740/2387 3059/1741/2388 3047/1729/2376
f 3047/1729/2376 3059/1741/2388 3060/1742/2389 3048/1074/2377
f 3048/1074/2377 3060/1742/2389 3061/1743/2390 3049/1730/2378
f 3049/1730/2378 3061/1743/2390 3062/1744/2391 3050/1731/2379
f 3050/1731/2379 3062/1744/2391 3051/1732/2380 3039/864/2368
f 3051/1732/2380 3063/1745/2392 3064/1746/2393 3052/1733/2381
f 3052/1733/2381 3064/1746/2393 3065/1747/2394 3053/1734/2382
f 3053/1734/2382 3065/1747/2394 3066/1748/2395 3054/1735/2383
f 3054/1735/2383 3066/1748/2395 3067/1749/2396 3055/1736/2384
f 3055/1736/2384 3067/1749/2396 3068/1750/2397 3056/1737/2385
f 3056/1737/2385 3068/1750/2397 3069/1751/2398 3057/1738/2386
f 3057/1739/2386 3069/1752/2398 3070/1753/2399 3058/1740/2387
f 3058/1740/2387 3070/1753/2399 3071/1754/2400 3059/1741/2388
f 3059/1741/2388 3071/1754/2400 3072/1755/2401 3060/1742/2389
f 3060/1742/2389 3072/1755/2401 3073/1756/2402 3061/1743/2390
f 3061/1743/2390 3073/1756/2402 3074/1757/2403 3062/1744/2391
f 3062/1744/2391 3074/1757/2403 3063/1745/2392 3051/1732/2380
f 3063/1745/2392 3075/860/2404 3076/1758/2405 3064/1746/2393
f 3064/1746/2393 3076/1758/2405 3077/1759/2406 3065/1747/2394
f 3065/1747/2394 3077/1759/2406 3078/1760/2407 3066/1748/2395
f 3066/1748/2395 3078/1760/2407 3079/1761/2408 3067/1749/2396
f 3067/1749/2396 3079/1761/2408 3080/1762/2409 3068/1750/2397
f 3068/1750/2397 3080/1762/2409 3081/859/2410 3069/1751/2398
f 3069/1752/2398 3081/1763/2410 3082/1764/2411 3070/1753/2399
f 3070/1753/2399 3082/1764/2411 3083/1765/2412 3071/1754/2400
f 3071/1754/2400 3083/1765/2412 3084/1048/2413 3072/1755/2401
f 3072/1755/2401 3084/1048/2413 3085/1766/2414 3073/1756/2402
f 3073/1756/2402 3085/1766/2414 3086/1767/2415 3074/1757/2403
f 3074/1757/2403 3086/1767/2415 3075/860/2404 3063/1745/2392
f 3075/860/2404 3087/1768/2416 3088/1769/2417 3076/1758/2405
f 3076/1758/2405 3088/1769/2417 3089/1770/2418 3077/1759/2406
f 3077/1759/2406 3089/1770/2418 3090/1771/2419 3078/1760/2407
f 3078/1760/2407 3090/1771/2419 3091/1772/2420 3079/1761/2408
f 3079/1761/2408 3091/1772/2420 3092/1773/2421 3080/1762/2409
f 3080/1762/2409 3092/1773/2421 3093/1774/2422 3081/859/2410
f 3081/1763/2410 3093/1775/2422 3094/1776/2423 3082/1764/2411
f 3082/1764/2411 3094/1776/2423 3095/1777/2424 3083/1765/2412
f 3083/1765/2412 3095/1777/2424 3096/1778/2425 3084/1048/2413
f 3084/1048/2413 3096/1778/2425 3097/1779/2426 3085/1766/2414
f 3085/1766/2414 3097/1779/2426 3098/1780/2427 3086/1767/2415
f 3086/1767/2415 3098/1780/2427 3087/1768/2416 3075/860/2404
f 3087/1768/2416 3099/1781/2428 3100/1782/2429 3088/1769/2417
f 3088/1769/2417 3100/1782/2429 3101/1783/2430 3089/1770/2418
f 3089/1770/2418 3101/1783/2430 3102/1784/2431 3090/1771/2419
f 3090/1771/2419 3102/1784/2431 3103/1785/2432 3091/1772/2420
f 3091/1772/2420 3103/1785/2432 3104/1786/2433 3092/1773/2421
f 3092/1773/2421 3104/1786/2433 3105/1787/2434 3093/1774/2422
f 3093/1775/2422 3105/1788/2434 3106/1789/2435 3094/1776/2423
f 3094/1776/2423 3106/1789/2435 3107/1790/2436 3095/1777/2424
f 3095/1777/2424 3107/1790/2436 3108/1791/2437 3096/1778/2425
f 3096/1778/2425 3108/1791/2437 3109/1792/2438 3097/1779/2426
f 3097/1779/2426 3109/1792/2438 3110/1793/2439 3098/1780/2427
f 3098/1780/2427 3110/1793/2439 3099/1781/2428 3087/1768/2416
f 3099/1781/2428 3111/856/2440 3112/1794/2441 3100/1782/2429
f 3100/1782/2429 3112/1794/2441 3113/1795/2442 3101/1783/2430
f 3101/1783/2430 3113/1795/2442 3114/1796/2443 3102/1784/2431
f 3102/1784/2431 3114/1796/2443 3115/1797/2444 3103/1785/2432
f 3103/1785/2432 3115/1797/2444 3116/1798/2445 3104/1786/2433
f 3104/1786/2433 3116/1798/2445 3117/855/2446 3105/1787/2434
f 3105/1788/2434 3117/1799/2446 3118/1800/2447 3106/1789/2435
f 3106/1789/2435 3118/1800/2447 3119/1801/2448 3107/1790/2436
f 3107/1790/2436 3119/1801/2448 3120/1030/2449 3108/1791/2437
f 3108/1791/2437 3120/1030/2449 3121/1802/2450 3109/1792/2438
f 3109/1792/2438 3121/1802/2450 3122/1803/2451 3110/1793/2439
f 3110/1793/2439 3122/1803/2451 3111/856/2440 3099/1781/2428
f 3111/856/2440 3123/1804/2452 3124/1805/2453 3112/1794/2441
f 3112/1794/2441 3124/1805/2453 3125/1806/2454 3113/1795/2442
f 3113/1795/2442 3125/1806/2454 3126/1807/2455 3114/1796/2443
f 3114/1796/2443 3126/1807/2455 3127/1808/2456 3115/1797/2444
f 3115/1797/2444 3127/1808/2456 3128/1809/2457 3116/1798/2445
f 3116/1798/2445 3128/1809/2457 3129/1810/2458 3117/855/2446
f 3117/1799/2446 3129/1811/2458 3130/1812/2459 3118/1800/2447
f 3118/1800/2447 3130/1812/2459 3131/1813/2460 3119/1801/2448
f 3119/1801/2448 3131/1813/2460 3132/1814/2461 3120/1030/2449
f 3120/1030/2449 3132/1814/2461 3133/1815/2462 3121/1802/2450
f 3121/1802/2450 3133/1815/2462 3134/1816/2463 3122/1803/2451
f 3122/1803/2451 3134/1816/2463 3123/1804/2452 3111/856/2440
f 3123/1804/2452 3135/1817/2464 3136/1818/2465 3124/1805/2453
f 3124/1805/2453 3136/1818/2465 3137/1819/2466 3125/1806/2454
f 3125/1806/2454 3137/1819/2466 3138/1820/2467 3126/1807/2455
f 3126/1807/2455 3138/1820/2467 3139/1821/2468 3127/1808/2456
f 3127/1808/2456 3139/1821/2468 3140/1822/2469 3128/1809/2457
f 3128/1809/2457 3140/1822/2469 3141/1823/2470 3129/1810/2458
f 3129/1811/2458 3141/1824/2470 3142/1825/2471 3130/1812/2459
f 3130/1812/2459 3142/1825/2471 3143/1826/2472 3131/1813/2460
f 3131/1813/2460 3143/1826/2472 3144/1827/2473 3132/1814/2461
f 3132/1814/2461 3144/1827/2473 3145/1828/2474 3133/1815/2462
f 3133/1815/2462 3145/1828/2474 3146/1829/2475 3134/1816/2463
f 3134/1816/2463 3146/1829/2475 3135/1817/2464 3123/1804/2452
f 3135/1817/2464 2571/852/1904 2572/1237/1905 3136/1818/2465
f 3136/1818/2465 2572/1237/1905 2573/1239/1906 3137/1819/2466
f 3137/1819/2466 2573/1239/1906 2574/1241/1907 3138/1820/2467
f 3138/1820/2467 2574/1241/1907 2575/1243/1908 3139/1821/2468
f 3139/1821/2468 2575/1243/1908 2576/1245/1909 3140/1822/2469
f 3140/1822/2469 2576/1245/1909 2577/851/1910 3141/1823/2470
f 3141/1824/2470 2577/1247/1910 2578/1250/1911 3142/1825/2471
f 3142/1825/2471 2578/1250/1911 2579/1252/1912 3143/1826/2472
f 3143/1826/2472 2579/1252/1912 2580/1013/1913 3144/1827/2473
f 3144/1827/2473 2580/1013/1913 2581/1255/1914 3145/1828/2474
f 3145/1828/2474 2581/1255/1914 2582/1257/1915 3146/1829/2475
f 3146/1829/2475 2582/1257/1915 2571/852/1904 3135/1817/2464
f 3547/819/2876 3549/822/2878 3550/821/2879 3548/820/2877
f 3549/822/2878 3551/824/2880 3552/823/2881 3550/821/2879
f 3551/824/2880 3553/826/2882 3554/825/2883 3552/823/2881
f 3553/826/2882 3555/828/2884 3556/827/2885 3554/825/2883
f 3555/828/2884 3557/830/2886 3558/829/2887 3556/827/2885
f 3557/830/2886 3559/832/2888 3560/831/2889 3558/829/2887
f 3559/832/2888 3561/834/2890 3562/833/2891 3560/831/2889
f 3561/834/2890 3563/836/2892 3564/835/2893 3562/833/2891
f 3563/836/2892 3565/838/2894 3566/837/2895 3564/835/2893
f 3565/838/2894 3567/840/2896 3568/839/2897 3566/837/2895
f 3567/840/2896 3569/842/2898 3570/841/2899 3568/839/2897
f 3569/842/2898 3571/844/2900 3572/843/2901 3570/841/2899
f 3571/844/2900 3573/846/2902 3574/845/2903 3572/843/2901
f 3573/846/2902 3575/848/2904 3576/847/2905 3574/845/2903
f 3575/848/2904 3577/850/2906 3578/849/2907 3576/847/2905
f 3577/850/2906 3579/852/2908 3580/851/2909 3578/849/2907
f 3579/852/2908 3581/854/2910 3582/853/2911 3580/851/2909
f 3581/854/2910 3583/856/2912 3584/855/2913 3582/853/2911
f 3583/856/2912 3585/858/2914 3586/857/2915 3584/855/2913
f 3585/858/2914 3587/860/2916 3588/859/2917 3586/857/2915
f 3587/860/2916 3589/862/2918 3590/861/2919 3588/859/2917
f 3589/862/2918 3591/864/2920 3592/863/2921 3590/861/2919
f 3591/864/2920 3593/866/2922 3594/865/2923 3592/863/2921
f 3593/866/2922 3595/868/2924 3596/867/2925 3594/865/2923
f 3595/868/2924 3597/870/2926 3598/869/2927 3596/867/2925
f 3597/870/2926 3599/872/2928 3600/871/2929 3598/869/2927
f 3599/872/2928 3601/874/2930 3602/873/2931 3600/871/2929
f 3601/874/2930 3603/876/2932 3604/875/2933 3602/873/2931
f 3603/876/2932 3605/878/2934 3606/877/2935 3604/875/2933
f 3605/878/2934 3607/880/2936 3608/879/2937 3606/877/2935
f 3550/881/2879 3552/912/2881 3554/911/2883 3556/910/2885 3558/909/2887 3560/908/2889 3562/907/2891 3564/906/2893 3566/905/2895 3568/904/2897 3570/903/2899 3572/902/2901 3574/901/2903 3576/900/2905 3578/899/2907 3580/898/2909 3582/897/2911 3584/896/2913 3586/895/2915 3588/894/2917 3590/893/2919 3592/892/2921 3594/891/2923 3596/890/2925 3598/889/2927 3600/888/2929 3602/887/2931 3604/886/2933 3606/885/2935 3608/884/2937 3610/883/2939 3548/882/2877
f 3607/880/2936 3609/914/2938 3610/913/2939 3608/879/2937
f 3609/914/2938 3547/916/2876 3548/915/2877 3610/913/2939
f 3547/917/2876 3609/948/2938 3607/947/2936 3605/946/2934 3603/945/2932 3601/944/2930 3599/943/2928 3597/942/2926 3595/941/2924 3593/940/2922 3591/939/2920 3589/938/2918 3587/937/2916 3585/936/2914 3583/935/2912 3581/934/2910 3579/933/2908 3577/932/2906 3575/931/2904 3573/930/2902 3571/929/2900 3569/928/2898 3567/927/2896 3565/926/2894 3563/925/2892 3561/924/2890 3559/923/2888 3557/922/2886 3555/921/2884 3553/920/2882 3551/919/2880 3549/918/2878
f 3864/949/3193 3618/952/2947 3617/951/2946 3613/950/2942
f 3865/953/3194 3619/954/2948 3618/952/2947 3864/949/3193
f 3866/955/3195 3620/956/2949 3619/954/2948 3865/953/3194
f 3867/957/3196 3621/958/2950 3620/956/2949 3866/955/3195
f 3774/959/3103 3621/958/2950 3867/957/3196
f 3612/960/2941 3615/961/2944 3614/838/2943 3611/836/2940
f 3863/962/3192 3616/963/2945 3615/961/2944 3612/960/2941
f 3613/950/2942 3617/951/2946 3616/963/2945 3863/962/3192
f 3616/963/2945 3624/965/2953 3623/964/2952 3615/961/2944
f 3617/951/2946 3625/966/2954 3624/965/2953 3616/963/2945
f 3618/952/2947 3626/967/2955 3625/966/2954 3617/951/2946
f 3619/954/2948 3627/968/2956 3626/967/2955 3618/952/2947
f 3620/956/2949 3628/969/2957 3627/968/2956 3619/954/2948
f 3621/958/2950 3629/970/2958 3628/969/2957 3620/956/2949
f 3774/971/3103 3629/970/2958 3621/958/2950
f 3615/961/2944 3623/964/2952 3622/840/2951 3614/838/2943
f 3628/969/2957 3636/973/2965 3635/972/2964 3627/968/2956
f 3629/970/2958 3637/974/2966 3636/973/2965 3628/969/2957
f 3774/975/3103 3637/974/2966 3629/970/2958
f 3623/964/2952 3631/976/2960 3630/842/2959 3622/840/2951
f 3624/965/2953 3632/977/2961 3631/976/2960 3623/964/2952
f 3625/966/2954 3633/978/2962 3632/977/2961 3624/965/2953
f 3626/967/2955 3634/979/2963 3633/978/2962 3625/966/2954
f 3627/968/2956 3635/972/2964 3634/979/2963 3626/967/2955
f 3633/978/2962 3641/981/2970 3640/980/2969 3632/977/2961
f 3634/979/2963 3642/982/2971 3641/981/2970 3633/978/2962
f 3635/972/2964 3643/983/2972 3642/982/2971 3634/979/2963
f 3636/973/2965 3644/984/2973 3643/983/2972 3635/972/2964
f 3637/974/2966 3645/985/2974 3644/984/2973 3636/973/2965
f 3774/986/3103 3645/985/2974 3637/974/2966
f 3631/976/2960 3639/987/2968 3638/844/2967 3630/842/2959
f 3632/977/2961 3640/980/2969 3639/987/2968 3631/976/2960
f 3645/985/2974 3653/989/2982 3652/988/2981 3644/984/2973
f 3774/990/3103 3653/989/2982 3645/985/2974
f 3639/987/2968 3647/991/2976 3646/846/2975 3638/844/2967
f 3640/980/2969 3648/992/2977 3647/991/2976 3639/987/2968
f 3641/981/2970 3649/993/2978 3648/992/2977 3640/980/2969
f 3642/982/2971 3650/994/2979 3649/993/2978 3641/981/2970
f 3643/983/2972 3651/995/2980 3650/994/2979 3642/982/2971
f 3644/984/2973 3652/988/2981 3651/995/2980 3643/983/2972
f 3650/994/2979 3658/997/2987 3657/996/2986 3649/993/2978
f 3651/995/2980 3659/998/2988 3658/997/2987 3650/994/2979
f 3652/988/2981 3660/999/2989 3659/998/2988 3651/995/2980
f 3653/989/2982 3661/1000/2990 3660/999/2989 3652/988/2981
f 3774/1001/3103 3661/1000/2990 3653/989/2982
f 3647/991/2976 3655/1002/2984 3654/848/2983 3646/846/2975
f 3648/992/2977 3656/1003/2985 3655/1002/2984 3647/991/2976
f 3649/993/2978 3657/996/2986 3656/1003/2985 3648/992/2977
f 3774/1004/3103 3669/1005/2998 3661/1000/2990
f 3655/1002/2984 3663/1006/2992 3662/850/2991 3654/848/2983
f 3656/1003/2985 3664/1007/2993 3663/1006/2992 3655/1002/2984
f 3657/996/2986 3665/1008/2994 3664/1007/2993 3656/1003/2985
f 3658/997/2987 3666/1009/2995 3665/1008/2994 3657/996/2986
f 3659/998/2988 3667/1010/2996 3666/1009/2995 3658/997/2987
f 3660/999/2989 3668/1011/2997 3667/1010/2996 3659/998/2988
f 3661/1000/2990 3669/1005/2998 3668/1011/2997 3660/999/2989
f 3666/1009/2995 3674/1013/3003 3673/1012/3002 3665/1008/2994
f 3667/1010/2996 3675/1014/3004 3674/1013/3003 3666/1009/2995
f 3668/1011/2997 3676/1015/3005 3675/1014/3004 3667/1010/2996
f 3669/1005/2998 3677/1016/3006 3676/1015/3005 3668/1011/2997
f 3774/1017/3103 3677/1016/3006 3669/1005/2998
f 3663/1006/2992 3671/1019/3000 3670/1018/2999 3662/850/2991
f 3664/1007/2993 3672/1020/3001 3671/1019/3000 3663/1006/2992
f 3665/1008/2994 3673/1012/3002 3672/1020/3001 3664/1007/2993
f 3774/1021/3103 3685/1022/3014 3677/1016/3006
f 3671/1019/3000 3679/1024/3008 3678/1023/3007 3670/1018/2999
f 3672/1020/3001 3680/1025/3009 3679/1024/3008 3671/1019/3000
f 3673/1012/3002 3681/1026/3010 3680/1025/3009 3672/1020/3001
f 3674/1013/3003 3682/1027/3011 3681/1026/3010 3673/1012/3002
f 3675/1014/3004 3683/1028/3012 3682/1027/3011 3674/1013/3003
f 3676/1015/3005 3684/1029/3013 3683/1028/3012 3675/1014/3004
f 3677/1016/3006 3685/1022/3014 3684/1029/3013 3676/1015/3005
f 3683/1028/3012 3691/1031/3020 3690/1030/3019 3682/1027/3011
f 3684/1029/3013 3692/1032/3021 3691/1031/3020 3683/1028/3012
f 3685/1022/3014 3693/1033/3022 3692/1032/3021 3684/1029/3013
f 3774/1034/3103 3693/1033/3022 3685/1022/3014
f 3679/1024/3008 3687/1036/3016 3686/1035/3015 3678/1023/3007
f 3680/1025/3009 3688/1037/3017 3687/1036/3016 3679/1024/3008
f 3681/1026/3010 3689/1038/3018 3688/1037/3017 3680/1025/3009
f 3682/1027/3011 3690/1030/3019 3689/1038/3018 3681/1026/3010
f 3687/1036/3016 3695/1040/3024 3694/1039/3023 3686/1035/3015
f 3688/1037/3017 3696/1041/3025 3695/1040/3024 3687/1036/3016
f 3689/1038/3018 3697/1042/3026 3696/1041/3025 3688/1037/3017
f 3690/1030/3019 3698/1043/3027 3697/1042/3026 3689/1038/3018
f 3691/1031/3020 3699/1044/3028 3698/1043/3027 3690/1030/3019
f 3692/1032/3021 3700/1045/3029 3699/1044/3028 3691/1031/3020
f 3693/1033/3022 3701/1046/3030 3700/1045/3029 3692/1032/3021
f 3774/1047/3103 3701/1046/3030 3693/1033/3022
f 3699/1044/3028 3707/1049/3036 3706/1048/3035 3698/1043/3027
f 3700/1045/3029 3708/1050/3037 3707/1049/3036 3699/1044/3028
f 3701/1046/3030 3709/1051/3038 3708/1050/3037 3700/1045/3029
f 3774/1052/3103 3709/1051/3038 3701/1046/3030
f 3695/1040/3024 3703/1054/3032 3702/1053/3031 3694/1039/3023
f 3696/1041/3025 3704/1055/3033 3703/1054/3032 3695/1040/3024
f 3697/1042/3026 3705/1056/3034 3704/1055/3033 3696/1041/3025
f 3698/1043/3027 3706/1048/3035 3705/1056/3034 3697/1042/3026
f 3704/1055/3033 3712/1058/3041 3711/1057/3040 3703/1054/3032
f 3705/1056/3034 3713/1059/3042 3712/1058/3041 3704/1055/3033
f 3706/1048/3035 3714/1060/3043 3713/1059/3042 3705/1056/3034
f 3707/1049/3036 3715/1061/3044 3714/1060/3043 3706/1048/3035
f 3708/1050/3037 3716/1062/3045 3715/1061/3044 3707/1049/3036
f 3709/1051/3038 3717/1063/3046 3716/1062/3045 3708/1050/3037
f 3774/1064/3103 3717/1063/3046 3709/1051/3038
f 3703/1054/3032 3711/1057/3040 3710/1065/3039 3702/1053/3031
f 3716/1062/3045 3724/1067/3053 3723/1066/3052 3715/1061/3044
f 3717/1063/3046 3725/1068/3054 3724/1067/3053 3716/1062/3045
f 3774/1069/3103 3725/1068/3054 3717/1063/3046
f 3711/1057/3040 3719/1071/3048 3718/1070/3047 3710/1065/3039
f 3712/1058/3041 3720/1072/3049 3719/1071/3048 3711/1057/3040
f 3713/1059/3042 3721/1073/3050 3720/1072/3049 3712/1058/3041
f 3714/1060/3043 3722/1074/3051 3721/1073/3050 3713/1059/3042
f 3715/1061/3044 3723/1066/3052 3722/1074/3051 3714/1060/3043
f 3721/1073/3050 3729/1076/3058 3728/1075/3057 3720/1072/3049
f 3722/1074/3051 3730/1077/3059 3729/1076/3058 3721/1073/3050
f 3723/1066/3052 3731/1078/3060 3730/1077/3059 3722/1074/3051
f 3724/1067/3053 3732/1079/3061 3731/1078/3060 3723/1066/3052
f 3725/1068/3054 3733/1080/3062 3732/1079/3061 3724/1067/3053
f 3774/1081/3103 3733/1080/3062 3725/1068/3054
f 3719/1071/3048 3727/1083/3056 3726/1082/3055 3718/1070/3047
f 3720/1072/3049 3728/1075/3057 3727/1083/3056 3719/1071/3048
f 3733/1080/3062 3741/1085/3070 3740/1084/3069 3732/1079/3061
f 3774/1086/3103 3741/1085/3070 3733/1080/3062
f 3727/1083/3056 3735/1088/3064 3734/1087/3063 3726/1082/3055
f 3728/1075/3057 3736/1089/3065 3735/1088/3064 3727/1083/3056
f 3729/1076/3058 3737/1090/3066 3736/1089/3065 3728/1075/3057
f 3730/1077/3059 3738/1091/3067 3737/1090/3066 3729/1076/3058
f 3731/1078/3060 3739/1092/3068 3738/1091/3067 3730/1077/3059
f 3732/1079/3061 3740/1084/3069 3739/1092/3068 3731/1078/3060
f 3737/1090/3066 3745/1094/3074 3744/1093/3073 3736/1089/3065
f 3738/1091/3067 3746/1095/3075 3745/1094/3074 3737/1090/3066
f 3739/1092/3068 3747/1096/3076 3746/1095/3075 3738/1091/3067
f 3740/1084/3069 3748/1097/3077 3747/1096/3076 3739/1092/3068
f 3741/1085/3070 3749/1098/3078 3748/1097/3077 3740/1084/3069
f 3774/1099/3103 3749/1098/3078 3741/1085/3070
f 3735/1088/3064 3743/1101/3072 3742/1100/3071 3734/1087/3063
f 3736/1089/3065 3744/1093/3073 3743/1101/3072 3735/1088/3064
f 3749/1098/3078 3757/1103/3086 3756/1102/3085 3748/1097/3077
f 3774/1104/3103 3757/1103/3086 3749/1098/3078
f 3743/1101/3072 3751/1106/3080 3750/1105/3079 3742/1100/3071
f 3744/1093/3073 3752/1107/3081 3751/1106/3080 3743/1101/3072
f 3745/1094/3074 3753/1108/3082 3752/1107/3081 3744/1093/3073
f 3746/1095/3075 3754/1109/3083 3753/1108/3082 3745/1094/3074
f 3747/1096/3076 3755/1110/3084 3754/1109/3083 3746/1095/3075
f 3748/1097/3077 3756/1102/3085 3755/1110/3084 3747/1096/3076
f 3754/1109/3083 3762/1112/3091 3761/1111/3090 3753/1108/3082
f 3755/1110/3084 3763/1113/3092 3762/1112/3091 3754/1109/3083
f 3756/1102/3085 3764/1114/3093 3763/1113/3092 3755/1110/3084
f 3757/1103/3086 3765/1115/3094 3764/1114/3093 3756/1102/3085
f 3774/1116/3103 3765/1115/3094 3757/1103/3086
f 3751/1106/3080 3759/1118/3088 3758/1117/3087 3750/1105/3079
f 3752/1107/3081 3760/1119/3089 3759/1118/3088 3751/1106/3080
f 3753/1108/3082 3761/1111/3090 3760/1119/3089 3752/1107/3081
f 3774/1120/3103 3773/1121/3102 3765/1115/3094
f 3759/1118/3088 3767/1123/3096 3766/1122/3095 3758/1117/3087
f 3760/1119/3089 3768/1124/3097 3767/1123/3096 3759/1118/3088
f 3761/1111/3090 3769/1125/3098 3768/1124/3097 3760/1119/3089
f 3762/1112/3091 3770/1126/3099 3769/1125/3098 3761/1111/3090
f 3763/1113/3092 3771/1127/3100 3770/1126/3099 3762/1112/3091
f 3764/1114/3093 3772/1128/3101 3771/1127/3100 3763/1113/3092
f 3765/1115/3094 3773/1121/3102 3772/1128/3101 3764/1114/3093
f 3770/1126/3099 3779/1130/3108 3778/1129/3107 3769/1125/3098
f 3771/1127/3100 3780/1131/3109 3779/1130/3108 3770/1126/3099
f 3772/1128/3101 3781/1132/3110 3780/1131/3109 3771/1127/3100
f 3773/1121/3102 3782/1133/3111 3781/1132/3110 3772/1128/3101
f 3774/1134/3103 3782/1133/3111 3773/1121/3102
f 3767/1123/3096 3776/1136/3105 3775/1135/3104 3766/1122/3095
f 3768/1124/3097 3777/1137/3106 3776/1136/3105 3767/1123/3096
f 3769/1125/3098 3778/1129/3107 3777/1137/3106 3768/1124/3097
f 3774/1138/3103 3790/1139/3119 3782/1133/3111
f 3776/1136/3105 3784/1141/3113 3783/1140/3112 3775/1135/3104
f 3777/1137/3106 3785/1142/3114 3784/1141/3113 3776/1136/3105
f 3778/1129/3107 3786/1143/3115 3785/1142/3114 3777/1137/3106
f 3779/1130/3108 3787/1144/3116 3786/1143/3115 3778/1129/3107
f 3780/1131/3109 3788/1145/3117 3787/1144/3116 3779/1130/3108
f 3781/1132/3110 3789/1146/3118 3788/1145/3117 3780/1131/3109
f 3782/1133/3111 3790/1139/3119 3789/1146/3118 3781/1132/3110
f 3788/1145/3117 3796/1148/3125 3795/1147/3124 3787/1144/3116
f 3789/1146/3118 3797/1149/3126 3796/1148/3125 3788/1145/3117
f 3790/1139/3119 3798/1150/3127 3797/1149/3126 3789/1146/3118
f 3774/1151/3103 3798/1150/3127 3790/1139/3119
f 3784/1141/3113 3792/1153/3121 3791/1152/3120 3783/1140/3112
f 3785/1142/3114 3793/1154/3122 3792/1153/3121 3784/1141/3113
f 3786/1143/3115 3794/1155/3123 3793/1154/3122 3785/1142/3114
f 3787/1144/3116 3795/1147/3124 3794/1155/3123 3786/1143/3115
f 3793/1154/3122 3801/1157/3130 3800/1156/3129 3792/1153/3121
f 3794/1155/3123 3802/1158/3131 3801/1157/3130 3793/1154/3122
f 3795/1147/3124 3803/1159/3132 3802/1158/3131 3794/1155/3123
f 3796/1148/3125 3804/1160/3133 3803/1159/3132 3795/1147/3124
f 3797/1149/3126 3805/1161/3134 3804/1160/3133 3796/1148/3125
f 3798/1150/3127 3806/1162/3135 3805/1161/3134 3797/1149/3126
f 3774/1163/3103 3806/1162/3135 3798/1150/3127
f 3792/1153/3121 3800/1156/3129 3799/916/3128 3791/1152/3120
f 3805/1164/3134 3813/1167/3142 3812/1166/3141 3804/1165/3133
f 3806/1168/3135 3814/1169/3143 3813/1167/3142 3805/1164/3134
f 3774/1170/3103 3814/1169/3143 3806/1168/3135
f 3800/1171/3129 3808/1173/3137 3807/1172/3136 3799/819/3128
f 3801/1174/3130 3809/1175/3138 3808/1173/3137 3800/1171/3129
f 3802/1176/3131 3810/1177/3139 3809/1175/3138 3801/1174/3130
f 3803/1178/3132 3811/1179/3140 3810/1177/3139 3802/1176/3131
f 3804/1165/3133 3812/1166/3141 3811/1179/3140 3803/1178/3132
f 3809/1175/3138 3817/1181/3146 3816/1180/3145 3808/1173/3137
f 3810/1177/3139 3818/1182/3147 3817/1181/3146 3809/1175/3138
f 3811/1179/3140 3819/1183/3148 3818/1182/3147 3810/1177/3139
f 3812/1166/3141 3820/1184/3149 3819/1183/3148 3811/1179/3140
f 3813/1167/3142 3821/1185/3150 3820/1184/3149 3812/1166/3141
f 3814/1169/3143 3822/1186/3151 3821/1185/3150 3813/1167/3142
f 3774/1187/3103 3822/1186/3151 3814/1169/3143
f 3808/1173/3137 3816/1180/3145 3815/1188/3144 3807/1172/3136
f 3821/1185/3150 3829/1190/3158 3828/1189/3157 3820/1184/3149
f 3822/1186/3151 3830/1191/3159 3829/1190/3158 3821/1185/3150
f 3774/1192/3103 3830/1191/3159 3822/1186/3151
f 3816/1180/3145 3824/1194/3153 3823/1193/3152 3815/1188/3144
f 3817/1181/3146 3825/1195/3154 3824/1194/3153 3816/1180/3145
f 3818/1182/3147 3826/1196/3155 3825/1195/3154 3817/1181/3146
f 3819/1183/3148 3827/1197/3156 3826/1196/3155 3818/1182/3147
f 3820/1184/3149 3828/1189/3157 3827/1197/3156 3819/1183/3148
f 3826/1196/3155 3834/1199/3163 3833/1198/3162 3825/1195/3154
f 3827/1197/3156 3835/1200/3164 3834/1199/3163 3826/1196/3155
f 3828/1189/3157 3836/1201/3165 3835/1200/3164 3827/1197/3156
f 3829/1190/3158 3837/1202/3166 3836/1201/3165 3828/1189/3157
f 3830/1191/3159 3838/1203/3167 3837/1202/3166 3829/1190/3158
f 3774/1204/3103 3838/1203/3167 3830/1191/3159
f 3824/1194/3153 3832/1206/3161 3831/1205/3160 3823/1193/3152
f 3825/1195/3154 3833/1198/3162 3832/1206/3161 3824/1194/3153
f 3838/1203/3167 3846/1208/3175 3845/1207/3174 3837/1202/3166
f 3774/1209/3103 3846/1208/3175 3838/1203/3167
f 3832/1206/3161 3840/1211/3169 3839/1210/3168 3831/1205/3160
f 3833/1198/3162 3841/1212/3170 3840/1211/3169 3832/1206/3161
f 3834/1199/3163 3842/1213/3171 3841/1212/3170 3833/1198/3162
f 3835/1200/3164 3843/1214/3172 3842/1213/3171 3834/1199/3163
f 3836/1201/3165 3844/1215/3173 3843/1214/3172 3835/1200/3164
f 3837/1202/3166 3845/1207/3174 3844/1215/3173 3836/1201/3165
f 3842/1213/3171 3850/1217/3179 3849/1216/3178 3841/1212/3170
f 3843/1214/3172 3851/1218/3180 3850/1217/3179 3842/1213/3171
f 3844/1215/3173 3852/1219/3181 3851/1218/3180 3843/1214/3172
f 3845/1207/3174 3853/1220/3182 3852/1219/3181 3844/1215/3173
f 3846/1208/3175 3854/1221/3183 3853/1220/3182 3845/1207/3174
f 3774/1222/3103 3854/1221/3183 3846/1208/3175
f 3840/1211/3169 3848/1224/3177 3847/1223/3176 3839/1210/3168
f 3841/1212/3170 3849/1216/3178 3848/1224/3177 3840/1211/3169
f 3854/1221/3183 3862/1226/3191 3861/1225/3190 3853/1220/3182
f 3774/1227/3103 3862/1226/3191 3854/1221/3183
f 3848/1224/3177 3856/1229/3185 3855/1228/3184 3847/1223/3176
f 3849/1216/3178 3857/1230/3186 3856/1229/3185 3848/1224/3177
f 3850/1217/3179 3858/1231/3187 3857/1230/3186 3849/1216/3178
f 3851/1218/3180 3859/1232/3188 3858/1231/3187 3850/1217/3179
f 3852/1219/3181 3860/1233/3189 3859/1232/3188 3851/1218/3180
f 3853/1220/3182 3861/1225/3190 3860/1233/3189 3852/1219/3181
f 3859/1232/3188 3864/949/3193 3613/950/2942 3858/1231/3187
f 3860/1233/3189 3865/953/3194 3864/949/3193 3859/1232/3188
f 3861/1225/3190 3866/955/3195 3865/953/3194 3860/1233/3189
f 3862/1226/3191 3867/957/3196 3866/955/3195 3861/1225/3190
f 3774/1234/3103 3867/957/3196 3862/1226/3191
f 3856/1229/3185 3612/960/2941 3611/836/2940 3855/1228/3184
f 3857/1230/3186 3863/962/3192 3612/960/2941 3856/1229/3185
f 3858/1231/3187 3613/950/2942 3863/962/3192 3857/1230/3186
f 3868/852/1910 3869/1237/3197 3881/1236/3208 3880/1235/3207
f 3869/1237/3197 3870/1239/3198 3882/1238/3209 3881/1236/3208
f 3870/1239/3198 3871/1241/3199 3883/1240/3210 3882/1238/3209
f 3871/1241/3199 3872/1243/3200 3884/1242/3211 3883/1240/3210
f 3872/1243/3200 3873/1245/3201 3885/1244/3212 3884/1242/3211
f 3873/1245/3201 3874/851/1904 3886/1246/3213 3885/1244/3212
f 3874/1247/1904 3875/1250/3202 3887/1249/3214 3886/1248/3213
f 3875/1250/3202 3876/1252/3203 3888/1251/3215 3887/1249/3214
f 3876/1252/3203 3877/1013/3204 3889/1253/3216 3888/1251/3215
f 3877/1013/3204 3878/1255/3205 3890/1254/3217 3889/1253/3216
f 3878/1255/3205 3879/1257/3206 3891/1256/3218 3890/1254/3217
f 3879/1257/3206 3868/852/1910 3880/1235/3207 3891/1256/3218
f 3880/1235/3207 3881/1236/3208 3893/1259/3220 3892/1258/3219
f 3881/1236/3208 3882/1238/3209 3894/1260/3221 3893/1259/3220
f 3882/1238/3209 3883/1240/3210 3895/1261/3222 3894/1260/3221
f 3883/1240/3210 3884/1242/3211 3896/1262/3223 3895/1261/3222
f 3884/1242/3211 3885/1244/3212 3897/1263/3224 3896/1262/3223
f 3885/1244/3212 3886/1246/3213 3898/1264/3225 3897/1263/3224
f 3886/1248/3213 3887/1249/3214 3899/1266/3226 3898/1265/3225
f 3887/1249/3214 3888/1251/3215 3900/1267/3227 3899/1266/3226
f 3888/1251/3215 3889/1253/3216 3901/1268/3228 3900/1267/3227
f 3889/1253/3216 3890/1254/3217 3902/1269/3229 3901/1268/3228
f 3890/1254/3217 3891/1256/3218 3903/1270/3230 3902/1269/3229
f 3891/1256/3218 3880/1235/3207 3892/1258/3219 3903/1270/3230
f 3892/1258/3219 3893/1259/3220 3905/1271/3232 3904/848/3231
f 3893/1259/3220 3894/1260/3221 3906/1272/3233 3905/1271/3232
f 3894/1260/3221 3895/1261/3222 3907/1273/3234 3906/1272/3233
f 3895/1261/3222 3896/1262/3223 3908/1274/3235 3907/1273/3234
f 3896/1262/3223 3897/1263/3224 3909/1275/3236 3908/1274/3235
f 3897/1263/3224 3898/1264/3225 3910/847/3237 3909/1275/3236
f 3898/1265/3225 3899/1266/3226 3911/1277/3238 3910/1276/3237
f 3899/1266/3226 3900/1267/3227 3912/1278/3239 3911/1277/3238
f 3900/1267/3227 3901/1268/3228 3913/997/3240 3912/1278/3239
f 3901/1268/3228 3902/1269/3229 3914/1279/3241 3913/997/3240
f 3902/1269/3229 3903/1270/3230 3915/1280/3242 3914/1279/3241
f 3903/1270/3230 3892/1258/3219 3904/848/3231 3915/1280/3242
f 3904/848/3231 3905/1271/3232 3917/1282/3244 3916/1281/3243
f 3905/1271/3232 3906/1272/3233 3918/1283/3245 3917/1282/3244
f 3906/1272/3233 3907/1273/3234 3919/1284/3246 3918/1283/3245
f 3907/1273/3234 3908/1274/3235 3920/1285/3247 3919/1284/3246
f 3908/1274/3235 3909/1275/3236 3921/1286/3248 3920/1285/3247
f 3909/1275/3236 3910/847/3237 3922/1287/3249 3921/1286/3248
f 3910/1276/3237 3911/1277/3238 3923/1289/3250 3922/1288/3249
f 3911/1277/3238 3912/1278/3239 3924/1290/3251 3923/1289/3250
f 3912/1278/3239 3913/997/3240 3925/1291/3252 3924/1290/3251
f 3913/997/3240 3914/1279/3241 3926/1292/3253 3925/1291/3252
f 3914/1279/3241 3915/1280/3242 3927/1293/3254 3926/1292/3253
f 3915/1280/3242 3904/848/3231 3916/1281/3243 3927/1293/3254
f 3916/1281/3243 3917/1282/3244 3929/1295/3256 3928/1294/3255
f 3917/1282/3244 3918/1283/3245 3930/1296/3257 3929/1295/3256
f 3918/1283/3245 3919/1284/3246 3931/1297/3258 3930/1296/3257
f 3919/1284/3246 3920/1285/3247 3932/1298/3259 3931/1297/3258
f 3920/1285/3247 3921/1286/3248 3933/1299/3260 3932/1298/3259
f 3921/1286/3248 3922/1287/3249 3934/1300/3261 3933/1299/3260
f 3922/1288/3249 3923/1289/3250 3935/1302/3262 3934/1301/3261
f 3923/1289/3250 3924/1290/3251 3936/1303/3263 3935/1302/3262
f 3924/1290/3251 3925/1291/3252 3937/1304/3264 3936/1303/3263
f 3925/1291/3252 3926/1292/3253 3938/1305/3265 3937/1304/3264
f 3926/1292/3253 3927/1293/3254 3939/1306/3266 3938/1305/3265
f 3927/1293/3254 3916/1281/3243 3928/1294/3255 3939/1306/3266
f 3928/1294/3255 3929/1295/3256 3941/1307/3268 3940/844/3267
f 3929/1295/3256 3930/1296/3257 3942/1308/3269 3941/1307/3268
f 3930/1296/3257 3931/1297/3258 3943/1309/3270 3942/1308/3269
f 3931/1297/3258 3932/1298/3259 3944/1310/3271 3943/1309/3270
f 3932/1298/3259 3933/1299/3260 3945/1311/3272 3944/1310/3271
f 3933/1299/3260 3934/1300/3261 3946/843/3273 3945/1311/3272
f 3934/1301/3261 3935/1302/3262 3947/1313/3274 3946/1312/3273
f 3935/1302/3262 3936/1303/3263 3948/1314/3275 3947/1313/3274
f 3936/1303/3263 3937/1304/3264 3949/982/3276 3948/1314/3275
f 3937/1304/3264 3938/1305/3265 3950/1315/3277 3949/982/3276
f 3938/1305/3265 3939/1306/3266 3951/1316/3278 3950/1315/3277
f 3939/1306/3266 3928/1294/3255 3940/844/3267 3951/1316/3278
f 3940/844/3267 3941/1307/3268 3953/1318/3280 3952/1317/3279
f 3941/1307/3268 3942/1308/3269 3954/1319/3281 3953/1318/3280
f 3942/1308/3269 3943/1309/3270 3955/1320/3282 3954/1319/3281
f 3943/1309/3270 3944/1310/3271 3956/1321/3283 3955/1320/3282
f 3944/1310/3271 3945/1311/3272 3957/1322/3284 3956/1321/3283
f 3945/1311/3272 3946/843/3273 3958/1323/3285 3957/1322/3284
f 3946/1312/3273 3947/1313/3274 3959/1325/3286 3958/1324/3285
f 3947/1313/3274 3948/1314/3275 3960/1326/3287 3959/1325/3286
f 3948/1314/3275 3949/982/3276 3961/1327/3288 3960/1326/3287
f 3949/982/3276 3950/1315/3277 3962/1328/3289 3961/1327/3288
f 3950/1315/3277 3951/1316/3278 3963/1329/3290 3962/1328/3289
f 3951/1316/3278 3940/844/3267 3952/1317/3279 3963/1329/3290
f 3952/1317/3279 3953/1318/3280 3965/1331/3292 3964/1330/3291
f 3953/1318/3280 3954/1319/3281 3966/1332/3293 3965/1331/3292
f 3954/1319/3281 3955/1320/3282 3967/1333/3294 3966/1332/3293
f 3955/1320/3282 3956/1321/3283 3968/1334/3295 3967/1333/3294
f 3956/1321/3283 3957/1322/3284 3969/1335/3296 3968/1334/3295
f 3957/1322/3284 3958/1323/3285 3970/1336/3297 3969/1335/3296
f 3958/1324/3285 3959/1325/3286 3971/1338/3298 3970/1337/3297
f 3959/1325/3286 3960/1326/3287 3972/1339/3299 3971/1338/3298
f 3960/1326/3287 3961/1327/3288 3973/1340/3300 3972/1339/3299
f 3961/1327/3288 3962/1328/3289 3974/1341/3301 3973/1340/3300
f 3962/1328/3289 3963/1329/3290 3975/1342/3302 3974/1341/3301
f 3963/1329/3290 3952/1317/3279 3964/1330/3291 3975/1342/3302
f 3964/1330/3291 3965/1331/3292 3977/1343/3304 3976/840/3303
f 3965/1331/3292 3966/1332/3293 3978/1344/3305 3977/1343/3304
f 3966/1332/3293 3967/1333/3294 3979/1345/3306 3978/1344/3305
f 3967/1333/3294 3968/1334/3295 3980/1346/3307 3979/1345/3306
f 3968/1334/3295 3969/1335/3296 3981/1347/3308 3980/1346/3307
f 3969/1335/3296 3970/1336/3297 3982/839/3309 3981/1347/3308
f 3970/1337/3297 3971/1338/3298 3983/1349/3310 3982/1348/3309
f 3971/1338/3298 3972/1339/3299 3984/1350/3311 3983/1349/3310
f 3972/1339/3299 3973/1340/3300 3985/967/3312 3984/1350/3311
f 3973/1340/3300 3974/1341/3301 3986/1351/3313 3985/967/3312
f 3974/1341/3301 3975/1342/3302 3987/1352/3314 3986/1351/3313
f 3975/1342/3302 3964/1330/3291 3976/840/3303 3987/1352/3314
f 3976/840/3303 3977/1343/3304 3989/1354/3316 3988/1353/3315
f 3977/1343/3304 3978/1344/3305 3990/1355/3317 3989/1354/3316
f 3978/1344/3305 3979/1345/3306 3991/1356/3318 3990/1355/3317
f 3979/1345/3306 3980/1346/3307 3992/1357/3319 3991/1356/3318
f 3980/1346/3307 3981/1347/3308 3993/1358/3320 3992/1357/3319
f 3981/1347/3308 3982/839/3309 3994/1359/3321 3993/1358/3320
f 3982/1348/3309 3983/1349/3310 3995/1361/3322 3994/1360/3321
f 3983/1349/3310 3984/1350/3311 3996/1362/3323 3995/1361/3322
f 3984/1350/3311 3985/967/3312 3997/1363/3324 3996/1362/3323
f 3985/967/3312 3986/1351/3313 3998/1364/3325 3997/1363/3324
f 3986/1351/3313 3987/1352/3314 3999/1365/3326 3998/1364/3325
f 3987/1352/3314 3976/840/3303 3988/1353/3315 3999/1365/3326
f 3988/1353/3315 3989/1354/3316 4001/1367/3328 4000/1366/3327
f 3989/1354/3316 3990/1355/3317 4002/1368/3329 4001/1367/3328
f 3990/1355/3317 3991/1356/3318 4003/1369/3330 4002/1368/3329
f 3991/1356/3318 3992/1357/3319 4004/1370/3331 4003/1369/3330
f 3992/1357/3319 3993/1358/3320 4005/1371/3332 4004/1370/3331
f 3993/1358/3320 3994/1359/3321 4006/1372/3333 4005/1371/3332
f 3994/1360/3321 3995/1361/3322 4007/1374/3334 4006/1373/3333
f 3995/1361/3322 3996/1362/3323 4008/1375/3335 4007/1374/3334
f 3996/1362/3323 3997/1363/3324 4009/1376/3336 4008/1375/3335
f 3997/1363/3324 3998/1364/3325 4010/1377/3337 4009/1376/3336
f 3998/1364/3325 3999/1365/3326 4011/1378/3338 4010/1377/3337
f 3999/1365/3326 3988/1353/3315 4000/1366/3327 4011/1378/3338
f 4000/1366/3327 4001/1367/3328 4013/1379/3339 4012/836/2054
f 4001/1367/3328 4002/1368/3329 4014/1380/3340 4013/1379/3339
f 4002/1368/3329 4003/1369/3330 4015/1381/3341 4014/1380/3340
f 4003/1369/3330 4004/1370/3331 4016/1382/3342 4015/1381/3341
f 4004/1370/3331 4005/1371/3332 4017/1383/3343 4016/1382/3342
f 4005/1371/3332 4006/1372/3333 4018/835/2048 4017/1383/3343
f 4006/1373/3333 4007/1374/3334 4019/1385/3344 4018/1384/2048
f 4007/1374/3334 4008/1375/3335 4020/1386/3345 4019/1385/3344
f 4008/1375/3335 4009/1376/3336 4021/1387/3346 4020/1386/3345
f 4009/1376/3336 4010/1377/3337 4022/1388/3347 4021/1387/3346
f 4010/1377/3337 4011/1378/3338 4023/1389/3348 4022/1388/3347
f 4011/1378/3338 4000/1366/3327 4012/836/2054 4023/1389/3348
f 4012/836/2054 4013/1379/3339 4025/1391/3350 4024/1390/3349
f 4013/1379/3339 4014/1380/3340 4026/1392/3351 4025/1391/3350
f 4014/1380/3340 4015/1381/3341 4027/1393/3352 4026/1392/3351
f 4015/1381/3341 4016/1382/3342 4028/1394/3353 4027/1393/3352
f 4016/1382/3342 4017/1383/3343 4029/1395/3354 4028/1394/3353
f 4017/1383/3343 4018/835/2048 4030/1396/3355 4029/1395/3354
f 4018/1384/2048 4019/1385/3344 4031/1398/3356 4030/1397/3355
f 4019/1385/3344 4020/1386/3345 4032/1399/3357 4031/1398/3356
f 4020/1386/3345 4021/1387/3346 4033/1400/3358 4032/1399/3357
f 4021/1387/3346 4022/1388/3347 4034/1401/3359 4033/1400/3358
f 4022/1388/3347 4023/1389/3348 4035/1402/3360 4034/1401/3359
f 4023/1389/3348 4012/836/2054 4024/1390/3349 4035/1402/3360
f 4024/1390/3349 4025/1391/3350 4037/1404/3362 4036/1403/3361
f 4025/1391/3350 4026/1392/3351 4038/1405/3363 4037/1404/3362
f 4026/1392/3351 4027/1393/3352 4039/1406/3364 4038/1405/3363
f 4027/1393/3352 4028/1394/3353 4040/1407/3365 4039/1406/3364
f 4028/1394/3353 4029/1395/3354 4041/1408/3366 4040/1407/3365
f 4029/1395/3354 4030/1396/3355 4042/1409/3367 4041/1408/3366
f 4030/1397/3355 4031/1398/3356 4043/1411/3368 4042/1410/3367
f 4031/1398/3356 4032/1399/3357 4044/1412/3369 4043/1411/3368
f 4032/1399/3357 4033/1400/3358 4045/1413/3370 4044/1412/3369
f 4033/1400/3358 4034/1401/3359 4046/1414/3371 4045/1413/3370
f 4034/1401/3359 4035/1402/3360 4047/1415/3372 4046/1414/3371
f 4035/1402/3360 4024/1390/3349 4036/1403/3361 4047/1415/3372
f 4036/1403/3361 4037/1404/3362 4049/1416/3374 4048/832/3373
f 4037/1404/3362 4038/1405/3363 4050/1417/3375 4049/1416/3374
f 4038/1405/3363 4039/1406/3364 4051/1418/3376 4050/1417/3375
f 4039/1406/3364 4040/1407/3365 4052/1419/3377 4051/1418/3376
f 4040/1407/3365 4041/1408/3366 4053/1420/3378 4052/1419/3377
f 4041/1408/3366 4042/1409/3367 4054/831/3379 4053/1420/3378
f 4042/1410/3367 4043/1411/3368 4055/1422/3380 4054/1421/3379
f 4043/1411/3368 4044/1412/3369 4056/1423/3381 4055/1422/3380
f 4044/1412/3369 4045/1413/3370 4057/1424/3382 4056/1423/3381
f 4045/1413/3370 4046/1414/3371 4058/1425/3383 4057/1424/3382
f 4046/1414/3371 4047/1415/3372 4059/1426/3384 4058/1425/3383
f 4047/1415/3372 4036/1403/3361 4048/832/3373 4059/1426/3384
f 4048/832/3373 4049/1416/3374 4061/1428/3386 4060/1427/3385
f 4049/1416/3374 4050/1417/3375 4062/1429/3387 4061/1428/3386
f 4050/1417/3375 4051/1418/3376 4063/1430/3388 4062/1429/3387
f 4051/1418/3376 4052/1419/3377 4064/1431/3389 4063/1430/3388
f 4052/1419/3377 4053/1420/3378 4065/1432/3390 4064/1431/3389
f 4053/1420/3378 4054/831/3379 4066/1433/3391 4065/1432/3390
f 4054/1421/3379 4055/1422/3380 4067/1435/3392 4066/1434/3391
f 4055/1422/3380 4056/1423/3381 4068/1436/3393 4067/1435/3392
f 4056/1423/3381 4057/1424/3382 4069/1437/3394 4068/1436/3393
f 4057/1424/3382 4058/1425/3383 4070/1438/3395 4069/1437/3394
f 4058/1425/3383 4059/1426/3384 4071/1439/3396 4070/1438/3395
f 4059/1426/3384 4048/832/3373 4060/1427/3385 4071/1439/3396
f 4060/1427/3385 4061/1428/3386 4073/1441/3398 4072/1440/3397
f 4061/1428/3386 4062/1429/3387 4074/1442/3399 4073/1441/3398
f 4062/1429/3387 4063/1430/3388 4075/1443/3400 4074/1442/3399
f 4063/1430/3388 4064/1431/3389 4076/1444/3401 4075/1443/3400
f 4064/1431/3389 4065/1432/3390 4077/1445/3402 4076/1444/3401
f 4065/1432/3390 4066/1433/3391 4078/1446/3403 4077/1445/3402
f 4066/1434/3391 4067/1435/3392 4079/1448/3404 4078/1447/3403
f 4067/1435/3392 4068/1436/3393 4080/1449/3405 4079/1448/3404
f 4068/1436/3393 4069/1437/3394 4081/1450/3406 4080/1449/3405
f 4069/1437/3394 4070/1438/3395 4082/1451/3407 4081/1450/3406
f 4070/1438/3395 4071/1439/3396 4083/1452/3408 4082/1451/3407
f 4071/1439/3396 4060/1427/3385 4072/1440/3397 4083/1452/3408
f 4072/1440/3397 4073/1441/3398 4085/1453/3410 4084/828/3409
f 4073/1441/3398 4074/1442/3399 4086/1454/3411 4085/1453/3410
f 4074/1442/3399 4075/1443/3400 4087/1455/3412 4086/1454/3411
f 4075/1443/3400 4076/1444/3401 4088/1456/3413 4087/1455/3412
f 4076/1444/3401 4077/1445/3402 4089/1457/3414 4088/1456/3413
f 4077/1445/3402 4078/1446/3403 4090/827/3415 4089/1457/3414
f 4078/1447/3403 4079/1448/3404 4091/1459/3416 4090/1458/3415
f 4079/1448/3404 4080/1449/3405 4092/1460/3417 4091/1459/3416
f 4080/1449/3405 4081/1450/3406 4093/1461/3418 4092/1460/3417
f 4081/1450/3406 4082/1451/3407 4094/1462/3419 4093/1461/3418
f 4082/1451/3407 4083/1452/3408 4095/1463/3420 4094/1462/3419
f 4083/1452/3408 4072/1440/3397 4084/828/3409 4095/1463/3420
f 4084/828/3409 4085/1453/3410 4097/1465/3422 4096/1464/3421
f 4085/1453/3410 4086/1454/3411 4098/1466/3423 4097/1465/3422
f 4086/1454/3411 4087/1455/3412 4099/1467/3424 4098/1466/3423
f 4087/1455/3412 4088/1456/3413 4100/1468/3425 4099/1467/3424
f 4088/1456/3413 4089/1457/3414 4101/1469/3426 4100/1468/3425
f 4089/1457/3414 4090/827/3415 4102/1470/3427 4101/1469/3426
f 4090/1458/3415 4091/1459/3416 4103/1472/3428 4102/1471/3427
f 4091/1459/3416 4092/1460/3417 4104/1473/3429 4103/1472/3428
f 4092/1460/3417 4093/1461/3418 4105/1474/3430 4104/1473/3429
f 4093/1461/3418 4094/1462/3419 4106/1475/3431 4105/1474/3430
f 4094/1462/3419 4095/1463/3420 4107/1476/3432 4106/1475/3431
f 4095/1463/3420 4084/828/3409 4096/1464/3421 4107/1476/3432
f 4096/1464/3421 4097/1465/3422 4109/1478/3434 4108/1477/3433
f 4097/1465/3422 4098/1466/3423 4110/1479/3435 4109/1478/3434
f 4098/1466/3423 4099/1467/3424 4111/1480/3436 4110/1479/3435
f 4099/1467/3424 4100/1468/3425 4112/1481/3437 4111/1480/3436
f 4100/1468/3425 4101/1469/3426 4113/1482/3438 4112/1481/3437
f 4101/1469/3426 4102/1470/3427 4114/1483/3439 4113/1482/3438
f 4102/1471/3427 4103/1472/3428 4115/1485/3440 4114/1484/3439
f 4103/1472/3428 4104/1473/3429 4116/1486/3441 4115/1485/3440
f 4104/1473/3429 4105/1474/3430 4117/1487/3442 4116/1486/3441
f 4105/1474/3430 4106/1475/3431 4118/1488/3443 4117/1487/3442
f 4106/1475/3431 4107/1476/3432 4119/1489/3444 4118/1488/3443
f 4107/1476/3432 4096/1464/3421 4108/1477/3433 4119/1489/3444
f 4108/1477/3433 4109/1478/3434 4121/1490/3446 4120/824/3445
f 4109/1478/3434 4110/1479/3435 4122/1491/3447 4121/1490/3446
f 4110/1479/3435 4111/1480/3436 4123/1492/3448 4122/1491/3447
f 4111/1480/3436 4112/1481/3437 4124/1493/3449 4123/1492/3448
f 4112/1481/3437 4113/1482/3438 4125/1494/3450 4124/1493/3449
f 4113/1482/3438 4114/1483/3439 4126/823/3451 4125/1494/3450
f 4114/1484/3439 4115/1485/3440 4127/1496/3452 4126/1495/3451
f 4115/1485/3440 4116/1486/3441 4128/1497/3453 4127/1496/3452
f 4116/1486/3441 4117/1487/3442 4129/1498/3454 4128/1497/3453
f 4117/1487/3442 4118/1488/3443 4130/1499/3455 4129/1498/3454
f 4118/1488/3443 4119/1489/3444 4131/1500/3456 4130/1499/3455
f 4119/1489/3444 4108/1477/3433 4120/824/3445 4131/1500/3456
f 4120/824/3445 4121/1490/3446 4133/1502/3458 4132/1501/3457
f 4121/1490/3446 4122/1491/3447 4134/1503/3459 4133/1502/3458
f 4122/1491/3447 4123/1492/3448 4135/1504/3460 4134/1503/3459
f 4123/1492/3448 4124/1493/3449 4136/1505/3461 4135/1504/3460
f 4124/1493/3449 4125/1494/3450 4137/1506/3462 4136/1505/3461
f 4125/1494/3450 4126/823/3451 4138/1507/3463 4137/1506/3462
f 4126/1495/3451 4127/1496/3452 4139/1509/3464 4138/1508/3463
f 4127/1496/3452 4128/1497/3453 4140/1510/3465 4139/1509/3464
f 4128/1497/3453 4129/1498/3454 4141/1511/3466 4140/1510/3465
f 4129/1498/3454 4130/1499/3455 4142/1512/3467 4141/1511/3466
f 4130/1499/3455 4131/1500/3456 4143/1513/3468 4142/1512/3467
f 4131/1500/3456 4120/824/3445 4132/1501/3457 4143/1513/3468
f 4132/1501/3457 4133/1502/3458 4145/1515/3470 4144/1514/3469
f 4133/1502/3458 4134/1503/3459 4146/1516/3471 4145/1515/3470
f 4134/1503/3459 4135/1504/3460 4147/1517/3472 4146/1516/3471
f 4135/1504/3460 4136/1505/3461 4148/1518/3473 4147/1517/3472
f 4136/1505/3461 4137/1506/3462 4149/1519/3474 4148/1518/3473
f 4137/1506/3462 4138/1507/3463 4150/1520/3475 4149/1519/3474
f 4138/1508/3463 4139/1509/3464 4151/1522/3476 4150/1521/3475
f 4139/1509/3464 4140/1510/3465 4152/1523/3477 4151/1522/3476
f 4140/1510/3465 4141/1511/3466 4153/1524/3478 4152/1523/3477
f 4141/1511/3466 4142/1512/3467 4154/1525/3479 4153/1524/3478
f 4142/1512/3467 4143/1513/3468 4155/1526/3480 4154/1525/3479
f 4143/1513/3468 4132/1501/3457 4144/1514/3469 4155/1526/3480
f 4144/1514/3469 4145/1515/3470 4157/1527/3481 4156/819/1904
f 4145/1515/3470 4146/1516/3471 4158/1528/3482 4157/1527/3481
f 4146/1516/3471 4147/1517/3472 4159/1529/3483 4158/1528/3482
f 4147/1517/3472 4148/1518/3473 4160/1530/3484 4159/1529/3483
f 4148/1518/3473 4149/1519/3474 4161/1531/3485 4160/1530/3484
f 4149/1519/3474 4150/1520/3475 4162/820/1910 4161/1531/3485
f 4150/1521/3475 4151/1522/3476 4163/1533/3486 4162/1532/1910
f 4151/1522/3476 4152/1523/3477 4164/1534/3487 4163/1533/3486
f 4152/1523/3477 4153/1524/3478 4165/1535/3488 4164/1534/3487
f 4153/1524/3478 4154/1525/3479 4166/1536/3489 4165/1535/3488
f 4154/1525/3479 4155/1526/3480 4167/1537/3490 4166/1536/3489
f 4155/1526/3480 4144/1514/3469 4156/819/1904 4167/1537/3490
f 4156/1538/1904 4157/1541/3481 4169/1540/3492 4168/1539/3491
f 4157/1541/3481 4158/1543/3482 4170/1542/3493 4169/1540/3492
f 4158/1543/3482 4159/1545/3483 4171/1544/3494 4170/1542/3493
f 4159/1545/3483 4160/1547/3484 4172/1546/3495 4171/1544/3494
f 4160/1547/3484 4161/1549/3485 4173/1548/3496 4172/1546/3495
f 4161/1549/3485 4162/1551/1910 4174/1550/3497 4173/1548/3496
f 4162/1552/1910 4163/1555/3486 4175/1554/3498 4174/1553/3497
f 4163/1555/3486 4164/1557/3487 4176/1556/3499 4175/1554/3498
f 4164/1557/3487 4165/1559/3488 4177/1558/3500 4176/1556/3499
f 4165/1559/3488 4166/1561/3489 4178/1560/3501 4177/1558/3500
f 4166/1561/3489 4167/1563/3490 4179/1562/3502 4178/1560/3501
f 4167/1563/3490 4156/1538/1904 4168/1539/3491 4179/1562/3502
f 4168/1539/3491 4169/1540/3492 4181/1565/3504 4180/1564/3503
f 4169/1540/3492 4170/1542/3493 4182/1566/3505 4181/1565/3504
f 4170/1542/3493 4171/1544/3494 4183/1567/3506 4182/1566/3505
f 4171/1544/3494 4172/1546/3495 4184/1568/3507 4183/1567/3506
f 4172/1546/3495 4173/1548/3496 4185/1569/3508 4184/1568/3507
f 4173/1548/3496 4174/1550/3497 4186/1570/3509 4185/1569/3508
f 4174/1553/3497 4175/1554/3498 4187/1572/3510 4186/1571/3509
f 4175/1554/3498 4176/1556/3499 4188/1573/3511 4187/1572/3510
f 4176/1556/3499 4177/1558/3500 4189/1574/3512 4188/1573/3511
f 4177/1558/3500 4178/1560/3501 4190/1575/3513 4189/1574/3512
f 4178/1560/3501 4179/1562/3502 4191/1576/3514 4190/1575/3513
f 4179/1562/3502 4168/1539/3491 4180/1564/3503 4191/1576/3514
f 4180/1564/3503 4181/1565/3504 4193/1577/3516 4192/880/3515
f 4181/1565/3504 4182/1566/3505 4194/1578/3517 4193/1577/3516
f 4182/1566/3505 4183/1567/3506 4195/1579/3518 4194/1578/3517
f 4183/1567/3506 4184/1568/3507 4196/1580/3519 4195/1579/3518
f 4184/1568/3507 4185/1569/3508 4197/1581/3520 4196/1580/3519
f 4185/1569/3508 4186/1570/3509 4198/879/3521 4197/1581/3520
f 4186/1571/3509 4187/1572/3510 4199/1583/3522 4198/1582/3521
f 4187/1572/3510 4188/1573/3511 4200/1584/3523 4199/1583/3522
f 4188/1573/3511 4189/1574/3512 4201/1585/3524 4200/1584/3523
f 4189/1574/3512 4190/1575/3513 4202/1586/3525 4201/1585/3524
f 4190/1575/3513 4191/1576/3514 4203/1587/3526 4202/1586/3525
f 4191/1576/3514 4180/1564/3503 4192/880/3515 4203/1587/3526
f 4192/880/3515 4193/1577/3516 4205/1589/3528 4204/1588/3527
f 4193/1577/3516 4194/1578/3517 4206/1590/3529 4205/1589/3528
f 4194/1578/3517 4195/1579/3518 4207/1591/3530 4206/1590/3529
f 4195/1579/3518 4196/1580/3519 4208/1592/3531 4207/1591/3530
f 4196/1580/3519 4197/1581/3520 4209/1593/3532 4208/1592/3531
f 4197/1581/3520 4198/879/3521 4210/1594/3533 4209/1593/3532
f 4198/1582/3521 4199/1583/3522 4211/1596/3534 4210/1595/3533
f 4199/1583/3522 4200/1584/3523 4212/1597/3535 4211/1596/3534
f 4200/1584/3523 4201/1585/3524 4213/1598/3536 4212/1597/3535
f 4201/1585/3524 4202/1586/3525 4214/1599/3537 4213/1598/3536
f 4202/1586/3525 4203/1587/3526 4215/1600/3538 4214/1599/3537
f 4203/1587/3526 4192/880/3515 4204/1588/3527 4215/1600/3538
f 4204/1588/3527 4205/1589/3528 4217/1602/3540 4216/1601/3539
f 4205/1589/3528 4206/1590/3529 4218/1603/3541 4217/1602/3540
f 4206/1590/3529 4207/1591/3530 4219/1604/3542 4218/1603/3541
f 4207/1591/3530 4208/1592/3531 4220/1605/3543 4219/1604/3542
f 4208/1592/3531 4209/1593/3532 4221/1606/3544 4220/1605/3543
f 4209/1593/3532 4210/1594/3533 4222/1607/3545 4221/1606/3544
f 4210/1595/3533 4211/1596/3534 4223/1609/3546 4222/1608/3545
f 4211/1596/3534 4212/1597/3535 4224/1610/3547 4223/1609/3546
f 4212/1597/3535 4213/1598/3536 4225/1611/3548 4224/1610/3547
f 4213/1598/3536 4214/1599/3537 4226/1612/3549 4225/1611/3548
f 4214/1599/3537 4215/1600/3538 4227/1613/3550 4226/1612/3549
f 4215/1600/3538 4204/1588/3527 4216/1601/3539 4227/1613/3550
f 4216/1601/3539 4217/1602/3540 4229/1614/3552 4228/876/3551
f 4217/1602/3540 4218/1603/3541 4230/1615/3553 4229/1614/3552
f 4218/1603/3541 4219/1604/3542 4231/1616/3554 4230/1615/3553
f 4219/1604/3542 4220/1605/3543 4232/1617/3555 4231/1616/3554
f 4220/1605/3543 4221/1606/3544 4233/1618/3556 4232/1617/3555
f 4221/1606/3544 4222/1607/3545 4234/875/3557 4233/1618/3556
f 4222/1608/3545 4223/1609/3546 4235/1620/3558 4234/1619/3557
f 4223/1609/3546 4224/1610/3547 4236/1621/3559 4235/1620/3558
f 4224/1610/3547 4225/1611/3548 4237/1126/3560 4236/1621/3559
f 4225/1611/3548 4226/1612/3549 4238/1622/3561 4237/1126/3560
f 4226/1612/3549 4227/1613/3550 4239/1623/3562 4238/1622/3561
f 4227/1613/3550 4216/1601/3539 4228/876/3551 4239/1623/3562
f 4228/876/3551 4229/1614/3552 4241/1625/3564 4240/1624/3563
f 4229/1614/3552 4230/1615/3553 4242/1626/3565 4241/1625/3564
f 4230/1615/3553 4231/1616/3554 4243/1627/3566 4242/1626/3565
f 4231/1616/3554 4232/1617/3555 4244/1628/3567 4243/1627/3566
f 4232/1617/3555 4233/1618/3556 4245/1629/3568 4244/1628/3567
f 4233/1618/3556 4234/875/3557 4246/1630/3569 4245/1629/3568
f 4234/1619/3557 4235/1620/3558 4247/1632/3570 4246/1631/3569
f 4235/1620/3558 4236/1621/3559 4248/1633/3571 4247/1632/3570
f 4236/1621/3559 4237/1126/3560 4249/1634/3572 4248/1633/3571
f 4237/1126/3560 4238/1622/3561 4250/1635/3573 4249/1634/3572
f 4238/1622/3561 4239/1623/3562 4251/1636/3574 4250/1635/3573
f 4239/1623/3562 4228/876/3551 4240/1624/3563 4251/1636/3574
f 4240/1624/3563 4241/1625/3564 4253/1638/3576 4252/1637/3575
f 4241/1625/3564 4242/1626/3565 4254/1639/3577 4253/1638/3576
f 4242/1626/3565 4243/1627/3566 4255/1640/3578 4254/1639/3577
f 4243/1627/3566 4244/1628/3567 4256/1641/3579 4255/1640/3578
f 4244/1628/3567 4245/1629/3568 4257/1642/3580 4256/1641/3579
f 4245/1629/3568 4246/1630/3569 4258/1643/3581 4257/1642/3580
f 4246/1631/3569 4247/1632/3570 4259/1645/3582 4258/1644/3581
f 4247/1632/3570 4248/1633/3571 4260/1646/3583 4259/1645/3582
f 4248/1633/3571 4249/1634/3572 4261/1647/3584 4260/1646/3583
f 4249/1634/3572 4250/1635/3573 4262/1648/3585 4261/1647/3584
f 4250/1635/3573 4251/1636/3574 4263/1649/3586 4262/1648/3585
f 4251/1636/3574 4240/1624/3563 4252/1637/3575 4263/1649/3586
f 4252/1637/3575 4253/1638/3576 4265/1650/3588 4264/872/3587
f 4253/1638/3576 4254/1639/3577 4266/1651/3589 4265/1650/3588
f 4254/1639/3577 4255/1640/3578 4267/1652/3590 4266/1651/3589
f 4255/1640/3578 4256/1641/3579 4268/1653/3591 4267/1652/3590
f 4256/1641/3579 4257/1642/3580 4269/1654/3592 4268/1653/3591
f 4257/1642/3580 4258/1643/3581 4270/871/3593 4269/1654/3592
f 4258/1644/3581 4259/1645/3582 4271/1656/3594 4270/1655/3593
f 4259/1645/3582 4260/1646/3583 4272/1657/3595 4271/1656/3594
f 4260/1646/3583 4261/1647/3584 4273/1109/3596 4272/1657/3595
f 4261/1647/3584 4262/1648/3585 4274/1658/3597 4273/1109/3596
f 4262/1648/3585 4263/1649/3586 4275/1659/3598 4274/1658/3597
f 4263/1649/3586 4252/1637/3575 4264/872/3587 4275/1659/3598
f 4264/872/3587 4265/1650/3588 4277/1661/3600 4276/1660/3599
f 4265/1650/3588 4266/1651/3589 4278/1662/3601 4277/1661/3600
f 4266/1651/3589 4267/1652/3590 4279/1663/3602 4278/1662/3601
f 4267/1652/3590 4268/1653/3591 4280/1664/3603 4279/1663/3602
f 4268/1653/3591 4269/1654/3592 4281/1665/3604 4280/1664/3603
f 4269/1654/3592 4270/871/3593 4282/1666/3605 4281/1665/3604
f 4270/1655/3593 4271/1656/3594 4283/1668/3606 4282/1667/3605
f 4271/1656/3594 4272/1657/3595 4284/1669/3607 4283/1668/3606
f 4272/1657/3595 4273/1109/3596 4285/1670/3608 4284/1669/3607
f 4273/1109/3596 4274/1658/3597 4286/1671/3609 4285/1670/3608
f 4274/1658/3597 4275/1659/3598 4287/1672/3610 4286/1671/3609
f 4275/1659/3598 4264/872/3587 4276/1660/3599 4287/1672/3610
f 4276/1660/3599 4277/1661/3600 4289/1674/3612 4288/1673/3611
f 4277/1661/3600 4278/1662/3601 4290/1675/3613 4289/1674/3612
f 4278/1662/3601 4279/1663/3602 4291/1676/3614 4290/1675/3613
f 4279/1663/3602 4280/1664/3603 4292/1677/3615 4291/1676/3614
f 4280/1664/3603 4281/1665/3604 4293/1678/3616 4292/1677/3615
f 4281/1665/3604 4282/1666/3605 4294/1679/3617 4293/1678/3616
f 4282/1667/3605 4283/1668/3606 4295/1681/3618 4294/1680/3617
f 4283/1668/3606 4284/1669/3607 4296/1682/3619 4295/1681/3618
f 4284/1669/3607 4285/1670/3608 4297/1683/3620 4296/1682/3619
f 4285/1670/3608 4286/1671/3609 4298/1684/3621 4297/1683/3620
f 4286/1671/3609 4287/1672/3610 4299/1685/3622 4298/1684/3621
f 4287/1672/3610 4276/1660/3599 4288/1673/3611 4299/1685/3622
f 4288/1673/3611 4289/1674/3612 4301/1686/3623 4300/868/2048
f 4289/1674/3612 4290/1675/3613 4302/1687/3624 4301/1686/3623
f 4290/1675/3613 4291/1676/3614 4303/1688/3625 4302/1687/3624
f 4291/1676/3614 4292/1677/3615 4304/1689/3626 4303/1688/3625
f 4292/1677/3615 4293/1678/3616 4305/1690/3627 4304/1689/3626
f 4293/1678/3616 4294/1679/3617 4306/867/2054 4305/1690/3627
f 4294/1680/3617 4295/1681/3618 4307/1692/3628 4306/1691/2054
f 4295/1681/3618 4296/1682/3619 4308/1693/3629 4307/1692/3628
f 4296/1682/3619 4297/1683/3620 4309/1091/3630 4308/1693/3629
f 4297/1683/3620 4298/1684/3621 4310/1694/3631 4309/1091/3630
f 4298/1684/3621 4299/1685/3622 4311/1695/3632 4310/1694/3631
f 4299/1685/3622 4288/1673/3611 4300/868/2048 4311/1695/3632
f 4300/868/2048 4301/1686/3623 4313/1697/3634 4312/1696/3633
f 4301/1686/3623 4302/1687/3624 4314/1698/3635 4313/1697/3634
f 4302/1687/3624 4303/1688/3625 4315/1699/3636 4314/1698/3635
f 4303/1688/3625 4304/1689/3626 4316/1700/3637 4315/1699/3636
f 4304/1689/3626 4305/1690/3627 4317/1701/3638 4316/1700/3637
f 4305/1690/3627 4306/867/2054 4318/1702/3639 4317/1701/3638
f 4306/1691/2054 4307/1692/3628 4319/1704/3640 4318/1703/3639
f 4307/1692/3628 4308/1693/3629 4320/1705/3641 4319/1704/3640
f 4308/1693/3629 4309/1091/3630 4321/1706/3642 4320/1705/3641
f 4309/1091/3630 4310/1694/3631 4322/1707/3643 4321/1706/3642
f 4310/1694/3631 4311/1695/3632 4323/1708/3644 4322/1707/3643
f 4311/1695/3632 4300/868/2048 4312/1696/3633 4323/1708/3644
f 4312/1696/3633 4313/1697/3634 4325/1710/3646 4324/1709/3645
f 4313/1697/3634 4314/1698/3635 4326/1711/3647 4325/1710/3646
f 4314/1698/3635 4315/1699/3636 4327/1712/3648 4326/1711/3647
f 4315/1699/3636 4316/1700/3637 4328/1713/3649 4327/1712/3648
f 4316/1700/3637 4317/1701/3638 4329/1714/3650 4328/1713/3649
f 4317/1701/3638 4318/1702/3639 4330/1715/3651 4329/1714/3650
f 4318/1703/3639 4319/1704/3640 4331/1717/3652 4330/1716/3651
f 4319/1704/3640 4320/1705/3641 4332/1718/3653 4331/1717/3652
f 4320/1705/3641 4321/1706/3642 4333/1719/3654 4332/1718/3653
f 4321/1706/3642 4322/1707/3643 4334/1720/3655 4333/1719/3654
f 4322/1707/3643 4323/1708/3644 4335/1721/3656 4334/1720/3655
f 4323/1708/3644 4312/1696/3633 4324/1709/3645 4335/1721/3656
f 4324/1709/3645 4325/1710/3646 4337/1722/3658 4336/864/3657
f 4325/1710/3646 4326/1711/3647 4338/1723/3659 4337/1722/3658
f 4326/1711/3647 4327/1712/3648 4339/1724/3660 4338/1723/3659
f 4327/1712/3648 4328/1713/3649 4340/1725/3661 4339/1724/3660
f 4328/1713/3649 4329/1714/3650 4341/1726/3662 4340/1725/3661
f 4329/1714/3650 4330/1715/3651 4342/863/3663 4341/1726/3662
f 4330/1716/3651 4331/1717/3652 4343/1728/3664 4342/1727/3663
f 4331/1717/3652 4332/1718/3653 4344/1729/3665 4343/1728/3664
f 4332/1718/3653 4333/1719/3654 4345/1074/3666 4344/1729/3665
f 4333/1719/3654 4334/1720/3655 4346/1730/3667 4345/1074/3666
f 4334/1720/3655 4335/1721/3656 4347/1731/3668 4346/1730/3667
f 4335/1721/3656 4324/1709/3645 4336/864/3657 4347/1731/3668
f 4336/864/3657 4337/1722/3658 4349/1733/3670 4348/1732/3669
f 4337/1722/3658 4338/1723/3659 4350/1734/3671 4349/1733/3670
f 4338/1723/3659 4339/1724/3660 4351/1735/3672 4350/1734/3671
f 4339/1724/3660 4340/1725/3661 4352/1736/3673 4351/1735/3672
f 4340/1725/3661 4341/1726/3662 4353/1737/3674 4352/1736/3673
f 4341/1726/3662 4342/863/3663 4354/1738/3675 4353/1737/3674
f 4342/1727/3663 4343/1728/3664 4355/1740/3676 4354/1739/3675
f 4343/1728/3664 4344/1729/3665 4356/1741/3677 4355/1740/3676
f 4344/1729/3665 4345/1074/3666 4357/1742/3678 4356/1741/3677
f 4345/1074/3666 4346/1730/3667 4358/1743/3679 4357/1742/3678
f 4346/1730/3667 4347/1731/3668 4359/1744/3680 4358/1743/3679
f 4347/1731/3668 4336/864/3657 4348/1732/3669 4359/1744/3680
f 4348/1732/3669 4349/1733/3670 4361/1746/3682 4360/1745/3681
f 4349/1733/3670 4350/1734/3671 4362/1747/3683 4361/1746/3682
f 4350/1734/3671 4351/1735/3672 4363/1748/3684 4362/1747/3683
f 4351/1735/3672 4352/1736/3673 4364/1749/3685 4363/1748/3684
f 4352/1736/3673 4353/1737/3674 4365/1750/3686 4364/1749/3685
f 4353/1737/3674 4354/1738/3675 4366/1751/3687 4365/1750/3686
f 4354/1739/3675 4355/1740/3676 4367/1753/3688 4366/1752/3687
f 4355/1740/3676 4356/1741/3677 4368/1754/3689 4367/1753/3688
f 4356/1741/3677 4357/1742/3678 4369/1755/3690 4368/1754/3689
f 4357/1742/3678 4358/1743/3679 4370/1756/3691 4369/1755/3690
f 4358/1743/3679 4359/1744/3680 4371/1757/3692 4370/1756/3691
f 4359/1744/3680 4348/1732/3669 4360/1745/3681 4371/1757/3692
f 4360/1745/3681 4361/1746/3682 4373/1758/3694 4372/860/3693
f 4361/1746/3682 4362/1747/3683 4374/1759/3695 4373/1758/3694
f 4362/1747/3683 4363/1748/3684 4375/1760/3696 4374/1759/3695
f 4363/1748/3684 4364/1749/3685 4376/1761/3697 4375/1760/3696
f 4364/1749/3685 4365/1750/3686 4377/1762/3698 4376/1761/3697
f 4365/1750/3686 4366/1751/3687 4378/859/3699 4377/1762/3698
f 4366/1752/3687 4367/1753/3688 4379/1764/3700 4378/1763/3699
f 4367/1753/3688 4368/1754/3689 4380/1765/3701 4379/1764/3700
f 4368/1754/3689 4369/1755/3690 4381/1048/3702 4380/1765/3701
f 4369/1755/3690 4370/1756/3691 4382/1766/3703 4381/1048/3702
f 4370/1756/3691 4371/1757/3692 4383/1767/3704 4382/1766/3703
f 4371/1757/3692 4360/1745/3681 4372/860/3693 4383/1767/3704
f 4372/860/3693 4373/1758/3694 4385/1769/3706 4384/1768/3705
f 4373/1758/3694 4374/1759/3695 4386/1770/3707 4385/1769/3706
f 4374/1759/3695 4375/1760/3696 4387/1771/3708 4386/1770/3707
f 4375/1760/3696 4376/1761/3697 4388/1772/3709 4387/1771/3708
f 4376/1761/3697 4377/1762/3698 4389/1773/3710 4388/1772/3709
f 4377/1762/3698 4378/859/3699 4390/1774/3711 4389/1773/3710
f 4378/1763/3699 4379/1764/3700 4391/1776/3712 4390/1775/3711
f 4379/1764/3700 4380/1765/3701 4392/1777/3713 4391/1776/3712
f 4380/1765/3701 4381/1048/3702 4393/1778/3714 4392/1777/3713
f 4381/1048/3702 4382/1766/3703 4394/1779/3715 4393/1778/3714
f 4382/1766/3703 4383/1767/3704 4395/1780/3716 4394/1779/3715
f 4383/1767/3704 4372/860/3693 4384/1768/3705 4395/1780/3716
f 4384/1768/3705 4385/1769/3706 4397/1782/3718 4396/1781/3717
f 4385/1769/3706 4386/1770/3707 4398/1783/3719 4397/1782/3718
f 4386/1770/3707 4387/1771/3708 4399/1784/3720 4398/1783/3719
f 4387/1771/3708 4388/1772/3709 4400/1785/3721 4399/1784/3720
f 4388/1772/3709 4389/1773/3710 4401/1786/3722 4400/1785/3721
f 4389/1773/3710 4390/1774/3711 4402/1787/3723 4401/1786/3722
f 4390/1775/3711 4391/1776/3712 4403/1789/3724 4402/1788/3723
f 4391/1776/3712 4392/1777/3713 4404/1790/3725 4403/1789/3724
f 4392/1777/3713 4393/1778/3714 4405/1791/3726 4404/1790/3725
f 4393/1778/3714 4394/1779/3715 4406/1792/3727 4405/1791/3726
f 4394/1779/3715 4395/1780/3716 4407/1793/3728 4406/1792/3727
f 4395/1780/3716 4384/1768/3705 4396/1781/3717 4407/1793/3728
f 4396/1781/3717 4397/1782/3718 4409/1794/3730 4408/856/3729
f 4397/1782/3718 4398/1783/3719 4410/1795/3731 4409/1794/3730
f 4398/1783/3719 4399/1784/3720 4411/1796/3732 4410/1795/3731
f 4399/1784/3720 4400/1785/3721 4412/1797/3733 4411/1796/3732
f 4400/1785/3721 4401/1786/3722 4413/1798/3734 4412/1797/3733
f 4401/1786/3722 4402/1787/3723 4414/855/3735 4413/1798/3734
f 4402/1788/3723 4403/1789/3724 4415/1800/3736 4414/1799/3735
f 4403/1789/3724 4404/1790/3725 4416/1801/3737 4415/1800/3736
f 4404/1790/3725 4405/1791/3726 4417/1030/3738 4416/1801/3737
f 4405/1791/3726 4406/1792/3727 4418/1802/3739 4417/1030/3738
f 4406/1792/3727 4407/1793/3728 4419/1803/3740 4418/1802/3739
f 4407/1793/3728 4396/1781/3717 4408/856/3729 4419/1803/3740
f 4408/856/3729 4409/1794/3730 4421/1805/3742 4420/1804/3741
f 4409/1794/3730 4410/1795/3731 4422/1806/3743 4421/1805/3742
f 4410/1795/3731 4411/1796/3732 4423/1807/3744 4422/1806/3743
f 4411/1796/3732 4412/1797/3733 4424/1808/3745 4423/1807/3744
f 4412/1797/3733 4413/1798/3734 4425/1809/3746 4424/1808/3745
f 4413/1798/3734 4414/855/3735 4426/1810/3747 4425/1809/3746
f 4414/1799/3735 4415/1800/3736 4427/1812/3748 4426/1811/3747
f 4415/1800/3736 4416/1801/3737 4428/1813/3749 4427/1812/3748
f 4416/1801/3737 4417/1030/3738 4429/1814/3750 4428/1813/3749
f 4417/1030/3738 4418/1802/3739 4430/1815/3751 4429/1814/3750
f 4418/1802/3739 4419/1803/3740 4431/1816/3752 4430/1815/3751
f 4419/1803/3740 4408/856/3729 4420/1804/3741 4431/1816/3752
f 4420/1804/3741 4421/1805/3742 4433/1818/3754 4432/1817/3753
f 4421/1805/3742 4422/1806/3743 4434/1819/3755 4433/1818/3754
f 4422/1806/3743 4423/1807/3744 4435/1820/3756 4434/1819/3755
f 4423/1807/3744 4424/1808/3745 4436/1821/3757 4435/1820/3756
f 4424/1808/3745 4425/1809/3746 4437/1822/3758 4436/1821/3757
f 4425/1809/3746 4426/1810/3747 4438/1823/3759 4437/1822/3758
f 4426/1811/3747 4427/1812/3748 4439/1825/3760 4438/1824/3759
f 4427/1812/3748 4428/1813/3749 4440/1826/3761 4439/1825/3760
f 4428/1813/3749 4429/1814/3750 4441/1827/3762 4440/1826/3761
f 4429/1814/3750 4430/1815/3751 4442/1828/3763 4441/1827/3762
f 4430/1815/3751 4431/1816/3752 4443/1829/3764 4442/1828/3763
f 4431/1816/3752 4420/1804/3741 4432/1817/3753 4443/1829/3764
f 4432/1817/3753 4433/1818/3754 3869/1237/3197 3868/852/1910
f 4433/1818/3754 4434/1819/3755 3870/1239/3198 3869/1237/3197
f 4434/1819/3755 4435/1820/3756 3871/1241/3199 3870/1239/3198
f 4435/1820/3756 4436/1821/3757 3872/1243/3200 3871/1241/3199
f 4436/1821/3757 4437/1822/3758 3873/1245/3201 3872/1243/3200
f 4437/1822/3758 4438/1823/3759 3874/851/1904 3873/1245/3201
f 4438/1824/3759 4439/1825/3760 3875/1250/3202 3874/1247/1904
f 4439/1825/3760 4440/1826/3761 3876/1252/3203 3875/1250/3202
f 4440/1826/3761 4441/1827/3762 3877/1013/3204 3876/1252/3203
f 4441/1827/3762 4442/1828/3763 3878/1255/3205 3877/1013/3204
f 4442/1828/3763 4443/1829/3764 3879/1257/3206 3878/1255/3205
f 4443/1829/3764 4432/1817/3753 3868/852/1910 3879/1257/3206
f 2317/838/1650 2314/836/1647 3611/836/2940 3614/838/2943
f 2325/840/1658 2317/838/1650 3614/838/2943 3622/840/2951
f 2333/842/1666 2325/840/1658 3622/840/2951 3630/842/2959
f 2341/844/1674 2333/842/1666 3630/842/2959 3638/844/2967
f 2349/846/1682 2341/844/1674 3638/844/2967 3646/846/2975
f 2357/848/1690 2349/846/1682 3646/846/2975 3654/848/2983
f 2365/850/1698 2357/848/1690 3654/848/2983 3662/850/2991
f 2373/1018/1706 2365/850/1698 3662/850/2991 3670/1018/2999
f 2381/1023/1714 2373/1018/1706 3670/1018/2999 3678/1023/3007
f 2389/1035/1722 2381/1023/1714 3678/1023/3007 3686/1035/3015
f 2397/1039/1730 2389/1035/1722 3686/1035/3015 3694/1039/3023
f 2405/1053/1738 2397/1039/1730 3694/1039/3023 3702/1053/3031
f 2413/1065/1746 2405/1053/1738 3702/1053/3031 3710/1065/3039
f 2421/1070/1754 2413/1065/1746 3710/1065/3039 3718/1070/3047
f 2429/1082/1762 2421/1070/1754 3718/1070/3047 3726/1082/3055
f 2437/1087/1770 2429/1082/1762 3726/1082/3055 3734/1087/3063
f 2445/1100/1778 2437/1087/1770 3734/1087/3063 3742/1100/3071
f 2453/1105/1786 2445/1100/1778 3742/1100/3071 3750/1105/3079
f 2461/1117/1794 2453/1105/1786 3750/1105/3079 3758/1117/3087
f 2469/1122/1802 2461/1117/1794 3758/1117/3087 3766/1122/3095
f 2478/1135/1811 2469/1122/1802 3766/1122/3095 3775/1135/3104
f 2486/1140/1819 2478/1135/1811 3775/1135/3104 3783/1140/3112
f 2494/1152/1827 2486/1140/1819 3783/1140/3112 3791/1152/3120
f 2502/916/1835 2494/1152/1827 3791/1152/3120 3799/916/3128
f 2510/1172/1843 2502/819/1835 3799/819/3128 3807/1172/3136
f 2518/1188/1851 2510/1172/1843 3807/1172/3136 3815/1188/3144
f 2526/1193/1859 2518/1188/1851 3815/1188/3144 3823/1193/3152
f 2534/1205/1867 2526/1193/1859 3823/1193/3152 3831/1205/3160
f 2542/1210/1875 2534/1205/1867 3831/1205/3160 3839/1210/3168
f 2550/1223/1883 2542/1210/1875 3839/1210/3168 3847/1223/3176
f 2558/1228/1891 2550/1223/1883 3847/1223/3176 3855/1228/3184
f 2314/836/1647 2558/1228/1891 3855/1228/3184 3611/836/2940
usemtl roll
f 3483/819/2812 3484/820/2813 3486/821/2815 3485/822/2814
f 3485/822/2814 3486/821/2815 3488/823/2817 3487/824/2816
f 3487/824/2816 3488/823/2817 3490/825/2819 3489/826/2818
f 3489/826/2818 3490/825/2819 3492/827/2821 3491/828/2820
f 3491/828/2820 3492/827/2821 3494/829/2823 3493/830/2822
f 3493/830/2822 3494/829/2823 3496/831/2825 3495/832/2824
f 3495/832/2824 3496/831/2825 3498/833/2827 3497/834/2826
f 3497/834/2826 3498/833/2827 3500/835/2829 3499/836/2828
f 3499/836/2828 3500/835/2829 3502/837/2831 3501/838/2830
f 3501/838/2830 3502/837/2831 3504/839/2833 3503/840/2832
f 3503/840/2832 3504/839/2833 3506/841/2835 3505/842/2834
f 3505/842/2834 3506/841/2835 3508/843/2837 3507/844/2836
f 3507/844/2836 3508/843/2837 3510/845/2839 3509/846/2838
f 3509/846/2838 3510/845/2839 3512/847/2841 3511/848/2840
f 3511/848/2840 3512/847/2841 3514/849/2843 3513/850/2842
f 3513/850/2842 3514/849/2843 3516/851/2845 3515/852/2844
f 3515/852/2844 3516/851/2845 3518/853/2847 3517/854/2846
f 3517/854/2846 3518/853/2847 3520/855/2849 3519/856/2848
f 3519/856/2848 3520/855/2849 3522/857/2851 3521/858/2850
f 3521/858/2850 3522/857/2851 3524/859/2853 3523/860/2852
f 3523/860/2852 3524/859/2853 3526/861/2855 3525/862/2854
f 3525/862/2854 3526/861/2855 3528/863/2857 3527/864/2856
f 3527/864/2856 3528/863/2857 3530/865/2859 3529/866/2858
f 3529/866/2858 3530/865/2859 3532/867/2861 3531/868/2860
f 3531/868/2860 3532/867/2861 3534/869/2863 3533/870/2862
f 3533/870/2862 3534/869/2863 3536/871/2865 3535/872/2864
f 3535/872/2864 3536/871/2865 3538/873/2867 3537/874/2866
f 3537/874/2866 3538/873/2867 3540/875/2869 3539/876/2868
f 3539/876/2868 3540/875/2869 3542/877/2871 3541/878/2870
f 3541/878/2870 3542/877/2871 3544/879/2873 3543/880/2872
f 3486/881/2815 3484/882/2813 3546/883/2875 3544/884/2873 3542/885/2871 3540/886/2869 3538/887/2867 3536/888/2865 3534/889/2863 3532/890/2861 3530/891/2859 3528/892/2857 3526/893/2855 3524/894/2853 3522/895/2851 3520/1830/2849 3518/897/2847 3516/898/2845 3514/899/2843 3512/1831/2841 3510/901/2839 3508/902/2837 3506/903/2835 3504/904/2833 3502/905/2831 3500/906/2829 3498/907/2827 3496/908/2825 3494/909/2823 3492/910/2821 3490/911/2819 3488/912/2817
f 3543/880/2872 3544/879/2873 3546/913/2875 3545/914/2874
f 3545/914/2874 3546/913/2875 3484/915/2813 3483/916/2812
f 3483/917/2812 3485/918/2814 3487/919/2816 3489/920/2818 3491/921/2820 3493/922/2822 3495/923/2824 3497/924/2826 3499/925/2828 3501/926/2830 3503/927/2832 3505/928/2834 3507/929/2836 3509/930/2838 3511/1832/2840 3513/932/2842 3515/933/2844 3517/934/2846 3519/1833/2848 3521/936/2850 3523/937/2852 3525/938/2854 3527/939/2856 3529/940/2858 3531/941/2860 3533/942/2862 3535/943/2864 3537/944/2866 3539/945/2868 3541/946/2870 3543/947/2872 3545/948/2874
f 4780/819/4101 4782/822/4103 4783/821/4104 4781/820/4102
f 4782/822/4103 4784/824/4105 4785/823/4106 4783/821/4104
f 4784/824/4105 4786/826/4107 4787/825/4108 4785/823/4106
f 4786/826/4107 4788/828/4109 4789/827/4110 4787/825/4108
f 4788/828/4109 4790/830/4111 4791/829/4112 4789/827/4110
f 4790/830/4111 4792/832/4113 4793/831/4114 4791/829/4112
f 4792/832/4113 4794/834/4115 4795/833/4116 4793/831/4114
f 4794/834/4115 4796/836/4117 4797/835/4118 4795/833/4116
f 4796/836/4117 4798/838/4119 4799/837/4120 4797/835/4118
f 4798/838/4119 4800/840/4121 4801/839/4122 4799/837/4120
f 4800/840/4121 4802/842/4123 4803/841/4124 4801/839/4122
f 4802/842/4123 4804/844/4125 4805/843/4126 4803/841/4124
f 4804/844/4125 4806/846/4127 4807/845/4128 4805/843/4126
f 4806/846/4127 4808/848/4129 4809/847/4130 4807/845/4128
f 4808/848/4129 4810/850/4131 4811/849/4132 4809/847/4130
f 4810/850/4131 4812/852/4133 4813/851/4134 4811/849/4132
f 4812/852/4133 4814/854/4135 4815/853/4136 4813/851/4134
f 4814/854/4135 4816/856/4137 4817/855/4138 4815/853/4136
f 4816/856/4137 4818/858/4139 4819/857/4140 4817/855/4138
f 4818/858/4139 4820/860/4141 4821/859/4142 4819/857/4140
f 4820/860/4141 4822/862/4143 4823/861/4144 4821/859/4142
f 4822/862/4143 4824/864/4145 4825/863/4146 4823/861/4144
f 4824/864/4145 4826/866/4147 4827/865/4148 4825/863/4146
f 4826/866/4147 4828/868/4149 4829/867/4150 4827/865/4148
f 4828/868/4149 4830/870/4151 4831/869/4152 4829/867/4150
f 4830/870/4151 4832/872/4153 4833/871/4154 4831/869/4152
f 4832/872/4153 4834/874/4155 4835/873/4156 4833/871/4154
f 4834/874/4155 4836/876/4157 4837/875/4158 4835/873/4156
f 4836/876/4157 4838/878/4159 4839/877/4160 4837/875/4158
f 4838/878/4159 4840/880/4161 4841/879/4162 4839/877/4160
f 4783/881/4104 4785/912/4106 4787/911/4108 4789/910/4110 4791/909/4112 4793/908/4114 4795/907/4116 4797/906/4118 4799/905/4120 4801/904/4122 4803/903/4124 4805/902/4126 4807/901/4128 4809/1831/4130 4811/899/4132 4813/898/4134 4815/897/4136 4817/1830/4138 4819/895/4140 4821/894/4142 4823/893/4144 4825/892/4146 4827/891/4148 4829/890/4150 4831/889/4152 4833/888/4154 4835/887/4156 4837/886/4158 4839/885/4160 4841/884/4162 4843/883/4164 4781/882/4102
f 4840/880/4161 4842/914/4163 4843/913/4164 4841/879/4162
f 4842/914/4163 4780/916/4101 4781/915/4102 4843/913/4164
f 4780/917/4101 4842/948/4163 4840/947/4161 4838/946/4159 4836/945/4157 4834/944/4155 4832/943/4153 4830/942/4151 4828/941/4149 4826/940/4147 4824/939/4145 4822/938/4143 4820/937/4141 4818/936/4139 4816/1833/4137 4814/934/4135 4812/933/4133 4810/932/4131 4808/1832/4129 4806/930/4127 4804/929/4125 4802/928/4123 4800/927/4121 4798/926/4119 4796/925/4117 4794/924/4115 4792/923/4113 4790/922/4111 4788/921/4109 4786/920/4107 4784/919/4105 4782/918/4103
usemtl toilet_2
f 3147/852/2476 3154/1235/2483 3155/1236/2484 3148/1237/2477
f 3148/1237/2477 3155/1236/2484 3156/1238/2485 3149/1239/2478
f 3149/1239/2478 3156/1238/2485 3157/1240/2486 3150/1241/2479
f 3151/1013/2480 3158/1253/2487 3159/1254/2488 3152/1255/2481
f 3152/1255/2481 3159/1254/2488 3160/1256/2489 3153/1257/2482
f 3153/1257/2482 3160/1256/2489 3154/1235/2483 3147/852/2476
f 3154/1235/2483 3161/1258/2490 3162/1259/2491 3155/1236/2484
f 3155/1236/2484 3162/1259/2491 3163/1260/2492 3156/1238/2485
f 3156/1238/2485 3163/1260/2492 3164/1261/2493 3157/1240/2486
f 3158/1253/2487 3165/1268/2494 3166/1269/2495 3159/1254/2488
f 3159/1254/2488 3166/1269/2495 3167/1270/2496 3160/1256/2489
f 3160/1256/2489 3167/1270/2496 3161/1258/2490 3154/1235/2483
f 3161/1258/2490 3168/848/2497 3169/1271/2498 3162/1259/2491
f 3162/1259/2491 3169/1271/2498 3170/1272/2499 3163/1260/2492
f 3163/1260/2492 3170/1272/2499 3171/1273/2500 3164/1261/2493
f 3165/1268/2494 3172/997/2501 3173/1279/2502 3166/1269/2495
f 3166/1269/2495 3173/1279/2502 3174/1280/2503 3167/1270/2496
f 3167/1270/2496 3174/1280/2503 3168/848/2497 3161/1258/2490
f 3168/848/2497 3175/1281/2504 3176/1282/2505 3169/1271/2498
f 3169/1271/2498 3176/1282/2505 3177/1283/2506 3170/1272/2499
f 3170/1272/2499 3177/1283/2506 3178/1284/2507 3171/1273/2500
f 3172/997/2501 3179/1291/2508 3180/1292/2509 3173/1279/2502
f 3173/1279/2502 3180/1292/2509 3181/1293/2510 3174/1280/2503
f 3174/1280/2503 3181/1293/2510 3175/1281/2504 3168/848/2497
f 3175/1281/2504 3182/1294/2511 3183/1295/2512 3176/1282/2505
f 3176/1282/2505 3183/1295/2512 3184/1296/2513 3177/1283/2506
f 3177/1283/2506 3184/1296/2513 3185/1297/2514 3178/1284/2507
f 3179/1291/2508 3186/1304/2515 3187/1305/2516 3180/1292/2509
f 3180/1292/2509 3187/1305/2516 3188/1306/2517 3181/1293/2510
f 3181/1293/2510 3188/1306/2517 3182/1294/2511 3175/1281/2504
f 3182/1294/2511 3189/844/2518 3190/1307/2519 3183/1295/2512
f 3183/1295/2512 3190/1307/2519 3191/1308/2520 3184/1296/2513
f 3184/1296/2513 3191/1308/2520 3192/1309/2521 3185/1297/2514
f 3186/1304/2515 3193/982/2522 3194/1315/2523 3187/1305/2516
f 3187/1305/2516 3194/1315/2523 3195/1316/2524 3188/1306/2517
f 3188/1306/2517 3195/1316/2524 3189/844/2518 3182/1294/2511
f 3189/844/2518 3196/1317/2525 3197/1318/2526 3190/1307/2519
f 3190/1307/2519 3197/1318/2526 3198/1319/2527 3191/1308/2520
f 3191/1308/2520 3198/1319/2527 3199/1320/2528 3192/1309/2521
f 3193/982/2522 3200/1327/2529 3201/1328/2530 3194/1315/2523
f 3194/1315/2523 3201/1328/2530 3202/1329/2531 3195/1316/2524
f 3195/1316/2524 3202/1329/2531 3196/1317/2525 3189/844/2518
f 3196/1317/2525 3203/1330/2532 3204/1331/2533 3197/1318/2526
f 3197/1318/2526 3204/1331/2533 3205/1332/2534 3198/1319/2527
f 3198/1319/2527 3205/1332/2534 3206/1333/2535 3199/1320/2528
f 3200/1327/2529 3207/1340/2536 3208/1341/2537 3201/1328/2530
f 3201/1328/2530 3208/1341/2537 3209/1342/2538 3202/1329/2531
f 3202/1329/2531 3209/1342/2538 3203/1330/2532 3196/1317/2525
f 3203/1330/2532 3210/840/2539 3211/1343/2540 3204/1331/2533
f 3204/1331/2533 3211/1343/2540 3212/1344/2541 3205/1332/2534
f 3205/1332/2534 3212/1344/2541 3213/1345/2542 3206/1333/2535
f 3207/1340/2536 3214/967/2543 3215/1351/2544 3208/1341/2537
f 3208/1341/2537 3215/1351/2544 3216/1352/2545 3209/1342/2538
f 3209/1342/2538 3216/1352/2545 3210/840/2539 3203/1330/2532
f 3210/840/2539 3217/1353/2546 3218/1354/2547 3211/1343/2540
f 3211/1343/2540 3218/1354/2547 3219/1355/2548 3212/1344/2541
f 3212/1344/2541 3219/1355/2548 3220/1356/2549 3213/1345/2542
f 3214/967/2543 3221/1363/2550 3222/1364/2551 3215/1351/2544
f 3215/1351/2544 3222/1364/2551 3223/1365/2552 3216/1352/2545
f 3216/1352/2545 3223/1365/2552 3217/1353/2546 3210/840/2539
f 3217/1353/2546 3224/1366/2553 3225/1367/2554 3218/1354/2547
f 3218/1354/2547 3225/1367/2554 3226/1368/2555 3219/1355/2548
f 3219/1355/2548 3226/1368/2555 3227/1369/2556 3220/1356/2549
f 3221/1363/2550 3228/1376/2557 3229/1377/2558 3222/1364/2551
f 3222/1364/2551 3229/1377/2558 3230/1378/2559 3223/1365/2552
f 3223/1365/2552 3230/1378/2559 3224/1366/2553 3217/1353/2546
f 3224/1366/2553 3231/836/2560 3232/1379/2561 3225/1367/2554
f 3225/1367/2554 3232/1379/2561 3233/1380/2562 3226/1368/2555
f 3226/1368/2555 3233/1380/2562 3234/1381/2563 3227/1369/2556
f 3228/1376/2557 3235/1387/2564 3236/1388/2565 3229/1377/2558
f 3229/1377/2558 3236/1388/2565 3237/1389/2566 3230/1378/2559
f 3230/1378/2559 3237/1389/2566 3231/836/2560 3224/1366/2553
f 3231/836/2560 3238/1390/2567 3239/1391/2568 3232/1379/2561
f 3232/1379/2561 3239/1391/2568 3240/1392/2569 3233/1380/2562
f 3233/1380/2562 3240/1392/2569 3241/1393/2570 3234/1381/2563
f 3235/1387/2564 3242/1400/2571 3243/1401/2572 3236/1388/2565
f 3236/1388/2565 3243/1401/2572 3244/1402/2573 3237/1389/2566
f 3237/1389/2566 3244/1402/2573 3238/1390/2567 3231/836/2560
f 3238/1390/2567 3245/1403/2574 3246/1404/2575 3239/1391/2568
f 3239/1391/2568 3246/1404/2575 3247/1405/2576 3240/1392/2569
f 3240/1392/2569 3247/1405/2576 3248/1406/2577 3241/1393/2570
f 3242/1400/2571 3249/1413/2578 3250/1414/2579 3243/1401/2572
f 3243/1401/2572 3250/1414/2579 3251/1415/2580 3244/1402/2573
f 3244/1402/2573 3251/1415/2580 3245/1403/2574 3238/1390/2567
f 3245/1403/2574 3252/832/2581 3253/1416/2582 3246/1404/2575
f 3246/1404/2575 3253/1416/2582 3254/1417/2583 3247/1405/2576
f 3247/1405/2576 3254/1417/2583 3255/1418/2584 3248/1406/2577
f 3249/1413/2578 3256/1424/2585 3257/1425/2586 3250/1414/2579
f 3250/1414/2579 3257/1425/2586 3258/1426/2587 3251/1415/2580
f 3251/1415/2580 3258/1426/2587 3252/832/2581 3245/1403/2574
f 3252/832/2581 3259/1427/2588 3260/1428/2589 3253/1416/2582
f 3253/1416/2582 3260/1428/2589 3261/1429/2590 3254/1417/2583
f 3254/1417/2583 3261/1429/2590 3262/1430/2591 3255/1418/2584
f 3256/1424/2585 3263/1437/2592 3264/1438/2593 3257/1425/2586
f 3257/1425/2586 3264/1438/2593 3265/1439/2594 3258/1426/2587
f 3258/1426/2587 3265/1439/2594 3259/1427/2588 3252/832/2581
f 3259/1427/2588 3266/1440/2595 3267/1441/2596 3260/1428/2589
f 3260/1428/2589 3267/1441/2596 3268/1442/2597 3261/1429/2590
f 3261/1429/2590 3268/1442/2597 3269/1443/2598 3262/1430/2591
f 3263/1437/2592 3270/1450/2599 3271/1451/2600 3264/1438/2593
f 3264/1438/2593 3271/1451/2600 3272/1452/2601 3265/1439/2594
f 3265/1439/2594 3272/1452/2601 3266/1440/2595 3259/1427/2588
f 3266/1440/2595 3273/828/2602 3274/1453/2603 3267/1441/2596
f 3267/1441/2596 3274/1453/2603 3275/1454/2604 3268/1442/2597
f 3268/1442/2597 3275/1454/2604 3276/1455/2605 3269/1443/2598
f 3270/1450/2599 3277/1461/2606 3278/1462/2607 3271/1451/2600
f 3271/1451/2600 3278/1462/2607 3279/1463/2608 3272/1452/2601
f 3272/1452/2601 3279/1463/2608 3273/828/2602 3266/1440/2595
f 3273/828/2602 3280/1464/2609 3281/1465/2610 3274/1453/2603
f 3274/1453/2603 3281/1465/2610 3282/1466/2611 3275/1454/2604
f 3275/1454/2604 3282/1466/2611 3283/1467/2612 3276/1455/2605
f 3277/1461/2606 3284/1474/2613 3285/1475/2614 3278/1462/2607
f 3278/1462/2607 3285/1475/2614 3286/1476/2615 3279/1463/2608
f 3279/1463/2608 3286/1476/2615 3280/1464/2609 3273/828/2602
f 3280/1464/2609 3287/1477/2616 3288/1478/2617 3281/1465/2610
f 3281/1465/2610 3288/1478/2617 3289/1479/2618 3282/1466/2611
f 3282/1466/2611 3289/1479/2618 3290/1480/2619 3283/1467/2612
f 3284/1474/2613 3291/1487/2620 3292/1488/2621 3285/1475/2614
f 3285/1475/2614 3292/1488/2621 3293/1489/2622 3286/1476/2615
f 3286/1476/2615 3293/1489/2622 3287/1477/2616 3280/1464/2609
f 3287/1477/2616 3294/824/2623 3295/1490/2624 3288/1478/2617
f 3288/1478/2617 3295/1490/2624 3296/1491/2625 3289/1479/2618
f 3289/1479/2618 3296/1491/2625 3297/1492/2626 3290/1480/2619
f 3291/1487/2620 3298/1498/2627 3299/1499/2628 3292/1488/2621
f 3292/1488/2621 3299/1499/2628 3300/1500/2629 3293/1489/2622
f 3293/1489/2622 3300/1500/2629 3294/824/2623 3287/1477/2616
f 3294/824/2623 3301/1501/2630 3302/1502/2631 3295/1490/2624
f 3295/1490/2624 3302/1502/2631 3303/1503/2632 3296/1491/2625
f 3296/1491/2625 3303/1503/2632 3304/1504/2633 3297/1492/2626
f 3298/1498/2627 3305/1511/2634 3306/1512/2635 3299/1499/2628
f 3299/1499/2628 3306/1512/2635 3307/1513/2636 3300/1500/2629
f 3300/1500/2629 3307/1513/2636 3301/1501/2630 3294/824/2623
f 3301/1501/2630 3308/1514/2637 3309/1515/2638 3302/1502/2631
f 3302/1502/2631 3309/1515/2638 3310/1516/2639 3303/1503/2632
f 3303/1503/2632 3310/1516/2639 3311/1517/2640 3304/1504/2633
f 3305/1511/2634 3312/1524/2641 3313/1525/2642 3306/1512/2635
f 3306/1512/2635 3313/1525/2642 3314/1526/2643 3307/1513/2636
f 3307/1513/2636 3314/1526/2643 3308/1514/2637 3301/1501/2630
f 3308/1514/2637 3315/819/2644 3316/1527/2645 3309/1515/2638
f 3309/1515/2638 3316/1527/2645 3317/1528/2646 3310/1516/2639
f 3310/1516/2639 3317/1528/2646 3318/1529/2647 3311/1517/2640
f 3312/1524/2641 3319/1535/2648 3320/1536/2649 3313/1525/2642
f 3313/1525/2642 3320/1536/2649 3321/1537/2650 3314/1526/2643
f 3314/1526/2643 3321/1537/2650 3315/819/2644 3308/1514/2637
f 3315/1538/2644 3322/1539/2651 3323/1540/2652 3316/1541/2645
f 3316/1541/2645 3323/1540/2652 3324/1542/2653 3317/1543/2646
f 3317/1543/2646 3324/1542/2653 3325/1544/2654 3318/1545/2647
f 3319/1559/2648 3326/1558/2655 3327/1560/2656 3320/1561/2649
f 3320/1561/2649 3327/1560/2656 3328/1562/2657 3321/1563/2650
f 3321/1563/2650 3328/1562/2657 3322/1539/2651 3315/1538/2644
f 3322/1539/2651 3329/1564/2658 3330/1565/2659 3323/1540/2652
f 3323/1540/2652 3330/1565/2659 3331/1566/2660 3324/1542/2653
f 3324/1542/2653 3331/1566/2660 3332/1567/2661 3325/1544/2654
f 3326/1558/2655 3333/1574/2662 3334/1575/2663 3327/1560/2656
f 3327/1560/2656 3334/1575/2663 3335/1576/2664 3328/1562/2657
f 3328/1562/2657 3335/1576/2664 3329/1564/2658 3322/1539/2651
f 3329/1564/2658 3336/880/2665 3337/1577/2666 3330/1565/2659
f 3330/1565/2659 3337/1577/2666 3338/1578/2667 3331/1566/2660
f 3331/1566/2660 3338/1578/2667 3339/1579/2668 3332/1567/2661
f 3333/1574/2662 3340/1585/2669 3341/1586/2670 3334/1575/2663
f 3334/1575/2663 3341/1586/2670 3342/1587/2671 3335/1576/2664
f 3335/1576/2664 3342/1587/2671 3336/880/2665 3329/1564/2658
f 3336/880/2665 3343/1588/2672 3344/1589/2673 3337/1577/2666
f 3337/1577/2666 3344/1589/2673 3345/1590/2674 3338/1578/2667
f 3338/1578/2667 3345/1590/2674 3346/1591/2675 3339/1579/2668
f 3340/1585/2669 3347/1598/2676 3348/1599/2677 3341/1586/2670
f 3341/1586/2670 3348/1599/2677 3349/1600/2678 3342/1587/2671
f 3342/1587/2671 3349/1600/2678 3343/1588/2672 3336/880/2665
f 3343/1588/2672 3350/1601/2679 3351/1602/2680 3344/1589/2673
f 3344/1589/2673 3351/1602/2680 3352/1603/2681 3345/1590/2674
f 3345/1590/2674 3352/1603/2681 3353/1604/2682 3346/1591/2675
f 3347/1598/2676 3354/1611/2683 3355/1612/2684 3348/1599/2677
f 3348/1599/2677 3355/1612/2684 3356/1613/2685 3349/1600/2678
f 3349/1600/2678 3356/1613/2685 3350/1601/2679 3343/1588/2672
f 3350/1601/2679 3357/876/2686 3358/1614/2687 3351/1602/2680
f 3351/1602/2680 3358/1614/2687 3359/1615/2688 3352/1603/2681
f 3352/1603/2681 3359/1615/2688 3360/1616/2689 3353/1604/2682
f 3354/1611/2683 3361/1126/2690 3362/1622/2691 3355/1612/2684
f 3355/1612/2684 3362/1622/2691 3363/1623/2692 3356/1613/2685
f 3356/1613/2685 3363/1623/2692 3357/876/2686 3350/1601/2679
f 3357/876/2686 3364/1624/2693 3365/1625/2694 3358/1614/2687
f 3358/1614/2687 3365/1625/2694 3366/1626/2695 3359/1615/2688
f 3359/1615/2688 3366/1626/2695 3367/1627/2696 3360/1616/2689
f 3361/1126/2690 3368/1634/2697 3369/1635/2698 3362/1622/2691
f 3362/1622/2691 3369/1635/2698 3370/1636/2699 3363/1623/2692
f 3363/1623/2692 3370/1636/2699 3364/1624/2693 3357/876/2686
f 3364/1624/2693 3371/1637/2700 3372/1638/2701 3365/1625/2694
f 3365/1625/2694 3372/1638/2701 3373/1639/2702 3366/1626/2695
f 3366/1626/2695 3373/1639/2702 3374/1640/2703 3367/1627/2696
f 3368/1634/2697 3375/1647/2704 3376/1648/2705 3369/1635/2698
f 3369/1635/2698 3376/1648/2705 3377/1649/2706 3370/1636/2699
f 3370/1636/2699 3377/1649/2706 3371/1637/2700 3364/1624/2693
f 3371/1637/2700 3378/872/2707 3379/1650/2708 3372/1638/2701
f 3372/1638/2701 3379/1650/2708 3380/1651/2709 3373/1639/2702
f 3373/1639/2702 3380/1651/2709 3381/1652/2710 3374/1640/2703
f 3375/1647/2704 3382/1109/2711 3383/1658/2712 3376/1648/2705
f 3376/1648/2705 3383/1658/2712 3384/1659/2713 3377/1649/2706
f 3377/1649/2706 3384/1659/2713 3378/872/2707 3371/1637/2700
f 3378/872/2707 3385/1660/2714 3386/1661/2715 3379/1650/2708
f 3379/1650/2708 3386/1661/2715 3387/1662/2716 3380/1651/2709
f 3380/1651/2709 3387/1662/2716 3388/1663/2717 3381/1652/2710
f 3382/1109/2711 3389/1670/2718 3390/1671/2719 3383/1658/2712
f 3383/1658/2712 3390/1671/2719 3391/1672/2720 3384/1659/2713
f 3384/1659/2713 3391/1672/2720 3385/1660/2714 3378/872/2707
f 3385/1660/2714 3392/1673/2721 3393/1674/2722 3386/1661/2715
f 3386/1661/2715 3393/1674/2722 3394/1675/2723 3387/1662/2716
f 3387/1662/2716 3394/1675/2723 3395/1676/2724 3388/1663/2717
f 3389/1670/2718 3396/1683/2725 3397/1684/2726 3390/1671/2719
f 3390/1671/2719 3397/1684/2726 3398/1685/2727 3391/1672/2720
f 3391/1672/2720 3398/1685/2727 3392/1673/2721 3385/1660/2714
f 3392/1673/2721 3399/868/2728 3400/1686/2729 3393/1674/2722
f 3393/1674/2722 3400/1686/2729 3401/1687/2730 3394/1675/2723
f 3394/1675/2723 3401/1687/2730 3402/1688/2731 3395/1676/2724
f 3396/1683/2725 3403/1091/2732 3404/1694/2733 3397/1684/2726
f 3397/1684/2726 3404/1694/2733 3405/1695/2734 3398/1685/2727
f 3398/1685/2727 3405/1695/2734 3399/868/2728 3392/1673/2721
f 3399/868/2728 3406/1696/2735 3407/1697/2736 3400/1686/2729
f 3400/1686/2729 3407/1697/2736 3408/1698/2737 3401/1687/2730
f 3401/1687/2730 3408/1698/2737 3409/1699/2738 3402/1688/2731
f 3403/1091/2732 3410/1706/2739 3411/1707/2740 3404/1694/2733
f 3404/1694/2733 3411/1707/2740 3412/1708/2741 3405/1695/2734
f 3405/1695/2734 3412/1708/2741 3406/1696/2735 3399/868/2728
f 3406/1696/2735 3413/1709/2742 3414/1710/2743 3407/1697/2736
f 3407/1697/2736 3414/1710/2743 3415/1711/2744 3408/1698/2737
f 3408/1698/2737 3415/1711/2744 3416/1712/2745 3409/1699/2738
f 3410/1706/2739 3417/1719/2746 3418/1720/2747 3411/1707/2740
f 3411/1707/2740 3418/1720/2747 3419/1721/2748 3412/1708/2741
f 3412/1708/2741 3419/1721/2748 3413/1709/2742 3406/1696/2735
f 3413/1709/2742 3420/864/2749 3421/1722/2750 3414/1710/2743
f 3414/1710/2743 3421/1722/2750 3422/1723/2751 3415/1711/2744
f 3415/1711/2744 3422/1723/2751 3423/1724/2752 3416/1712/2745
f 3417/1719/2746 3424/1074/2753 3425/1730/2754 3418/1720/2747
f 3418/1720/2747 3425/1730/2754 3426/1731/2755 3419/1721/2748
f 3419/1721/2748 3426/1731/2755 3420/864/2749 3413/1709/2742
f 3420/864/2749 3427/1732/2756 3428/1733/2757 3421/1722/2750
f 3421/1722/2750 3428/1733/2757 3429/1734/2758 3422/1723/2751
f 3422/1723/2751 3429/1734/2758 3430/1735/2759 3423/1724/2752
f 3424/1074/2753 3431/1742/2760 3432/1743/2761 3425/1730/2754
f 3425/1730/2754 3432/1743/2761 3433/1744/2762 3426/1731/2755
f 3426/1731/2755 3433/1744/2762 3427/1732/2756 3420/864/2749
f 3427/1732/2756 3434/1745/2763 3435/1746/2764 3428/1733/2757
f 3428/1733/2757 3435/1746/2764 3436/1747/2765 3429/1734/2758
f 3429/1734/2758 3436/1747/2765 3437/1748/2766 3430/1735/2759
f 3431/1742/2760 3438/1755/2767 3439/1756/2768 3432/1743/2761
f 3432/1743/2761 3439/1756/2768 3440/1757/2769 3433/1744/2762
f 3433/1744/2762 3440/1757/2769 3434/1745/2763 3427/1732/2756
f 3434/1745/2763 3441/860/2770 3442/1758/2771 3435/1746/2764
f 3435/1746/2764 3442/1758/2771 3443/1759/2772 3436/1747/2765
f 3436/1747/2765 3443/1759/2772 3444/1760/2773 3437/1748/2766
f 3438/1755/2767 3445/1048/2774 3446/1766/2775 3439/1756/2768
f 3439/1756/2768 3446/1766/2775 3447/1767/2776 3440/1757/2769
f 3440/1757/2769 3447/1767/2776 3441/860/2770 3434/1745/2763
f 3441/860/2770 3448/1768/2777 3449/1769/2778 3442/1758/2771
f 3442/1758/2771 3449/1769/2778 3450/1770/2779 3443/1759/2772
f 3443/1759/2772 3450/1770/2779 3451/1771/2780 3444/1760/2773
f 3445/1048/2774 3452/1778/2781 3453/1779/2782 3446/1766/2775
f 3446/1766/2775 3453/1779/2782 3454/1780/2783 3447/1767/2776
f 3447/1767/2776 3454/1780/2783 3448/1768/2777 3441/860/2770
f 3448/1768/2777 3455/1781/2784 3456/1782/2785 3449/1769/2778
f 3449/1769/2778 3456/1782/2785 3457/1783/2786 3450/1770/2779
f 3450/1770/2779 3457/1783/2786 3458/1784/2787 3451/1771/2780
f 3452/1778/2781 3459/1791/2788 3460/1792/2789 3453/1779/2782
f 3453/1779/2782 3460/1792/2789 3461/1793/2790 3454/1780/2783
f 3454/1780/2783 3461/1793/2790 3455/1781/2784 3448/1768/2777
f 3455/1781/2784 3462/856/2791 3463/1794/2792 3456/1782/2785
f 3456/1782/2785 3463/1794/2792 3464/1795/2793 3457/1783/2786
f 3457/1783/2786 3464/1795/2793 3465/1796/2794 3458/1784/2787
f 3459/1791/2788 3466/1030/2795 3467/1802/2796 3460/1792/2789
f 3460/1792/2789 3467/1802/2796 3468/1803/2797 3461/1793/2790
f 3461/1793/2790 3468/1803/2797 3462/856/2791 3455/1781/2784
f 3462/856/2791 3469/1804/2798 3470/1805/2799 3463/1794/2792
f 3463/1794/2792 3470/1805/2799 3471/1806/2800 3464/1795/2793
f 3464/1795/2793 3471/1806/2800 3472/1807/2801 3465/1796/2794
f 3466/1030/2795 3473/1814/2802 3474/1815/2803 3467/1802/2796
f 3467/1802/2796 3474/1815/2803 3475/1816/2804 3468/1803/2797
f 3468/1803/2797 3475/1816/2804 3469/1804/2798 3462/856/2791
f 3469/1804/2798 3476/1817/2805 3477/1818/2806 3470/1805/2799
f 3470/1805/2799 3477/1818/2806 3478/1819/2807 3471/1806/2800
f 3471/1806/2800 3478/1819/2807 3479/1820/2808 3472/1807/2801
f 3473/1814/2802 3480/1827/2809 3481/1828/2810 3474/1815/2803
f 3474/1815/2803 3481/1828/2810 3482/1829/2811 3475/1816/2804
f 3475/1816/2804 3482/1829/2811 3476/1817/2805 3469/1804/2798
f 3476/1817/2805 3147/852/2476 3148/1237/2477 3477/1818/2806
f 3477/1818/2806 3148/1237/2477 3149/1239/2478 3478/1819/2807
f 3478/1819/2807 3149/1239/2478 3150/1241/2479 3479/1820/2808
f 3151/1013/2480 3480/1827/2809 3473/1814/2802 3466/1030/2795 3459/1791/2788 3452/1778/2781 3445/1048/2774 3438/1755/2767 3431/1742/2760 3424/1074/2753 3417/1719/2746 3410/1706/2739 3403/1091/2732 3396/1683/2725 3389/1670/2718 3382/1109/2711 3375/1647/2704 3368/1634/2697 3361/1126/2690 3354/1611/2683 3347/1598/2676 3340/1585/2669 3333/1574/2662 3326/1558/2655 3319/1559/2648 3312/1524/2641 3305/1511/2634 3298/1498/2627 3291/1487/2620 3284/1474/2613 3277/1461/2606 3270/1450/2599 3263/1437/2592 3256/1424/2585 3249/1413/2578 3242/1400/2571 3235/1387/2564 3228/1376/2557 3221/1363/2550 3214/967/2543 3207/1340/2536 3200/1327/2529 3193/982/2522 3186/1304/2515 3179/1291/2508 3172/997/2501 3165/1268/2494 3158/1253/2487
f 3150/1241/2479 3157/1240/2486 3164/1261/2493 3171/1273/2500 3178/1284/2507 3185/1297/2514 3192/1309/2521 3199/1320/2528 3206/1333/2535 3213/1345/2542 3220/1356/2549 3227/1369/2556 3234/1381/2563 3241/1393/2570 3248/1406/2577 3255/1418/2584 3262/1430/2591 3269/1443/2598 3276/1455/2605 3283/1467/2612 3290/1480/2619 3297/1492/2626 3304/1504/2633 3311/1517/2640 3318/1545/2647 3325/1544/2654 3332/1567/2661 3339/1579/2668 3346/1591/2675 3353/1604/2682 3360/1616/2689 3367/1627/2696 3374/1640/2703 3381/1652/2710 3388/1663/2717 3395/1676/2724 3402/1688/2731 3409/1699/2738 3416/1712/2745 3423/1724/2752 3430/1735/2759 3437/1748/2766 3444/1760/2773 3451/1771/2780 3458/1784/2787 3465/1796/2794 3472/1807/2801 3479/1820/2808
f 3480/1827/2809 3151/1013/2480 3152/1255/2481 3481/1828/2810
f 3481/1828/2810 3152/1255/2481 3153/1257/2482 3482/1829/2811
f 3482/1829/2811 3153/1257/2482 3147/852/2476 3476/1817/2805
f 4444/852/3765 4445/1237/3766 4452/1236/3773 4451/1235/3772
f 4445/1237/3766 4446/1239/3767 4453/1238/3774 4452/1236/3773
f 4446/1239/3767 4447/1241/3768 4454/1240/3775 4453/1238/3774
f 4448/1013/3769 4449/1255/3770 4456/1254/3777 4455/1253/3776
f 4449/1255/3770 4450/1257/3771 4457/1256/3778 4456/1254/3777
f 4450/1257/3771 4444/852/3765 4451/1235/3772 4457/1256/3778
f 4451/1235/3772 4452/1236/3773 4459/1259/3780 4458/1258/3779
f 4452/1236/3773 4453/1238/3774 4460/1260/3781 4459/1259/3780
f 4453/1238/3774 4454/1240/3775 4461/1261/3782 4460/1260/3781
f 4455/1253/3776 4456/1254/3777 4463/1269/3784 4462/1268/3783
f 4456/1254/3777 4457/1256/3778 4464/1270/3785 4463/1269/3784
f 4457/1256/3778 4451/1235/3772 4458/1258/3779 4464/1270/3785
f 4458/1258/3779 4459/1259/3780 4466/1271/3787 4465/848/3786
f 4459/1259/3780 4460/1260/3781 4467/1272/3788 4466/1271/3787
f 4460/1260/3781 4461/1261/3782 4468/1273/3789 4467/1272/3788
f 4462/1268/3783 4463/1269/3784 4470/1279/3791 4469/997/3790
f 4463/1269/3784 4464/1270/3785 4471/1280/3792 4470/1279/3791
f 4464/1270/3785 4458/1258/3779 4465/848/3786 4471/1280/3792
f 4465/848/3786 4466/1271/3787 4473/1282/3794 4472/1281/3793
f 4466/1271/3787 4467/1272/3788 4474/1283/3795 4473/1282/3794
f 4467/1272/3788 4468/1273/3789 4475/1284/3796 4474/1283/3795
f 4469/997/3790 4470/1279/3791 4477/1292/3798 4476/1291/3797
f 4470/1279/3791 4471/1280/3792 4478/1293/3799 4477/1292/3798
f 4471/1280/3792 4465/848/3786 4472/1281/3793 4478/1293/3799
f 4472/1281/3793 4473/1282/3794 4480/1295/3801 4479/1294/3800
f 4473/1282/3794 4474/1283/3795 4481/1296/3802 4480/1295/3801
f 4474/1283/3795 4475/1284/3796 4482/1297/3803 4481/1296/3802
f 4476/1291/3797 4477/1292/3798 4484/1305/3805 4483/1304/3804
f 4477/1292/3798 4478/1293/3799 4485/1306/3806 4484/1305/3805
f 4478/1293/3799 4472/1281/3793 4479/1294/3800 4485/1306/3806
f 4479/1294/3800 4480/1295/3801 4487/1307/3808 4486/844/3807
f 4480/1295/3801 4481/1296/3802 4488/1308/3809 4487/1307/3808
f 4481/1296/3802 4482/1297/3803 4489/1309/3810 4488/1308/3809
f 4483/1304/3804 4484/1305/3805 4491/1315/3812 4490/982/3811
f 4484/1305/3805 4485/1306/3806 4492/1316/3813 4491/1315/3812
f 4485/1306/3806 4479/1294/3800 4486/844/3807 4492/1316/3813
f 4486/844/3807 4487/1307/3808 4494/1318/3815 4493/1317/3814
f 4487/1307/3808 4488/1308/3809 4495/1319/3816 4494/1318/3815
f 4488/1308/3809 4489/1309/3810 4496/1320/3817 4495/1319/3816
f 4490/982/3811 4491/1315/3812 4498/1328/3819 4497/1327/3818
f 4491/1315/3812 4492/1316/3813 4499/1329/3820 4498/1328/3819
f 4492/1316/3813 4486/844/3807 4493/1317/3814 4499/1329/3820
f 4493/1317/3814 4494/1318/3815 4501/1331/3822 4500/1330/3821
f 4494/1318/3815 4495/1319/3816 4502/1332/3823 4501/1331/3822
f 4495/1319/3816 4496/1320/3817 4503/1333/3824 4502/1332/3823
f 4497/1327/3818 4498/1328/3819 4505/1341/3826 4504/1340/3825
f 4498/1328/3819 4499/1329/3820 4506/1342/3827 4505/1341/3826
f 4499/1329/3820 4493/1317/3814 4500/1330/3821 4506/1342/3827
f 4500/1330/3821 4501/1331/3822 4508/1343/3829 4507/840/3828
f 4501/1331/3822 4502/1332/3823 4509/1344/3830 4508/1343/3829
f 4502/1332/3823 4503/1333/3824 4510/1345/3831 4509/1344/3830
f 4504/1340/3825 4505/1341/3826 4512/1351/3833 4511/967/3832
f 4505/1341/3826 4506/1342/3827 4513/1352/3834 4512/1351/3833
f 4506/1342/3827 4500/1330/3821 4507/840/3828 4513/1352/3834
f 4507/840/3828 4508/1343/3829 4515/1354/3836 4514/1353/3835
f 4508/1343/3829 4509/1344/3830 4516/1355/3837 4515/1354/3836
f 4509/1344/3830 4510/1345/3831 4517/1356/3838 4516/1355/3837
f 4511/967/3832 4512/1351/3833 4519/1364/3840 4518/1363/3839
f 4512/1351/3833 4513/1352/3834 4520/1365/3841 4519/1364/3840
f 4513/1352/3834 4507/840/3828 4514/1353/3835 4520/1365/3841
f 4514/1353/3835 4515/1354/3836 4522/1367/3843 4521/1366/3842
f 4515/1354/3836 4516/1355/3837 4523/1368/3844 4522/1367/3843
f 4516/1355/3837 4517/1356/3838 4524/1369/3845 4523/1368/3844
f 4518/1363/3839 4519/1364/3840 4526/1377/3847 4525/1376/3846
f 4519/1364/3840 4520/1365/3841 4527/1378/3848 4526/1377/3847
f 4520/1365/3841 4514/1353/3835 4521/1366/3842 4527/1378/3848
f 4521/1366/3842 4522/1367/3843 4529/1379/3850 4528/836/3849
f 4522/1367/3843 4523/1368/3844 4530/1380/3851 4529/1379/3850
f 4523/1368/3844 4524/1369/3845 4531/1381/3852 4530/1380/3851
f 4525/1376/3846 4526/1377/3847 4533/1388/3854 4532/1387/3853
f 4526/1377/3847 4527/1378/3848 4534/1389/3855 4533/1388/3854
f 4527/1378/3848 4521/1366/3842 4528/836/3849 4534/1389/3855
f 4528/836/3849 4529/1379/3850 4536/1391/3857 4535/1390/3856
f 4529/1379/3850 4530/1380/3851 4537/1392/3858 4536/1391/3857
f 4530/1380/3851 4531/1381/3852 4538/1393/3859 4537/1392/3858
f 4532/1387/3853 4533/1388/3854 4540/1401/3861 4539/1400/3860
f 4533/1388/3854 4534/1389/3855 4541/1402/3862 4540/1401/3861
f 4534/1389/3855 4528/836/3849 4535/1390/3856 4541/1402/3862
f 4535/1390/3856 4536/1391/3857 4543/1404/3864 4542/1403/3863
f 4536/1391/3857 4537/1392/3858 4544/1405/3865 4543/1404/3864
f 4537/1392/3858 4538/1393/3859 4545/1406/3866 4544/1405/3865
f 4539/1400/3860 4540/1401/3861 4547/1414/3868 4546/1413/3867
f 4540/1401/3861 4541/1402/3862 4548/1415/3869 4547/1414/3868
f 4541/1402/3862 4535/1390/3856 4542/1403/3863 4548/1415/3869
f 4542/1403/3863 4543/1404/3864 4550/1416/3871 4549/832/3870
f 4543/1404/3864 4544/1405/3865 4551/1417/3872 4550/1416/3871
f 4544/1405/3865 4545/1406/3866 4552/1418/3873 4551/1417/3872
f 4546/1413/3867 4547/1414/3868 4554/1425/3875 4553/1424/3874
f 4547/1414/3868 4548/1415/3869 4555/1426/3876 4554/1425/3875
f 4548/1415/3869 4542/1403/3863 4549/832/3870 4555/1426/3876
f 4549/832/3870 4550/1416/3871 4557/1428/3878 4556/1427/3877
f 4550/1416/3871 4551/1417/3872 4558/1429/3879 4557/1428/3878
f 4551/1417/3872 4552/1418/3873 4559/1430/3880 4558/1429/3879
f 4553/1424/3874 4554/1425/3875 4561/1438/3882 4560/1437/3881
f 4554/1425/3875 4555/1426/3876 4562/1439/3883 4561/1438/3882
f 4555/1426/3876 4549/832/3870 4556/1427/3877 4562/1439/3883
f 4556/1427/3877 4557/1428/3878 4564/1441/3885 4563/1440/3884
f 4557/1428/3878 4558/1429/3879 4565/1442/3886 4564/1441/3885
f 4558/1429/3879 4559/1430/3880 4566/1443/3887 4565/1442/3886
f 4560/1437/3881 4561/1438/3882 4568/1451/3889 4567/1450/3888
f 4561/1438/3882 4562/1439/3883 4569/1452/3890 4568/1451/3889
f 4562/1439/3883 4556/1427/3877 4563/1440/3884 4569/1452/3890
f 4563/1440/3884 4564/1441/3885 4571/1453/3892 4570/828/3891
f 4564/1441/3885 4565/1442/3886 4572/1454/3893 4571/1453/3892
f 4565/1442/3886 4566/1443/3887 4573/1455/3894 4572/1454/3893
f 4567/1450/3888 4568/1451/3889 4575/1462/3896 4574/1461/3895
f 4568/1451/3889 4569/1452/3890 4576/1463/3897 4575/1462/3896
f 4569/1452/3890 4563/1440/3884 4570/828/3891 4576/1463/3897
f 4570/828/3891 4571/1453/3892 4578/1465/3899 4577/1464/3898
f 4571/1453/3892 4572/1454/3893 4579/1466/3900 4578/1465/3899
f 4572/1454/3893 4573/1455/3894 4580/1467/3901 4579/1466/3900
f 4574/1461/3895 4575/1462/3896 4582/1475/3903 4581/1474/3902
f 4575/1462/3896 4576/1463/3897 4583/1476/3904 4582/1475/3903
f 4576/1463/3897 4570/828/3891 4577/1464/3898 4583/1476/3904
f 4577/1464/3898 4578/1465/3899 4585/1478/3906 4584/1477/3905
f 4578/1465/3899 4579/1466/3900 4586/1479/3907 4585/1478/3906
f 4579/1466/3900 4580/1467/3901 4587/1480/3908 4586/1479/3907
f 4581/1474/3902 4582/1475/3903 4589/1488/3910 4588/1487/3909
f 4582/1475/3903 4583/1476/3904 4590/1489/3911 4589/1488/3910
f 4583/1476/3904 4577/1464/3898 4584/1477/3905 4590/1489/3911
f 4584/1477/3905 4585/1478/3906 4592/1490/3913 4591/824/3912
f 4585/1478/3906 4586/1479/3907 4593/1491/3914 4592/1490/3913
f 4586/1479/3907 4587/1480/3908 4594/1492/3915 4593/1491/3914
f 4588/1487/3909 4589/1488/3910 4596/1499/3917 4595/1498/3916
f 4589/1488/3910 4590/1489/3911 4597/1500/3918 4596/1499/3917
f 4590/1489/3911 4584/1477/3905 4591/824/3912 4597/1500/3918
f 4591/824/3912 4592/1490/3913 4599/1502/3920 4598/1501/3919
f 4592/1490/3913 4593/1491/3914 4600/1503/3921 4599/1502/3920
f 4593/1491/3914 4594/1492/3915 4601/1504/3922 4600/1503/3921
f 4595/1498/3916 4596/1499/3917 4603/1512/3924 4602/1511/3923
f 4596/1499/3917 4597/1500/3918 4604/1513/3925 4603/1512/3924
f 4597/1500/3918 4591/824/3912 4598/1501/3919 4604/1513/3925
f 4598/1501/3919 4599/1502/3920 4606/1515/3927 4605/1514/3926
f 4599/1502/3920 4600/1503/3921 4607/1516/3928 4606/1515/3927
f 4600/1503/3921 4601/1504/3922 4608/1517/3929 4607/1516/3928
f 4602/1511/3923 4603/1512/3924 4610/1525/3931 4609/1524/3930
f 4603/1512/3924 4604/1513/3925 4611/1526/3932 4610/1525/3931
f 4604/1513/3925 4598/1501/3919 4605/1514/3926 4611/1526/3932
f 4605/1514/3926 4606/1515/3927 4613/1527/3934 4612/819/3933
f 4606/1515/3927 4607/1516/3928 4614/1528/3935 4613/1527/3934
f 4607/1516/3928 4608/1517/3929 4615/1529/3936 4614/1528/3935
f 4609/1524/3930 4610/1525/3931 4617/1536/3938 4616/1535/3937
f 4610/1525/3931 4611/1526/3932 4618/1537/3939 4617/1536/3938
f 4611/1526/3932 4605/1514/3926 4612/819/3933 4618/1537/3939
f 4612/1538/3933 4613/1541/3934 4620/1540/3941 4619/1539/3940
f 4613/1541/3934 4614/1543/3935 4621/1542/3942 4620/1540/3941
f 4614/1543/3935 4615/1545/3936 4622/1544/3943 4621/1542/3942
f 4616/1559/3937 4617/1561/3938 4624/1560/3945 4623/1558/3944
f 4617/1561/3938 4618/1563/3939 4625/1562/3946 4624/1560/3945
f 4618/1563/3939 4612/1538/3933 4619/1539/3940 4625/1562/3946
f 4619/1539/3940 4620/1540/3941 4627/1565/3948 4626/1564/3947
f 4620/1540/3941 4621/1542/3942 4628/1566/3949 4627/1565/3948
f 4621/1542/3942 4622/1544/3943 4629/1567/3950 4628/1566/3949
f 4623/1558/3944 4624/1560/3945 4631/1575/3952 4630/1574/3951
f 4624/1560/3945 4625/1562/3946 4632/1576/3953 4631/1575/3952
f 4625/1562/3946 4619/1539/3940 4626/1564/3947 4632/1576/3953
f 4626/1564/3947 4627/1565/3948 4634/1577/3955 4633/880/3954
f 4627/1565/3948 4628/1566/3949 4635/1578/3956 4634/1577/3955
f 4628/1566/3949 4629/1567/3950 4636/1579/3957 4635/1578/3956
f 4630/1574/3951 4631/1575/3952 4638/1586/3959 4637/1585/3958
f 4631/1575/3952 4632/1576/3953 4639/1587/3960 4638/1586/3959
f 4632/1576/3953 4626/1564/3947 4633/880/3954 4639/1587/3960
f 4633/880/3954 4634/1577/3955 4641/1589/3962 4640/1588/3961
f 4634/1577/3955 4635/1578/3956 4642/1590/3963 4641/1589/3962
f 4635/1578/3956 4636/1579/3957 4643/1591/3964 4642/1590/3963
f 4637/1585/3958 4638/1586/3959 4645/1599/3966 4644/1598/3965
f 4638/1586/3959 4639/1587/3960 4646/1600/3967 4645/1599/3966
f 4639/1587/3960 4633/880/3954 4640/1588/3961 4646/1600/3967
f 4640/1588/3961 4641/1589/3962 4648/1602/3969 4647/1601/3968
f 4641/1589/3962 4642/1590/3963 4649/1603/3970 4648/1602/3969
f 4642/1590/3963 4643/1591/3964 4650/1604/3971 4649/1603/3970
f 4644/1598/3965 4645/1599/3966 4652/1612/3973 4651/1611/3972
f 4645/1599/3966 4646/1600/3967 4653/1613/3974 4652/1612/3973
f 4646/1600/3967 4640/1588/3961 4647/1601/3968 4653/1613/3974
f 4647/1601/3968 4648/1602/3969 4655/1614/3976 4654/876/3975
f 4648/1602/3969 4649/1603/3970 4656/1615/3977 4655/1614/3976
f 4649/1603/3970 4650/1604/3971 4657/1616/3978 4656/1615/3977
f 4651/1611/3972 4652/1612/3973 4659/1622/3980 4658/1126/3979
f 4652/1612/3973 4653/1613/3974 4660/1623/3981 4659/1622/3980
f 4653/1613/3974 4647/1601/3968 4654/876/3975 4660/1623/3981
f 4654/876/3975 4655/1614/3976 4662/1625/3983 4661/1624/3982
f 4655/1614/3976 4656/1615/3977 4663/1626/3984 4662/1625/3983
f 4656/1615/3977 4657/1616/3978 4664/1627/3985 4663/1626/3984
f 4658/1126/3979 4659/1622/3980 4666/1635/3987 4665/1634/3986
f 4659/1622/3980 4660/1623/3981 4667/1636/3988 4666/1635/3987
f 4660/1623/3981 4654/876/3975 4661/1624/3982 4667/1636/3988
f 4661/1624/3982 4662/1625/3983 4669/1638/3990 4668/1637/3989
f 4662/1625/3983 4663/1626/3984 4670/1639/3991 4669/1638/3990
f 4663/1626/3984 4664/1627/3985 4671/1640/3992 4670/1639/3991
f 4665/1634/3986 4666/1635/3987 4673/1648/3994 4672/1647/3993
f 4666/1635/3987 4667/1636/3988 4674/1649/3995 4673/1648/3994
f 4667/1636/3988 4661/1624/3982 4668/1637/3989 4674/1649/3995
f 4668/1637/3989 4669/1638/3990 4676/1650/3997 4675/872/3996
f 4669/1638/3990 4670/1639/3991 4677/1651/3998 4676/1650/3997
f 4670/1639/3991 4671/1640/3992 4678/1652/3999 4677/1651/3998
f 4672/1647/3993 4673/1648/3994 4680/1658/4001 4679/1109/4000
f 4673/1648/3994 4674/1649/3995 4681/1659/4002 4680/1658/4001
f 4674/1649/3995 4668/1637/3989 4675/872/3996 4681/1659/4002
f 4675/872/3996 4676/1650/3997 4683/1661/4004 4682/1660/4003
f 4676/1650/3997 4677/1651/3998 4684/1662/4005 4683/1661/4004
f 4677/1651/3998 4678/1652/3999 4685/1663/4006 4684/1662/4005
f 4679/1109/4000 4680/1658/4001 4687/1671/4008 4686/1670/4007
f 4680/1658/4001 4681/1659/4002 4688/1672/4009 4687/1671/4008
f 4681/1659/4002 4675/872/3996 4682/1660/4003 4688/1672/4009
f 4682/1660/4003 4683/1661/4004 4690/1674/4011 4689/1673/4010
f 4683/1661/4004 4684/1662/4005 4691/1675/4012 4690/1674/4011
f 4684/1662/4005 4685/1663/4006 4692/1676/4013 4691/1675/4012
f 4686/1670/4007 4687/1671/4008 4694/1684/4015 4693/1683/4014
f 4687/1671/4008 4688/1672/4009 4695/1685/4016 4694/1684/4015
f 4688/1672/4009 4682/1660/4003 4689/1673/4010 4695/1685/4016
f 4689/1673/4010 4690/1674/4011 4697/1686/4018 4696/868/4017
f 4690/1674/4011 4691/1675/4012 4698/1687/4019 4697/1686/4018
f 4691/1675/4012 4692/1676/4013 4699/1688/4020 4698/1687/4019
f 4693/1683/4014 4694/1684/4015 4701/1694/4022 4700/1091/4021
f 4694/1684/4015 4695/1685/4016 4702/1695/4023 4701/1694/4022
f 4695/1685/4016 4689/1673/4010 4696/868/4017 4702/1695/4023
f 4696/868/4017 4697/1686/4018 4704/1697/4025 4703/1696/4024
f 4697/1686/4018 4698/1687/4019 4705/1698/4026 4704/1697/4025
f 4698/1687/4019 4699/1688/4020 4706/1699/4027 4705/1698/4026
f 4700/1091/4021 4701/1694/4022 4708/1707/4029 4707/1706/4028
f 4701/1694/4022 4702/1695/4023 4709/1708/4030 4708/1707/4029
f 4702/1695/4023 4696/868/4017 4703/1696/4024 4709/1708/4030
f 4703/1696/4024 4704/1697/4025 4711/1710/4032 4710/1709/4031
f 4704/1697/4025 4705/1698/4026 4712/1711/4033 4711/1710/4032
f 4705/1698/4026 4706/1699/4027 4713/1712/4034 4712/1711/4033
f 4707/1706/4028 4708/1707/4029 4715/1720/4036 4714/1719/4035
f 4708/1707/4029 4709/1708/4030 4716/1721/4037 4715/1720/4036
f 4709/1708/4030 4703/1696/4024 4710/1709/4031 4716/1721/4037
f 4710/1709/4031 4711/1710/4032 4718/1722/4039 4717/864/4038
f 4711/1710/4032 4712/1711/4033 4719/1723/4040 4718/1722/4039
f 4712/1711/4033 4713/1712/4034 4720/1724/4041 4719/1723/4040
f 4714/1719/4035 4715/1720/4036 4722/1730/4043 4721/1074/4042
f 4715/1720/4036 4716/1721/4037 4723/1731/4044 4722/1730/4043
f 4716/1721/4037 4710/1709/4031 4717/864/4038 4723/1731/4044
f 4717/864/4038 4718/1722/4039 4725/1733/4046 4724/1732/4045
f 4718/1722/4039 4719/1723/4040 4726/1734/4047 4725/1733/4046
f 4719/1723/4040 4720/1724/4041 4727/1735/4048 4726/1734/4047
f 4721/1074/4042 4722/1730/4043 4729/1743/4050 4728/1742/4049
f 4722/1730/4043 4723/1731/4044 4730/1744/4051 4729/1743/4050
f 4723/1731/4044 4717/864/4038 4724/1732/4045 4730/1744/4051
f 4724/1732/4045 4725/1733/4046 4732/1746/4053 4731/1745/4052
f 4725/1733/4046 4726/1734/4047 4733/1747/4054 4732/1746/4053
f 4726/1734/4047 4727/1735/4048 4734/1748/4055 4733/1747/4054
f 4728/1742/4049 4729/1743/4050 4736/1756/4057 4735/1755/4056
f 4729/1743/4050 4730/1744/4051 4737/1757/4058 4736/1756/4057
f 4730/1744/4051 4724/1732/4045 4731/1745/4052 4737/1757/4058
f 4731/1745/4052 4732/1746/4053 4739/1758/4060 4738/860/4059
f 4732/1746/4053 4733/1747/4054 4740/1759/4061 4739/1758/4060
f 4733/1747/4054 4734/1748/4055 4741/1760/4062 4740/1759/4061
f 4735/1755/4056 4736/1756/4057 4743/1766/4064 4742/1048/4063
f 4736/1756/4057 4737/1757/4058 4744/1767/4065 4743/1766/4064
f 4737/1757/4058 4731/1745/4052 4738/860/4059 4744/1767/4065
f 4738/860/4059 4739/1758/4060 4746/1769/4067 4745/1768/4066
f 4739/1758/4060 4740/1759/4061 4747/1770/4068 4746/1769/4067
f 4740/1759/4061 4741/1760/4062 4748/1771/4069 4747/1770/4068
f 4742/1048/4063 4743/1766/4064 4750/1779/4071 4749/1778/4070
f 4743/1766/4064 4744/1767/4065 4751/1780/4072 4750/1779/4071
f 4744/1767/4065 4738/860/4059 4745/1768/4066 4751/1780/4072
f 4745/1768/4066 4746/1769/4067 4753/1782/4074 4752/1781/4073
f 4746/1769/4067 4747/1770/4068 4754/1783/4075 4753/1782/4074
f 4747/1770/4068 4748/1771/4069 4755/1784/4076 4754/1783/4075
f 4749/1778/4070 4750/1779/4071 4757/1792/4078 4756/1791/4077
f 4750/1779/4071 4751/1780/4072 4758/1793/4079 4757/1792/4078
f 4751/1780/4072 4745/1768/4066 4752/1781/4073 4758/1793/4079
f 4752/1781/4073 4753/1782/4074 4760/1794/4081 4759/856/4080
f 4753/1782/4074 4754/1783/4075 4761/1795/4082 4760/1794/4081
f 4754/1783/4075 4755/1784/4076 4762/1796/4083 4761/1795/4082
f 4756/1791/4077 4757/1792/4078 4764/1802/4085 4763/1030/4084
f 4757/1792/4078 4758/1793/4079 4765/1803/4086 4764/1802/4085
f 4758/1793/4079 4752/1781/4073 4759/856/4080 4765/1803/4086
f 4759/856/4080 4760/1794/4081 4767/1805/4088 4766/1804/4087
f 4760/1794/4081 4761/1795/4082 4768/1806/4089 4767/1805/4088
f 4761/1795/4082 4762/1796/4083 4769/1807/4090 4768/1806/4089
f 4763/1030/4084 4764/1802/4085 4771/1815/4092 4770/1814/4091
f 4764/1802/4085 4765/1803/4086 4772/1816/4093 4771/1815/4092
f 4765/1803/4086 4759/856/4080 4766/1804/4087 4772/1816/4093
f 4766/1804/4087 4767/1805/4088 4774/1818/4095 4773/1817/4094
f 4767/1805/4088 4768/1806/4089 4775/1819/4096 4774/1818/4095
f 4768/1806/4089 4769/1807/4090 4776/1820/4097 4775/1819/4096
f 4770/1814/4091 4771/1815/4092 4778/1828/4099 4777/1827/4098
f 4771/1815/4092 4772/1816/4093 4779/1829/4100 4778/1828/4099
f 4772/1816/4093 4766/1804/4087 4773/1817/4094 4779/1829/4100
f 4773/1817/4094 4774/1818/4095 4445/1237/3766 4444/852/3765
f 4774/1818/4095 4775/1819/4096 4446/1239/3767 4445/1237/3766
f 4775/1819/4096 4776/1820/4097 4447/1241/3768 4446/1239/3767
f 4448/1013/3769 4455/1253/3776 4462/1268/3783 4469/997/3790 4476/1291/3797 4483/1304/3804 4490/982/3811 4497/1327/3818 4504/1340/3825 4511/967/3832 4518/1363/3839 4525/1376/3846 4532/1387/3853 4539/1400/3860 4546/1413/3867 4553/1424/3874 4560/1437/3881 4567/1450/3888 4574/1461/3895 4581/1474/3902 4588/1487/3909 4595/1498/3916 4602/1511/3923 4609/1524/3930 4616/1559/3937 4623/1558/3944 4630/1574/3951 4637/1585/3958 4644/1598/3965 4651/1611/3972 4658/1126/3979 4665/1634/3986 4672/1647/3993 4679/1109/4000 4686/1670/4007 4693/1683/4014 4700/1091/4021 4707/1706/4028 4714/1719/4035 4721/1074/4042 4728/1742/4049 4735/1755/4056 4742/1048/4063 4749/1778/4070 4756/1791/4077 4763/1030/4084 4770/1814/4091 4777/1827/4098
f 4447/1241/3768 4776/1820/4097 4769/1807/4090 4762/1796/4083 4755/1784/4076 4748/1771/4069 4741/1760/4062 4734/1748/4055 4727/1735/4048 4720/1724/4041 4713/1712/4034 4706/1699/4027 4699/1688/4020 4692/1676/4013 4685/1663/4006 4678/1652/3999 4671/1640/3992 4664/1627/3985 4657/1616/3978 4650/1604/3971 4643/1591/3964 4636/1579/3957 4629/1567/3950 4622/1544/3943 4615/1545/3936 4608/1517/3929 4601/1504/3922 4594/1492/3915 4587/1480/3908 4580/1467/3901 4573/1455/3894 4566/1443/3887 4559/1430/3880 4552/1418/3873 4545/1406/3866 4538/1393/3859 4531/1381/3852 4524/1369/3845 4517/1356/3838 4510/1345/3831 4503/1333/3824 4496/1320/3817 4489/1309/3810 4482/1297/3803 4475/1284/3796 4468/1273/3789 4461/1261/3782 4454/1240/3775
f 4777/1827/4098 4778/1828/4099 4449/1255/3770 4448/1013/3769
f 4778/1828/4099 4779/1829/4100 4450/1257/3771 4449/1255/3770
f 4779/1829/4100 4773/1817/4094 4444/852/3765 4450/1257/3771
o tap
v 9.831891 7.245697 -3.764418
v 9.831891 7.712533 -3.764418
v 9.877429 7.245697 -3.759933
v 9.877429 7.712533 -3.759933
v 9.921216 7.245697 -3.746650
v 9.921216 7.712533 -3.746650
v 9.961571 7.245697 -3.725080
v 9.961571 7.712533 -3.725080
v 9.996943 7.245697 -3.696051
v 9.996943 7.712533 -3.696051
v 10.025970 7.245697 -3.660680
v 10.025970 7.712533 -3.660680
v 10.047541 7.245697 -3.620325
v 10.047541 7.712533 -3.620325
v 10.060823 7.245697 -3.576537
v 10.060823 7.712533 -3.576537
v 10.065309 7.245697 -3.531000
v 10.065309 7.712533 -3.531000
v 10.060823 7.245697 -3.485462
v 10.060823 7.712533 -3.485462
v 10.047541 7.245697 -3.441674
v 10.047541 7.712533 -3.441674
v 10.025970 7.245697 -3.401320
v 10.025970 7.712533 -3.401320
v 9.996943 7.245697 -3.365948
v 9.996943 7.712533 -3.365948
v 9.961571 7.245697 -3.336920
v 9.961571 7.712533 -3.336920
v 9.921216 7.245697 -3.315350
v 9.921216 7.712533 -3.315350
v 9.877429 7.245697 -3.302067
v 9.877429 7.712533 -3.302067
v 9.831891 7.245697 -3.297582
v 9.831891 7.712533 -3.297582
v 9.786353 7.245697 -3.302067
v 9.786353 7.712533 -3.302067
v 9.742566 7.245697 -3.315350
v 9.742566 7.712533 -3.315350
v 9.702211 7.245697 -3.336920
v 9.702211 7.712533 -3.336920
v 9.666840 7.245697 -3.365948
v 9.666840 7.712533 -3.365948
v 9.637812 7.245697 -3.401320
v 9.637812 7.712533 -3.401320
v 9.616241 7.245697 -3.441674
v 9.616241 7.712533 -3.441674
v 9.602959 7.245697 -3.485462
v 9.602959 7.712533 -3.485462
v 9.598474 7.245697 -3.531000
v 9.598474 7.712533 -3.531000
v 9.602959 7.245697 -3.576537
v 9.602959 7.712533 -3.576537
v 9.616241 7.245697 -3.620325
v 9.616241 7.712533 -3.620325
v 9.637812 7.245697 -3.660680
v 9.637812 7.712533 -3.660680
v 9.666840 7.245697 -3.696051
v 9.666840 7.712533 -3.696051
v 9.702211 7.245697 -3.725080
v 9.702211 7.712533 -3.725080
v 9.742566 7.245697 -3.746650
v 9.742566 7.712533 -3.746650
v 9.786353 7.245697 -3.759933
v 9.786353 7.712533 -3.759933
v 9.831892 6.687325 -3.594421
v 9.831892 9.109251 -3.594421
v 9.844265 6.687325 -3.593202
v 9.844265 9.109251 -3.593202
v 9.856162 6.687325 -3.589593
v 9.856162 9.109251 -3.589593
v 9.867127 6.687325 -3.583733
v 9.867127 9.109251 -3.583733
v 9.876738 6.687325 -3.575845
v 9.876738 9.109251 -3.575845
v 9.884624 6.687325 -3.566235
v 9.884624 9.109251 -3.566235
v 9.890486 6.687325 -3.555270
v 9.890486 9.109251 -3.555270
v 9.894094 6.687325 -3.543373
v 9.894094 9.109251 -3.543373
v 9.895313 6.687325 -3.531000
v 9.895313 9.109251 -3.531000
v 9.894094 6.687325 -3.518627
v 9.894094 9.109251 -3.518627
v 9.890486 6.687325 -3.506730
v 9.890486 9.109251 -3.506730
v 9.884624 6.687325 -3.495765
v 9.884624 9.109251 -3.495765
v 9.876738 6.687325 -3.486155
v 9.876738 9.109251 -3.486155
v 9.867127 6.687325 -3.478267
v 9.867127 9.109251 -3.478267
v 9.856162 6.687325 -3.472407
v 9.856162 9.109251 -3.472407
v 9.844265 6.687325 -3.468798
v 9.844265 9.109251 -3.468798
v 9.831892 6.687325 -3.467579
v 9.831892 9.109251 -3.467579
v 9.819520 6.687325 -3.468798
v 9.819520 9.109251 -3.468798
v 9.807622 6.687325 -3.472407
v 9.807622 9.109251 -3.472407
v 9.796658 6.687325 -3.478267
v 9.796658 9.109251 -3.478267
v 9.787047 6.687325 -3.486155
v 9.787047 9.109251 -3.486155
v 9.779160 6.687325 -3.495765
v 9.779160 9.109251 -3.495765
v 9.773299 6.687325 -3.506730
v 9.773299 9.109251 -3.506730
v 9.769691 6.687325 -3.518627
v 9.769691 9.109251 -3.518627
v 9.768472 6.687325 -3.531000
v 9.768472 9.109251 -3.531000
v 9.769691 6.687325 -3.543373
v 9.769691 9.109251 -3.543373
v 9.773299 6.687325 -3.555270
v 9.773299 9.109251 -3.555270
v 9.779160 6.687325 -3.566235
v 9.779160 9.109251 -3.566235
v 9.787047 6.687325 -3.575845
v 9.787047 9.109251 -3.575845
v 9.796658 6.687325 -3.583733
v 9.796658 9.109251 -3.583733
v 9.807622 6.687325 -3.589593
v 9.807622 9.109251 -3.589593
v 9.819520 6.687325 -3.593202
v 9.819520 9.109251 -3.593202
v 9.831893 9.215752 -3.583340
v 9.844266 9.215499 -3.582148
v 9.856163 9.214751 -3.578617
v 9.867128 9.213536 -3.572884
v 9.876739 9.211902 -3.565168
v 9.884625 9.209909 -3.555766
v 9.890487 9.207638 -3.545039
v 9.894095 9.205172 -3.533401
v 9.895314 9.202607 -3.521296
v 9.894095 9.200043 -3.509192
v 9.890487 9.197577 -3.497553
v 9.884625 9.195304 -3.486827
v 9.876739 9.193313 -3.477425
v 9.867128 9.191678 -3.469709
v 9.856163 9.190463 -3.463975
v 9.844266 9.189715 -3.460445
v 9.831893 9.189463 -3.459253
v 9.819521 9.189715 -3.460445
v 9.807623 9.190463 -3.463975
v 9.796659 9.191678 -3.469709
v 9.787048 9.193313 -3.477425
v 9.779160 9.195304 -3.486827
v 9.773300 9.197577 -3.497553
v 9.769691 9.200043 -3.509192
v 9.768473 9.202607 -3.521296
v 9.769691 9.205172 -3.533401
v 9.773300 9.207638 -3.545039
v 9.779160 9.209909 -3.555766
v 9.787048 9.211902 -3.565168
v 9.796659 9.213536 -3.572884
v 9.807623 9.214751 -3.578617
v 9.819521 9.215499 -3.582148
v 9.831894 9.317644 -3.550426
v 9.844267 9.317149 -3.549313
v 9.856164 9.315685 -3.546013
v 9.867129 9.313309 -3.540656
v 9.876740 9.310111 -3.533447
v 9.884626 9.306213 -3.524662
v 9.890488 9.301767 -3.514639
v 9.894096 9.296943 -3.503764
v 9.895315 9.291925 -3.492454
v 9.894096 9.286907 -3.481144
v 9.890488 9.282084 -3.470269
v 9.884626 9.277637 -3.460247
v 9.876740 9.273740 -3.451462
v 9.867129 9.270541 -3.444252
v 9.856164 9.268165 -3.438895
v 9.844267 9.266701 -3.435596
v 9.831894 9.266207 -3.434482
v 9.819521 9.266701 -3.435596
v 9.807624 9.268165 -3.438895
v 9.796659 9.270541 -3.444252
v 9.787048 9.273740 -3.451462
v 9.779161 9.277637 -3.460247
v 9.773301 9.282084 -3.470269
v 9.769691 9.286907 -3.481144
v 9.768474 9.291925 -3.492454
v 9.769691 9.296943 -3.503764
v 9.773301 9.301767 -3.514639
v 9.779161 9.306213 -3.524662
v 9.787048 9.310111 -3.533447
v 9.796659 9.313309 -3.540656
v 9.807624 9.315685 -3.546013
v 9.819521 9.317149 -3.549313
v 9.831895 9.410501 -3.497109
v 9.844268 9.409787 -3.496122
v 9.856165 9.407671 -3.493198
v 9.867130 9.404236 -3.488450
v 9.876740 9.399612 -3.482059
v 9.884627 9.393979 -3.474273
v 9.890489 9.387552 -3.465390
v 9.894097 9.380578 -3.455751
v 9.895316 9.373326 -3.445726
v 9.894097 9.366074 -3.435702
v 9.890489 9.359099 -3.426063
v 9.884627 9.352673 -3.417180
v 9.876740 9.347039 -3.409393
v 9.867130 9.342416 -3.403003
v 9.856165 9.338981 -3.398255
v 9.844268 9.336864 -3.395331
v 9.831895 9.336150 -3.394343
v 9.819522 9.336864 -3.395331
v 9.807625 9.338981 -3.398255
v 9.796660 9.342416 -3.403003
v 9.787049 9.347039 -3.409393
v 9.779162 9.352673 -3.417180
v 9.773302 9.359099 -3.426063
v 9.769692 9.366074 -3.435702
v 9.768475 9.373326 -3.445726
v 9.769692 9.380578 -3.455751
v 9.773302 9.387552 -3.465390
v 9.779162 9.393979 -3.474273
v 9.787049 9.399612 -3.482059
v 9.796660 9.404236 -3.488450
v 9.807625 9.407671 -3.493198
v 9.819522 9.409787 -3.496122
v 9.831896 9.490293 -3.425704
v 9.844269 9.489388 -3.424886
v 9.856166 9.486713 -3.422464
v 9.867130 9.482368 -3.418531
v 9.876741 9.476521 -3.413238
v 9.884628 9.469396 -3.406788
v 9.890490 9.461267 -3.399430
v 9.894098 9.452447 -3.391445
v 9.895317 9.443274 -3.383142
v 9.894098 9.434101 -3.374839
v 9.890490 9.425282 -3.366854
v 9.884628 9.417152 -3.359496
v 9.876741 9.410028 -3.353046
v 9.867130 9.404181 -3.347753
v 9.856166 9.399836 -3.343820
v 9.844269 9.397160 -3.341398
v 9.831896 9.396255 -3.340580
v 9.819523 9.397160 -3.341398
v 9.807626 9.399836 -3.343820
v 9.796661 9.404181 -3.347753
v 9.787050 9.410028 -3.353046
v 9.779163 9.417152 -3.359496
v 9.773303 9.425282 -3.366854
v 9.769693 9.434101 -3.374839
v 9.768475 9.443274 -3.383142
v 9.769693 9.452447 -3.391445
v 9.773303 9.461267 -3.399430
v 9.779163 9.469396 -3.406788
v 9.787050 9.476521 -3.413238
v 9.796661 9.482368 -3.418531
v 9.807626 9.486713 -3.422464
v 9.819523 9.489388 -3.424886
v 9.831897 9.553551 -3.339312
v 9.844270 9.552497 -3.338699
v 9.856167 9.549377 -3.336884
v 9.867131 9.544312 -3.333937
v 9.876742 9.537495 -3.329971
v 9.884629 9.529188 -3.325138
v 9.890491 9.519711 -3.319624
v 9.894099 9.509427 -3.313641
v 9.895318 9.498733 -3.307419
v 9.894099 9.488037 -3.301197
v 9.890491 9.477755 -3.295214
v 9.884629 9.468277 -3.289700
v 9.876742 9.459970 -3.284867
v 9.867131 9.453153 -3.280901
v 9.856167 9.448087 -3.277954
v 9.844270 9.444967 -3.276139
v 9.831897 9.443913 -3.275526
v 9.819524 9.444967 -3.276139
v 9.807627 9.448087 -3.277954
v 9.796662 9.453153 -3.280901
v 9.787051 9.459970 -3.284867
v 9.779164 9.468277 -3.289700
v 9.773304 9.477755 -3.295214
v 9.769694 9.488037 -3.301197
v 9.768476 9.498733 -3.307419
v 9.769694 9.509427 -3.313641
v 9.773304 9.519711 -3.319624
v 9.779164 9.529188 -3.325138
v 9.787051 9.537495 -3.329971
v 9.796662 9.544312 -3.333937
v 9.807627 9.549377 -3.336884
v 9.819524 9.552497 -3.338699
v 9.831898 9.597530 -3.241684
v 9.844271 9.596373 -3.241304
v 9.856168 9.592945 -3.240175
v 9.867132 9.587378 -3.238341
v 9.876743 9.579886 -3.235874
v 9.884630 9.570758 -3.232868
v 9.890491 9.560344 -3.229438
v 9.894100 9.549044 -3.225716
v 9.895319 9.537292 -3.221846
v 9.894100 9.525539 -3.217976
v 9.890491 9.514239 -3.214254
v 9.884630 9.503825 -3.210824
v 9.876743 9.494697 -3.207818
v 9.867132 9.487206 -3.205351
v 9.856168 9.481639 -3.203517
v 9.844271 9.478211 -3.202388
v 9.831898 9.477053 -3.202008
v 9.819525 9.478211 -3.202388
v 9.807628 9.481639 -3.203517
v 9.796663 9.487206 -3.205351
v 9.787052 9.494697 -3.207818
v 9.779165 9.503825 -3.210824
v 9.773304 9.514239 -3.214254
v 9.769695 9.525539 -3.217976
v 9.768476 9.537292 -3.221846
v 9.769695 9.549044 -3.225716
v 9.773304 9.560344 -3.229438
v 9.779165 9.570758 -3.232868
v 9.787052 9.579886 -3.235874
v 9.796663 9.587378 -3.238341
v 9.807628 9.592945 -3.240175
v 9.819525 9.596373 -3.241304
v 9.831899 9.620320 -3.137062
v 9.844272 9.619108 -3.136930
v 9.856169 9.615521 -3.136535
v 9.867133 9.609695 -3.135895
v 9.876744 9.601855 -3.135035
v 9.884631 9.592302 -3.133986
v 9.890491 9.581403 -3.132789
v 9.894101 9.569577 -3.131490
v 9.895320 9.557279 -3.130139
v 9.894101 9.544979 -3.128789
v 9.890491 9.533153 -3.127490
v 9.884631 9.522254 -3.126293
v 9.876744 9.512701 -3.125244
v 9.867133 9.504860 -3.124383
v 9.856169 9.499035 -3.123743
v 9.844272 9.495447 -3.123349
v 9.831899 9.494236 -3.123217
v 9.819526 9.495447 -3.123349
v 9.807629 9.499035 -3.123743
v 9.796664 9.504860 -3.124383
v 9.787053 9.512701 -3.125244
v 9.779166 9.522254 -3.126293
v 9.773305 9.533153 -3.127490
v 9.769696 9.544979 -3.128789
v 9.768477 9.557279 -3.130139
v 9.769696 9.569577 -3.131490
v 9.773305 9.581403 -3.132789
v 9.779166 9.592302 -3.133986
v 9.787053 9.601855 -3.135035
v 9.796664 9.609695 -3.135895
v 9.807629 9.615521 -3.136535
v 9.819526 9.619108 -3.136930
v 9.831900 9.620932 -3.029988
v 9.844273 9.619719 -3.030109
v 9.856170 9.616127 -3.030467
v 9.867134 9.610295 -3.031049
v 9.876745 9.602448 -3.031832
v 9.884632 9.592884 -3.032785
v 9.890492 9.581973 -3.033873
v 9.894102 9.570135 -3.035054
v 9.895320 9.557823 -3.036281
v 9.894102 9.545511 -3.037509
v 9.890492 9.533672 -3.038690
v 9.884632 9.522762 -3.039778
v 9.876745 9.513199 -3.040732
v 9.867134 9.505350 -3.041514
v 9.856170 9.499519 -3.042096
v 9.844273 9.495928 -3.042454
v 9.831900 9.494715 -3.042575
v 9.819527 9.495928 -3.042454
v 9.807630 9.499519 -3.042096
v 9.796665 9.505350 -3.041514
v 9.787054 9.513199 -3.040732
v 9.779167 9.522762 -3.039778
v 9.773306 9.533672 -3.038690
v 9.769697 9.545511 -3.037509
v 9.768478 9.557823 -3.036281
v 9.769697 9.570135 -3.035054
v 9.773306 9.581973 -3.033873
v 9.779167 9.592884 -3.032785
v 9.787054 9.602448 -3.031832
v 9.796665 9.610295 -3.031049
v 9.807630 9.616127 -3.030467
v 9.819527 9.619719 -3.030109
v 9.831901 9.599337 -2.925112
v 9.844274 9.598175 -2.925482
v 9.856171 9.594736 -2.926577
v 9.867135 9.589151 -2.928355
v 9.876745 9.581636 -2.930747
v 9.884633 9.572478 -2.933662
v 9.890493 9.562030 -2.936988
v 9.894103 9.550694 -2.940596
v 9.895321 9.538903 -2.944349
v 9.894103 9.527113 -2.948102
v 9.890493 9.515777 -2.951711
v 9.884633 9.505329 -2.955036
v 9.876745 9.496171 -2.957951
v 9.867135 9.488655 -2.960344
v 9.856171 9.483070 -2.962121
v 9.844274 9.479631 -2.963216
v 9.831901 9.478470 -2.963586
v 9.819528 9.479631 -2.963216
v 9.807631 9.483070 -2.962121
v 9.796665 9.488655 -2.960344
v 9.787055 9.496171 -2.957951
v 9.779168 9.505329 -2.955036
v 9.773307 9.515777 -2.951711
v 9.769698 9.527113 -2.948102
v 9.768479 9.538903 -2.944349
v 9.769698 9.550694 -2.940596
v 9.773307 9.562030 -2.936988
v 9.779168 9.572478 -2.933662
v 9.787055 9.581636 -2.930747
v 9.796665 9.589151 -2.928355
v 9.807631 9.594736 -2.926577
v 9.819528 9.598175 -2.925482
v 9.831902 9.556475 -2.826989
v 9.844275 9.555415 -2.827592
v 9.856172 9.552278 -2.829376
v 9.867136 9.547182 -2.832272
v 9.876746 9.540326 -2.836171
v 9.884634 9.531971 -2.840920
v 9.890494 9.522439 -2.846339
v 9.894103 9.512096 -2.852219
v 9.895322 9.501341 -2.858334
v 9.894103 9.490584 -2.864449
v 9.890494 9.480242 -2.870329
v 9.884634 9.470710 -2.875748
v 9.876746 9.462355 -2.880497
v 9.867136 9.455498 -2.884396
v 9.856172 9.450403 -2.887292
v 9.844275 9.447266 -2.889076
v 9.831902 9.446207 -2.889679
v 9.819529 9.447266 -2.889076
v 9.807631 9.450403 -2.887292
v 9.796666 9.455498 -2.884396
v 9.787056 9.462355 -2.880497
v 9.779169 9.470710 -2.875748
v 9.773308 9.480242 -2.870329
v 9.769699 9.490584 -2.864449
v 9.768480 9.501341 -2.858334
v 9.769699 9.512096 -2.852219
v 9.773308 9.522439 -2.846339
v 9.779169 9.531971 -2.840920
v 9.787056 9.540326 -2.836171
v 9.796666 9.547182 -2.832272
v 9.807631 9.552278 -2.829376
v 9.819529 9.555415 -2.827592
v 9.831903 9.494205 -2.739881
v 9.844275 9.493295 -2.740690
v 9.856173 9.490595 -2.743085
v 9.867137 9.486211 -2.746975
v 9.876747 9.480311 -2.752210
v 9.884635 9.473122 -2.758588
v 9.890495 9.464920 -2.765865
v 9.894104 9.456020 -2.773760
v 9.895323 9.446766 -2.781972
v 9.894104 9.437510 -2.790184
v 9.890495 9.428611 -2.798079
v 9.884635 9.420409 -2.805356
v 9.876747 9.413220 -2.811734
v 9.867137 9.407320 -2.816969
v 9.856173 9.402936 -2.820859
v 9.844275 9.400236 -2.823254
v 9.831903 9.399325 -2.824063
v 9.819530 9.400236 -2.823254
v 9.807632 9.402936 -2.820859
v 9.796667 9.407320 -2.816969
v 9.787057 9.413220 -2.811734
v 9.779170 9.420409 -2.805356
v 9.773309 9.428611 -2.798079
v 9.769700 9.437510 -2.790184
v 9.768481 9.446766 -2.781972
v 9.769700 9.456020 -2.773760
v 9.773309 9.464920 -2.765865
v 9.779170 9.473122 -2.758588
v 9.787057 9.480311 -2.752210
v 9.796667 9.486211 -2.746975
v 9.807632 9.490595 -2.743085
v 9.819530 9.493295 -2.740690
v 9.831903 9.415236 -2.667570
v 9.844275 9.414512 -2.668550
v 9.856174 9.412367 -2.671453
v 9.867138 9.408884 -2.676167
v 9.876748 9.404198 -2.682511
v 9.884636 9.398486 -2.690240
v 9.890496 9.391972 -2.699059
v 9.894105 9.384901 -2.708628
v 9.895324 9.377548 -2.718579
v 9.894105 9.370196 -2.728531
v 9.890496 9.363127 -2.738100
v 9.884636 9.356612 -2.746919
v 9.876748 9.350901 -2.754648
v 9.867138 9.346213 -2.760992
v 9.856174 9.342731 -2.765706
v 9.844275 9.340587 -2.768608
v 9.831903 9.339863 -2.769589
v 9.819530 9.340587 -2.768608
v 9.807633 9.342731 -2.765706
v 9.796668 9.346213 -2.760992
v 9.787058 9.350901 -2.754648
v 9.779170 9.356612 -2.746919
v 9.773310 9.363127 -2.738100
v 9.769701 9.370196 -2.728531
v 9.768482 9.377548 -2.718579
v 9.769701 9.384901 -2.708628
v 9.773310 9.391972 -2.699059
v 9.779170 9.398486 -2.690240
v 9.787058 9.404198 -2.682511
v 9.796668 9.408884 -2.676167
v 9.807633 9.412367 -2.671453
v 9.819530 9.414512 -2.668550
v 9.831904 9.322992 -2.613196
v 9.844276 9.322487 -2.614305
v 9.856174 9.320991 -2.617590
v 9.867139 9.318561 -2.622923
v 9.876749 9.315290 -2.630100
v 9.884637 9.311306 -2.638846
v 9.890497 9.306760 -2.648824
v 9.894106 9.301826 -2.659650
v 9.895325 9.296697 -2.670909
v 9.894106 9.291567 -2.682169
v 9.890497 9.286633 -2.692995
v 9.884637 9.282087 -2.702972
v 9.876749 9.278103 -2.711718
v 9.867139 9.274832 -2.718896
v 9.856174 9.272402 -2.724229
v 9.844276 9.270905 -2.727513
v 9.831904 9.270401 -2.728622
v 9.819531 9.270905 -2.727513
v 9.807633 9.272402 -2.724229
v 9.796669 9.274832 -2.718896
v 9.787059 9.278103 -2.711718
v 9.779171 9.282087 -2.702972
v 9.773311 9.286633 -2.692995
v 9.769702 9.291567 -2.682169
v 9.768483 9.296697 -2.670909
v 9.769702 9.301826 -2.659650
v 9.773311 9.306760 -2.648824
v 9.779171 9.311306 -2.638846
v 9.787059 9.315290 -2.630100
v 9.796669 9.318561 -2.622923
v 9.807633 9.320991 -2.617590
v 9.819531 9.322487 -2.614305
v 9.831904 9.221482 -2.579122
v 9.844277 9.221218 -2.580312
v 9.856175 9.220435 -2.583835
v 9.867140 9.219163 -2.589556
v 9.876750 9.217452 -2.597255
v 9.884637 9.215366 -2.606637
v 9.890498 9.212987 -2.617340
v 9.894107 9.210404 -2.628954
v 9.895326 9.207720 -2.641032
v 9.894107 9.205034 -2.653110
v 9.890498 9.202453 -2.664724
v 9.884637 9.200073 -2.675426
v 9.876750 9.197988 -2.684808
v 9.867140 9.196276 -2.692508
v 9.856175 9.195004 -2.698229
v 9.844277 9.194221 -2.701751
v 9.831904 9.193956 -2.702941
v 9.819532 9.194221 -2.701751
v 9.807634 9.195004 -2.698229
v 9.796670 9.196276 -2.692508
v 9.787060 9.197988 -2.684808
v 9.779172 9.200073 -2.675426
v 9.773312 9.202453 -2.664724
v 9.769703 9.205034 -2.653110
v 9.768484 9.207720 -2.641032
v 9.769703 9.210404 -2.628954
v 9.773312 9.212987 -2.617340
v 9.779172 9.215366 -2.606637
v 9.787060 9.217452 -2.597255
v 9.796670 9.219163 -2.589556
v 9.807634 9.220435 -2.583835
v 9.819532 9.221218 -2.580312
v 9.831905 9.115115 -2.566827
v 9.844278 9.115104 -2.568045
v 9.856175 9.115067 -2.571654
v 9.867141 9.115008 -2.577515
v 9.876751 9.114930 -2.585401
v 9.884638 9.114834 -2.595011
v 9.890499 9.114725 -2.605975
v 9.894108 9.114605 -2.617872
v 9.895327 9.114482 -2.630244
v 9.894108 9.114359 -2.642617
v 9.890499 9.114241 -2.654513
v 9.884638 9.114131 -2.665477
v 9.876751 9.114035 -2.675087
v 9.867141 9.113956 -2.682975
v 9.856175 9.113897 -2.688835
v 9.844278 9.113861 -2.692443
v 9.831905 9.113850 -2.693662
v 9.819533 9.113861 -2.692443
v 9.807635 9.113897 -2.688835
v 9.796671 9.113956 -2.682975
v 9.787061 9.114035 -2.675087
v 9.779173 9.114131 -2.665477
v 9.773313 9.114241 -2.654513
v 9.769704 9.114359 -2.642617
v 9.768485 9.114482 -2.630244
v 9.769704 9.114605 -2.617872
v 9.773313 9.114725 -2.605975
v 9.779173 9.114834 -2.595011
v 9.787061 9.114930 -2.585401
v 9.796671 9.115008 -2.577515
v 9.807635 9.115067 -2.571654
v 9.819533 9.115104 -2.568045
v 10.018784 7.528063 -3.646168
v 10.118873 7.528063 -3.646168
v 10.018784 7.505595 -3.643955
v 10.118873 7.505595 -3.643955
v 10.018784 7.483991 -3.637401
v 10.118873 7.483991 -3.637401
v 10.018784 7.464079 -3.626759
v 10.118873 7.464079 -3.626759
v 10.018784 7.446627 -3.612436
v 10.118873 7.446627 -3.612436
v 10.018784 7.432304 -3.594984
v 10.118873 7.432304 -3.594984
v 10.018784 7.421662 -3.575073
v 10.118873 7.421662 -3.575073
v 10.018784 7.415108 -3.553468
v 10.118873 7.415108 -3.553468
v 10.018784 7.412895 -3.531000
v 10.118873 7.412895 -3.531000
v 10.018784 7.415108 -3.508531
v 10.118873 7.415108 -3.508531
v 10.018784 7.421662 -3.486927
v 10.118873 7.421662 -3.486927
v 10.018784 7.432304 -3.467016
v 10.118873 7.432304 -3.467016
v 10.018784 7.446627 -3.449564
v 10.118873 7.446627 -3.449564
v 10.018784 7.464079 -3.435241
v 10.118873 7.464079 -3.435241
v 10.018784 7.483991 -3.424598
v 10.118873 7.483991 -3.424598
v 10.018784 7.505595 -3.418044
v 10.118873 7.505595 -3.418044
v 10.018784 7.528063 -3.415831
v 10.118873 7.528063 -3.415831
v 10.018784 7.550532 -3.418044
v 10.118873 7.550532 -3.418044
v 10.018784 7.572136 -3.424598
v 10.118873 7.572136 -3.424598
v 10.018784 7.592048 -3.435241
v 10.118873 7.592048 -3.435241
v 10.018784 7.609500 -3.449564
v 10.118873 7.609500 -3.449564
v 10.018784 7.623822 -3.467016
v 10.118873 7.623822 -3.467016
v 10.018784 7.634465 -3.486927
v 10.118873 7.634465 -3.486927
v 10.018784 7.641019 -3.508531
v 10.118873 7.641019 -3.508531
v 10.018784 7.643232 -3.531000
v 10.118873 7.643232 -3.531000
v 10.018784 7.641019 -3.553468
v 10.118873 7.641019 -3.553468
v 10.018784 7.634465 -3.575073
v 10.118873 7.634465 -3.575073
v 10.018784 7.623822 -3.594984
v 10.118873 7.623822 -3.594984
v 10.018784 7.609500 -3.612436
v 10.118873 7.609500 -3.612436
v 10.018784 7.592048 -3.626759
v 10.118873 7.592048 -3.626759
v 10.018784 7.572136 -3.637401
v 10.118873 7.572136 -3.637401
v 10.018784 7.550532 -3.643955
v 10.118873 7.550532 -3.643955
v 10.106525 7.528063 -3.567078
v 10.313190 7.528063 -3.567078
v 10.106525 7.521025 -3.566385
v 10.313190 7.521025 -3.566385
v 10.106525 7.514256 -3.564332
v 10.313190 7.514256 -3.564332
v 10.106525 7.508019 -3.560997
v 10.313190 7.508019 -3.560997
v 10.106525 7.502552 -3.556511
v 10.313190 7.502552 -3.556511
v 10.106525 7.498065 -3.551044
v 10.313190 7.498065 -3.551044
v 10.106525 7.494731 -3.544806
v 10.313190 7.494731 -3.544806
v 10.106525 7.492678 -3.538038
v 10.313190 7.492678 -3.538038
v 10.106525 7.491985 -3.530999
v 10.313190 7.491985 -3.530999
v 10.106525 7.492678 -3.523961
v 10.313190 7.492678 -3.523961
v 10.106525 7.494731 -3.517193
v 10.313190 7.494731 -3.517193
v 10.106525 7.498065 -3.510955
v 10.313190 7.498065 -3.510955
v 10.106525 7.502552 -3.505488
v 10.313190 7.502552 -3.505488
v 10.106525 7.508019 -3.501001
v 10.313190 7.508019 -3.501001
v 10.106525 7.514256 -3.497667
v 10.313190 7.514256 -3.497667
v 10.106525 7.521025 -3.495614
v 10.313190 7.521025 -3.495614
v 10.106525 7.528063 -3.494921
v 10.313190 7.528063 -3.494921
v 10.106525 7.535102 -3.495614
v 10.313190 7.535102 -3.495614
v 10.106525 7.541870 -3.497667
v 10.313190 7.541870 -3.497667
v 10.106525 7.548107 -3.501001
v 10.313190 7.548107 -3.501001
v 10.106525 7.553575 -3.505488
v 10.313190 7.553575 -3.505488
v 10.106525 7.558061 -3.510955
v 10.313190 7.558061 -3.510955
v 10.106525 7.561395 -3.517193
v 10.313190 7.561395 -3.517193
v 10.106525 7.563448 -3.523961
v 10.313190 7.563448 -3.523961
v 10.106525 7.564142 -3.530999
v 10.313190 7.564142 -3.530999
v 10.106525 7.563448 -3.538038
v 10.313190 7.563448 -3.538038
v 10.106525 7.561395 -3.544806
v 10.313190 7.561395 -3.544806
v 10.106525 7.558061 -3.551044
v 10.313190 7.558061 -3.551044
v 10.106525 7.553575 -3.556511
v 10.313190 7.553575 -3.556511
v 10.106525 7.548107 -3.560997
v 10.313190 7.548107 -3.560997
v 10.106525 7.541870 -3.564332
v 10.313190 7.541870 -3.564332
v 10.106525 7.535102 -3.566385
v 10.313190 7.535102 -3.566385
v 10.291286 7.528063 -3.625117
v 10.350869 7.528063 -3.625117
v 10.291286 7.509702 -3.623308
v 10.350869 7.509702 -3.623308
v 10.291286 7.492046 -3.617952
v 10.350869 7.492046 -3.617952
v 10.291286 7.475775 -3.609255
v 10.350869 7.475775 -3.609255
v 10.291286 7.461513 -3.597550
v 10.350869 7.461513 -3.597550
v 10.291286 7.449808 -3.583288
v 10.350869 7.449808 -3.583288
v 10.291286 7.441111 -3.567017
v 10.350869 7.441111 -3.567017
v 10.291286 7.435755 -3.549361
v 10.350869 7.435755 -3.549361
v 10.291286 7.433947 -3.531000
v 10.350869 7.433947 -3.531000
v 10.291286 7.435755 -3.512638
v 10.350869 7.435755 -3.512638
v 10.291286 7.441111 -3.494983
v 10.350869 7.441111 -3.494983
v 10.291286 7.449808 -3.478711
v 10.350869 7.449808 -3.478711
v 10.291286 7.461513 -3.464449
v 10.350869 7.461513 -3.464449
v 10.291286 7.475775 -3.452744
v 10.350869 7.475775 -3.452744
v 10.291286 7.492046 -3.444047
v 10.350869 7.492046 -3.444047
v 10.291286 7.509702 -3.438691
v 10.350869 7.509702 -3.438691
v 10.291286 7.528063 -3.436883
v 10.350869 7.528063 -3.436883
v 10.291286 7.546425 -3.438691
v 10.350869 7.546425 -3.438691
v 10.291286 7.564080 -3.444047
v 10.350869 7.564080 -3.444047
v 10.291286 7.580352 -3.452744
v 10.350869 7.580352 -3.452744
v 10.291286 7.594614 -3.464449
v 10.350869 7.594614 -3.464449
v 10.291286 7.606319 -3.478711
v 10.350869 7.606319 -3.478711
v 10.291286 7.615016 -3.494983
v 10.350869 7.615016 -3.494983
v 10.291286 7.620372 -3.512638
v 10.350869 7.620372 -3.512638
v 10.291286 7.622180 -3.531000
v 10.350869 7.622180 -3.531000
v 10.291286 7.620372 -3.549361
v 10.350869 7.620372 -3.549361
v 10.291286 7.615016 -3.567017
v 10.350869 7.615016 -3.567017
v 10.291286 7.606319 -3.583288
v 10.350869 7.606319 -3.583288
v 10.291286 7.594614 -3.597550
v 10.350869 7.594614 -3.597550
v 10.291286 7.580352 -3.609255
v 10.350869 7.580352 -3.609255
v 10.291286 7.564080 -3.617952
v 10.350869 7.564080 -3.617952
v 10.291286 7.546425 -3.623308
v 10.350869 7.546425 -3.623308
v 10.316957 7.653270 -3.546928
v 10.316957 7.402872 -3.546928
v 10.313849 7.653270 -3.546622
v 10.313849 7.402872 -3.546622
v 10.310862 7.653270 -3.545715
v 10.310862 7.402872 -3.545715
v 10.308107 7.653270 -3.544243
v 10.308107 7.402872 -3.544243
v 10.305694 7.653270 -3.542263
v 10.305694 7.402872 -3.542263
v 10.303713 7.653270 -3.539849
v 10.303713 7.402872 -3.539849
v 10.302240 7.653270 -3.537095
v 10.302240 7.402872 -3.537095
v 10.301334 7.653270 -3.534107
v 10.301334 7.402872 -3.534107
v 10.301028 7.653270 -3.530999
v 10.301028 7.402872 -3.530999
v 10.301334 7.653270 -3.527892
v 10.301334 7.402872 -3.527892
v 10.302240 7.653270 -3.524904
v 10.302240 7.402872 -3.524904
v 10.303713 7.653270 -3.522150
v 10.303713 7.402872 -3.522150
v 10.305694 7.653270 -3.519736
v 10.305694 7.402872 -3.519736
v 10.308107 7.653270 -3.517755
v 10.308107 7.402872 -3.517755
v 10.310862 7.653270 -3.516283
v 10.310862 7.402872 -3.516283
v 10.313849 7.653270 -3.515377
v 10.313849 7.402872 -3.515377
v 10.316957 7.653270 -3.515071
v 10.316957 7.402872 -3.515071
v 10.320065 7.653270 -3.515377
v 10.320065 7.402872 -3.515377
v 10.323052 7.653270 -3.516283
v 10.323052 7.402872 -3.516283
v 10.325807 7.653270 -3.517755
v 10.325807 7.402872 -3.517755
v 10.328220 7.653270 -3.519736
v 10.328220 7.402872 -3.519736
v 10.330201 7.653270 -3.522150
v 10.330201 7.402872 -3.522150
v 10.331673 7.653270 -3.524904
v 10.331673 7.402872 -3.524904
v 10.332580 7.653270 -3.527892
v 10.332580 7.402872 -3.527892
v 10.332886 7.653270 -3.530999
v 10.332886 7.402872 -3.530999
v 10.332580 7.653270 -3.534107
v 10.332580 7.402872 -3.534107
v 10.331673 7.653270 -3.537095
v 10.331673 7.402872 -3.537095
v 10.330201 7.653270 -3.539849
v 10.330201 7.402872 -3.539849
v 10.328220 7.653270 -3.542263
v 10.328220 7.402872 -3.542263
v 10.325807 7.653270 -3.544243
v 10.325807 7.402872 -3.544243
v 10.323052 7.653270 -3.545715
v 10.323052 7.402872 -3.545715
v 10.320065 7.653270 -3.546622
v 10.320065 7.402872 -3.546622
v 10.316957 7.543996 -3.405796
v 10.316957 7.543996 -3.656195
v 10.313849 7.543690 -3.405796
v 10.313849 7.543690 -3.656195
v 10.310862 7.542784 -3.405796
v 10.310862 7.542784 -3.656195
v 10.308107 7.541312 -3.405796
v 10.308107 7.541312 -3.656195
v 10.305694 7.539331 -3.405796
v 10.305694 7.539331 -3.656195
v 10.303713 7.536917 -3.405796
v 10.303713 7.536917 -3.656195
v 10.302240 7.534163 -3.405796
v 10.302240 7.534163 -3.656195
v 10.301334 7.531175 -3.405796
v 10.301334 7.531175 -3.656195
v 10.301028 7.528068 -3.405796
v 10.301028 7.528068 -3.656195
v 10.301334 7.524960 -3.405796
v 10.301334 7.524960 -3.656195
v 10.302240 7.521972 -3.405796
v 10.302240 7.521972 -3.656195
v 10.303713 7.519218 -3.405796
v 10.303713 7.519218 -3.656195
v 10.305694 7.516805 -3.405796
v 10.305694 7.516805 -3.656195
v 10.308107 7.514823 -3.405796
v 10.308107 7.514823 -3.656195
v 10.310862 7.513351 -3.405796
v 10.310862 7.513351 -3.656195
v 10.313849 7.512445 -3.405796
v 10.313849 7.512445 -3.656195
v 10.316957 7.512139 -3.405796
v 10.316957 7.512139 -3.656195
v 10.320065 7.512445 -3.405796
v 10.320065 7.512445 -3.656195
v 10.323052 7.513351 -3.405796
v 10.323052 7.513351 -3.656195
v 10.325807 7.514823 -3.405796
v 10.325807 7.514823 -3.656195
v 10.328220 7.516805 -3.405796
v 10.328220 7.516805 -3.656195
v 10.330201 7.519218 -3.405796
v 10.330201 7.519218 -3.656195
v 10.331673 7.521972 -3.405796
v 10.331673 7.521972 -3.656195
v 10.332580 7.524960 -3.405796
v 10.332580 7.524960 -3.656195
v 10.332886 7.528068 -3.405796
v 10.332886 7.528068 -3.656195
v 10.332580 7.531175 -3.405796
v 10.332580 7.531175 -3.656195
v 10.331673 7.534163 -3.405796
v 10.331673 7.534163 -3.656195
v 10.330201 7.536917 -3.405796
v 10.330201 7.536917 -3.656195
v 10.328220 7.539331 -3.405796
v 10.328220 7.539331 -3.656195
v 10.325807 7.541312 -3.405796
v 10.325807 7.541312 -3.656195
v 10.323052 7.542784 -3.405796
v 10.323052 7.542784 -3.656195
v 10.320065 7.543690 -3.405796
v 10.320065 7.543690 -3.656195
vn -0.0000 -0.0000 -1.0000
vn 0.1951 -0.0000 -0.9808
vn 0.3827 -0.0000 -0.9239
vn 0.5556 -0.0000 -0.8315
vn 0.7071 -0.0000 -0.7071
vn 0.8315 -0.0000 -0.5556
vn 0.9239 -0.0000 -0.3827
vn 0.9808 -0.0000 -0.1951
vn 1.0000 -0.0000 -0.0000
vn 0.9808 -0.0000 0.1951
vn 0.9239 -0.0000 0.3827
vn 0.8315 -0.0000 0.5556
vn 0.7071 -0.0000 0.7071
vn 0.5556 -0.0000 0.8315
vn 0.3827 -0.0000 0.9239
vn 0.1951 -0.0000 0.9808
vn -0.0000 -0.0000 1.0000
vn -0.1951 -0.0000 0.9808
vn -0.3827 -0.0000 0.9239
vn -0.5556 -0.0000 0.8315
vn -0.7071 -0.0000 0.7071
vn -0.8315 -0.0000 0.5556
vn -0.9239 -0.0000 0.3827
vn -0.9808 -0.0000 0.1951
vn -1.0000 -0.0000 -0.0000
vn -0.9808 -0.0000 -0.1951
vn -0.9239 -0.0000 -0.3827
vn -0.8315 -0.0000 -0.5556
vn -0.7071 -0.0000 -0.7071
vn -0.5556 -0.0000 -0.8315
vn -0.3827 -0.0000 -0.9239
vn -0.0000 1.0000 -0.0000
vn -0.1951 -0.0000 -0.9808
vn -0.0000 -1.0000 -0.0000
vn -0.0000 0.0516 -0.9987
vn 0.1942 0.0507 -0.9796
vn 0.3811 0.0478 -0.9233
vn 0.5536 0.0431 -0.8317
vn 0.7050 0.0368 -0.7082
vn 0.8296 0.0290 -0.5576
vn 0.9225 0.0201 -0.3854
vn 0.9801 0.0105 -0.1982
vn 1.0000 0.0003 -0.0032
vn 0.9814 -0.0098 0.1920
vn 0.9248 -0.0196 0.3799
vn 0.8326 -0.0286 0.5531
vn 0.7082 -0.0366 0.7050
vn 0.5565 -0.0431 0.8297
vn 0.3834 -0.0479 0.9223
vn 0.1954 -0.0509 0.9794
vn -0.0000 -0.0519 0.9987
vn -0.1954 -0.0509 0.9794
vn -0.3834 -0.0479 0.9223
vn -0.5565 -0.0431 0.8297
vn -0.7082 -0.0366 0.7050
vn -0.8326 -0.0286 0.5531
vn -0.9248 -0.0196 0.3799
vn -0.9814 -0.0098 0.1920
vn -1.0000 0.0003 -0.0032
vn -0.9801 0.0105 -0.1982
vn -0.9225 0.0202 -0.3854
vn -0.8296 0.0290 -0.5576
vn -0.7050 0.0368 -0.7082
vn -0.5536 0.0431 -0.8317
vn -0.3811 0.0478 -0.9233
vn 0.8285 0.1157 -0.5480
vn 0.9216 0.0802 -0.3798
vn -0.1942 0.0507 -0.9796
vn 0.3804 0.1910 -0.9049
vn 0.1939 0.2026 -0.9599
vn 0.1939 0.3972 -0.8970
vn 0.3804 0.3744 -0.8456
vn 0.3850 -0.1904 0.9031
vn 0.1963 -0.2023 0.9594
vn -0.9820 -0.0390 0.1847
vn -1.0000 0.0013 -0.0064
vn 0.9262 -0.0779 0.3690
vn 0.8345 -0.1137 0.5392
vn -0.5586 -0.1712 0.8116
vn -0.7104 -0.1452 0.6887
vn -0.7039 0.1467 -0.6950
vn -0.5526 0.1722 -0.8155
vn 0.9795 0.0416 -0.1970
vn -0.0000 -0.2063 0.9785
vn -0.9795 0.0416 -0.1970
vn 0.5526 0.1721 -0.8155
vn 0.7104 -0.1453 0.6887
vn -0.8345 -0.1137 0.5392
vn -0.3804 0.1910 -0.9049
vn 1.0000 0.0013 -0.0064
vn -0.1963 -0.2023 0.9594
vn -0.9216 0.0802 -0.3798
vn 0.7039 0.1467 -0.6950
vn 0.5586 -0.1712 0.8116
vn -0.9262 -0.0778 0.3690
vn -0.1939 0.2026 -0.9599
vn 0.9820 -0.0390 0.1847
vn -0.3850 -0.1904 0.9031
vn -0.8285 0.1157 -0.5480
vn -0.0000 0.2066 -0.9784
vn 0.8285 0.2267 -0.5121
vn 0.7039 0.2876 -0.6495
vn 0.7039 0.4159 -0.5758
vn 0.8285 0.3279 -0.4540
vn -0.7039 0.2876 -0.6495
vn -0.5526 0.3374 -0.7621
vn 0.1963 -0.3968 0.8967
vn -0.0000 -0.4046 0.9145
vn 0.5526 0.3374 -0.7621
vn -0.3804 0.3744 -0.8456
vn -0.1963 -0.3968 0.8967
vn -0.1939 0.3972 -0.8970
vn -0.3850 -0.3735 0.8440
vn -0.0000 0.4049 -0.9144
vn -0.5586 -0.3356 0.7585
vn 0.9216 0.1571 -0.3550
vn -0.7104 -0.2848 0.6436
vn 0.9795 0.0815 -0.1841
vn -0.8345 -0.2230 0.5039
vn 1.0000 0.0026 -0.0060
vn -0.9262 -0.1526 0.3448
vn 0.9820 -0.0764 0.1726
vn -0.9820 -0.0764 0.1727
vn 0.9262 -0.1526 0.3448
vn -1.0000 0.0026 -0.0060
vn 0.8345 -0.2230 0.5039
vn -0.9795 0.0815 -0.1841
vn 0.7104 -0.2848 0.6436
vn -0.9216 0.1572 -0.3550
vn 0.5586 -0.3357 0.7585
vn -0.8285 0.2267 -0.5121
vn 0.3850 -0.3735 0.8440
vn 1.0000 0.0038 -0.0053
vn 0.9795 0.1179 -0.1632
vn 0.9795 0.1492 -0.1352
vn 1.0000 0.0048 -0.0044
vn -0.1939 0.5745 -0.7952
vn -0.0000 0.5856 -0.8106
vn -0.3850 -0.5403 0.7482
vn -0.5586 -0.4856 0.6725
vn 0.9216 0.2273 -0.3147
vn -0.7104 -0.4120 0.5706
vn -0.8345 -0.3226 0.4467
vn -0.9262 -0.2208 0.3057
vn 0.9820 -0.1106 0.1531
vn -0.9820 -0.1105 0.1531
vn 0.9262 -0.2208 0.3057
vn -1.0000 0.0038 -0.0053
vn 0.8345 -0.3226 0.4467
vn -0.9795 0.1179 -0.1632
vn 0.7104 -0.4121 0.5706
vn -0.9216 0.2273 -0.3147
vn 0.5586 -0.4856 0.6725
vn -0.8285 0.3279 -0.4540
vn 0.3850 -0.5403 0.7482
vn 0.1939 0.5745 -0.7952
vn -0.7039 0.4160 -0.5758
vn 0.1963 -0.5740 0.7950
vn 0.3804 0.5416 -0.7497
vn -0.5526 0.4881 -0.6756
vn -0.0000 -0.5854 0.8107
vn 0.5526 0.4880 -0.6756
vn -0.3804 0.5416 -0.7497
vn -0.1963 -0.5740 0.7950
vn 0.8345 -0.4082 0.3702
vn 0.9262 -0.2794 0.2533
vn 0.9262 -0.3258 0.1899
vn 0.8345 -0.4761 0.2775
vn -0.8345 -0.4082 0.3702
vn -0.9262 -0.2793 0.2533
vn 0.9820 -0.1399 0.1268
vn -0.9820 -0.1399 0.1268
vn -1.0000 0.0048 -0.0044
vn -0.9795 0.1492 -0.1352
vn 0.7104 -0.5214 0.4728
vn -0.9216 0.2876 -0.2607
vn 0.5586 -0.6144 0.5572
vn -0.8285 0.4149 -0.3762
vn 0.3850 -0.6836 0.6200
vn -0.0000 0.7409 -0.6716
vn 0.1939 0.7268 -0.6589
vn -0.7039 0.5263 -0.4771
vn 0.1964 -0.7263 0.6587
vn 0.3804 0.6852 -0.6211
vn -0.5526 0.6175 -0.5598
vn -0.0000 -0.7407 0.6718
vn 0.5526 0.6175 -0.5598
vn -0.3804 0.6852 -0.6211
vn -0.1964 -0.7263 0.6587
vn 0.7039 0.5263 -0.4771
vn -0.1939 0.7268 -0.6589
vn -0.3850 -0.6836 0.6200
vn 0.8285 0.4149 -0.3762
vn -0.5586 -0.6144 0.5572
vn 0.9216 0.2876 -0.2608
vn -0.7104 -0.5214 0.4728
vn 0.3850 -0.7973 0.4649
vn 0.5586 -0.7165 0.4178
vn 0.5586 -0.7876 0.2602
vn 0.3850 -0.8763 0.2895
vn -1.0000 0.0056 -0.0033
vn -0.9795 0.1740 -0.1014
vn 0.7104 -0.6080 0.3545
vn -0.9216 0.3354 -0.1955
vn -0.8285 0.4839 -0.2820
vn -0.0000 0.8640 -0.5035
vn 0.1939 0.8476 -0.4939
vn -0.7039 0.6137 -0.3577
vn 0.1964 -0.8471 0.4939
vn 0.3804 0.7990 -0.4656
vn -0.5526 0.7201 -0.4196
vn -0.0000 -0.8639 0.5037
vn 0.5526 0.7201 -0.4197
vn -0.3804 0.7990 -0.4656
vn -0.1964 -0.8471 0.4939
vn 0.7039 0.6137 -0.3577
vn -0.1939 0.8476 -0.4939
vn -0.3850 -0.7973 0.4649
vn 0.8285 0.4839 -0.2820
vn -0.5586 -0.7165 0.4178
vn 0.9216 0.3354 -0.1955
vn -0.7104 -0.6080 0.3545
vn 0.9795 0.1739 -0.1014
vn -0.8345 -0.4760 0.2775
vn 1.0000 0.0056 -0.0033
vn -0.9262 -0.3258 0.1899
vn 0.9820 -0.1631 0.0951
vn -0.9820 -0.1631 0.0951
vn -0.1964 -0.9310 0.3076
vn -0.0000 -0.9495 0.3137
vn -0.0000 -0.9939 0.1101
vn -0.1963 -0.9746 0.1080
vn -0.0000 0.9496 -0.3135
vn 0.1939 0.9316 -0.3075
vn -0.8285 0.5318 -0.1756
vn -0.7039 0.6745 -0.2227
vn 0.1964 -0.9310 0.3076
vn 0.3804 0.8782 -0.2899
vn -0.5526 0.7914 -0.2613
vn 0.5526 0.7914 -0.2613
vn -0.3804 0.8782 -0.2899
vn 0.7039 0.6745 -0.2227
vn -0.1939 0.9316 -0.3075
vn -0.3850 -0.8763 0.2895
vn 0.8285 0.5318 -0.1756
vn -0.5586 -0.7876 0.2602
vn 0.9216 0.3686 -0.1217
vn -0.7104 -0.6683 0.2208
vn 0.9795 0.1912 -0.0631
vn -0.8345 -0.5232 0.1728
vn 1.0000 0.0062 -0.0021
vn -0.9262 -0.3581 0.1183
vn 0.9820 -0.1793 0.0592
vn -0.9820 -0.1793 0.0592
vn 0.9262 -0.3581 0.1183
vn -1.0000 0.0062 -0.0020
vn 0.8345 -0.5232 0.1728
vn -0.9795 0.1912 -0.0631
vn 0.7104 -0.6683 0.2208
vn -0.9216 0.3686 -0.1217
vn -0.7104 -0.6995 0.0775
vn -0.5586 -0.8244 0.0913
vn -0.5586 -0.8254 -0.0815
vn -0.7104 -0.7004 -0.0692
vn 0.5526 0.8284 -0.0916
vn 0.7039 0.7060 -0.0781
vn -0.3804 0.9192 -0.1016
vn -0.1939 0.9751 -0.1078
vn -0.3850 -0.9173 0.1016
vn 0.8285 0.5566 -0.0616
vn -0.0000 0.9939 -0.1099
vn 0.9216 0.3859 -0.0427
vn 0.9795 0.2001 -0.0222
vn -0.8345 -0.5477 0.0606
vn 1.0000 0.0065 -0.0007
vn -0.9262 -0.3748 0.0415
vn 0.9820 -0.1877 0.0208
vn -0.9820 -0.1877 0.0208
vn 0.9262 -0.3748 0.0415
vn -1.0000 0.0065 -0.0007
vn 0.8345 -0.5477 0.0606
vn -0.9795 0.2001 -0.0221
vn 0.7104 -0.6995 0.0775
vn -0.9216 0.3859 -0.0427
vn 0.5586 -0.8244 0.0913
vn -0.8285 0.5566 -0.0615
vn 0.3850 -0.9173 0.1016
vn 0.1939 0.9751 -0.1078
vn -0.7039 0.7060 -0.0781
vn 0.1963 -0.9746 0.1080
vn 0.3804 0.9192 -0.1016
vn -0.5526 0.8284 -0.0916
vn -0.9820 -0.1879 -0.0186
vn -0.9262 -0.3753 -0.0371
vn -0.9262 -0.3594 -0.1141
vn -0.9820 -0.1800 -0.0571
vn 0.9216 0.3863 0.0382
vn 0.9795 0.2004 0.0198
vn -0.8345 -0.5484 -0.0542
vn 1.0000 0.0065 0.0006
vn 0.9820 -0.1879 -0.0186
vn 0.9262 -0.3753 -0.0371
vn -1.0000 0.0065 0.0006
vn 0.8345 -0.5484 -0.0542
vn -0.9795 0.2004 0.0198
vn 0.7104 -0.7004 -0.0692
vn -0.9216 0.3863 0.0382
vn 0.5586 -0.8254 -0.0815
vn -0.8285 0.5573 0.0552
vn 0.3850 -0.9185 -0.0907
vn -0.0000 0.9951 0.0985
vn 0.1939 0.9763 0.0966
vn -0.7039 0.7069 0.0700
vn 0.1963 -0.9758 -0.0964
vn 0.3804 0.9203 0.0911
vn -0.5526 0.8294 0.0821
vn -0.0000 -0.9952 -0.0983
vn 0.5526 0.8294 0.0821
vn -0.3804 0.9203 0.0911
vn -0.1963 -0.9758 -0.0964
vn 0.7039 0.7069 0.0700
vn -0.1939 0.9763 0.0967
vn -0.3850 -0.9185 -0.0907
vn 0.8285 0.5573 0.0551
vn -0.9216 0.3700 0.1175
vn -0.9795 0.1919 0.0609
vn -0.9795 0.1751 0.0994
vn -0.9216 0.3376 0.1916
vn 0.9820 -0.1800 -0.0571
vn 0.9262 -0.3594 -0.1141
vn -1.0000 0.0062 0.0020
vn 0.8345 -0.5252 -0.1667
vn 0.7104 -0.6708 -0.2129
vn 0.5586 -0.7906 -0.2509
vn -0.8285 0.5338 0.1695
vn 0.3850 -0.8797 -0.2791
vn -0.0000 0.9531 0.3026
vn 0.1939 0.9350 0.2969
vn -0.7039 0.6770 0.2150
vn 0.1963 -0.9346 -0.2965
vn 0.3804 0.8815 0.2799
vn -0.5526 0.7944 0.2522
vn -0.0000 -0.9532 -0.3024
vn 0.5526 0.7944 0.2522
vn -0.3804 0.8814 0.2799
vn -0.1963 -0.9346 -0.2965
vn 0.7039 0.6770 0.2149
vn -0.1939 0.9350 0.2969
vn -0.3850 -0.8797 -0.2791
vn 0.8285 0.5338 0.1695
vn -0.5586 -0.7906 -0.2508
vn 0.9216 0.3700 0.1175
vn -0.7104 -0.6709 -0.2129
vn 0.9795 0.1919 0.0609
vn -0.8345 -0.5252 -0.1667
vn 1.0000 0.0062 0.0020
vn 0.3804 0.8043 0.4565
vn 0.1939 0.8532 0.4842
vn 0.1939 0.7343 0.6506
vn 0.3804 0.6922 0.6133
vn 0.7104 -0.6122 -0.3473
vn 0.5586 -0.7214 -0.4093
vn -0.8285 0.4871 0.2764
vn 0.3850 -0.8028 -0.4554
vn -0.0000 0.8697 0.4936
vn -0.7039 0.6178 0.3506
vn 0.1963 -0.8529 -0.4838
vn -0.5526 0.7248 0.4114
vn -0.0000 -0.8698 -0.4934
vn 0.5526 0.7248 0.4114
vn -0.3804 0.8043 0.4565
vn -0.1963 -0.8529 -0.4838
vn 0.7039 0.6178 0.3506
vn -0.1939 0.8532 0.4842
vn -0.3850 -0.8028 -0.4554
vn 0.8285 0.4871 0.2764
vn -0.5586 -0.7214 -0.4093
vn 0.9216 0.3376 0.1916
vn -0.7104 -0.6122 -0.3473
vn 0.9795 0.1751 0.0994
vn -0.8345 -0.4793 -0.2719
vn 1.0000 0.0057 0.0032
vn -0.9262 -0.3280 -0.1861
vn 0.9820 -0.1642 -0.0932
vn -0.9820 -0.1642 -0.0932
vn 0.9262 -0.3280 -0.1861
vn -1.0000 0.0057 0.0032
vn 0.8345 -0.4793 -0.2719
vn 0.8285 0.4192 0.3714
vn 0.7039 0.5317 0.4710
vn 0.7039 0.4225 0.5710
vn 0.8285 0.3331 0.4502
vn -0.7039 0.5317 0.4710
vn -0.5526 0.6238 0.5527
vn 0.1963 -0.7341 -0.6501
vn -0.0000 -0.7487 -0.6630
vn 0.5526 0.6238 0.5527
vn -0.3804 0.6922 0.6133
vn -0.1963 -0.7341 -0.6501
vn -0.1939 0.7343 0.6506
vn -0.3850 -0.6909 -0.6119
vn -0.0000 0.7485 0.6631
vn -0.5586 -0.6210 -0.5499
vn 0.9216 0.2906 0.2574
vn -0.7104 -0.5269 -0.4666
vn 0.9795 0.1507 0.1335
vn -0.8345 -0.4125 -0.3653
vn 1.0000 0.0049 0.0043
vn -0.9262 -0.2823 -0.2500
vn 0.9820 -0.1413 -0.1252
vn -0.9820 -0.1413 -0.1252
vn 0.9262 -0.2823 -0.2500
vn -1.0000 0.0049 0.0043
vn 0.8345 -0.4125 -0.3654
vn -0.9795 0.1507 0.1335
vn 0.7104 -0.5269 -0.4666
vn -0.9216 0.2906 0.2574
vn 0.5586 -0.6209 -0.5499
vn -0.8285 0.4192 0.3714
vn 0.3850 -0.6909 -0.6119
vn 1.0000 0.0039 0.0052
vn 0.9795 0.1198 0.1618
vn 0.9795 0.0836 0.1831
vn 1.0000 0.0027 0.0059
vn -0.1939 0.5835 0.7886
vn -0.0000 0.5948 0.8039
vn -0.3850 -0.5491 -0.7418
vn -0.5586 -0.4935 -0.6667
vn 0.9216 0.2309 0.3121
vn -0.7104 -0.4187 -0.5657
vn -0.8345 -0.3278 -0.4429
vn -0.9262 -0.2244 -0.3031
vn 0.9820 -0.1123 -0.1518
vn -0.9820 -0.1123 -0.1518
vn 0.9262 -0.2243 -0.3031
vn -1.0000 0.0039 0.0052
vn 0.8345 -0.3278 -0.4429
vn -0.9795 0.1198 0.1618
vn 0.7104 -0.4187 -0.5657
vn -0.9216 0.2309 0.3121
vn 0.5586 -0.4935 -0.6667
vn -0.8285 0.3331 0.4502
vn 0.3850 -0.5491 -0.7418
vn 0.1939 0.5835 0.7886
vn -0.7039 0.4225 0.5710
vn 0.1963 -0.5834 -0.7881
vn 0.3804 0.5501 0.7434
vn -0.5526 0.4957 0.6700
vn -0.0000 -0.5950 -0.8037
vn 0.5526 0.4957 0.6700
vn -0.3804 0.5501 0.7434
vn -0.1963 -0.5834 -0.7881
vn 0.8345 -0.2289 -0.5012
vn 0.9262 -0.1566 -0.3430
vn 0.9262 -0.0821 -0.3681
vn 0.8345 -0.1201 -0.5378
vn -0.8345 -0.2289 -0.5012
vn -0.9262 -0.1567 -0.3430
vn 0.9820 -0.0784 -0.1718
vn -0.9820 -0.0784 -0.1717
vn -1.0000 0.0027 0.0059
vn -0.9795 0.0836 0.1831
vn 0.7104 -0.2924 -0.6402
vn -0.9216 0.1612 0.3531
vn 0.5586 -0.3446 -0.7545
vn -0.8285 0.2326 0.5095
vn 0.3850 -0.3835 -0.8395
vn -0.0000 0.4153 0.9097
vn 0.1939 0.4074 0.8924
vn -0.7039 0.2950 0.6462
vn 0.1963 -0.4074 -0.8919
vn 0.3804 0.3841 0.8413
vn -0.5526 0.3461 0.7582
vn -0.0000 -0.4155 -0.9096
vn 0.5526 0.3461 0.7582
vn -0.3804 0.3841 0.8413
vn -0.1963 -0.4074 -0.8919
vn 0.7039 0.2950 0.6462
vn -0.1939 0.4074 0.8924
vn -0.3850 -0.3835 -0.8395
vn 0.8285 0.2326 0.5095
vn -0.5586 -0.3446 -0.7545
vn 0.9216 0.1612 0.3531
vn -0.7104 -0.2924 -0.6402
vn 0.3850 -0.2011 -0.9007
vn 0.5586 -0.1807 -0.8095
vn 0.5565 -0.0956 -0.8253
vn 0.3832 -0.1063 -0.9175
vn -1.0000 0.0014 0.0064
vn -0.9795 0.0438 0.1965
vn 0.7104 -0.1534 -0.6869
vn -0.9216 0.0845 0.3789
vn -0.8285 0.1219 0.5466
vn -0.0000 0.2177 0.9760
vn 0.1939 0.2136 0.9575
vn -0.7039 0.1547 0.6933
vn 0.1963 -0.2137 -0.9570
vn 0.3804 0.2014 0.9026
vn -0.5526 0.1815 0.8135
vn -0.0000 -0.2180 -0.9760
vn 0.5526 0.1815 0.8135
vn -0.3804 0.2013 0.9026
vn -0.1963 -0.2137 -0.9570
vn 0.7039 0.1547 0.6933
vn -0.1939 0.2136 0.9575
vn -0.3850 -0.2011 -0.9007
vn 0.8285 0.1220 0.5466
vn -0.5586 -0.1808 -0.8095
vn 0.9216 0.0846 0.3789
vn -0.7104 -0.1534 -0.6869
vn 0.9795 0.0439 0.1965
vn -0.8345 -0.1201 -0.5378
vn 1.0000 0.0014 0.0064
vn -0.9262 -0.0822 -0.3680
vn 0.9820 -0.0411 -0.1843
vn -0.9820 -0.0411 -0.1843
vn -0.0000 -1.0000 0.0100
vn -0.0000 0.1148 0.9934
vn 0.1928 0.1127 0.9747
vn -0.8270 0.0646 0.5584
vn -0.7019 0.0818 0.7076
vn 0.1953 -0.1128 -0.9742
vn 0.3786 0.1063 0.9194
vn -0.5505 0.0959 0.8293
vn -0.0000 -0.1151 -0.9934
vn 0.5505 0.0959 0.8293
vn -0.3786 0.1063 0.9194
vn -0.1953 -0.1128 -0.9742
vn 0.7019 0.0818 0.7076
vn -0.1928 0.1127 0.9747
vn -0.3832 -0.1063 -0.9175
vn 0.8270 0.0646 0.5584
vn -0.5565 -0.0956 -0.8253
vn 0.9208 0.0448 0.3875
vn -0.7085 -0.0812 -0.7010
vn 0.9793 0.0233 0.2011
vn -0.8331 -0.0636 -0.5494
vn 1.0000 0.0008 0.0066
vn -0.9255 -0.0436 -0.3763
vn 0.9818 -0.0218 -0.1885
vn -0.9818 -0.0218 -0.1885
vn 0.9255 -0.0435 -0.3763
vn -1.0000 0.0007 0.0066
vn 0.8331 -0.0636 -0.5494
vn -0.9793 0.0233 0.2011
vn 0.7085 -0.0812 -0.7010
vn -0.9208 0.0448 0.3875
vn -0.0000 -0.1951 -0.9808
vn -0.0000 -0.3827 -0.9239
vn -0.0000 -0.5556 -0.8315
vn -0.0000 -0.7071 -0.7071
vn -0.0000 -0.8315 -0.5556
vn -0.0000 -0.9239 -0.3827
vn -0.0000 -0.9808 -0.1951
vn -0.0000 -0.9808 0.1951
vn -0.0000 -0.9239 0.3827
vn -0.0000 -0.8315 0.5556
vn -0.0000 -0.7071 0.7071
vn -0.0000 -0.5556 0.8315
vn -0.0000 -0.3827 0.9239
vn -0.0000 -0.1951 0.9808
vn -0.0000 0.1951 0.9808
vn -0.0000 0.3827 0.9239
vn -0.0000 0.5556 0.8315
vn -0.0000 0.7071 0.7071
vn -0.0000 0.8315 0.5556
vn -0.0000 0.9239 0.3827
vn -0.0000 0.9808 0.1951
vn -0.0000 0.9808 -0.1951
vn -0.0000 0.9239 -0.3827
vn -0.0000 0.8315 -0.5556
vn -0.0000 0.7071 -0.7071
vn -0.0000 0.5556 -0.8315
vn -0.0000 0.3827 -0.9239
vn -0.0000 0.1951 -0.9808
vn -0.1951 0.9808 -0.0000
vn -0.3827 0.9239 -0.0000
vn -0.5556 0.8315 -0.0000
vn -0.7071 0.7071 -0.0000
vn -0.8315 0.5556 -0.0000
vn -0.9239 0.3827 -0.0000
vn -0.9808 0.1951 -0.0000
vn -0.9808 -0.1951 -0.0000
vn -0.9239 -0.3827 -0.0000
vn -0.8315 -0.5556 -0.0000
vn -0.7071 -0.7071 -0.0000
vn -0.5556 -0.8315 -0.0000
vn -0.3827 -0.9239 -0.0000
vn -0.1951 -0.9808 -0.0000
vn 0.1951 -0.9808 -0.0000
vn 0.3827 -0.9239 -0.0000
vn 0.5556 -0.8315 -0.0000
vn 0.7071 -0.7071 -0.0000
vn 0.8315 -0.5556 -0.0000
vn 0.9239 -0.3827 -0.0000
vn 0.9808 -0.1951 -0.0000
vn 0.9808 0.1951 -0.0000
vn 0.9239 0.3827 -0.0000
vn 0.8315 0.5556 -0.0000
vn 0.7071 0.7071 -0.0000
vn 0.5556 0.8315 -0.0000
vn 0.3827 0.9239 -0.0000
vn 0.1951 0.9808 -0.0000
vt 1.000000 0.500000
vt 1.000000 1.000000
vt 0.968750 1.000000
vt 0.968750 0.500000
vt 0.937500 1.000000
vt 0.937500 0.500000
vt 0.906250 1.000000
vt 0.906250 0.500000
vt 0.875000 1.000000
vt 0.875000 0.500000
vt 0.843750 1.000000
vt 0.843750 0.500000
vt 0.812500 1.000000
vt 0.812500 0.500000
vt 0.781250 1.000000
vt 0.781250 0.500000
vt 0.750000 1.000000
vt 0.750000 0.500000
vt 0.718750 1.000000
vt 0.718750 0.500000
vt 0.687500 1.000000
vt 0.687500 0.500000
vt 0.656250 1.000000
vt 0.656250 0.500000
vt 0.625000 1.000000
vt 0.625000 0.500000
vt 0.593750 1.000000
vt 0.593750 0.500000
vt 0.562500 1.000000
vt 0.562500 0.500000
vt 0.531250 1.000000
vt 0.531250 0.500000
vt 0.500000 1.000000
vt 0.500000 0.500000
vt 0.468750 1.000000
vt 0.468750 0.500000
vt 0.437500 1.000000
vt 0.437500 0.500000
vt 0.406250 1.000000
vt 0.406250 0.500000
vt 0.375000 1.000000
vt 0.375000 0.500000
vt 0.343750 1.000000
vt 0.343750 0.500000
vt 0.312500 1.000000
vt 0.312500 0.500000
vt 0.281250 1.000000
vt 0.281250 0.500000
vt 0.250000 1.000000
vt 0.250000 0.500000
vt 0.218750 1.000000
vt 0.218750 0.500000
vt 0.187500 1.000000
vt 0.187500 0.500000
vt 0.156250 1.000000
vt 0.156250 0.500000
vt 0.125000 1.000000
vt 0.125000 0.500000
vt 0.093750 1.000000
vt 0.093750 0.500000
vt 0.062500 1.000000
vt 0.062500 0.500000
vt 0.296822 0.485388
vt 0.250000 0.490000
vt 0.203178 0.485388
vt 0.158156 0.471731
vt 0.116663 0.449553
vt 0.080294 0.419706
vt 0.050447 0.383337
vt 0.028269 0.341844
vt 0.014612 0.296822
vt 0.010000 0.250000
vt 0.014612 0.203178
vt 0.028269 0.158156
vt 0.050447 0.116663
vt 0.080294 0.080294
vt 0.116663 0.050447
vt 0.158156 0.028269
vt 0.203178 0.014612
vt 0.250000 0.010000
vt 0.296822 0.014612
vt 0.341844 0.028269
vt 0.383337 0.050447
vt 0.419706 0.080294
vt 0.449553 0.116663
vt 0.471731 0.158156
vt 0.485388 0.203178
vt 0.490000 0.250000
vt 0.485388 0.296822
vt 0.471731 0.341844
vt 0.449553 0.383337
vt 0.419706 0.419706
vt 0.383337 0.449553
vt 0.341844 0.471731
vt 0.031250 1.000000
vt 0.031250 0.500000
vt 0.000000 1.000000
vt 0.000000 0.500000
vt 0.750000 0.490000
vt 0.796822 0.485388
vt 0.841844 0.471731
vt 0.883337 0.449553
vt 0.919706 0.419706
vt 0.949553 0.383337
vt 0.971731 0.341844
vt 0.985388 0.296822
vt 0.990000 0.250000
vt 0.985388 0.203178
vt 0.971731 0.158156
vt 0.949553 0.116663
vt 0.919706 0.080294
vt 0.883337 0.050447
vt 0.841844 0.028269
vt 0.796822 0.014612
vt 0.750000 0.010000
vt 0.703178 0.014612
vt 0.658156 0.028269
vt 0.616663 0.050447
vt 0.580294 0.080294
vt 0.550447 0.116663
vt 0.528269 0.158156
vt 0.514612 0.203178
vt 0.510000 0.250000
vt 0.514612 0.296822
vt 0.528269 0.341844
vt 0.550447 0.383337
vt 0.580294 0.419706
vt 0.616663 0.449553
vt 0.658156 0.471731
vt 0.703178 0.485388
s 1
usemtl tap
f 4844/1834/4165 4845/1835/4165 4847/1836/4166 4846/1837/4166
f 4846/1837/4166 4847/1836/4166 4849/1838/4167 4848/1839/4167
f 4848/1839/4167 4849/1838/4167 4851/1840/4168 4850/1841/4168
f 4850/1841/4168 4851/1840/4168 4853/1842/4169 4852/1843/4169
f 4852/1843/4169 4853/1842/4169 4855/1844/4170 4854/1845/4170
f 4854/1845/4170 4855/1844/4170 4857/1846/4171 4856/1847/4171
f 4856/1847/4171 4857/1846/4171 4859/1848/4172 4858/1849/4172
f 4858/1849/4172 4859/1848/4172 4861/1850/4173 4860/1851/4173
f 4860/1851/4173 4861/1850/4173 4863/1852/4174 4862/1853/4174
f 4862/1853/4174 4863/1852/4174 4865/1854/4175 4864/1855/4175
f 4864/1855/4175 4865/1854/4175 4867/1856/4176 4866/1857/4176
f 4866/1857/4176 4867/1856/4176 4869/1858/4177 4868/1859/4177
f 4868/1859/4177 4869/1858/4177 4871/1860/4178 4870/1861/4178
f 4870/1861/4178 4871/1860/4178 4873/1862/4179 4872/1863/4179
f 4872/1863/4179 4873/1862/4179 4875/1864/4180 4874/1865/4180
f 4874/1865/4180 4875/1864/4180 4877/1866/4181 4876/1867/4181
f 4876/1867/4181 4877/1866/4181 4879/1868/4182 4878/1869/4182
f 4878/1869/4182 4879/1868/4182 4881/1870/4183 4880/1871/4183
f 4880/1871/4183 4881/1870/4183 4883/1872/4184 4882/1873/4184
f 4882/1873/4184 4883/1872/4184 4885/1874/4185 4884/1875/4185
f 4884/1875/4185 4885/1874/4185 4887/1876/4186 4886/1877/4186
f 4886/1877/4186 4887/1876/4186 4889/1878/4187 4888/1879/4187
f 4888/1879/4187 4889/1878/4187 4891/1880/4188 4890/1881/4188
f 4890/1881/4188 4891/1880/4188 4893/1882/4189 4892/1883/4189
f 4892/1883/4189 4893/1882/4189 4895/1884/4190 4894/1885/4190
f 4894/1885/4190 4895/1884/4190 4897/1886/4191 4896/1887/4191
f 4896/1887/4191 4897/1886/4191 4899/1888/4192 4898/1889/4192
f 4898/1889/4192 4899/1888/4192 4901/1890/4193 4900/1891/4193
f 4900/1891/4193 4901/1890/4193 4903/1892/4194 4902/1893/4194
f 4902/1893/4194 4903/1892/4194 4905/1894/4195 4904/1895/4195
s 0
f 4847/1896/4196 4845/1897/4196 4907/1898/4196 4905/1899/4196 4903/1900/4196 4901/1901/4196 4899/1902/4196 4897/1903/4196 4895/1904/4196 4893/1905/4196 4891/1906/4196 4889/1907/4196 4887/1908/4196 4885/1909/4196 4883/1910/4196 4881/1911/4196 4879/1912/4196 4877/1913/4196 4875/1914/4196 4873/1915/4196 4871/1916/4196 4869/1917/4196 4867/1918/4196 4865/1919/4196 4863/1920/4196 4861/1921/4196 4859/1922/4196 4857/1923/4196 4855/1924/4196 4853/1925/4196 4851/1926/4196 4849/1927/4196
s 1
f 4904/1895/4195 4905/1894/4195 4907/1928/4197 4906/1929/4197
f 4906/1929/4197 4907/1928/4197 4845/1930/4165 4844/1931/4165
s 0
f 4844/1932/4198 4846/1933/4198 4848/1934/4198 4850/1935/4198 4852/1936/4198 4854/1937/4198 4856/1938/4198 4858/1939/4198 4860/1940/4198 4862/1941/4198 4864/1942/4198 4866/1943/4198 4868/1944/4198 4870/1945/4198 4872/1946/4198 4874/1947/4198 4876/1948/4198 4878/1949/4198 4880/1950/4198 4882/1951/4198 4884/1952/4198 4886/1953/4198 4888/1954/4198 4890/1955/4198 4892/1956/4198 4894/1957/4198 4896/1958/4198 4898/1959/4198 4900/1960/4198 4902/1961/4198 4904/1962/4198 4906/1963/4198
s 1
f 4908/1834/4165 4909/1835/4199 4911/1836/4200 4910/1837/4166
f 4910/1837/4166 4911/1836/4200 4913/1838/4201 4912/1839/4167
f 4912/1839/4167 4913/1838/4201 4915/1840/4202 4914/1841/4168
f 4914/1841/4168 4915/1840/4202 4917/1842/4203 4916/1843/4169
f 4916/1843/4169 4917/1842/4203 4919/1844/4204 4918/1845/4170
f 4918/1845/4170 4919/1844/4204 4921/1846/4205 4920/1847/4171
f 4920/1847/4171 4921/1846/4205 4923/1848/4206 4922/1849/4172
f 4922/1849/4172 4923/1848/4206 4925/1850/4207 4924/1851/4173
f 4924/1851/4173 4925/1850/4207 4927/1852/4208 4926/1853/4174
f 4926/1853/4174 4927/1852/4208 4929/1854/4209 4928/1855/4175
f 4928/1855/4175 4929/1854/4209 4931/1856/4210 4930/1857/4176
f 4930/1857/4176 4931/1856/4210 4933/1858/4211 4932/1859/4177
f 4932/1859/4177 4933/1858/4211 4935/1860/4212 4934/1861/4178
f 4934/1861/4178 4935/1860/4212 4937/1862/4213 4936/1863/4179
f 4936/1863/4179 4937/1862/4213 4939/1864/4214 4938/1865/4180
f 4938/1865/4180 4939/1864/4214 4941/1866/4215 4940/1867/4181
f 4940/1867/4181 4941/1866/4215 4943/1868/4216 4942/1869/4182
f 4942/1869/4182 4943/1868/4216 4945/1870/4217 4944/1871/4183
f 4944/1871/4183 4945/1870/4217 4947/1872/4218 4946/1873/4184
f 4946/1873/4184 4947/1872/4218 4949/1874/4219 4948/1875/4185
f 4948/1875/4185 4949/1874/4219 4951/1876/4220 4950/1877/4186
f 4950/1877/4186 4951/1876/4220 4953/1878/4221 4952/1879/4187
f 4952/1879/4187 4953/1878/4221 4955/1880/4222 4954/1881/4188
f 4954/1881/4188 4955/1880/4222 4957/1882/4223 4956/1883/4189
f 4956/1883/4189 4957/1882/4223 4959/1884/4224 4958/1885/4190
f 4958/1885/4190 4959/1884/4224 4961/1886/4225 4960/1887/4191
f 4960/1887/4191 4961/1886/4225 4963/1888/4226 4962/1889/4192
f 4962/1889/4192 4963/1888/4226 4965/1890/4227 4964/1891/4193
f 4964/1891/4193 4965/1890/4227 4967/1892/4228 4966/1893/4194
f 4966/1893/4194 4967/1892/4228 4969/1894/4229 4968/1895/4195
f 4921/1846/4205 4919/1844/4204 4977/1844/4230 4978/1846/4231
f 4968/1895/4195 4969/1894/4229 4971/1928/4232 4970/1929/4197
f 4970/1929/4197 4971/1928/4232 4909/1930/4199 4908/1931/4165
s 0
f 4908/1932/4198 4910/1933/4198 4912/1934/4198 4914/1935/4198 4916/1936/4198 4918/1937/4198 4920/1938/4198 4922/1939/4198 4924/1940/4198 4926/1941/4198 4928/1942/4198 4930/1943/4198 4932/1944/4198 4934/1945/4198 4936/1946/4198 4938/1947/4198 4940/1948/4198 4942/1949/4198 4944/1950/4198 4946/1951/4198 4948/1952/4198 4950/1953/4198 4952/1954/4198 4954/1955/4198 4956/1956/4198 4958/1957/4198 4960/1958/4198 4962/1959/4198 4964/1960/4198 4966/1961/4198 4968/1962/4198 4970/1963/4198
s 1
f 4974/1838/4233 4973/1836/4234 5005/1836/4235 5006/1838/4236
f 4939/1864/4214 4937/1862/4213 4986/1862/4237 4987/1864/4238
f 4957/1882/4223 4955/1880/4222 4995/1880/4239 4996/1882/4240
f 4913/1838/4201 4911/1836/4200 4973/1836/4234 4974/1838/4233
f 4931/1856/4210 4929/1854/4209 4982/1854/4241 4983/1856/4242
f 4949/1874/4219 4947/1872/4218 4991/1872/4243 4992/1874/4244
f 4967/1892/4228 4965/1890/4227 5000/1890/4245 5001/1892/4246
f 4923/1848/4206 4921/1846/4205 4978/1846/4231 4979/1848/4247
f 4941/1866/4215 4939/1864/4214 4987/1864/4238 4988/1866/4248
f 4959/1884/4224 4957/1882/4223 4996/1882/4240 4997/1884/4249
f 4915/1840/4202 4913/1838/4201 4974/1838/4233 4975/1840/4250
f 4933/1858/4211 4931/1856/4210 4983/1856/4242 4984/1858/4251
f 4951/1876/4220 4949/1874/4219 4992/1874/4244 4993/1876/4252
f 4969/1894/4229 4967/1892/4228 5001/1892/4246 5002/1894/4253
f 4925/1850/4207 4923/1848/4206 4979/1848/4247 4980/1850/4254
f 4943/1868/4216 4941/1866/4215 4988/1866/4248 4989/1868/4255
f 4961/1886/4225 4959/1884/4224 4997/1884/4249 4998/1886/4256
f 4917/1842/4203 4915/1840/4202 4975/1840/4250 4976/1842/4257
f 4935/1860/4212 4933/1858/4211 4984/1858/4251 4985/1860/4258
f 4953/1878/4221 4951/1876/4220 4993/1876/4252 4994/1878/4259
f 4971/1928/4232 4969/1894/4229 5002/1894/4253 5003/1928/4260
f 4927/1852/4208 4925/1850/4207 4980/1850/4254 4981/1852/4261
f 4945/1870/4217 4943/1868/4216 4989/1868/4255 4990/1870/4262
f 4963/1888/4226 4961/1886/4225 4998/1886/4256 4999/1888/4263
f 4919/1844/4204 4917/1842/4203 4976/1842/4257 4977/1844/4230
f 4937/1862/4213 4935/1860/4212 4985/1860/4258 4986/1862/4237
f 4955/1880/4222 4953/1878/4221 4994/1878/4259 4995/1880/4239
f 4911/1836/4200 4909/1835/4199 4972/1835/4264 4973/1836/4234
f 4909/1930/4199 4971/1928/4232 5003/1928/4260 4972/1930/4264
f 4929/1854/4209 4927/1852/4208 4981/1852/4261 4982/1854/4241
f 4947/1872/4218 4945/1870/4217 4990/1870/4262 4991/1872/4243
f 4965/1890/4227 4963/1888/4226 4999/1888/4263 5000/1890/4245
f 5009/1844/4265 5008/1842/4266 5040/1842/4267 5041/1844/4268
f 5001/1892/4246 5000/1890/4245 5032/1890/4269 5033/1892/4270
f 4988/1866/4248 4987/1864/4238 5019/1864/4271 5020/1866/4272
f 4975/1840/4250 4974/1838/4233 5006/1838/4236 5007/1840/4273
f 5002/1894/4253 5001/1892/4246 5033/1892/4270 5034/1894/4274
f 4989/1868/4255 4988/1866/4248 5020/1866/4272 5021/1868/4275
f 4976/1842/4257 4975/1840/4250 5007/1840/4273 5008/1842/4266
f 5003/1928/4260 5002/1894/4253 5034/1894/4274 5035/1928/4276
f 4990/1870/4262 4989/1868/4255 5021/1868/4275 5022/1870/4277
f 4977/1844/4230 4976/1842/4257 5008/1842/4266 5009/1844/4265
f 4972/1930/4264 5003/1928/4260 5035/1928/4276 5004/1930/4278
f 4991/1872/4243 4990/1870/4262 5022/1870/4277 5023/1872/4279
f 4978/1846/4231 4977/1844/4230 5009/1844/4265 5010/1846/4280
f 4992/1874/4244 4991/1872/4243 5023/1872/4279 5024/1874/4281
f 4979/1848/4247 4978/1846/4231 5010/1846/4280 5011/1848/4282
f 4993/1876/4252 4992/1874/4244 5024/1874/4281 5025/1876/4283
f 4980/1850/4254 4979/1848/4247 5011/1848/4282 5012/1850/4284
f 4994/1878/4259 4993/1876/4252 5025/1876/4283 5026/1878/4285
f 4981/1852/4261 4980/1850/4254 5012/1850/4284 5013/1852/4286
f 4995/1880/4239 4994/1878/4259 5026/1878/4285 5027/1880/4287
f 4982/1854/4241 4981/1852/4261 5013/1852/4286 5014/1854/4288
f 4996/1882/4240 4995/1880/4239 5027/1880/4287 5028/1882/4289
f 4983/1856/4242 4982/1854/4241 5014/1854/4288 5015/1856/4290
f 4997/1884/4249 4996/1882/4240 5028/1882/4289 5029/1884/4291
f 4984/1858/4251 4983/1856/4242 5015/1856/4290 5016/1858/4292
f 4998/1886/4256 4997/1884/4249 5029/1884/4291 5030/1886/4293
f 4985/1860/4258 4984/1858/4251 5016/1858/4292 5017/1860/4294
f 4999/1888/4263 4998/1886/4256 5030/1886/4293 5031/1888/4295
f 4986/1862/4237 4985/1860/4258 5017/1860/4294 5018/1862/4296
f 4973/1836/4234 4972/1835/4264 5004/1835/4278 5005/1836/4235
f 5000/1890/4245 4999/1888/4263 5031/1888/4295 5032/1890/4269
f 4987/1864/4238 4986/1862/4237 5018/1862/4296 5019/1864/4271
f 5044/1850/4297 5043/1848/4298 5075/1848/4299 5076/1850/4300
f 5004/1930/4278 5035/1928/4276 5067/1928/4301 5036/1930/4302
f 5023/1872/4279 5022/1870/4277 5054/1870/4303 5055/1872/4304
f 5010/1846/4280 5009/1844/4265 5041/1844/4268 5042/1846/4305
f 5024/1874/4281 5023/1872/4279 5055/1872/4304 5056/1874/4306
f 5011/1848/4282 5010/1846/4280 5042/1846/4305 5043/1848/4298
f 5025/1876/4283 5024/1874/4281 5056/1874/4306 5057/1876/4307
f 5012/1850/4284 5011/1848/4282 5043/1848/4298 5044/1850/4297
f 5026/1878/4285 5025/1876/4283 5057/1876/4307 5058/1878/4308
f 5013/1852/4286 5012/1850/4284 5044/1850/4297 5045/1852/4309
f 5027/1880/4287 5026/1878/4285 5058/1878/4308 5059/1880/4310
f 5014/1854/4288 5013/1852/4286 5045/1852/4309 5046/1854/4311
f 5028/1882/4289 5027/1880/4287 5059/1880/4310 5060/1882/4312
f 5015/1856/4290 5014/1854/4288 5046/1854/4311 5047/1856/4313
f 5029/1884/4291 5028/1882/4289 5060/1882/4312 5061/1884/4314
f 5016/1858/4292 5015/1856/4290 5047/1856/4313 5048/1858/4315
f 5030/1886/4293 5029/1884/4291 5061/1884/4314 5062/1886/4316
f 5017/1860/4294 5016/1858/4292 5048/1858/4315 5049/1860/4317
f 5031/1888/4295 5030/1886/4293 5062/1886/4316 5063/1888/4318
f 5018/1862/4296 5017/1860/4294 5049/1860/4317 5050/1862/4319
f 5005/1836/4235 5004/1835/4278 5036/1835/4302 5037/1836/4320
f 5032/1890/4269 5031/1888/4295 5063/1888/4318 5064/1890/4321
f 5019/1864/4271 5018/1862/4296 5050/1862/4319 5051/1864/4322
f 5006/1838/4236 5005/1836/4235 5037/1836/4320 5038/1838/4323
f 5033/1892/4270 5032/1890/4269 5064/1890/4321 5065/1892/4324
f 5020/1866/4272 5019/1864/4271 5051/1864/4322 5052/1866/4325
f 5007/1840/4273 5006/1838/4236 5038/1838/4323 5039/1840/4326
f 5034/1894/4274 5033/1892/4270 5065/1892/4324 5066/1894/4327
f 5021/1868/4275 5020/1866/4272 5052/1866/4325 5053/1868/4328
f 5008/1842/4266 5007/1840/4273 5039/1840/4326 5040/1842/4267
f 5035/1928/4276 5034/1894/4274 5066/1894/4327 5067/1928/4301
f 5022/1870/4277 5021/1868/4275 5053/1868/4328 5054/1870/4303
f 5079/1856/4329 5078/1854/4330 5110/1854/4331 5111/1856/4332
f 5058/1878/4308 5057/1876/4307 5089/1876/4333 5090/1878/4334
f 5045/1852/4309 5044/1850/4297 5076/1850/4300 5077/1852/4335
f 5059/1880/4310 5058/1878/4308 5090/1878/4334 5091/1880/4336
f 5046/1854/4311 5045/1852/4309 5077/1852/4335 5078/1854/4330
f 5060/1882/4312 5059/1880/4310 5091/1880/4336 5092/1882/4337
f 5047/1856/4313 5046/1854/4311 5078/1854/4330 5079/1856/4329
f 5061/1884/4314 5060/1882/4312 5092/1882/4337 5093/1884/4338
f 5048/1858/4315 5047/1856/4313 5079/1856/4329 5080/1858/4339
f 5062/1886/4316 5061/1884/4314 5093/1884/4338 5094/1886/4340
f 5049/1860/4317 5048/1858/4315 5080/1858/4339 5081/1860/4341
f 5063/1888/4318 5062/1886/4316 5094/1886/4340 5095/1888/4342
f 5050/1862/4319 5049/1860/4317 5081/1860/4341 5082/1862/4343
f 5037/1836/4320 5036/1835/4302 5068/1835/4344 5069/1836/4345
f 5064/1890/4321 5063/1888/4318 5095/1888/4342 5096/1890/4346
f 5051/1864/4322 5050/1862/4319 5082/1862/4343 5083/1864/4347
f 5038/1838/4323 5037/1836/4320 5069/1836/4345 5070/1838/4348
f 5065/1892/4324 5064/1890/4321 5096/1890/4346 5097/1892/4349
f 5052/1866/4325 5051/1864/4322 5083/1864/4347 5084/1866/4350
f 5039/1840/4326 5038/1838/4323 5070/1838/4348 5071/1840/4351
f 5066/1894/4327 5065/1892/4324 5097/1892/4349 5098/1894/4352
f 5053/1868/4328 5052/1866/4325 5084/1866/4350 5085/1868/4353
f 5040/1842/4267 5039/1840/4326 5071/1840/4351 5072/1842/4354
f 5067/1928/4301 5066/1894/4327 5098/1894/4352 5099/1928/4355
f 5054/1870/4303 5053/1868/4328 5085/1868/4353 5086/1870/4356
f 5041/1844/4268 5040/1842/4267 5072/1842/4354 5073/1844/4357
f 5036/1930/4302 5067/1928/4301 5099/1928/4355 5068/1930/4344
f 5055/1872/4304 5054/1870/4303 5086/1870/4356 5087/1872/4358
f 5042/1846/4305 5041/1844/4268 5073/1844/4357 5074/1846/4359
f 5056/1874/4306 5055/1872/4304 5087/1872/4358 5088/1874/4360
f 5043/1848/4298 5042/1846/4305 5074/1846/4359 5075/1848/4299
f 5057/1876/4307 5056/1874/4306 5088/1874/4360 5089/1876/4333
f 5114/1862/4361 5113/1860/4362 5145/1860/4363 5146/1862/4364
f 5093/1884/4338 5092/1882/4337 5124/1882/4365 5125/1884/4366
f 5080/1858/4339 5079/1856/4329 5111/1856/4332 5112/1858/4367
f 5094/1886/4340 5093/1884/4338 5125/1884/4366 5126/1886/4368
f 5081/1860/4341 5080/1858/4339 5112/1858/4367 5113/1860/4362
f 5095/1888/4342 5094/1886/4340 5126/1886/4368 5127/1888/4369
f 5082/1862/4343 5081/1860/4341 5113/1860/4362 5114/1862/4361
f 5069/1836/4345 5068/1835/4344 5100/1835/4370 5101/1836/4371
f 5096/1890/4346 5095/1888/4342 5127/1888/4369 5128/1890/4372
f 5083/1864/4347 5082/1862/4343 5114/1862/4361 5115/1864/4373
f 5070/1838/4348 5069/1836/4345 5101/1836/4371 5102/1838/4374
f 5097/1892/4349 5096/1890/4346 5128/1890/4372 5129/1892/4375
f 5084/1866/4350 5083/1864/4347 5115/1864/4373 5116/1866/4376
f 5071/1840/4351 5070/1838/4348 5102/1838/4374 5103/1840/4377
f 5098/1894/4352 5097/1892/4349 5129/1892/4375 5130/1894/4378
f 5085/1868/4353 5084/1866/4350 5116/1866/4376 5117/1868/4379
f 5072/1842/4354 5071/1840/4351 5103/1840/4377 5104/1842/4380
f 5099/1928/4355 5098/1894/4352 5130/1894/4378 5131/1928/4381
f 5086/1870/4356 5085/1868/4353 5117/1868/4379 5118/1870/4382
f 5073/1844/4357 5072/1842/4354 5104/1842/4380 5105/1844/4383
f 5068/1930/4344 5099/1928/4355 5131/1928/4381 5100/1930/4370
f 5087/1872/4358 5086/1870/4356 5118/1870/4382 5119/1872/4384
f 5074/1846/4359 5073/1844/4357 5105/1844/4383 5106/1846/4385
f 5088/1874/4360 5087/1872/4358 5119/1872/4384 5120/1874/4386
f 5075/1848/4299 5074/1846/4359 5106/1846/4385 5107/1848/4387
f 5089/1876/4333 5088/1874/4360 5120/1874/4386 5121/1876/4388
f 5076/1850/4300 5075/1848/4299 5107/1848/4387 5108/1850/4389
f 5090/1878/4334 5089/1876/4333 5121/1876/4388 5122/1878/4390
f 5077/1852/4335 5076/1850/4300 5108/1850/4389 5109/1852/4391
f 5091/1880/4336 5090/1878/4334 5122/1878/4390 5123/1880/4392
f 5078/1854/4330 5077/1852/4335 5109/1852/4391 5110/1854/4331
f 5092/1882/4337 5091/1880/4336 5123/1880/4392 5124/1882/4365
f 5149/1868/4393 5148/1866/4394 5180/1866/4395 5181/1868/4396
f 5101/1836/4371 5100/1835/4370 5132/1835/4397 5133/1836/4398
f 5128/1890/4372 5127/1888/4369 5159/1888/4399 5160/1890/4400
f 5115/1864/4373 5114/1862/4361 5146/1862/4364 5147/1864/4401
f 5102/1838/4374 5101/1836/4371 5133/1836/4398 5134/1838/4402
f 5129/1892/4375 5128/1890/4372 5160/1890/4400 5161/1892/4403
f 5116/1866/4376 5115/1864/4373 5147/1864/4401 5148/1866/4394
f 5103/1840/4377 5102/1838/4374 5134/1838/4402 5135/1840/4404
f 5130/1894/4378 5129/1892/4375 5161/1892/4403 5162/1894/4405
f 5117/1868/4379 5116/1866/4376 5148/1866/4394 5149/1868/4393
f 5104/1842/4380 5103/1840/4377 5135/1840/4404 5136/1842/4406
f 5131/1928/4381 5130/1894/4378 5162/1894/4405 5163/1928/4407
f 5118/1870/4382 5117/1868/4379 5149/1868/4393 5150/1870/4408
f 5105/1844/4383 5104/1842/4380 5136/1842/4406 5137/1844/4409
f 5100/1930/4370 5131/1928/4381 5163/1928/4407 5132/1930/4397
f 5119/1872/4384 5118/1870/4382 5150/1870/4408 5151/1872/4410
f 5106/1846/4385 5105/1844/4383 5137/1844/4409 5138/1846/4411
f 5120/1874/4386 5119/1872/4384 5151/1872/4410 5152/1874/4412
f 5107/1848/4387 5106/1846/4385 5138/1846/4411 5139/1848/4413
f 5121/1876/4388 5120/1874/4386 5152/1874/4412 5153/1876/4414
f 5108/1850/4389 5107/1848/4387 5139/1848/4413 5140/1850/4415
f 5122/1878/4390 5121/1876/4388 5153/1876/4414 5154/1878/4416
f 5109/1852/4391 5108/1850/4389 5140/1850/4415 5141/1852/4417
f 5123/1880/4392 5122/1878/4390 5154/1878/4416 5155/1880/4418
f 5110/1854/4331 5109/1852/4391 5141/1852/4417 5142/1854/4419
f 5124/1882/4365 5123/1880/4392 5155/1880/4418 5156/1882/4420
f 5111/1856/4332 5110/1854/4331 5142/1854/4419 5143/1856/4421
f 5125/1884/4366 5124/1882/4365 5156/1882/4420 5157/1884/4422
f 5112/1858/4367 5111/1856/4332 5143/1856/4421 5144/1858/4423
f 5126/1886/4368 5125/1884/4366 5157/1884/4422 5158/1886/4424
f 5113/1860/4362 5112/1858/4367 5144/1858/4423 5145/1860/4363
f 5127/1888/4369 5126/1886/4368 5158/1886/4424 5159/1888/4399
f 5184/1874/4425 5183/1872/4426 5215/1872/4427 5216/1874/4428
f 5136/1842/4406 5135/1840/4404 5167/1840/4429 5168/1842/4430
f 5163/1928/4407 5162/1894/4405 5194/1894/4431 5195/1928/4432
f 5150/1870/4408 5149/1868/4393 5181/1868/4396 5182/1870/4433
f 5137/1844/4409 5136/1842/4406 5168/1842/4430 5169/1844/4434
f 5132/1930/4397 5163/1928/4407 5195/1928/4432 5164/1930/4435
f 5151/1872/4410 5150/1870/4408 5182/1870/4433 5183/1872/4426
f 5138/1846/4411 5137/1844/4409 5169/1844/4434 5170/1846/4436
f 5152/1874/4412 5151/1872/4410 5183/1872/4426 5184/1874/4425
f 5139/1848/4413 5138/1846/4411 5170/1846/4436 5171/1848/4437
f 5153/1876/4414 5152/1874/4412 5184/1874/4425 5185/1876/4438
f 5140/1850/4415 5139/1848/4413 5171/1848/4437 5172/1850/4439
f 5154/1878/4416 5153/1876/4414 5185/1876/4438 5186/1878/4440
f 5141/1852/4417 5140/1850/4415 5172/1850/4439 5173/1852/4441
f 5155/1880/4418 5154/1878/4416 5186/1878/4440 5187/1880/4442
f 5142/1854/4419 5141/1852/4417 5173/1852/4441 5174/1854/4443
f 5156/1882/4420 5155/1880/4418 5187/1880/4442 5188/1882/4444
f 5143/1856/4421 5142/1854/4419 5174/1854/4443 5175/1856/4445
f 5157/1884/4422 5156/1882/4420 5188/1882/4444 5189/1884/4446
f 5144/1858/4423 5143/1856/4421 5175/1856/4445 5176/1858/4447
f 5158/1886/4424 5157/1884/4422 5189/1884/4446 5190/1886/4448
f 5145/1860/4363 5144/1858/4423 5176/1858/4447 5177/1860/4449
f 5159/1888/4399 5158/1886/4424 5190/1886/4448 5191/1888/4450
f 5146/1862/4364 5145/1860/4363 5177/1860/4449 5178/1862/4451
f 5133/1836/4398 5132/1835/4397 5164/1835/4435 5165/1836/4452
f 5160/1890/4400 5159/1888/4399 5191/1888/4450 5192/1890/4453
f 5147/1864/4401 5146/1862/4364 5178/1862/4451 5179/1864/4454
f 5134/1838/4402 5133/1836/4398 5165/1836/4452 5166/1838/4455
f 5161/1892/4403 5160/1890/4400 5192/1890/4453 5193/1892/4456
f 5148/1866/4394 5147/1864/4401 5179/1864/4454 5180/1866/4395
f 5135/1840/4404 5134/1838/4402 5166/1838/4455 5167/1840/4429
f 5162/1894/4405 5161/1892/4403 5193/1892/4456 5194/1894/4431
f 5219/1880/4457 5218/1878/4458 5250/1878/4459 5251/1880/4460
f 5171/1848/4437 5170/1846/4436 5202/1846/4461 5203/1848/4462
f 5185/1876/4438 5184/1874/4425 5216/1874/4428 5217/1876/4463
f 5172/1850/4439 5171/1848/4437 5203/1848/4462 5204/1850/4464
f 5186/1878/4440 5185/1876/4438 5217/1876/4463 5218/1878/4458
f 5173/1852/4441 5172/1850/4439 5204/1850/4464 5205/1852/4465
f 5187/1880/4442 5186/1878/4440 5218/1878/4458 5219/1880/4457
f 5174/1854/4443 5173/1852/4441 5205/1852/4465 5206/1854/4466
f 5188/1882/4444 5187/1880/4442 5219/1880/4457 5220/1882/4467
f 5175/1856/4445 5174/1854/4443 5206/1854/4466 5207/1856/4468
f 5189/1884/4446 5188/1882/4444 5220/1882/4467 5221/1884/4469
f 5176/1858/4447 5175/1856/4445 5207/1856/4468 5208/1858/4470
f 5190/1886/4448 5189/1884/4446 5221/1884/4469 5222/1886/4471
f 5177/1860/4449 5176/1858/4447 5208/1858/4470 5209/1860/4472
f 5191/1888/4450 5190/1886/4448 5222/1886/4471 5223/1888/4473
f 5178/1862/4451 5177/1860/4449 5209/1860/4472 5210/1862/4474
f 5165/1836/4452 5164/1835/4435 5196/1835/4475 5197/1836/4476
f 5192/1890/4453 5191/1888/4450 5223/1888/4473 5224/1890/4477
f 5179/1864/4454 5178/1862/4451 5210/1862/4474 5211/1864/4478
f 5166/1838/4455 5165/1836/4452 5197/1836/4476 5198/1838/4479
f 5193/1892/4456 5192/1890/4453 5224/1890/4477 5225/1892/4480
f 5180/1866/4395 5179/1864/4454 5211/1864/4478 5212/1866/4481
f 5167/1840/4429 5166/1838/4455 5198/1838/4479 5199/1840/4482
f 5194/1894/4431 5193/1892/4456 5225/1892/4480 5226/1894/4483
f 5181/1868/4396 5180/1866/4395 5212/1866/4481 5213/1868/4484
f 5168/1842/4430 5167/1840/4429 5199/1840/4482 5200/1842/4485
f 5195/1928/4432 5194/1894/4431 5226/1894/4483 5227/1928/4486
f 5182/1870/4433 5181/1868/4396 5213/1868/4484 5214/1870/4487
f 5169/1844/4434 5168/1842/4430 5200/1842/4485 5201/1844/4488
f 5164/1930/4435 5195/1928/4432 5227/1928/4486 5196/1930/4475
f 5183/1872/4426 5182/1870/4433 5214/1870/4487 5215/1872/4427
f 5170/1846/4436 5169/1844/4434 5201/1844/4488 5202/1846/4461
f 5254/1886/4489 5253/1884/4490 5285/1884/4491 5286/1886/4492
f 5206/1854/4466 5205/1852/4465 5237/1852/4493 5238/1854/4494
f 5220/1882/4467 5219/1880/4457 5251/1880/4460 5252/1882/4495
f 5207/1856/4468 5206/1854/4466 5238/1854/4494 5239/1856/4496
f 5221/1884/4469 5220/1882/4467 5252/1882/4495 5253/1884/4490
f 5208/1858/4470 5207/1856/4468 5239/1856/4496 5240/1858/4497
f 5222/1886/4471 5221/1884/4469 5253/1884/4490 5254/1886/4489
f 5209/1860/4472 5208/1858/4470 5240/1858/4497 5241/1860/4498
f 5223/1888/4473 5222/1886/4471 5254/1886/4489 5255/1888/4499
f 5210/1862/4474 5209/1860/4472 5241/1860/4498 5242/1862/4500
f 5197/1836/4476 5196/1835/4475 5228/1835/4501 5229/1836/4502
f 5224/1890/4477 5223/1888/4473 5255/1888/4499 5256/1890/4503
f 5211/1864/4478 5210/1862/4474 5242/1862/4500 5243/1864/4504
f 5198/1838/4479 5197/1836/4476 5229/1836/4502 5230/1838/4505
f 5225/1892/4480 5224/1890/4477 5256/1890/4503 5257/1892/4506
f 5212/1866/4481 5211/1864/4478 5243/1864/4504 5244/1866/4507
f 5199/1840/4482 5198/1838/4479 5230/1838/4505 5231/1840/4508
f 5226/1894/4483 5225/1892/4480 5257/1892/4506 5258/1894/4509
f 5213/1868/4484 5212/1866/4481 5244/1866/4507 5245/1868/4510
f 5200/1842/4485 5199/1840/4482 5231/1840/4508 5232/1842/4511
f 5227/1928/4486 5226/1894/4483 5258/1894/4509 5259/1928/4512
f 5214/1870/4487 5213/1868/4484 5245/1868/4510 5246/1870/4513
f 5201/1844/4488 5200/1842/4485 5232/1842/4511 5233/1844/4514
f 5196/1930/4475 5227/1928/4486 5259/1928/4512 5228/1930/4501
f 5215/1872/4427 5214/1870/4487 5246/1870/4513 5247/1872/4515
f 5202/1846/4461 5201/1844/4488 5233/1844/4514 5234/1846/4516
f 5216/1874/4428 5215/1872/4427 5247/1872/4515 5248/1874/4517
f 5203/1848/4462 5202/1846/4461 5234/1846/4516 5235/1848/4518
f 5217/1876/4463 5216/1874/4428 5248/1874/4517 5249/1876/4519
f 5204/1850/4464 5203/1848/4462 5235/1848/4518 5236/1850/4520
f 5218/1878/4458 5217/1876/4463 5249/1876/4519 5250/1878/4459
f 5205/1852/4465 5204/1850/4464 5236/1850/4520 5237/1852/4493
f 5262/1838/4521 5261/1836/4522 5293/1836/4523 5294/1838/4524
f 5241/1860/4498 5240/1858/4497 5272/1858/4525 5273/1860/4526
f 5255/1888/4499 5254/1886/4489 5286/1886/4492 5287/1888/4527
f 5242/1862/4500 5241/1860/4498 5273/1860/4526 5274/1862/4528
f 5229/1836/4502 5228/1835/4501 5260/1835/4529 5261/1836/4522
f 5256/1890/4503 5255/1888/4499 5287/1888/4527 5288/1890/4530
f 5243/1864/4504 5242/1862/4500 5274/1862/4528 5275/1864/4531
f 5230/1838/4505 5229/1836/4502 5261/1836/4522 5262/1838/4521
f 5257/1892/4506 5256/1890/4503 5288/1890/4530 5289/1892/4532
f 5244/1866/4507 5243/1864/4504 5275/1864/4531 5276/1866/4533
f 5231/1840/4508 5230/1838/4505 5262/1838/4521 5263/1840/4534
f 5258/1894/4509 5257/1892/4506 5289/1892/4532 5290/1894/4535
f 5245/1868/4510 5244/1866/4507 5276/1866/4533 5277/1868/4536
f 5232/1842/4511 5231/1840/4508 5263/1840/4534 5264/1842/4537
f 5259/1928/4512 5258/1894/4509 5290/1894/4535 5291/1928/4538
f 5246/1870/4513 5245/1868/4510 5277/1868/4536 5278/1870/4539
f 5233/1844/4514 5232/1842/4511 5264/1842/4537 5265/1844/4540
f 5228/1930/4501 5259/1928/4512 5291/1928/4538 5260/1930/4529
f 5247/1872/4515 5246/1870/4513 5278/1870/4539 5279/1872/4541
f 5234/1846/4516 5233/1844/4514 5265/1844/4540 5266/1846/4542
f 5248/1874/4517 5247/1872/4515 5279/1872/4541 5280/1874/4543
f 5235/1848/4518 5234/1846/4516 5266/1846/4542 5267/1848/4544
f 5249/1876/4519 5248/1874/4517 5280/1874/4543 5281/1876/4545
f 5236/1850/4520 5235/1848/4518 5267/1848/4544 5268/1850/4546
f 5250/1878/4459 5249/1876/4519 5281/1876/4545 5282/1878/4547
f 5237/1852/4493 5236/1850/4520 5268/1850/4546 5269/1852/4548
f 5251/1880/4460 5250/1878/4459 5282/1878/4547 5283/1880/4549
f 5238/1854/4494 5237/1852/4493 5269/1852/4548 5270/1854/4550
f 5252/1882/4495 5251/1880/4460 5283/1880/4549 5284/1882/4551
f 5239/1856/4496 5238/1854/4494 5270/1854/4550 5271/1856/4552
f 5253/1884/4490 5252/1882/4495 5284/1882/4551 5285/1884/4491
f 5240/1858/4497 5239/1856/4496 5271/1856/4552 5272/1858/4525
f 5297/1844/4553 5296/1842/4554 5328/1842/4555 5329/1844/4556
f 5289/1892/4532 5288/1890/4530 5320/1890/4557 5321/1892/4558
f 5276/1866/4533 5275/1864/4531 5307/1864/4559 5308/1866/4560
f 5263/1840/4534 5262/1838/4521 5294/1838/4524 5295/1840/4561
f 5290/1894/4535 5289/1892/4532 5321/1892/4558 5322/1894/4562
f 5277/1868/4536 5276/1866/4533 5308/1866/4560 5309/1868/4563
f 5264/1842/4537 5263/1840/4534 5295/1840/4561 5296/1842/4554
f 5291/1928/4538 5290/1894/4535 5322/1894/4562 5323/1928/4564
f 5278/1870/4539 5277/1868/4536 5309/1868/4563 5310/1870/4565
f 5265/1844/4540 5264/1842/4537 5296/1842/4554 5297/1844/4553
f 5260/1930/4529 5291/1928/4538 5323/1928/4564 5292/1930/4566
f 5279/1872/4541 5278/1870/4539 5310/1870/4565 5311/1872/4567
f 5266/1846/4542 5265/1844/4540 5297/1844/4553 5298/1846/4568
f 5280/1874/4543 5279/1872/4541 5311/1872/4567 5312/1874/4569
f 5267/1848/4544 5266/1846/4542 5298/1846/4568 5299/1848/4570
f 5281/1876/4545 5280/1874/4543 5312/1874/4569 5313/1876/4571
f 5268/1850/4546 5267/1848/4544 5299/1848/4570 5300/1850/4572
f 5282/1878/4547 5281/1876/4545 5313/1876/4571 5314/1878/4573
f 5269/1852/4548 5268/1850/4546 5300/1850/4572 5301/1852/4574
f 5283/1880/4549 5282/1878/4547 5314/1878/4573 5315/1880/4575
f 5270/1854/4550 5269/1852/4548 5301/1852/4574 5302/1854/4576
f 5284/1882/4551 5283/1880/4549 5315/1880/4575 5316/1882/4577
f 5271/1856/4552 5270/1854/4550 5302/1854/4576 5303/1856/4578
f 5285/1884/4491 5284/1882/4551 5316/1882/4577 5317/1884/4579
f 5272/1858/4525 5271/1856/4552 5303/1856/4578 5304/1858/4580
f 5286/1886/4492 5285/1884/4491 5317/1884/4579 5318/1886/4581
f 5273/1860/4526 5272/1858/4525 5304/1858/4580 5305/1860/4582
f 5287/1888/4527 5286/1886/4492 5318/1886/4581 5319/1888/4583
f 5274/1862/4528 5273/1860/4526 5305/1860/4582 5306/1862/4584
f 5261/1836/4522 5260/1835/4529 5292/1835/4566 5293/1836/4523
f 5288/1890/4530 5287/1888/4527 5319/1888/4583 5320/1890/4557
f 5275/1864/4531 5274/1862/4528 5306/1862/4584 5307/1864/4559
f 5332/1850/4585 5331/1848/4586 5363/1848/4587 5364/1850/4588
f 5292/1930/4566 5323/1928/4564 5355/1928/4589 5324/1930/4590
f 5311/1872/4567 5310/1870/4565 5342/1870/4591 5343/1872/4592
f 5298/1846/4568 5297/1844/4553 5329/1844/4556 5330/1846/4593
f 5312/1874/4569 5311/1872/4567 5343/1872/4592 5344/1874/4594
f 5299/1848/4570 5298/1846/4568 5330/1846/4593 5331/1848/4586
f 5313/1876/4571 5312/1874/4569 5344/1874/4594 5345/1876/4595
f 5300/1850/4572 5299/1848/4570 5331/1848/4586 5332/1850/4585
f 5314/1878/4573 5313/1876/4571 5345/1876/4595 5346/1878/4596
f 5301/1852/4574 5300/1850/4572 5332/1850/4585 5333/1852/4597
f 5315/1880/4575 5314/1878/4573 5346/1878/4596 5347/1880/4598
f 5302/1854/4576 5301/1852/4574 5333/1852/4597 5334/1854/4599
f 5316/1882/4577 5315/1880/4575 5347/1880/4598 5348/1882/4600
f 5303/1856/4578 5302/1854/4576 5334/1854/4599 5335/1856/4601
f 5317/1884/4579 5316/1882/4577 5348/1882/4600 5349/1884/4602
f 5304/1858/4580 5303/1856/4578 5335/1856/4601 5336/1858/4603
f 5318/1886/4581 5317/1884/4579 5349/1884/4602 5350/1886/4604
f 5305/1860/4582 5304/1858/4580 5336/1858/4603 5337/1860/4605
f 5319/1888/4583 5318/1886/4581 5350/1886/4604 5351/1888/4606
f 5306/1862/4584 5305/1860/4582 5337/1860/4605 5338/1862/4607
f 5293/1836/4523 5292/1835/4566 5324/1835/4590 5325/1836/4608
f 5320/1890/4557 5319/1888/4583 5351/1888/4606 5352/1890/4609
f 5307/1864/4559 5306/1862/4584 5338/1862/4607 5339/1864/4610
f 5294/1838/4524 5293/1836/4523 5325/1836/4608 5326/1838/4611
f 5321/1892/4558 5320/1890/4557 5352/1890/4609 5353/1892/4612
f 5308/1866/4560 5307/1864/4559 5339/1864/4610 5340/1866/4613
f 5295/1840/4561 5294/1838/4524 5326/1838/4611 5327/1840/4614
f 5322/1894/4562 5321/1892/4558 5353/1892/4612 5354/1894/4615
f 5309/1868/4563 5308/1866/4560 5340/1866/4613 5341/1868/4616
f 5296/1842/4554 5295/1840/4561 5327/1840/4614 5328/1842/4555
f 5323/1928/4564 5322/1894/4562 5354/1894/4615 5355/1928/4589
f 5310/1870/4565 5309/1868/4563 5341/1868/4616 5342/1870/4591
f 5367/1856/4617 5366/1854/4618 5398/1854/4619 5399/1856/4620
f 5346/1878/4596 5345/1876/4595 5377/1876/4621 5378/1878/4622
f 5333/1852/4597 5332/1850/4585 5364/1850/4588 5365/1852/4623
f 5347/1880/4598 5346/1878/4596 5378/1878/4622 5379/1880/4624
f 5334/1854/4599 5333/1852/4597 5365/1852/4623 5366/1854/4618
f 5348/1882/4600 5347/1880/4598 5379/1880/4624 5380/1882/4625
f 5335/1856/4601 5334/1854/4599 5366/1854/4618 5367/1856/4617
f 5349/1884/4602 5348/1882/4600 5380/1882/4625 5381/1884/4626
f 5336/1858/4603 5335/1856/4601 5367/1856/4617 5368/1858/4627
f 5350/1886/4604 5349/1884/4602 5381/1884/4626 5382/1886/4628
f 5337/1860/4605 5336/1858/4603 5368/1858/4627 5369/1860/4629
f 5351/1888/4606 5350/1886/4604 5382/1886/4628 5383/1888/4630
f 5338/1862/4607 5337/1860/4605 5369/1860/4629 5370/1862/4631
f 5325/1836/4608 5324/1835/4590 5356/1835/4632 5357/1836/4633
f 5352/1890/4609 5351/1888/4606 5383/1888/4630 5384/1890/4634
f 5339/1864/4610 5338/1862/4607 5370/1862/4631 5371/1864/4635
f 5326/1838/4611 5325/1836/4608 5357/1836/4633 5358/1838/4636
f 5353/1892/4612 5352/1890/4609 5384/1890/4634 5385/1892/4637
f 5340/1866/4613 5339/1864/4610 5371/1864/4635 5372/1866/4638
f 5327/1840/4614 5326/1838/4611 5358/1838/4636 5359/1840/4639
f 5354/1894/4615 5353/1892/4612 5385/1892/4637 5386/1894/4640
f 5341/1868/4616 5340/1866/4613 5372/1866/4638 5373/1868/4641
f 5328/1842/4555 5327/1840/4614 5359/1840/4639 5360/1842/4642
f 5355/1928/4589 5354/1894/4615 5386/1894/4640 5387/1928/4643
f 5342/1870/4591 5341/1868/4616 5373/1868/4641 5374/1870/4644
f 5329/1844/4556 5328/1842/4555 5360/1842/4642 5361/1844/4645
f 5324/1930/4590 5355/1928/4589 5387/1928/4643 5356/1930/4632
f 5343/1872/4592 5342/1870/4591 5374/1870/4644 5375/1872/4646
f 5330/1846/4593 5329/1844/4556 5361/1844/4645 5362/1846/4647
f 5344/1874/4594 5343/1872/4592 5375/1872/4646 5376/1874/4648
f 5331/1848/4586 5330/1846/4593 5362/1846/4647 5363/1848/4587
f 5345/1876/4595 5344/1874/4594 5376/1874/4648 5377/1876/4621
f 5402/1862/4649 5401/1860/4650 5433/1860/4651 5434/1862/4652
f 5381/1884/4626 5380/1882/4625 5412/1882/4653 5413/1884/4654
f 5368/1858/4627 5367/1856/4617 5399/1856/4620 5400/1858/4655
f 5382/1886/4628 5381/1884/4626 5413/1884/4654 5414/1886/4656
f 5369/1860/4629 5368/1858/4627 5400/1858/4655 5401/1860/4650
f 5383/1888/4630 5382/1886/4628 5414/1886/4656 5415/1888/4657
f 5370/1862/4631 5369/1860/4629 5401/1860/4650 5402/1862/4649
f 5357/1836/4633 5356/1835/4632 5388/1835/4658 5389/1836/4659
f 5384/1890/4634 5383/1888/4630 5415/1888/4657 5416/1890/4660
f 5371/1864/4635 5370/1862/4631 5402/1862/4649 5403/1864/4661
f 5358/1838/4636 5357/1836/4633 5389/1836/4659 5390/1838/4662
f 5385/1892/4637 5384/1890/4634 5416/1890/4660 5417/1892/4663
f 5372/1866/4638 5371/1864/4635 5403/1864/4661 5404/1866/4664
f 5359/1840/4639 5358/1838/4636 5390/1838/4662 5391/1840/4665
f 5386/1894/4640 5385/1892/4637 5417/1892/4663 5418/1894/4666
f 5373/1868/4641 5372/1866/4638 5404/1866/4664 5405/1868/4667
f 5360/1842/4642 5359/1840/4639 5391/1840/4665 5392/1842/4668
f 5387/1928/4643 5386/1894/4640 5418/1894/4666 5419/1928/4669
f 5374/1870/4644 5373/1868/4641 5405/1868/4667 5406/1870/4670
f 5361/1844/4645 5360/1842/4642 5392/1842/4668 5393/1844/4671
f 5356/1930/4632 5387/1928/4643 5419/1928/4669 5388/1930/4658
f 5375/1872/4646 5374/1870/4644 5406/1870/4670 5407/1872/4672
f 5362/1846/4647 5361/1844/4645 5393/1844/4671 5394/1846/4673
f 5376/1874/4648 5375/1872/4646 5407/1872/4672 5408/1874/4674
f 5363/1848/4587 5362/1846/4647 5394/1846/4673 5395/1848/4675
f 5377/1876/4621 5376/1874/4648 5408/1874/4674 5409/1876/4676
f 5364/1850/4588 5363/1848/4587 5395/1848/4675 5396/1850/4677
f 5378/1878/4622 5377/1876/4621 5409/1876/4676 5410/1878/4678
f 5365/1852/4623 5364/1850/4588 5396/1850/4677 5397/1852/4679
f 5379/1880/4624 5378/1878/4622 5410/1878/4678 5411/1880/4680
f 5366/1854/4618 5365/1852/4623 5397/1852/4679 5398/1854/4619
f 5380/1882/4625 5379/1880/4624 5411/1880/4680 5412/1882/4653
s 0
f 5421/1896/4681 5420/1897/4681 5451/1898/4681 5450/1899/4681 5449/1900/4681 5448/1901/4681 5447/1902/4681 5446/1903/4681 5445/1904/4681 5444/1905/4681 5443/1906/4681 5442/1907/4681 5441/1908/4681 5440/1909/4681 5439/1910/4681 5438/1911/4681 5437/1912/4681 5436/1913/4681 5435/1914/4681 5434/1915/4681 5433/1916/4681 5432/1917/4681 5431/1918/4681 5430/1919/4681 5429/1920/4681 5428/1921/4681 5427/1922/4681 5426/1923/4681 5425/1924/4681 5424/1925/4681 5423/1926/4681 5422/1927/4681
s 1
f 5389/1836/4659 5388/1835/4658 5420/1835/4682 5421/1836/4683
f 5416/1890/4660 5415/1888/4657 5447/1888/4684 5448/1890/4685
f 5403/1864/4661 5402/1862/4649 5434/1862/4652 5435/1864/4686
f 5390/1838/4662 5389/1836/4659 5421/1836/4683 5422/1838/4687
f 5417/1892/4663 5416/1890/4660 5448/1890/4685 5449/1892/4688
f 5404/1866/4664 5403/1864/4661 5435/1864/4686 5436/1866/4689
f 5391/1840/4665 5390/1838/4662 5422/1838/4687 5423/1840/4690
f 5418/1894/4666 5417/1892/4663 5449/1892/4688 5450/1894/4691
f 5405/1868/4667 5404/1866/4664 5436/1866/4689 5437/1868/4692
f 5392/1842/4668 5391/1840/4665 5423/1840/4690 5424/1842/4693
f 5419/1928/4669 5418/1894/4666 5450/1894/4691 5451/1928/4694
f 5406/1870/4670 5405/1868/4667 5437/1868/4692 5438/1870/4695
f 5393/1844/4671 5392/1842/4668 5424/1842/4693 5425/1844/4696
f 5388/1930/4658 5419/1928/4669 5451/1928/4694 5420/1930/4682
f 5407/1872/4672 5406/1870/4670 5438/1870/4695 5439/1872/4697
f 5394/1846/4673 5393/1844/4671 5425/1844/4696 5426/1846/4698
f 5408/1874/4674 5407/1872/4672 5439/1872/4697 5440/1874/4699
f 5395/1848/4675 5394/1846/4673 5426/1846/4698 5427/1848/4700
f 5409/1876/4676 5408/1874/4674 5440/1874/4699 5441/1876/4701
f 5396/1850/4677 5395/1848/4675 5427/1848/4700 5428/1850/4702
f 5410/1878/4678 5409/1876/4676 5441/1876/4701 5442/1878/4703
f 5397/1852/4679 5396/1850/4677 5428/1850/4702 5429/1852/4704
f 5411/1880/4680 5410/1878/4678 5442/1878/4703 5443/1880/4705
f 5398/1854/4619 5397/1852/4679 5429/1852/4704 5430/1854/4706
f 5412/1882/4653 5411/1880/4680 5443/1880/4705 5444/1882/4707
f 5399/1856/4620 5398/1854/4619 5430/1854/4706 5431/1856/4708
f 5413/1884/4654 5412/1882/4653 5444/1882/4707 5445/1884/4709
f 5400/1858/4655 5399/1856/4620 5431/1856/4708 5432/1858/4710
f 5414/1886/4656 5413/1884/4654 5445/1884/4709 5446/1886/4711
f 5401/1860/4650 5400/1858/4655 5432/1858/4710 5433/1860/4651
f 5415/1888/4657 5414/1886/4656 5446/1886/4711 5447/1888/4684
f 5452/1834/4165 5453/1835/4165 5455/1836/4712 5454/1837/4712
f 5454/1837/4712 5455/1836/4712 5457/1838/4713 5456/1839/4713
f 5456/1839/4713 5457/1838/4713 5459/1840/4714 5458/1841/4714
f 5458/1841/4714 5459/1840/4714 5461/1842/4715 5460/1843/4715
f 5460/1843/4715 5461/1842/4715 5463/1844/4716 5462/1845/4716
f 5462/1845/4716 5463/1844/4716 5465/1846/4717 5464/1847/4717
f 5464/1847/4717 5465/1846/4717 5467/1848/4718 5466/1849/4718
f 5466/1849/4718 5467/1848/4718 5469/1850/4198 5468/1851/4198
f 5468/1851/4198 5469/1850/4198 5471/1852/4719 5470/1853/4719
f 5470/1853/4719 5471/1852/4719 5473/1854/4720 5472/1855/4720
f 5472/1855/4720 5473/1854/4720 5475/1856/4721 5474/1857/4721
f 5474/1857/4721 5475/1856/4721 5477/1858/4722 5476/1859/4722
f 5476/1859/4722 5477/1858/4722 5479/1860/4723 5478/1861/4723
f 5478/1861/4723 5479/1860/4723 5481/1862/4724 5480/1863/4724
f 5480/1863/4724 5481/1862/4724 5483/1864/4725 5482/1865/4725
f 5482/1865/4725 5483/1864/4725 5485/1866/4181 5484/1867/4181
f 5484/1867/4181 5485/1866/4181 5487/1868/4726 5486/1869/4726
f 5486/1869/4726 5487/1868/4726 5489/1870/4727 5488/1871/4727
f 5488/1871/4727 5489/1870/4727 5491/1872/4728 5490/1873/4728
f 5490/1873/4728 5491/1872/4728 5493/1874/4729 5492/1875/4729
f 5492/1875/4729 5493/1874/4729 5495/1876/4730 5494/1877/4730
f 5494/1877/4730 5495/1876/4730 5497/1878/4731 5496/1879/4731
f 5496/1879/4731 5497/1878/4731 5499/1880/4732 5498/1881/4732
f 5498/1881/4732 5499/1880/4732 5501/1882/4196 5500/1883/4196
f 5500/1883/4196 5501/1882/4196 5503/1884/4733 5502/1885/4733
f 5502/1885/4733 5503/1884/4733 5505/1886/4734 5504/1887/4734
f 5504/1887/4734 5505/1886/4734 5507/1888/4735 5506/1889/4735
f 5506/1889/4735 5507/1888/4735 5509/1890/4736 5508/1891/4736
f 5508/1891/4736 5509/1890/4736 5511/1892/4737 5510/1893/4737
f 5510/1893/4737 5511/1892/4737 5513/1894/4738 5512/1895/4738
s 0
f 5455/1896/4173 5453/1897/4173 5515/1898/4173 5513/1899/4173 5511/1900/4173 5509/1901/4173 5507/1902/4173 5505/1903/4173 5503/1904/4173 5501/1905/4173 5499/1906/4173 5497/1907/4173 5495/1908/4173 5493/1909/4173 5491/1910/4173 5489/1911/4173 5487/1912/4173 5485/1913/4173 5483/1914/4173 5481/1915/4173 5479/1916/4173 5477/1917/4173 5475/1918/4173 5473/1919/4173 5471/1920/4173 5469/1921/4173 5467/1922/4173 5465/1923/4173 5463/1924/4173 5461/1925/4173 5459/1926/4173 5457/1927/4173
s 1
f 5512/1895/4738 5513/1894/4738 5515/1928/4739 5514/1929/4739
f 5514/1929/4739 5515/1928/4739 5453/1930/4165 5452/1931/4165
s 0
f 5452/1932/4189 5454/1933/4189 5456/1934/4189 5458/1935/4189 5460/1936/4189 5462/1937/4189 5464/1938/4189 5466/1939/4189 5468/1940/4189 5470/1941/4189 5472/1942/4189 5474/1943/4189 5476/1944/4189 5478/1945/4189 5480/1946/4189 5482/1947/4189 5484/1948/4189 5486/1949/4189 5488/1950/4189 5490/1951/4189 5492/1952/4189 5494/1953/4189 5496/1954/4189 5498/1955/4189 5500/1956/4189 5502/1957/4189 5504/1958/4189 5506/1959/4189 5508/1960/4189 5510/1961/4189 5512/1962/4189 5514/1963/4189
s 1
f 5516/1834/4165 5517/1835/4165 5519/1836/4712 5518/1837/4712
f 5518/1837/4712 5519/1836/4712 5521/1838/4713 5520/1839/4713
f 5520/1839/4713 5521/1838/4713 5523/1840/4714 5522/1841/4714
f 5522/1841/4714 5523/1840/4714 5525/1842/4715 5524/1843/4715
f 5524/1843/4715 5525/1842/4715 5527/1844/4716 5526/1845/4716
f 5526/1845/4716 5527/1844/4716 5529/1846/4717 5528/1847/4717
f 5528/1847/4717 5529/1846/4717 5531/1848/4718 5530/1849/4718
f 5530/1849/4718 5531/1848/4718 5533/1850/4198 5532/1851/4198
f 5532/1851/4198 5533/1850/4198 5535/1852/4719 5534/1853/4719
f 5534/1853/4719 5535/1852/4719 5537/1854/4720 5536/1855/4720
f 5536/1855/4720 5537/1854/4720 5539/1856/4721 5538/1857/4721
f 5538/1857/4721 5539/1856/4721 5541/1858/4722 5540/1859/4722
f 5540/1859/4722 5541/1858/4722 5543/1860/4723 5542/1861/4723
f 5542/1861/4723 5543/1860/4723 5545/1862/4724 5544/1863/4724
f 5544/1863/4724 5545/1862/4724 5547/1864/4725 5546/1865/4725
f 5546/1865/4725 5547/1864/4725 5549/1866/4181 5548/1867/4181
f 5548/1867/4181 5549/1866/4181 5551/1868/4726 5550/1869/4726
f 5550/1869/4726 5551/1868/4726 5553/1870/4727 5552/1871/4727
f 5552/1871/4727 5553/1870/4727 5555/1872/4728 5554/1873/4728
f 5554/1873/4728 5555/1872/4728 5557/1874/4729 5556/1875/4729
f 5556/1875/4729 5557/1874/4729 5559/1876/4730 5558/1877/4730
f 5558/1877/4730 5559/1876/4730 5561/1878/4731 5560/1879/4731
f 5560/1879/4731 5561/1878/4731 5563/1880/4732 5562/1881/4732
f 5562/1881/4732 5563/1880/4732 5565/1882/4196 5564/1883/4196
f 5564/1883/4196 5565/1882/4196 5567/1884/4733 5566/1885/4733
f 5566/1885/4733 5567/1884/4733 5569/1886/4734 5568/1887/4734
f 5568/1887/4734 5569/1886/4734 5571/1888/4735 5570/1889/4735
f 5570/1889/4735 5571/1888/4735 5573/1890/4736 5572/1891/4736
f 5572/1891/4736 5573/1890/4736 5575/1892/4737 5574/1893/4737
f 5574/1893/4737 5575/1892/4737 5577/1894/4738 5576/1895/4738
s 0
f 5519/1896/4173 5517/1897/4173 5579/1898/4173 5577/1899/4173 5575/1900/4173 5573/1901/4173 5571/1902/4173 5569/1903/4173 5567/1904/4173 5565/1905/4173 5563/1906/4173 5561/1907/4173 5559/1908/4173 5557/1909/4173 5555/1910/4173 5553/1911/4173 5551/1912/4173 5549/1913/4173 5547/1914/4173 5545/1915/4173 5543/1916/4173 5541/1917/4173 5539/1918/4173 5537/1919/4173 5535/1920/4173 5533/1921/4173 5531/1922/4173 5529/1923/4173 5527/1924/4173 5525/1925/4173 5523/1926/4173 5521/1927/4173
s 1
f 5576/1895/4738 5577/1894/4738 5579/1928/4739 5578/1929/4739
f 5578/1929/4739 5579/1928/4739 5517/1930/4165 5516/1931/4165
s 0
f 5516/1932/4189 5518/1933/4189 5520/1934/4189 5522/1935/4189 5524/1936/4189 5526/1937/4189 5528/1938/4189 5530/1939/4189 5532/1940/4189 5534/1941/4189 5536/1942/4189 5538/1943/4189 5540/1944/4189 5542/1945/4189 5544/1946/4189 5546/1947/4189 5548/1948/4189 5550/1949/4189 5552/1950/4189 5554/1951/4189 5556/1952/4189 5558/1953/4189 5560/1954/4189 5562/1955/4189 5564/1956/4189 5566/1957/4189 5568/1958/4189 5570/1959/4189 5572/1960/4189 5574/1961/4189 5576/1962/4189 5578/1963/4189
s 1
f 5580/1834/4165 5581/1835/4165 5583/1836/4712 5582/1837/4712
f 5582/1837/4712 5583/1836/4712 5585/1838/4713 5584/1839/4713
f 5584/1839/4713 5585/1838/4713 5587/1840/4714 5586/1841/4714
f 5586/1841/4714 5587/1840/4714 5589/1842/4715 5588/1843/4715
f 5588/1843/4715 5589/1842/4715 5591/1844/4716 5590/1845/4716
f 5590/1845/4716 5591/1844/4716 5593/1846/4717 5592/1847/4717
f 5592/1847/4717 5593/1846/4717 5595/1848/4718 5594/1849/4718
f 5594/1849/4718 5595/1848/4718 5597/1850/4198 5596/1851/4198
f 5596/1851/4198 5597/1850/4198 5599/1852/4719 5598/1853/4719
f 5598/1853/4719 5599/1852/4719 5601/1854/4720 5600/1855/4720
f 5600/1855/4720 5601/1854/4720 5603/1856/4721 5602/1857/4721
f 5602/1857/4721 5603/1856/4721 5605/1858/4722 5604/1859/4722
f 5604/1859/4722 5605/1858/4722 5607/1860/4723 5606/1861/4723
f 5606/1861/4723 5607/1860/4723 5609/1862/4724 5608/1863/4724
f 5608/1863/4724 5609/1862/4724 5611/1864/4725 5610/1865/4725
f 5610/1865/4725 5611/1864/4725 5613/1866/4181 5612/1867/4181
f 5612/1867/4181 5613/1866/4181 5615/1868/4726 5614/1869/4726
f 5614/1869/4726 5615/1868/4726 5617/1870/4727 5616/1871/4727
f 5616/1871/4727 5617/1870/4727 5619/1872/4728 5618/1873/4728
f 5618/1873/4728 5619/1872/4728 5621/1874/4729 5620/1875/4729
f 5620/1875/4729 5621/1874/4729 5623/1876/4730 5622/1877/4730
f 5622/1877/4730 5623/1876/4730 5625/1878/4731 5624/1879/4731
f 5624/1879/4731 5625/1878/4731 5627/1880/4732 5626/1881/4732
f 5626/1881/4732 5627/1880/4732 5629/1882/4196 5628/1883/4196
f 5628/1883/4196 5629/1882/4196 5631/1884/4733 5630/1885/4733
f 5630/1885/4733 5631/1884/4733 5633/1886/4734 5632/1887/4734
f 5632/1887/4734 5633/1886/4734 5635/1888/4735 5634/1889/4735
f 5634/1889/4735 5635/1888/4735 5637/1890/4736 5636/1891/4736
f 5636/1891/4736 5637/1890/4736 5639/1892/4737 5638/1893/4737
f 5638/1893/4737 5639/1892/4737 5641/1894/4738 5640/1895/4738
s 0
f 5583/1896/4173 5581/1897/4173 5643/1898/4173 5641/1899/4173 5639/1900/4173 5637/1901/4173 5635/1902/4173 5633/1903/4173 5631/1904/4173 5629/1905/4173 5627/1906/4173 5625/1907/4173 5623/1908/4173 5621/1909/4173 5619/1910/4173 5617/1911/4173 5615/1912/4173 5613/1913/4173 5611/1914/4173 5609/1915/4173 5607/1916/4173 5605/1917/4173 5603/1918/4173 5601/1919/4173 5599/1920/4173 5597/1921/4173 5595/1922/4173 5593/1923/4173 5591/1924/4173 5589/1925/4173 5587/1926/4173 5585/1927/4173
s 1
f 5640/1895/4738 5641/1894/4738 5643/1928/4739 5642/1929/4739
f 5642/1929/4739 5643/1928/4739 5581/1930/4165 5580/1931/4165
s 0
f 5580/1932/4189 5582/1933/4189 5584/1934/4189 5586/1935/4189 5588/1936/4189 5590/1937/4189 5592/1938/4189 5594/1939/4189 5596/1940/4189 5598/1941/4189 5600/1942/4189 5602/1943/4189 5604/1944/4189 5606/1945/4189 5608/1946/4189 5610/1947/4189 5612/1948/4189 5614/1949/4189 5616/1950/4189 5618/1951/4189 5620/1952/4189 5622/1953/4189 5624/1954/4189 5626/1955/4189 5628/1956/4189 5630/1957/4189 5632/1958/4189 5634/1959/4189 5636/1960/4189 5638/1961/4189 5640/1962/4189 5642/1963/4189
s 1
f 5644/1834/4165 5645/1835/4165 5647/1836/4197 5646/1837/4197
f 5646/1837/4197 5647/1836/4197 5649/1838/4195 5648/1839/4195
f 5648/1839/4195 5649/1838/4195 5651/1840/4194 5650/1841/4194
f 5650/1841/4194 5651/1840/4194 5653/1842/4193 5652/1843/4193
f 5652/1843/4193 5653/1842/4193 5655/1844/4192 5654/1845/4192
f 5654/1845/4192 5655/1844/4192 5657/1846/4191 5656/1847/4191
f 5656/1847/4191 5657/1846/4191 5659/1848/4190 5658/1849/4190
f 5658/1849/4190 5659/1848/4190 5661/1850/4189 5660/1851/4189
f 5660/1851/4189 5661/1850/4189 5663/1852/4188 5662/1853/4188
f 5662/1853/4188 5663/1852/4188 5665/1854/4187 5664/1855/4187
f 5664/1855/4187 5665/1854/4187 5667/1856/4186 5666/1857/4186
f 5666/1857/4186 5667/1856/4186 5669/1858/4185 5668/1859/4185
f 5668/1859/4185 5669/1858/4185 5671/1860/4184 5670/1861/4184
f 5670/1861/4184 5671/1860/4184 5673/1862/4183 5672/1863/4183
f 5672/1863/4183 5673/1862/4183 5675/1864/4182 5674/1865/4182
f 5674/1865/4182 5675/1864/4182 5677/1866/4181 5676/1867/4181
f 5676/1867/4181 5677/1866/4181 5679/1868/4180 5678/1869/4180
f 5678/1869/4180 5679/1868/4180 5681/1870/4179 5680/1871/4179
f 5680/1871/4179 5681/1870/4179 5683/1872/4178 5682/1873/4178
f 5682/1873/4178 5683/1872/4178 5685/1874/4177 5684/1875/4177
f 5684/1875/4177 5685/1874/4177 5687/1876/4176 5686/1877/4176
f 5686/1877/4176 5687/1876/4176 5689/1878/4175 5688/1879/4175
f 5688/1879/4175 5689/1878/4175 5691/1880/4174 5690/1881/4174
f 5690/1881/4174 5691/1880/4174 5693/1882/4173 5692/1883/4173
f 5692/1883/4173 5693/1882/4173 5695/1884/4172 5694/1885/4172
f 5694/1885/4172 5695/1884/4172 5697/1886/4171 5696/1887/4171
f 5696/1887/4171 5697/1886/4171 5699/1888/4170 5698/1889/4170
f 5698/1889/4170 5699/1888/4170 5701/1890/4169 5700/1891/4169
f 5700/1891/4169 5701/1890/4169 5703/1892/4168 5702/1893/4168
f 5702/1893/4168 5703/1892/4168 5705/1894/4167 5704/1895/4167
s 0
f 5647/1896/4198 5645/1897/4198 5707/1898/4198 5705/1899/4198 5703/1900/4198 5701/1901/4198 5699/1902/4198 5697/1903/4198 5695/1904/4198 5693/1905/4198 5691/1906/4198 5689/1907/4198 5687/1908/4198 5685/1909/4198 5683/1910/4198 5681/1911/4198 5679/1912/4198 5677/1913/4198 5675/1914/4198 5673/1915/4198 5671/1916/4198 5669/1917/4198 5667/1918/4198 5665/1919/4198 5663/1920/4198 5661/1921/4198 5659/1922/4198 5657/1923/4198 5655/1924/4198 5653/1925/4198 5651/1926/4198 5649/1927/4198
s 1
f 5704/1895/4167 5705/1894/4167 5707/1928/4166 5706/1929/4166
f 5706/1929/4166 5707/1928/4166 5645/1930/4165 5644/1931/4165
s 0
f 5644/1932/4196 5646/1933/4196 5648/1934/4196 5650/1935/4196 5652/1936/4196 5654/1937/4196 5656/1938/4196 5658/1939/4196 5660/1940/4196 5662/1941/4196 5664/1942/4196 5666/1943/4196 5668/1944/4196 5670/1945/4196 5672/1946/4196 5674/1947/4196 5676/1948/4196 5678/1949/4196 5680/1950/4196 5682/1951/4196 5684/1952/4196 5686/1953/4196 5688/1954/4196 5690/1955/4196 5692/1956/4196 5694/1957/4196 5696/1958/4196 5698/1959/4196 5700/1960/4196 5702/1961/4196 5704/1962/4196 5706/1963/4196
s 1
f 5708/1834/4196 5709/1835/4196 5711/1836/4740 5710/1837/4740
f 5710/1837/4740 5711/1836/4740 5713/1838/4741 5712/1839/4741
f 5712/1839/4741 5713/1838/4741 5715/1840/4742 5714/1841/4742
f 5714/1841/4742 5715/1840/4742 5717/1842/4743 5716/1843/4743
f 5716/1843/4743 5717/1842/4743 5719/1844/4744 5718/1845/4744
f 5718/1845/4744 5719/1844/4744 5721/1846/4745 5720/1847/4745
f 5720/1847/4745 5721/1846/4745 5723/1848/4746 5722/1849/4746
f 5722/1849/4746 5723/1848/4746 5725/1850/4189 5724/1851/4189
f 5724/1851/4189 5725/1850/4189 5727/1852/4747 5726/1853/4747
f 5726/1853/4747 5727/1852/4747 5729/1854/4748 5728/1855/4748
f 5728/1855/4748 5729/1854/4748 5731/1856/4749 5730/1857/4749
f 5730/1857/4749 5731/1856/4749 5733/1858/4750 5732/1859/4750
f 5732/1859/4750 5733/1858/4750 5735/1860/4751 5734/1861/4751
f 5734/1861/4751 5735/1860/4751 5737/1862/4752 5736/1863/4752
f 5736/1863/4752 5737/1862/4752 5739/1864/4753 5738/1865/4753
f 5738/1865/4753 5739/1864/4753 5741/1866/4198 5740/1867/4198
f 5740/1867/4198 5741/1866/4198 5743/1868/4754 5742/1869/4754
f 5742/1869/4754 5743/1868/4754 5745/1870/4755 5744/1871/4755
f 5744/1871/4755 5745/1870/4755 5747/1872/4756 5746/1873/4756
f 5746/1873/4756 5747/1872/4756 5749/1874/4757 5748/1875/4757
f 5748/1875/4757 5749/1874/4757 5751/1876/4758 5750/1877/4758
f 5750/1877/4758 5751/1876/4758 5753/1878/4759 5752/1879/4759
f 5752/1879/4759 5753/1878/4759 5755/1880/4760 5754/1881/4760
f 5754/1881/4760 5755/1880/4760 5757/1882/4173 5756/1883/4173
f 5756/1883/4173 5757/1882/4173 5759/1884/4761 5758/1885/4761
f 5758/1885/4761 5759/1884/4761 5761/1886/4762 5760/1887/4762
f 5760/1887/4762 5761/1886/4762 5763/1888/4763 5762/1889/4763
f 5762/1889/4763 5763/1888/4763 5765/1890/4764 5764/1891/4764
f 5764/1891/4764 5765/1890/4764 5767/1892/4765 5766/1893/4765
f 5766/1893/4765 5767/1892/4765 5769/1894/4766 5768/1895/4766
s 0
f 5711/1896/4165 5709/1897/4165 5771/1898/4165 5769/1899/4165 5767/1900/4165 5765/1901/4165 5763/1902/4165 5761/1903/4165 5759/1904/4165 5757/1905/4165 5755/1906/4165 5753/1907/4165 5751/1908/4165 5749/1909/4165 5747/1910/4165 5745/1911/4165 5743/1912/4165 5741/1913/4165 5739/1914/4165 5737/1915/4165 5735/1916/4165 5733/1917/4165 5731/1918/4165 5729/1919/4165 5727/1920/4165 5725/1921/4165 5723/1922/4165 5721/1923/4165 5719/1924/4165 5717/1925/4165 5715/1926/4165 5713/1927/4165
s 1
f 5768/1895/4766 5769/1894/4766 5771/1928/4767 5770/1929/4767
f 5770/1929/4767 5771/1928/4767 5709/1930/4196 5708/1931/4196
s 0
f 5708/1932/4181 5710/1933/4181 5712/1934/4181 5714/1935/4181 5716/1936/4181 5718/1937/4181 5720/1938/4181 5722/1939/4181 5724/1940/4181 5726/1941/4181 5728/1942/4181 5730/1943/4181 5732/1944/4181 5734/1945/4181 5736/1946/4181 5738/1947/4181 5740/1948/4181 5742/1949/4181 5744/1950/4181 5746/1951/4181 5748/1952/4181 5750/1953/4181 5752/1954/4181 5754/1955/4181 5756/1956/4181 5758/1957/4181 5760/1958/4181 5762/1959/4181 5764/1960/4181 5766/1961/4181 5768/1962/4181 5770/1963/4181
