# Blender 4.4.3
# www.blender.org
mtllib wisteria_map2.mtl
o plate_storage
v 15.753456 0.822389 6.565002
v 15.753456 7.195598 6.565002
v 15.753456 0.822389 18.115250
v 15.753456 7.195598 18.115250
v 17.753456 0.797949 6.872379
v 17.753456 6.831950 6.872379
v 17.753456 0.797949 17.807873
v 17.753456 6.831950 17.807873
v 17.191299 0.822389 18.115250
v 17.191299 7.195598 18.115250
v 17.191299 0.822389 6.565002
v 17.191299 7.195598 6.565002
v 15.753456 2.791818 6.565002
v 15.753456 2.791818 18.115250
v 17.753456 2.662557 17.807873
v 17.753456 2.662557 6.872379
v 17.191299 2.791818 6.565002
v 17.191299 2.791818 18.115250
v 17.853981 2.662557 17.807873
v 17.853981 0.797949 17.807873
v 17.853981 0.797949 6.872379
v 17.853981 2.662557 6.872379
v 15.753456 0.822389 14.913741
v 15.753456 0.822389 9.765195
v 15.753456 7.195598 9.765195
v 15.753456 7.195598 14.913740
v 17.753456 0.797949 9.867655
v 17.753456 0.797949 14.811281
v 17.753456 6.831950 14.811282
v 17.753456 6.831950 9.867655
v 17.191299 7.195598 14.913741
v 17.191299 7.195598 9.765195
v 17.191299 0.822389 14.913741
v 17.191299 0.822389 9.765195
v 17.753456 2.662557 14.811282
v 17.753456 2.662557 9.867655
v 15.753456 2.791818 9.765195
v 15.753456 2.791818 14.913740
v 17.853981 0.797949 9.867655
v 17.853981 0.797949 14.811281
v 17.853981 2.662557 14.811282
v 17.853981 2.662557 9.867655
v 17.540146 6.461340 17.541512
v 17.540146 3.033168 17.541512
v 17.540146 6.461340 15.077644
v 17.540146 3.033168 15.077644
v 17.540146 6.424993 9.575298
v 17.540146 6.424993 7.164736
v 17.540146 3.069515 7.164736
v 17.540146 3.069515 9.575298
v 17.540146 6.464936 14.376114
v 17.540146 6.464936 10.302822
v 17.540146 3.029572 14.376114
v 17.540146 3.029572 10.302822
v 15.753456 0.822389 12.699273
v 15.753456 0.822389 12.064142
v 15.753456 7.195598 12.064142
v 15.753456 7.195598 12.699273
v 17.753456 0.797949 12.098297
v 17.753456 0.797949 12.665121
v 17.753456 6.831950 12.665121
v 17.753456 6.831950 12.098297
v 17.191299 7.195598 12.699273
v 17.191299 7.195598 12.064142
v 17.191299 0.822389 12.699273
v 17.191299 0.822389 12.064142
v 17.753456 2.662557 12.665121
v 17.753456 2.662557 12.098297
v 15.753456 2.791818 12.064142
v 15.753456 2.791818 12.699273
v 17.853981 0.797949 12.098297
v 17.853981 0.797949 12.665121
v 17.853981 2.662557 12.665121
v 17.853981 2.662557 12.098297
v 17.540146 6.464936 12.520064
v 17.540146 6.464936 12.243353
v 17.540146 3.029572 12.520064
v 17.540146 3.029572 12.243353
v 15.753456 0.822389 12.381707
v 15.753456 7.195598 12.381707
v 17.753456 0.797949 12.381710
v 17.753456 6.831950 12.381710
v 17.191299 7.195598 12.381707
v 17.191299 0.822389 12.381707
v 17.753456 2.662557 12.381710
v 15.753456 2.791818 12.381707
v 17.853981 0.797949 12.381710
v 17.853981 2.662557 12.381710
v 17.753456 6.464936 12.381708
v 17.753456 3.029572 12.381708
v 17.733574 2.563060 17.518326
v 17.733574 0.897446 17.518326
v 17.733574 0.897446 14.841535
v 17.733574 0.897446 12.924415
v 17.733574 2.563060 14.841536
v 17.733574 2.563060 12.924415
v 17.733574 2.575891 7.127121
v 17.733574 0.884614 7.127121
v 17.733574 2.575891 9.843963
v 17.733574 0.884614 9.843963
v 17.733574 2.575891 11.867248
v 17.733574 0.884614 11.867248
v 15.753456 3.144120 6.565002
v 15.753456 3.144120 18.115250
v 17.753456 2.996109 17.807873
v 17.753456 2.996109 6.872379
v 17.191299 3.144120 6.565002
v 17.191299 3.144120 18.115250
v 17.753456 2.996109 14.811282
v 17.753456 2.996109 9.867655
v 15.753456 3.144120 9.765195
v 15.753456 3.144120 14.913740
v 17.540146 3.307422 17.541512
v 17.540146 3.031822 15.077644
v 17.540146 3.337953 7.164736
v 17.540146 3.337953 9.575298
v 17.540146 3.304400 14.376114
v 17.540146 3.026058 10.302822
v 17.540146 3.022366 12.520064
v 17.540146 3.022366 12.243353
v 15.753456 3.144120 12.064142
v 15.753456 3.144120 12.699273
v 15.753456 3.144120 12.381707
v 17.753456 3.304400 12.381708
v 17.201141 3.069515 7.164736
v 17.201141 3.069515 9.575298
v 17.203552 3.033168 17.541512
v 17.203552 3.033168 15.077644
v 17.203552 3.029572 14.376114
v 17.203552 3.029572 10.302822
v 17.203552 3.029572 12.520064
v 17.203552 3.029572 12.243353
v 16.864548 3.069515 7.164736
v 16.864548 3.069515 9.575298
v 17.244125 6.831950 14.811282
v 17.030815 6.461340 17.541512
v 17.030815 6.461340 15.077644
v 17.030815 6.424993 9.575298
v 17.030815 6.424993 7.164736
v 17.030815 3.069515 7.164736
v 17.030815 3.069515 9.575298
v 17.030815 6.464936 14.376114
v 17.030815 6.464936 10.302822
v 17.030815 6.464936 12.520064
v 17.030815 6.464936 12.243353
v 17.244125 2.996109 14.811282
v 17.030815 3.307422 17.541512
v 17.030815 3.031822 15.077644
v 17.030815 3.337953 7.164736
v 17.030815 3.337953 9.575298
v 17.030815 3.304400 14.376114
v 17.030815 3.026058 10.302822
v 17.030815 3.022366 12.520064
v 17.030815 3.022366 12.243353
v 15.964653 6.831950 14.811282
v 15.751343 6.461340 17.541512
v 15.751343 6.461340 15.077644
v 15.751343 6.424993 9.575298
v 15.751343 6.424993 7.164736
v 15.751343 3.069515 7.164736
v 15.751343 3.069515 9.575298
v 15.751343 6.464936 14.376114
v 15.751343 6.464936 10.302822
v 15.751343 6.464936 12.520064
v 15.751343 6.464936 12.243353
v 15.964653 2.996109 14.811282
v 15.751343 3.307422 17.541512
v 15.751343 3.031822 15.077644
v 15.751343 3.337953 7.164736
v 15.751343 3.337953 9.575298
v 15.751343 3.304400 14.376114
v 15.751343 3.026058 10.302822
v 15.751343 3.022366 12.520064
v 15.751343 3.022366 12.243353
v 17.534439 3.018996 6.814512
v 17.534439 3.018996 17.865740
vn 1.0000 -0.0000 -0.0000
vn -0.4797 -0.0000 -0.8774
vn -0.8078 -0.0000 -0.5894
vn -0.0000 -0.0000 1.0000
vn 0.0434 0.9991 -0.0000
vn -0.0000 -1.0000 -0.0000
vn -0.5431 -0.8396 -0.0000
vn -0.0000 1.0000 -0.0000
vn -0.4797 -0.0000 0.8774
vn -0.0000 -0.0000 -1.0000
vn -0.8868 -0.0000 0.4621
vn -0.6370 -0.7709 -0.0000
vn -0.5842 -0.8116 -0.0000
vn -0.7806 -0.0000 -0.6251
vn -0.8979 -0.0000 0.4401
vn -1.0000 -0.0000 -0.0000
vn -0.8667 -0.4988 -0.0000
vn -0.8667 0.4988 -0.0000
vn -0.7806 -0.0000 0.6251
vn -0.8857 0.4642 -0.0000
vn -0.8078 -0.0000 0.5894
vn -0.8857 -0.4642 -0.0000
vn -0.8979 -0.0000 -0.4402
vn -0.8646 -0.5025 -0.0000
vn -0.8646 0.5025 -0.0000
vn -0.8427 0.3291 0.4262
vn -0.8427 -0.3291 -0.4262
vn -0.5442 -0.0000 0.8390
vn -0.9234 -0.0000 0.3840
vn -0.5442 -0.0000 -0.8390
vn -0.8427 -0.3291 0.4262
vn -0.8427 0.3291 -0.4262
vn -0.9070 -0.0000 -0.4212
vn -0.6370 0.7709 -0.0000
vn -0.5842 0.8116 -0.0000
vn -0.9041 -0.0000 -0.4273
vn -0.2241 -0.9746 -0.0000
vn -0.8979 -0.0000 -0.4401
vn -0.3426 -0.9395 -0.0000
vt -0.449014 -0.196699
vt 0.057421 -0.196700
vt 0.057420 -0.596888
vt -0.449014 -0.596888
vt -0.449015 0.509724
vt 0.057420 0.509724
vt 0.011964 0.579994
vt -0.467516 0.579995
vt -0.467516 0.670005
vt -0.509210 0.670005
vt -0.458340 0.654622
vt -0.424785 0.654622
vt -0.449015 0.740275
vt 0.057420 0.740276
vt 0.057420 0.920005
vt -0.449014 0.920005
vt 0.492279 0.303131
vt 0.547234 0.315939
vt 0.547234 -0.058471
vt 0.492279 -0.096893
vt 0.615276 0.303131
vt 0.795005 0.303131
vt 0.795006 -0.096893
vt 0.615276 -0.096893
vt -0.673341 0.315940
vt -0.587756 0.303132
vt -0.587756 -0.096892
vt -0.673341 -0.058470
vt 0.204995 0.303131
vt 0.384724 0.303131
vt 0.384724 -0.096893
vt 0.204995 -0.096893
vt 0.011964 0.670005
vt 0.057420 0.740276
vt -0.449015 0.329994
vt 0.057420 0.329994
vt 0.057420 0.509724
vt -0.739232 0.329995
vt -0.493052 0.329995
vt -0.493052 0.509724
vt -0.739231 0.509724
vt -0.742287 0.670005
vt -0.509210 0.670005
vt -0.493052 0.740275
vt -0.739231 0.740275
vt -0.739231 0.740275
vt -0.493052 0.740275
vt -0.493052 0.920005
vt -0.739231 0.920005
vt -0.742286 0.579995
vt -0.509210 0.579994
vt -0.509210 0.589668
vt -0.742286 0.589668
vt -0.739231 0.509724
vt -0.493053 0.509724
vt -0.509210 0.579995
vt -0.742286 0.579994
vt -0.739231 -0.196699
vt -0.493052 -0.196699
vt -0.493052 -0.596888
vt -0.739231 -0.596888
vt -0.742285 0.594769
vt -0.509209 0.594769
vt -0.520042 0.565888
vt -0.731452 0.565887
vt -0.509211 0.670005
vt -0.742287 0.670005
vt -0.742287 0.660332
vt -0.509211 0.660332
vt 0.439680 0.933892
vt 0.439679 1.308467
vt 0.449458 1.308467
vt 0.449458 0.933893
vt 0.720383 0.315939
vt 0.720383 -0.058471
vt 0.720383 0.315939
vt 0.720383 1.308467
vt 0.720383 0.933893
vt 0.720383 0.933893
vt 0.720383 0.594769
vt 0.720383 0.315939
vt 0.720383 0.315939
vt 0.720383 0.594769
vt 0.439680 -0.058471
vt 0.439680 0.315939
vt 0.449458 0.315939
vt 0.449459 -0.058471
vt 0.439680 0.665622
vt 0.439680 0.933893
vt 0.449458 0.933893
vt 0.449458 0.665622
vt 0.449458 0.937674
vt 0.449458 0.698034
vt 0.449458 0.594769
vt 0.449458 0.565888
vt 0.449458 0.312977
vt -0.739231 0.846893
vt -0.493052 0.846893
vt -0.493052 0.446869
vt -0.739230 0.446869
vt -0.739230 0.080110
vt -0.493052 0.080110
vt -0.493052 -0.196699
vt -0.739231 -0.196699
vt 0.204995 1.346888
vt 0.384724 1.346889
vt 0.384724 0.946700
vt 0.204995 0.946700
vt 0.204995 0.590500
vt 0.384724 0.590500
vt 0.384724 0.303131
vt 0.204995 0.303131
vt -0.673341 1.308473
vt -0.587758 1.346892
vt -0.587755 0.946704
vt -0.673342 0.933897
vt -0.673342 0.594770
vt -0.587758 0.590500
vt -0.587756 0.303132
vt -0.673342 0.315939
vt 0.615276 1.346889
vt 0.795005 1.346889
vt 0.795005 0.946700
vt 0.615276 0.946700
vt 0.615276 0.590500
vt 0.795005 0.590500
vt 0.795005 0.303131
vt 0.615276 0.303131
vt 0.492278 1.346889
vt 0.547234 1.308467
vt 0.547234 0.933893
vt 0.492278 0.946700
vt 0.492278 0.590500
vt 0.547234 0.594769
vt 0.547234 0.315939
vt 0.492278 0.303131
vt -0.467516 0.933892
vt -0.509209 0.933892
vt -0.462883 0.967188
vt -0.463051 0.967188
vt 0.011964 0.933892
vt -0.033912 0.879496
vt -0.428979 0.879496
vt -0.449014 0.846893
vt 0.057421 0.846893
vt 0.057420 0.446869
vt -0.449014 0.446869
vt -0.449014 0.080109
vt 0.057421 0.080109
vt 0.057420 -0.196700
vt -0.428601 1.275172
vt -0.034362 1.275171
vt -0.034362 0.967188
vt -0.463051 0.967188
vt 0.720383 0.933892
vt 0.720383 1.275170
vt 0.720381 0.967186
vt -0.536704 1.308470
vt -0.536703 0.933899
vt -0.582030 0.967194
vt -0.582029 1.275176
vt 0.011964 0.579995
vt -0.034362 0.594010
vt -0.428602 0.594010
vt -0.424785 0.279394
vt -0.038905 0.279394
vt -0.038905 -0.021926
vt -0.424786 -0.021926
vt -0.557778 0.315940
vt -0.557778 -0.058470
vt -0.607549 -0.021925
vt -0.607549 0.279395
vt -0.467516 0.315939
vt 0.011964 0.315939
vt -0.038905 0.279394
vt 0.720382 -0.058471
vt 0.720383 0.315939
vt 0.720383 0.279394
vt 0.720382 -0.021926
vt -0.464234 0.612901
vt -0.033913 0.612901
vt -0.033913 0.370335
vt -0.463772 0.370335
vt -0.509210 0.315939
vt -0.463333 0.370335
vt -0.463772 0.370335
vt 0.720383 0.665623
vt 0.720383 0.933895
vt 0.720385 0.879498
vt 0.720383 0.647493
vt -0.534322 0.594772
vt -0.534322 0.315943
vt -0.579210 0.370339
vt -0.579206 0.612905
vt -0.534323 0.933898
vt -0.534321 0.665627
vt -0.579207 0.647495
vt -0.579206 0.879501
vt -0.620324 0.811646
vt -0.618258 0.783281
vt -0.665166 0.794497
vt -0.663188 0.818540
vt 0.720382 0.315936
vt 0.720382 0.594767
vt 0.720381 0.612900
vt 0.720381 0.370332
vt 0.720383 0.818051
vt 0.720382 0.846748
vt 0.720384 0.835490
vt 0.720383 0.811157
vt -0.033912 0.879497
vt -0.033912 0.647490
vt -0.464234 0.647490
vt -0.428979 0.630196
vt -0.033912 0.630196
vt -0.033912 0.612901
vt -0.464234 0.612901
vt 0.057421 0.446869
vt 0.057420 0.159500
vt -0.449014 0.159500
vt -0.449014 0.119805
vt 0.057421 0.119805
vt 0.057421 0.080109
vt 0.492279 0.946700
vt 0.547234 0.933893
vt 0.547234 0.665623
vt 0.492279 0.669892
vt 0.492278 0.630195
vt 0.547234 0.630196
vt 0.547234 0.594769
vt 0.492278 0.590500
vt 0.615276 0.946700
vt 0.795005 0.946700
vt 0.795005 0.669891
vt 0.615276 0.669891
vt 0.615276 0.630195
vt 0.795005 0.630196
vt 0.795005 0.590500
vt 0.615276 0.590500
vt -0.673343 0.933896
vt -0.587758 0.946702
vt -0.587757 0.669894
vt -0.673342 0.665624
vt -0.673339 0.630194
vt -0.587753 0.630194
vt -0.587754 0.590499
vt -0.673338 0.594769
vt 0.204995 0.946700
vt 0.384724 0.946700
vt 0.384724 0.669891
vt 0.204995 0.669891
vt 0.204995 0.630195
vt 0.384724 0.630196
vt 0.384724 0.590500
vt 0.204995 0.590500
vt -0.739231 0.446869
vt -0.493052 0.446869
vt -0.493052 0.159501
vt -0.739230 0.159501
vt -0.739231 0.119805
vt -0.493052 0.119805
vt -0.493052 0.080110
vt -0.739231 0.080110
vt -0.521647 0.589668
vt -0.729849 0.589668
vt -0.742285 0.630195
vt -0.509210 0.630195
vt 0.439680 0.315939
vt 0.439680 0.594769
vt 0.439680 0.630196
vt 0.439680 0.665622
vt 0.449458 0.665622
vt 0.449458 0.630196
vt 0.720383 0.665622
vt 0.720383 0.665622
vt 0.720383 0.933893
vt 0.720383 0.630196
vt 0.720383 0.594769
vt 0.720383 0.630196
vt 0.720383 0.665622
vt 0.720383 0.665622
vt 0.439680 0.594769
vt -0.742285 0.665622
vt -0.509209 0.665622
vt -0.509209 0.630195
vt -0.742285 0.630195
vt -0.739231 0.159501
vt -0.493052 0.159501
vt -0.493052 0.119805
vt -0.739231 0.119805
vt 0.204995 0.669891
vt 0.384724 0.669891
vt -0.673338 0.665622
vt -0.587753 0.669891
vt -0.587754 0.630195
vt -0.673338 0.630195
vt 0.615276 0.669891
vt 0.492279 0.669891
vt 0.547234 0.665622
vt 0.547234 0.630196
vt 0.492279 0.630195
vt 0.057421 0.159500
vt 0.057421 0.119805
vt -0.464234 0.647490
vt -0.033912 0.647490
vt -0.033912 0.630196
vt 0.720384 0.413643
vt 0.720382 0.442338
vt 0.720381 0.449234
vt 0.720381 0.424900
vt -0.618260 0.477121
vt -0.620326 0.448756
vt -0.663197 0.441860
vt -0.665168 0.465906
vt -0.729848 1.272272
vt -0.521646 1.272272
vt -0.521646 0.937673
vt -0.729848 0.937672
vt -0.729849 0.937674
vt -0.521647 0.937674
vt -0.521647 0.698034
vt -0.729849 0.698034
vt 0.449458 1.272273
vt 0.449458 0.937674
vt -0.729848 0.698034
vt -0.521647 0.698034
vt 0.720383 0.937674
vt 0.720383 1.272273
vt 0.720383 0.698034
vt 0.720383 0.937674
vt -0.731453 0.312977
vt -0.520043 0.312977
vt -0.520043 -0.026628
vt -0.731452 -0.026628
vt -0.731452 0.565887
vt -0.520043 0.565887
vt -0.520043 0.312977
vt -0.731452 0.312976
vt 0.720383 0.312977
vt 0.720383 0.565888
vt 0.720383 -0.026628
vt 0.720383 0.312977
vt -0.731454 0.660332
vt -0.520044 0.660332
vt 0.449459 0.312977
vt 0.449459 -0.026628
vt -0.493053 0.329994
vt -0.493052 0.920005
vt -0.493052 0.740275
vt 0.000000 0.000000
vt -0.463333 0.647490
vt -0.464234 0.647490
vt -0.463333 0.630196
vt -0.493052 0.159500
vt -0.493052 0.119805
vt -0.493051 0.119805
vt -0.493051 0.080109
vt -0.493052 0.446869
vt -0.493052 0.159500
vt -0.464234 0.612901
vt -0.463333 0.612901
vt -0.463333 0.879496
vt -0.464234 0.647490
vt 0.011965 0.315939
vt -0.463772 0.370335
vt -0.033912 0.370335
vt -0.463333 0.612901
vt -0.464234 0.612901
vt -0.463772 0.370335
vt -0.463333 0.370335
vt -0.509210 0.315939
vt -0.458340 0.279394
vt -0.458340 0.279394
vt -0.458340 -0.021926
vt -0.509210 0.579995
vt -0.462883 0.594010
vt -0.462883 1.275172
vt -0.463051 0.967188
vt -0.462883 0.967188
vt -0.493052 0.080109
vt -0.493052 -0.196699
vt -0.493052 0.846893
vt -0.493052 0.446869
vt -0.509210 0.933892
vt -0.463333 0.879496
vt 0.011965 0.933892
vt -0.463051 0.967188
vt -0.034362 0.967188
vt -0.509210 0.670005
vt 0.011964 0.670005
vt -0.038906 0.654622
vt -0.493052 0.509724
vt -0.509210 0.579995
vt -0.493052 -0.196699
vt -0.493052 -0.596888
vt 0.720382 -0.021926
vt 0.720383 0.279394
vt 0.720381 0.967186
vt 0.720383 1.275170
vt 0.720383 0.647493
vt 0.720385 0.879499
vt 0.720381 0.370332
vt 0.720381 0.612900
vt 0.720382 -0.021926
vt 0.720382 0.279394
vt -0.424785 0.641862
vt -0.458340 0.641862
vt 0.011964 0.908731
vt -0.467516 0.908730
vt -0.458340 0.249080
vt -0.424786 0.249080
vt -0.428979 0.854334
vt -0.033912 0.854334
vt -0.463772 0.370335
vt -0.463772 0.370335
vt -0.464234 0.647490
vt -0.464234 0.647490
vt -0.464234 0.612901
vt -0.464234 0.612901
vt -0.463051 0.967188
vt -0.033913 0.370335
vt -0.033913 0.612901
vt -0.464234 0.647490
vt -0.464234 0.647490
vt -0.033912 0.647490
vt 0.011965 0.845522
vt -0.467516 0.845522
vt -0.464234 0.612901
vt -0.464234 0.612901
vt -0.034362 1.275171
vt -0.428601 1.275172
vt -0.463051 0.967188
vt -0.034362 0.967188
vt -0.424786 -0.021926
vt -0.038905 -0.021926
vt -0.038905 -0.021926
vt -0.038905 0.279394
vt -0.038905 0.279394
vt -0.424785 0.279394
vt -0.424785 0.609806
vt -0.458340 0.609806
vt -0.428979 0.791125
vt -0.033912 0.791125
vt -0.458340 0.172927
vt -0.424786 0.172927
vt -0.463772 0.370335
vt -0.463772 0.370335
vt -0.033913 0.370335
vt -0.449015 0.705781
vt -0.449014 0.544219
s 0
usemtl plate_storage
f 112/1/1 26/2/1 4/3/1 104/4/1
f 108/5/2 10/6/2 8/7/2 105/8/2
f 106/9/3 16/10/3 49/11/3 115/12/3
f 107/13/4 12/14/4 2/15/4 103/16/4
f 34/17/5 27/18/5 5/19/5 11/20/5
f 32/21/6 25/22/6 2/23/6 12/24/6
f 30/25/7 32/26/7 12/27/7 6/28/7
f 24/29/8 34/30/8 11/31/8 1/32/8
f 106/9/9 6/33/9 12/34/9 107/13/9
f 104/35/10 4/36/10 10/37/10 108/5/10
f 3/38/10 14/39/10 18/40/10 9/41/10
f 5/42/9 16/43/9 17/44/9 11/45/9
f 11/46/4 17/47/4 13/48/4 1/49/4
f 7/50/10 15/51/10 19/52/10 20/53/10
f 9/54/2 18/55/2 15/56/2 7/57/2
f 23/58/1 38/59/1 14/60/1 3/61/1
f 71/62/11 74/63/11 101/64/11 102/65/11
f 16/66/4 5/67/4 21/68/4 22/69/4
f 28/70/8 7/71/8 20/72/8 40/73/8
f 36/74/6 16/75/6 22/75/6 42/76/6
f 15/77/6 35/78/6 41/79/6 19/77/6
f 68/80/6 36/81/6 42/82/6 74/83/6
f 5/84/8 27/85/8 39/86/8 21/87/8
f 60/88/8 28/89/8 40/90/8 72/91/8
f 72/91/12 40/90/12 93/92/12 94/93/12
f 39/86/13 71/94/13 102/95/13 100/96/13
f 1/97/1 13/98/1 37/99/1 24/100/1
f 55/101/1 70/102/1 38/103/1 23/104/1
f 3/105/8 9/106/8 33/107/8 23/108/8
f 56/109/8 66/110/8 34/111/8 24/112/8
f 8/113/7 10/114/7 31/115/7 29/116/7
f 62/117/7 64/118/7 32/119/7 30/120/7
f 10/121/6 4/122/6 26/123/6 31/124/6
f 64/125/6 57/126/6 25/127/6 32/128/6
f 9/129/5 7/130/5 28/131/5 33/132/5
f 66/133/5 59/134/5 27/135/5 34/136/5
f 109/137/14 35/138/14 46/139/14 114/140/14
f 109/137/15 29/141/15 51/142/15 117/143/15
f 103/144/1 2/145/1 25/146/1 111/147/1
f 122/148/1 58/149/1 26/150/1 112/1/1
f 35/155/17 15/77/17 44/156/17 46/157/17
f 8/158/18 29/159/18 45/160/18 43/161/18
f 105/8/19 8/162/19 43/163/19 113/164/19
f 30/169/20 6/170/20 48/171/20 47/172/20
f 110/173/21 30/174/21 47/175/21 116/165/21
f 16/176/22 36/177/22 50/178/22 49/179/22
f 110/173/23 36/184/23 54/185/23 118/186/23
f 67/187/24 35/188/24 53/189/24 77/190/24
f 62/191/25 30/192/25 52/193/25 76/194/25
f 29/195/25 61/196/25 75/197/25 51/198/25
f 82/199/26 62/200/26 76/201/26 89/202/26
f 36/203/24 68/204/24 78/205/24 54/206/24
f 85/207/27 67/208/27 77/209/27 90/210/27
f 124/214/28 89/215/28 76/216/28 120/217/28
f 111/147/1 25/218/1 57/219/1 121/220/1
f 123/221/1 80/222/1 58/223/1 122/148/1
f 33/224/5 28/225/5 60/226/5 65/227/5
f 84/228/5 81/229/5 59/230/5 66/231/5
f 31/232/6 26/233/6 58/234/6 63/235/6
f 83/236/6 80/237/6 57/238/6 64/239/6
f 29/240/7 31/241/7 63/242/7 61/243/7
f 82/244/7 83/245/7 64/246/7 62/247/7
f 23/248/8 33/249/8 65/250/8 55/251/8
f 79/252/8 84/253/8 66/254/8 56/255/8
f 24/256/1 37/257/1 69/258/1 56/259/1
f 79/260/1 86/261/1 70/262/1 55/263/1
f 20/53/29 19/52/29 91/264/29 92/265/29
f 87/266/16 88/267/16 74/63/16 71/62/16
f 27/268/8 59/269/8 71/94/8 39/86/8
f 81/270/8 60/271/8 72/272/8 87/273/8
f 35/79/6 67/274/6 73/275/6 41/276/6
f 85/277/6 68/80/6 74/278/6 88/279/6
f 67/280/6 85/277/6 88/279/6 73/281/6
f 59/282/8 81/270/8 87/273/8 71/94/8
f 72/283/16 73/284/16 88/285/16 87/286/16
f 56/287/1 69/288/1 86/289/1 79/290/1
f 55/291/8 65/292/8 84/253/8 79/252/8
f 61/293/7 63/294/7 83/295/7 82/296/7
f 63/297/6 58/234/6 80/237/6 83/236/6
f 65/298/5 60/299/5 81/300/5 84/301/5
f 121/220/1 57/302/1 80/303/1 123/221/1
f 119/304/30 75/305/30 89/306/30 124/214/30
f 68/307/31 85/308/31 90/309/31 78/310/31
f 61/311/32 82/312/32 89/313/32 75/314/32
f 40/73/12 20/72/12 92/323/12 93/324/12
f 73/284/33 72/283/33 94/325/33 96/326/33
f 19/77/34 41/79/34 95/327/34 91/328/34
f 41/276/34 73/275/34 96/329/34 95/330/34
f 74/83/35 42/82/35 99/339/35 101/340/35
f 42/76/35 22/75/35 97/341/35 99/342/35
f 22/69/36 21/68/36 98/343/36 97/344/36
f 21/87/13 39/86/13 100/345/13 98/346/13
f 14/347/6 13/348/6 17/349/6 18/55/6
f 16/350/37 15/350/37 18/350/37 17/350/37
f 77/351/30 119/352/30 124/214/30 90/353/30
f 69/354/1 121/220/1 123/221/1 86/355/1
f 86/356/1 123/221/1 122/148/1 70/357/1
f 37/358/1 111/147/1 121/220/1 69/359/1
f 90/353/28 124/214/28 120/360/28 78/361/28
f 30/364/38 110/173/38 118/365/38 52/366/38
f 36/371/21 110/173/21 116/165/21 50/372/21
f 15/375/19 105/8/19 113/164/19 44/376/19
f 70/380/1 122/148/1 112/1/1 38/381/1
f 13/382/1 103/144/1 111/147/1 37/383/1
f 35/384/15 109/137/15 117/143/15 53/385/15
f 29/386/14 109/137/14 114/387/14 45/388/14
f 14/347/10 104/35/10 108/5/10 18/55/10
f 16/389/9 106/9/9 107/13/9 17/44/9
f 17/349/4 107/13/4 103/16/4 13/348/4
f 6/390/3 106/9/3 115/12/3 48/391/3
f 18/392/2 108/5/2 105/8/2 15/393/2
f 38/394/1 112/1/1 104/4/1 14/395/1
f 104/35/6 103/16/6 107/13/6 108/5/6
f 50/178/8 49/179/8 125/396/8 126/397/8
f 44/156/8 46/157/8 128/398/8 127/399/8
f 53/189/8 77/190/8 131/400/8 129/401/8
f 78/205/8 54/206/8 130/402/8 132/403/8
f 126/397/8 125/396/8 133/404/8 134/405/8
f 49/11/4 115/12/4 149/406/4 140/407/4
f 48/167/10 115/168/10 149/168/10 139/167/10
f 116/165/4 47/166/4 138/166/4 150/165/4
f 109/137/4 29/141/4 135/408/4 146/409/4
f 116/165/10 50/372/10 141/410/10 150/411/10
f 51/142/10 117/143/10 151/412/10 142/413/10
f 52/182/10 118/414/10 152/415/10 143/182/10
f 75/212/10 119/416/10 153/417/10 144/212/10
f 120/418/4 76/181/4 145/181/4 154/419/4
f 113/151/4 43/152/4 136/152/4 147/151/4
f 47/166/8 48/167/8 139/167/8 138/166/8
f 45/153/10 114/420/10 148/420/10 137/153/10
f 76/181/8 52/182/8 143/182/8 145/181/8
f 145/181/8 143/182/8 163/421/8 165/422/8
f 144/212/10 153/423/10 173/424/10 164/425/10
f 146/409/4 135/408/4 155/426/4 166/427/4
f 154/428/4 145/181/4 165/181/4 174/429/4
f 147/151/4 136/152/4 156/430/4 167/431/4
f 137/153/10 148/420/10 168/432/10 157/433/10
f 139/167/10 149/168/10 169/434/10 159/435/10
f 138/166/8 139/167/8 159/436/8 158/437/8
f 150/165/4 138/166/4 158/438/4 170/439/4
f 140/407/4 149/406/4 169/440/4 160/441/4
f 142/413/10 151/412/10 171/442/10 162/443/10
f 150/411/10 141/410/10 161/444/10 170/445/10
f 143/182/10 152/446/10 172/447/10 163/448/10
f 136/350/8 43/350/8 45/350/8 137/350/8 157/350/8 156/350/8
f 51/350/6 142/350/6 162/350/6 164/350/6 144/350/6 75/350/6
f 108/5/39 107/13/39 175/449/39 176/450/39
usemtl Glass.001
f 113/151/16 43/152/16 45/153/16 114/154/16
f 116/165/16 47/166/16 48/167/16 115/168/16
f 120/180/16 76/181/16 52/182/16 118/183/16
f 117/143/16 51/211/16 75/212/16 119/213/16
f 53/362/16 117/143/16 119/363/16 77/351/16
f 78/367/1 120/368/1 118/369/1 54/370/1
f 50/373/16 116/165/16 115/168/16 49/374/16
f 44/377/16 113/151/16 114/378/16 46/379/16
usemtl Material
f 92/315/16 91/316/16 95/317/16 93/318/16
f 93/319/16 95/320/16 96/321/16 94/322/16
f 100/331/16 99/332/16 97/333/16 98/334/16
f 102/335/16 101/336/16 99/337/16 100/338/16
o chair
v 28.534945 2.017636 9.199984
v 28.534945 2.162884 9.199984
v 28.534945 2.017636 7.527486
v 28.534945 2.162884 7.527486
v 30.207441 2.017636 9.199984
v 30.207441 2.162884 9.199984
v 30.207441 2.017636 7.527486
v 30.207441 2.162884 7.527486
v 30.008595 0.797329 9.000737
v 30.008595 2.053768 9.000737
v 30.024586 0.797329 9.003270
v 30.024586 2.053768 9.003270
v 30.039011 0.797329 9.010620
v 30.039011 2.053768 9.010620
v 30.050461 0.797329 9.022069
v 30.050461 2.053768 9.022069
v 30.057810 0.797329 9.036495
v 30.057810 2.053768 9.036495
v 30.060343 0.797329 9.052486
v 30.060343 2.053768 9.052486
v 30.057810 0.797329 9.068478
v 30.057810 2.053768 9.068478
v 30.050461 0.797329 9.082903
v 30.050461 2.053768 9.082903
v 30.039011 0.797329 9.094352
v 30.039011 2.053768 9.094352
v 30.024586 0.797329 9.101702
v 30.024586 2.053768 9.101702
v 30.008595 0.797329 9.104235
v 30.008595 2.053768 9.104235
v 29.992603 0.797329 9.101702
v 29.992603 2.053768 9.101702
v 29.978178 0.797329 9.094352
v 29.978178 2.053768 9.094352
v 29.966728 0.797329 9.082903
v 29.966728 2.053768 9.082903
v 29.959377 0.797329 9.068478
v 29.959377 2.053768 9.068478
v 29.956846 0.797329 9.052486
v 29.956846 2.053768 9.052486
v 29.959377 0.797329 9.036495
v 29.959377 2.053768 9.036495
v 29.966728 0.797329 9.022069
v 29.966728 2.053768 9.022069
v 29.978178 0.797329 9.010620
v 29.978178 2.053768 9.010620
v 29.992603 0.797329 9.003270
v 29.992603 2.053768 9.003270
v 28.784607 0.797329 9.000737
v 28.784607 2.053768 9.000737
v 28.800600 0.797329 9.003270
v 28.800600 2.053768 9.003270
v 28.815025 0.797329 9.010620
v 28.815025 2.053768 9.010620
v 28.826473 0.797329 9.022069
v 28.826473 2.053768 9.022069
v 28.833824 0.797329 9.036495
v 28.833824 2.053768 9.036495
v 28.836357 0.797329 9.052486
v 28.836357 2.053768 9.052486
v 28.833824 0.797329 9.068478
v 28.833824 2.053768 9.068478
v 28.826473 0.797329 9.082903
v 28.826473 2.053768 9.082903
v 28.815025 0.797329 9.094352
v 28.815025 2.053768 9.094352
v 28.800600 0.797329 9.101702
v 28.800600 2.053768 9.101702
v 28.784607 0.797329 9.104235
v 28.784607 2.053768 9.104235
v 28.768616 0.797329 9.101702
v 28.768616 2.053768 9.101702
v 28.754190 0.797329 9.094352
v 28.754190 2.053768 9.094352
v 28.742743 0.797329 9.082903
v 28.742743 2.053768 9.082903
v 28.735392 0.797329 9.068478
v 28.735392 2.053768 9.068478
v 28.732859 0.797329 9.052486
v 28.732859 2.053768 9.052486
v 28.735392 0.797329 9.036495
v 28.735392 2.053768 9.036495
v 28.742743 0.797329 9.022069
v 28.742743 2.053768 9.022069
v 28.754190 0.797329 9.010620
v 28.754190 2.053768 9.010620
v 28.768616 0.797329 9.003270
v 28.768616 2.053768 9.003270
v 30.008595 0.797329 7.612475
v 30.008595 2.053768 7.612475
v 30.024586 0.797329 7.615008
v 30.024586 2.053768 7.615008
v 30.039011 0.797329 7.622358
v 30.039011 2.053768 7.622358
v 30.050461 0.797329 7.633807
v 30.050461 2.053768 7.633807
v 30.057810 0.797329 7.648232
v 30.057810 2.053768 7.648232
v 30.060343 0.797329 7.664224
v 30.060343 2.053768 7.664224
v 30.057810 0.797329 7.680215
v 30.057810 2.053768 7.680215
v 30.050461 0.797329 7.694641
v 30.050461 2.053768 7.694641
v 30.039011 0.797329 7.706089
v 30.039011 2.053768 7.706089
v 30.024586 0.797329 7.713440
v 30.024586 2.053768 7.713440
v 30.008595 0.797329 7.715972
v 30.008595 2.053768 7.715972
v 29.992603 0.797329 7.713440
v 29.992603 2.053768 7.713440
v 29.978178 0.797329 7.706089
v 29.978178 2.053768 7.706089
v 29.966728 0.797329 7.694641
v 29.966728 2.053768 7.694641
v 29.959377 0.797329 7.680215
v 29.959377 2.053768 7.680215
v 29.956846 0.797329 7.664224
v 29.956846 2.053768 7.664224
v 29.959377 0.797329 7.648232
v 29.959377 2.053768 7.648232
v 29.966728 0.797329 7.633807
v 29.966728 2.053768 7.633807
v 29.978178 0.797329 7.622358
v 29.978178 2.053768 7.622358
v 29.992603 0.797329 7.615008
v 29.992603 2.053768 7.615008
v 28.784607 0.797329 7.612475
v 28.784607 2.053768 7.612475
v 28.800600 0.797329 7.615008
v 28.800600 2.053768 7.615008
v 28.815025 0.797329 7.622358
v 28.815025 2.053768 7.622358
v 28.826473 0.797329 7.633807
v 28.826473 2.053768 7.633807
v 28.833824 0.797329 7.648232
v 28.833824 2.053768 7.648232
v 28.836357 0.797329 7.664224
v 28.836357 2.053768 7.664224
v 28.833824 0.797329 7.680215
v 28.833824 2.053768 7.680215
v 28.826473 0.797329 7.694641
v 28.826473 2.053768 7.694641
v 28.815025 0.797329 7.706089
v 28.815025 2.053768 7.706089
v 28.800600 0.797329 7.713440
v 28.800600 2.053768 7.713440
v 28.784607 0.797329 7.715972
v 28.784607 2.053768 7.715972
v 28.768616 0.797329 7.713440
v 28.768616 2.053768 7.713440
v 28.754190 0.797329 7.706089
v 28.754190 2.053768 7.706089
v 28.742743 0.797329 7.694641
v 28.742743 2.053768 7.694641
v 28.735392 0.797329 7.680215
v 28.735392 2.053768 7.680215
v 28.732859 0.797329 7.664224
v 28.732859 2.053768 7.664224
v 28.735392 0.797329 7.648232
v 28.735392 2.053768 7.648232
v 28.742743 0.797329 7.633807
v 28.742743 2.053768 7.633807
v 28.754190 0.797329 7.622358
v 28.754190 2.053768 7.622358
v 28.768616 0.797329 7.615008
v 28.768616 2.053768 7.615008
v 30.008595 2.066505 7.612475
v 30.008595 4.291558 7.612475
v 30.024586 2.066505 7.615008
v 30.024586 4.291558 7.615008
v 30.039011 2.066505 7.622358
v 30.039011 4.291558 7.622358
v 30.050461 2.066505 7.633807
v 30.050461 4.291558 7.633807
v 30.057810 2.066505 7.648232
v 30.057810 4.291558 7.648232
v 30.060343 2.066505 7.664224
v 30.060343 4.291558 7.664224
v 30.057810 2.066505 7.680215
v 30.057810 4.291558 7.680215
v 30.050461 2.066505 7.694641
v 30.050461 4.291558 7.694641
v 30.039011 2.066505 7.706089
v 30.039011 4.291558 7.706089
v 30.024586 2.066505 7.713440
v 30.024586 4.291558 7.713440
v 30.008595 2.066505 7.715972
v 30.008595 4.291558 7.715972
v 29.992603 2.066505 7.713440
v 29.992603 4.291558 7.713440
v 29.978178 2.066505 7.706089
v 29.978178 4.291558 7.706089
v 29.966728 2.066505 7.694641
v 29.966728 4.291558 7.694641
v 29.959377 2.066505 7.680215
v 29.959377 4.291558 7.680215
v 29.956846 2.066505 7.664224
v 29.956846 4.291558 7.664224
v 29.959377 2.066505 7.648232
v 29.959377 4.291558 7.648232
v 29.966728 2.066505 7.633807
v 29.966728 4.291558 7.633807
v 29.978178 2.066505 7.622358
v 29.978178 4.291558 7.622358
v 29.992603 2.066505 7.615008
v 29.992603 4.291558 7.615008
v 28.784607 2.066505 7.612475
v 28.784607 4.291558 7.612475
v 28.800600 2.066505 7.615008
v 28.800600 4.291558 7.615008
v 28.815025 2.066505 7.622358
v 28.815025 4.291558 7.622358
v 28.826473 2.066505 7.633807
v 28.826473 4.291558 7.633807
v 28.833824 2.066505 7.648232
v 28.833824 4.291558 7.648232
v 28.836357 2.066505 7.664224
v 28.836357 4.291558 7.664224
v 28.833824 2.066505 7.680215
v 28.833824 4.291558 7.680215
v 28.826473 2.066505 7.694641
v 28.826473 4.291558 7.694641
v 28.815025 2.066505 7.706089
v 28.815025 4.291558 7.706089
v 28.800600 2.066505 7.713440
v 28.800600 4.291558 7.713440
v 28.784607 2.066505 7.715972
v 28.784607 4.291558 7.715972
v 28.768616 2.066505 7.713440
v 28.768616 4.291558 7.713440
v 28.754190 2.066505 7.706089
v 28.754190 4.291558 7.706089
v 28.742743 2.066505 7.694641
v 28.742743 4.291558 7.694641
v 28.735392 2.066505 7.680215
v 28.735392 4.291558 7.680215
v 28.732859 2.066505 7.664224
v 28.732859 4.291558 7.664224
v 28.735392 2.066505 7.648232
v 28.735392 4.291558 7.648232
v 28.742743 2.066505 7.633807
v 28.742743 4.291558 7.633807
v 28.754190 2.066505 7.622358
v 28.754190 4.291558 7.622358
v 28.768616 2.066505 7.615008
v 28.768616 4.291558 7.615008
v 28.530046 2.659788 7.800488
v 28.530046 3.277938 7.800488
v 28.530046 2.659788 7.702607
v 28.530046 3.277938 7.702607
v 30.202543 2.659788 7.800488
v 30.202543 3.277938 7.800488
v 30.202543 2.659788 7.702607
v 30.202543 3.277938 7.702607
v 28.530046 3.611226 7.800488
v 28.530046 4.229376 7.800488
v 28.530046 3.611226 7.702607
v 28.530046 4.229376 7.702607
v 30.202543 3.611226 7.800488
v 30.202543 4.229376 7.800488
v 30.202543 3.611226 7.702607
v 30.202543 4.229376 7.702607
v 25.501741 2.017636 9.199984
v 25.501741 2.162884 9.199984
v 25.501741 2.017636 7.527486
v 25.501741 2.162884 7.527486
v 27.174240 2.017636 9.199984
v 27.174240 2.162884 9.199984
v 27.174240 2.017636 7.527486
v 27.174240 2.162884 7.527486
v 26.975391 0.797329 9.000737
v 26.975391 2.053768 9.000737
v 26.991383 0.797329 9.003270
v 26.991383 2.053768 9.003270
v 27.005810 0.797329 9.010620
v 27.005810 2.053768 9.010620
v 27.017258 0.797329 9.022069
v 27.017258 2.053768 9.022069
v 27.024609 0.797329 9.036495
v 27.024609 2.053768 9.036495
v 27.027142 0.797329 9.052486
v 27.027142 2.053768 9.052486
v 27.024609 0.797329 9.068478
v 27.024609 2.053768 9.068478
v 27.017258 0.797329 9.082903
v 27.017258 2.053768 9.082903
v 27.005810 0.797329 9.094352
v 27.005810 2.053768 9.094352
v 26.991383 0.797329 9.101702
v 26.991383 2.053768 9.101702
v 26.975391 0.797329 9.104235
v 26.975391 2.053768 9.104235
v 26.959400 0.797329 9.101702
v 26.959400 2.053768 9.101702
v 26.944975 0.797329 9.094352
v 26.944975 2.053768 9.094352
v 26.933527 0.797329 9.082903
v 26.933527 2.053768 9.082903
v 26.926176 0.797329 9.068478
v 26.926176 2.053768 9.068478
v 26.923643 0.797329 9.052486
v 26.923643 2.053768 9.052486
v 26.926176 0.797329 9.036495
v 26.926176 2.053768 9.036495
v 26.933527 0.797329 9.022069
v 26.933527 2.053768 9.022069
v 26.944975 0.797329 9.010620
v 26.944975 2.053768 9.010620
v 26.959400 0.797329 9.003270
v 26.959400 2.053768 9.003270
v 25.751406 0.797329 9.000737
v 25.751406 2.053768 9.000737
v 25.767397 0.797329 9.003270
v 25.767397 2.053768 9.003270
v 25.781822 0.797329 9.010620
v 25.781822 2.053768 9.010620
v 25.793272 0.797329 9.022069
v 25.793272 2.053768 9.022069
v 25.800621 0.797329 9.036495
v 25.800621 2.053768 9.036495
v 25.803154 0.797329 9.052486
v 25.803154 2.053768 9.052486
v 25.800621 0.797329 9.068478
v 25.800621 2.053768 9.068478
v 25.793272 0.797329 9.082903
v 25.793272 2.053768 9.082903
v 25.781822 0.797329 9.094352
v 25.781822 2.053768 9.094352
v 25.767397 0.797329 9.101702
v 25.767397 2.053768 9.101702
v 25.751406 0.797329 9.104235
v 25.751406 2.053768 9.104235
v 25.735415 0.797329 9.101702
v 25.735415 2.053768 9.101702
v 25.720989 0.797329 9.094352
v 25.720989 2.053768 9.094352
v 25.709541 0.797329 9.082903
v 25.709541 2.053768 9.082903
v 25.702190 0.797329 9.068478
v 25.702190 2.053768 9.068478
v 25.699657 0.797329 9.052486
v 25.699657 2.053768 9.052486
v 25.702190 0.797329 9.036495
v 25.702190 2.053768 9.036495
v 25.709541 0.797329 9.022069
v 25.709541 2.053768 9.022069
v 25.720989 0.797329 9.010620
v 25.720989 2.053768 9.010620
v 25.735415 0.797329 9.003270
v 25.735415 2.053768 9.003270
v 26.975391 0.797329 7.612475
v 26.975391 2.053768 7.612475
v 26.991383 0.797329 7.615008
v 26.991383 2.053768 7.615008
v 27.005810 0.797329 7.622358
v 27.005810 2.053768 7.622358
v 27.017258 0.797329 7.633807
v 27.017258 2.053768 7.633807
v 27.024609 0.797329 7.648232
v 27.024609 2.053768 7.648232
v 27.027142 0.797329 7.664224
v 27.027142 2.053768 7.664224
v 27.024609 0.797329 7.680215
v 27.024609 2.053768 7.680215
v 27.017258 0.797329 7.694641
v 27.017258 2.053768 7.694641
v 27.005810 0.797329 7.706089
v 27.005810 2.053768 7.706089
v 26.991383 0.797329 7.713440
v 26.991383 2.053768 7.713440
v 26.975391 0.797329 7.715972
v 26.975391 2.053768 7.715972
v 26.959400 0.797329 7.713440
v 26.959400 2.053768 7.713440
v 26.944975 0.797329 7.706089
v 26.944975 2.053768 7.706089
v 26.933527 0.797329 7.694641
v 26.933527 2.053768 7.694641
v 26.926176 0.797329 7.680215
v 26.926176 2.053768 7.680215
v 26.923643 0.797329 7.664224
v 26.923643 2.053768 7.664224
v 26.926176 0.797329 7.648232
v 26.926176 2.053768 7.648232
v 26.933527 0.797329 7.633807
v 26.933527 2.053768 7.633807
v 26.944975 0.797329 7.622358
v 26.944975 2.053768 7.622358
v 26.959400 0.797329 7.615008
v 26.959400 2.053768 7.615008
v 25.751406 0.797329 7.612475
v 25.751406 2.053768 7.612475
v 25.767397 0.797329 7.615008
v 25.767397 2.053768 7.615008
v 25.781822 0.797329 7.622358
v 25.781822 2.053768 7.622358
v 25.793272 0.797329 7.633807
v 25.793272 2.053768 7.633807
v 25.800621 0.797329 7.648232
v 25.800621 2.053768 7.648232
v 25.803154 0.797329 7.664224
v 25.803154 2.053768 7.664224
v 25.800621 0.797329 7.680215
v 25.800621 2.053768 7.680215
v 25.793272 0.797329 7.694641
v 25.793272 2.053768 7.694641
v 25.781822 0.797329 7.706089
v 25.781822 2.053768 7.706089
v 25.767397 0.797329 7.713440
v 25.767397 2.053768 7.713440
v 25.751406 0.797329 7.715972
v 25.751406 2.053768 7.715972
v 25.735415 0.797329 7.713440
v 25.735415 2.053768 7.713440
v 25.720989 0.797329 7.706089
v 25.720989 2.053768 7.706089
v 25.709541 0.797329 7.694641
v 25.709541 2.053768 7.694641
v 25.702190 0.797329 7.680215
v 25.702190 2.053768 7.680215
v 25.699657 0.797329 7.664224
v 25.699657 2.053768 7.664224
v 25.702190 0.797329 7.648232
v 25.702190 2.053768 7.648232
v 25.709541 0.797329 7.633807
v 25.709541 2.053768 7.633807
v 25.720989 0.797329 7.622358
v 25.720989 2.053768 7.622358
v 25.735415 0.797329 7.615008
v 25.735415 2.053768 7.615008
v 26.975391 2.066505 7.612475
v 26.975391 4.291558 7.612475
v 26.991383 2.066505 7.615008
v 26.991383 4.291558 7.615008
v 27.005810 2.066505 7.622358
v 27.005810 4.291558 7.622358
v 27.017258 2.066505 7.633807
v 27.017258 4.291558 7.633807
v 27.024609 2.066505 7.648232
v 27.024609 4.291558 7.648232
v 27.027142 2.066505 7.664224
v 27.027142 4.291558 7.664224
v 27.024609 2.066505 7.680215
v 27.024609 4.291558 7.680215
v 27.017258 2.066505 7.694641
v 27.017258 4.291558 7.694641
v 27.005810 2.066505 7.706089
v 27.005810 4.291558 7.706089
v 26.991383 2.066505 7.713440
v 26.991383 4.291558 7.713440
v 26.975391 2.066505 7.715972
v 26.975391 4.291558 7.715972
v 26.959400 2.066505 7.713440
v 26.959400 4.291558 7.713440
v 26.944975 2.066505 7.706089
v 26.944975 4.291558 7.706089
v 26.933527 2.066505 7.694641
v 26.933527 4.291558 7.694641
v 26.926176 2.066505 7.680215
v 26.926176 4.291558 7.680215
v 26.923643 2.066505 7.664224
v 26.923643 4.291558 7.664224
v 26.926176 2.066505 7.648232
v 26.926176 4.291558 7.648232
v 26.933527 2.066505 7.633807
v 26.933527 4.291558 7.633807
v 26.944975 2.066505 7.622358
v 26.944975 4.291558 7.622358
v 26.959400 2.066505 7.615008
v 26.959400 4.291558 7.615008
v 25.751406 2.066505 7.612475
v 25.751406 4.291558 7.612475
v 25.767397 2.066505 7.615008
v 25.767397 4.291558 7.615008
v 25.781822 2.066505 7.622358
v 25.781822 4.291558 7.622358
v 25.793272 2.066505 7.633807
v 25.793272 4.291558 7.633807
v 25.800621 2.066505 7.648232
v 25.800621 4.291558 7.648232
v 25.803154 2.066505 7.664224
v 25.803154 4.291558 7.664224
v 25.800621 2.066505 7.680215
v 25.800621 4.291558 7.680215
v 25.793272 2.066505 7.694641
v 25.793272 4.291558 7.694641
v 25.781822 2.066505 7.706089
v 25.781822 4.291558 7.706089
v 25.767397 2.066505 7.713440
v 25.767397 4.291558 7.713440
v 25.751406 2.066505 7.715972
v 25.751406 4.291558 7.715972
v 25.735415 2.066505 7.713440
v 25.735415 4.291558 7.713440
v 25.720989 2.066505 7.706089
v 25.720989 4.291558 7.706089
v 25.709541 2.066505 7.694641
v 25.709541 4.291558 7.694641
v 25.702190 2.066505 7.680215
v 25.702190 4.291558 7.680215
v 25.699657 2.066505 7.664224
v 25.699657 4.291558 7.664224
v 25.702190 2.066505 7.648232
v 25.702190 4.291558 7.648232
v 25.709541 2.066505 7.633807
v 25.709541 4.291558 7.633807
v 25.720989 2.066505 7.622358
v 25.720989 4.291558 7.622358
v 25.735415 2.066505 7.615008
v 25.735415 4.291558 7.615008
v 25.496843 2.659788 7.800488
v 25.496843 3.277938 7.800488
v 25.496843 2.659788 7.702607
v 25.496843 3.277938 7.702607
v 27.169340 2.659788 7.800488
v 27.169340 3.277938 7.800488
v 27.169340 2.659788 7.702607
v 27.169340 3.277938 7.702607
v 25.496843 3.611226 7.800488
v 25.496843 4.229376 7.800488
v 25.496843 3.611226 7.702607
v 25.496843 4.229376 7.702607
v 27.169340 3.611226 7.800488
v 27.169340 4.229376 7.800488
v 27.169340 3.611226 7.702607
v 27.169340 4.229376 7.702607
v 22.482777 2.017636 9.199984
v 22.482777 2.162884 9.199984
v 22.482777 2.017636 7.527486
v 22.482777 2.162884 7.527486
v 24.155273 2.017636 9.199984
v 24.155273 2.162884 9.199984
v 24.155273 2.017636 7.527486
v 24.155273 2.162884 7.527486
v 23.956427 0.797329 9.000737
v 23.956427 2.053768 9.000737
v 23.972418 0.797329 9.003270
v 23.972418 2.053768 9.003270
v 23.986843 0.797329 9.010620
v 23.986843 2.053768 9.010620
v 23.998291 0.797329 9.022069
v 23.998291 2.053768 9.022069
v 24.005642 0.797329 9.036495
v 24.005642 2.053768 9.036495
v 24.008175 0.797329 9.052486
v 24.008175 2.053768 9.052486
v 24.005642 0.797329 9.068478
v 24.005642 2.053768 9.068478
v 23.998291 0.797329 9.082903
v 23.998291 2.053768 9.082903
v 23.986843 0.797329 9.094352
v 23.986843 2.053768 9.094352
v 23.972418 0.797329 9.101702
v 23.972418 2.053768 9.101702
v 23.956427 0.797329 9.104235
v 23.956427 2.053768 9.104235
v 23.940435 0.797329 9.101702
v 23.940435 2.053768 9.101702
v 23.926010 0.797329 9.094352
v 23.926010 2.053768 9.094352
v 23.914560 0.797329 9.082903
v 23.914560 2.053768 9.082903
v 23.907211 0.797329 9.068478
v 23.907211 2.053768 9.068478
v 23.904678 0.797329 9.052486
v 23.904678 2.053768 9.052486
v 23.907211 0.797329 9.036495
v 23.907211 2.053768 9.036495
v 23.914560 0.797329 9.022069
v 23.914560 2.053768 9.022069
v 23.926010 0.797329 9.010620
v 23.926010 2.053768 9.010620
v 23.940435 0.797329 9.003270
v 23.940435 2.053768 9.003270
v 22.732441 0.797329 9.000737
v 22.732441 2.053768 9.000737
v 22.748432 0.797329 9.003270
v 22.748432 2.053768 9.003270
v 22.762857 0.797329 9.010620
v 22.762857 2.053768 9.010620
v 22.774305 0.797329 9.022069
v 22.774305 2.053768 9.022069
v 22.781656 0.797329 9.036495
v 22.781656 2.053768 9.036495
v 22.784187 0.797329 9.052486
v 22.784187 2.053768 9.052486
v 22.781656 0.797329 9.068478
v 22.781656 2.053768 9.068478
v 22.774305 0.797329 9.082903
v 22.774305 2.053768 9.082903
v 22.762857 0.797329 9.094352
v 22.762857 2.053768 9.094352
v 22.748432 0.797329 9.101702
v 22.748432 2.053768 9.101702
v 22.732441 0.797329 9.104235
v 22.732441 2.053768 9.104235
v 22.716450 0.797329 9.101702
v 22.716450 2.053768 9.101702
v 22.702023 0.797329 9.094352
v 22.702023 2.053768 9.094352
v 22.690575 0.797329 9.082903
v 22.690575 2.053768 9.082903
v 22.683224 0.797329 9.068478
v 22.683224 2.053768 9.068478
v 22.680691 0.797329 9.052486
v 22.680691 2.053768 9.052486
v 22.683224 0.797329 9.036495
v 22.683224 2.053768 9.036495
v 22.690575 0.797329 9.022069
v 22.690575 2.053768 9.022069
v 22.702023 0.797329 9.010620
v 22.702023 2.053768 9.010620
v 22.716450 0.797329 9.003270
v 22.716450 2.053768 9.003270
v 23.956427 0.797329 7.612475
v 23.956427 2.053768 7.612475
v 23.972418 0.797329 7.615008
v 23.972418 2.053768 7.615008
v 23.986843 0.797329 7.622358
v 23.986843 2.053768 7.622358
v 23.998291 0.797329 7.633807
v 23.998291 2.053768 7.633807
v 24.005642 0.797329 7.648232
v 24.005642 2.053768 7.648232
v 24.008175 0.797329 7.664224
v 24.008175 2.053768 7.664224
v 24.005642 0.797329 7.680215
v 24.005642 2.053768 7.680215
v 23.998291 0.797329 7.694641
v 23.998291 2.053768 7.694641
v 23.986843 0.797329 7.706089
v 23.986843 2.053768 7.706089
v 23.972418 0.797329 7.713440
v 23.972418 2.053768 7.713440
v 23.956427 0.797329 7.715972
v 23.956427 2.053768 7.715972
v 23.940435 0.797329 7.713440
v 23.940435 2.053768 7.713440
v 23.926010 0.797329 7.706089
v 23.926010 2.053768 7.706089
v 23.914560 0.797329 7.694641
v 23.914560 2.053768 7.694641
v 23.907211 0.797329 7.680215
v 23.907211 2.053768 7.680215
v 23.904678 0.797329 7.664224
v 23.904678 2.053768 7.664224
v 23.907211 0.797329 7.648232
v 23.907211 2.053768 7.648232
v 23.914560 0.797329 7.633807
v 23.914560 2.053768 7.633807
v 23.926010 0.797329 7.622358
v 23.926010 2.053768 7.622358
v 23.940435 0.797329 7.615008
v 23.940435 2.053768 7.615008
v 22.732441 0.797329 7.612475
v 22.732441 2.053768 7.612475
v 22.748432 0.797329 7.615008
v 22.748432 2.053768 7.615008
v 22.762857 0.797329 7.622358
v 22.762857 2.053768 7.622358
v 22.774305 0.797329 7.633807
v 22.774305 2.053768 7.633807
v 22.781656 0.797329 7.648232
v 22.781656 2.053768 7.648232
v 22.784187 0.797329 7.664224
v 22.784187 2.053768 7.664224
v 22.781656 0.797329 7.680215
v 22.781656 2.053768 7.680215
v 22.774305 0.797329 7.694641
v 22.774305 2.053768 7.694641
v 22.762857 0.797329 7.706089
v 22.762857 2.053768 7.706089
v 22.748432 0.797329 7.713440
v 22.748432 2.053768 7.713440
v 22.732441 0.797329 7.715972
v 22.732441 2.053768 7.715972
v 22.716450 0.797329 7.713440
v 22.716450 2.053768 7.713440
v 22.702023 0.797329 7.706089
v 22.702023 2.053768 7.706089
v 22.690575 0.797329 7.694641
v 22.690575 2.053768 7.694641
v 22.683224 0.797329 7.680215
v 22.683224 2.053768 7.680215
v 22.680691 0.797329 7.664224
v 22.680691 2.053768 7.664224
v 22.683224 0.797329 7.648232
v 22.683224 2.053768 7.648232
v 22.690575 0.797329 7.633807
v 22.690575 2.053768 7.633807
v 22.702023 0.797329 7.622358
v 22.702023 2.053768 7.622358
v 22.716450 0.797329 7.615008
v 22.716450 2.053768 7.615008
v 23.956427 2.066505 7.612475
v 23.956427 4.291558 7.612475
v 23.972418 2.066505 7.615008
v 23.972418 4.291558 7.615008
v 23.986843 2.066505 7.622358
v 23.986843 4.291558 7.622358
v 23.998291 2.066505 7.633807
v 23.998291 4.291558 7.633807
v 24.005642 2.066505 7.648232
v 24.005642 4.291558 7.648232
v 24.008175 2.066505 7.664224
v 24.008175 4.291558 7.664224
v 24.005642 2.066505 7.680215
v 24.005642 4.291558 7.680215
v 23.998291 2.066505 7.694641
v 23.998291 4.291558 7.694641
v 23.986843 2.066505 7.706089
v 23.986843 4.291558 7.706089
v 23.972418 2.066505 7.713440
v 23.972418 4.291558 7.713440
v 23.956427 2.066505 7.715972
v 23.956427 4.291558 7.715972
v 23.940435 2.066505 7.713440
v 23.940435 4.291558 7.713440
v 23.926010 2.066505 7.706089
v 23.926010 4.291558 7.706089
v 23.914560 2.066505 7.694641
v 23.914560 4.291558 7.694641
v 23.907211 2.066505 7.680215
v 23.907211 4.291558 7.680215
v 23.904678 2.066505 7.664224
v 23.904678 4.291558 7.664224
v 23.907211 2.066505 7.648232
v 23.907211 4.291558 7.648232
v 23.914560 2.066505 7.633807
v 23.914560 4.291558 7.633807
v 23.926010 2.066505 7.622358
v 23.926010 4.291558 7.622358
v 23.940435 2.066505 7.615008
v 23.940435 4.291558 7.615008
v 22.732441 2.066505 7.612475
v 22.732441 4.291558 7.612475
v 22.748432 2.066505 7.615008
v 22.748432 4.291558 7.615008
v 22.762857 2.066505 7.622358
v 22.762857 4.291558 7.622358
v 22.774305 2.066505 7.633807
v 22.774305 4.291558 7.633807
v 22.781656 2.066505 7.648232
v 22.781656 4.291558 7.648232
v 22.784187 2.066505 7.664224
v 22.784187 4.291558 7.664224
v 22.781656 2.066505 7.680215
v 22.781656 4.291558 7.680215
v 22.774305 2.066505 7.694641
v 22.774305 4.291558 7.694641
v 22.762857 2.066505 7.706089
v 22.762857 4.291558 7.706089
v 22.748432 2.066505 7.713440
v 22.748432 4.291558 7.713440
v 22.732441 2.066505 7.715972
v 22.732441 4.291558 7.715972
v 22.716450 2.066505 7.713440
v 22.716450 4.291558 7.713440
v 22.702023 2.066505 7.706089
v 22.702023 4.291558 7.706089
v 22.690575 2.066505 7.694641
v 22.690575 4.291558 7.694641
v 22.683224 2.066505 7.680215
v 22.683224 4.291558 7.680215
v 22.680691 2.066505 7.664224
v 22.680691 4.291558 7.664224
v 22.683224 2.066505 7.648232
v 22.683224 4.291558 7.648232
v 22.690575 2.066505 7.633807
v 22.690575 4.291558 7.633807
v 22.702023 2.066505 7.622358
v 22.702023 4.291558 7.622358
v 22.716450 2.066505 7.615008
v 22.716450 4.291558 7.615008
v 22.477879 2.659788 7.800488
v 22.477879 3.277938 7.800488
v 22.477879 2.659788 7.702607
v 22.477879 3.277938 7.702607
v 24.150375 2.659788 7.800488
v 24.150375 3.277938 7.800488
v 24.150375 2.659788 7.702607
v 24.150375 3.277938 7.702607
v 22.477879 3.611226 7.800488
v 22.477879 4.229376 7.800488
v 22.477879 3.611226 7.702607
v 22.477879 4.229376 7.702607
v 24.150375 3.611226 7.800488
v 24.150375 4.229376 7.800488
v 24.150375 3.611226 7.702607
v 24.150375 4.229376 7.702607
v 24.200897 2.017636 16.228065
v 24.200897 2.162884 16.228065
v 24.200897 2.017636 17.900564
v 24.200897 2.162884 17.900564
v 22.528400 2.017636 16.228065
v 22.528400 2.162884 16.228065
v 22.528400 2.017636 17.900564
v 22.528400 2.162884 17.900564
v 22.727247 0.797329 16.427313
v 22.727247 2.053768 16.427313
v 22.711256 0.797329 16.424780
v 22.711256 2.053768 16.424780
v 22.696831 0.797329 16.417431
v 22.696831 2.053768 16.417431
v 22.685383 0.797329 16.405981
v 22.685383 2.053768 16.405981
v 22.678032 0.797329 16.391556
v 22.678032 2.053768 16.391556
v 22.675499 0.797329 16.375565
v 22.675499 2.053768 16.375565
v 22.678032 0.797329 16.359573
v 22.678032 2.053768 16.359573
v 22.685383 0.797329 16.345146
v 22.685383 2.053768 16.345146
v 22.696831 0.797329 16.333698
v 22.696831 2.053768 16.333698
v 22.711256 0.797329 16.326347
v 22.711256 2.053768 16.326347
v 22.727247 0.797329 16.323814
v 22.727247 2.053768 16.323814
v 22.743238 0.797329 16.326347
v 22.743238 2.053768 16.326347
v 22.757664 0.797329 16.333698
v 22.757664 2.053768 16.333698
v 22.769114 0.797329 16.345146
v 22.769114 2.053768 16.345146
v 22.776463 0.797329 16.359573
v 22.776463 2.053768 16.359573
v 22.778996 0.797329 16.375565
v 22.778996 2.053768 16.375565
v 22.776463 0.797329 16.391556
v 22.776463 2.053768 16.391556
v 22.769114 0.797329 16.405981
v 22.769114 2.053768 16.405981
v 22.757664 0.797329 16.417431
v 22.757664 2.053768 16.417431
v 22.743238 0.797329 16.424780
v 22.743238 2.053768 16.424780
v 23.951233 0.797329 16.427313
v 23.951233 2.053768 16.427313
v 23.935242 0.797329 16.424780
v 23.935242 2.053768 16.424780
v 23.920816 0.797329 16.417431
v 23.920816 2.053768 16.417431
v 23.909369 0.797329 16.405981
v 23.909369 2.053768 16.405981
v 23.902018 0.797329 16.391556
v 23.902018 2.053768 16.391556
v 23.899487 0.797329 16.375565
v 23.899487 2.053768 16.375565
v 23.902018 0.797329 16.359573
v 23.902018 2.053768 16.359573
v 23.909369 0.797329 16.345146
v 23.909369 2.053768 16.345146
v 23.920816 0.797329 16.333698
v 23.920816 2.053768 16.333698
v 23.935242 0.797329 16.326347
v 23.935242 2.053768 16.326347
v 23.951233 0.797329 16.323814
v 23.951233 2.053768 16.323814
v 23.967224 0.797329 16.326347
v 23.967224 2.053768 16.326347
v 23.981651 0.797329 16.333698
v 23.981651 2.053768 16.333698
v 23.993099 0.797329 16.345146
v 23.993099 2.053768 16.345146
v 24.000450 0.797329 16.359573
v 24.000450 2.053768 16.359573
v 24.002983 0.797329 16.375565
v 24.002983 2.053768 16.375565
v 24.000450 0.797329 16.391556
v 24.000450 2.053768 16.391556
v 23.993099 0.797329 16.405981
v 23.993099 2.053768 16.405981
v 23.981651 0.797329 16.417431
v 23.981651 2.053768 16.417431
v 23.967224 0.797329 16.424780
v 23.967224 2.053768 16.424780
v 22.727247 0.797329 17.815575
v 22.727247 2.053768 17.815575
v 22.711256 0.797329 17.813042
v 22.711256 2.053768 17.813042
v 22.696831 0.797329 17.805691
v 22.696831 2.053768 17.805691
v 22.685383 0.797329 17.794243
v 22.685383 2.053768 17.794243
v 22.678032 0.797329 17.779818
v 22.678032 2.053768 17.779818
v 22.675499 0.797329 17.763826
v 22.675499 2.053768 17.763826
v 22.678032 0.797329 17.747835
v 22.678032 2.053768 17.747835
v 22.685383 0.797329 17.733410
v 22.685383 2.053768 17.733410
v 22.696831 0.797329 17.721962
v 22.696831 2.053768 17.721962
v 22.711256 0.797329 17.714611
v 22.711256 2.053768 17.714611
v 22.727247 0.797329 17.712078
v 22.727247 2.053768 17.712078
v 22.743238 0.797329 17.714611
v 22.743238 2.053768 17.714611
v 22.757664 0.797329 17.721962
v 22.757664 2.053768 17.721962
v 22.769114 0.797329 17.733410
v 22.769114 2.053768 17.733410
v 22.776463 0.797329 17.747835
v 22.776463 2.053768 17.747835
v 22.778996 0.797329 17.763826
v 22.778996 2.053768 17.763826
v 22.776463 0.797329 17.779818
v 22.776463 2.053768 17.779818
v 22.769114 0.797329 17.794243
v 22.769114 2.053768 17.794243
v 22.757664 0.797329 17.805691
v 22.757664 2.053768 17.805691
v 22.743238 0.797329 17.813042
v 22.743238 2.053768 17.813042
v 23.951233 0.797329 17.815575
v 23.951233 2.053768 17.815575
v 23.935242 0.797329 17.813042
v 23.935242 2.053768 17.813042
v 23.920816 0.797329 17.805691
v 23.920816 2.053768 17.805691
v 23.909369 0.797329 17.794243
v 23.909369 2.053768 17.794243
v 23.902018 0.797329 17.779818
v 23.902018 2.053768 17.779818
v 23.899487 0.797329 17.763826
v 23.899487 2.053768 17.763826
v 23.902018 0.797329 17.747835
v 23.902018 2.053768 17.747835
v 23.909369 0.797329 17.733410
v 23.909369 2.053768 17.733410
v 23.920816 0.797329 17.721962
v 23.920816 2.053768 17.721962
v 23.935242 0.797329 17.714611
v 23.935242 2.053768 17.714611
v 23.951233 0.797329 17.712078
v 23.951233 2.053768 17.712078
v 23.967224 0.797329 17.714611
v 23.967224 2.053768 17.714611
v 23.981651 0.797329 17.721962
v 23.981651 2.053768 17.721962
v 23.993099 0.797329 17.733410
v 23.993099 2.053768 17.733410
v 24.000450 0.797329 17.747835
v 24.000450 2.053768 17.747835
v 24.002983 0.797329 17.763826
v 24.002983 2.053768 17.763826
v 24.000450 0.797329 17.779818
v 24.000450 2.053768 17.779818
v 23.993099 0.797329 17.794243
v 23.993099 2.053768 17.794243
v 23.981651 0.797329 17.805691
v 23.981651 2.053768 17.805691
v 23.967224 0.797329 17.813042
v 23.967224 2.053768 17.813042
v 22.727247 2.066505 17.815575
v 22.727247 4.291558 17.815575
v 22.711256 2.066505 17.813042
v 22.711256 4.291558 17.813042
v 22.696831 2.066505 17.805691
v 22.696831 4.291558 17.805691
v 22.685383 2.066505 17.794243
v 22.685383 4.291558 17.794243
v 22.678032 2.066505 17.779818
v 22.678032 4.291558 17.779818
v 22.675499 2.066505 17.763826
v 22.675499 4.291558 17.763826
v 22.678032 2.066505 17.747835
v 22.678032 4.291558 17.747835
v 22.685383 2.066505 17.733410
v 22.685383 4.291558 17.733410
v 22.696831 2.066505 17.721962
v 22.696831 4.291558 17.721962
v 22.711256 2.066505 17.714611
v 22.711256 4.291558 17.714611
v 22.727247 2.066505 17.712078
v 22.727247 4.291558 17.712078
v 22.743238 2.066505 17.714611
v 22.743238 4.291558 17.714611
v 22.757664 2.066505 17.721962
v 22.757664 4.291558 17.721962
v 22.769114 2.066505 17.733410
v 22.769114 4.291558 17.733410
v 22.776463 2.066505 17.747835
v 22.776463 4.291558 17.747835
v 22.778996 2.066505 17.763826
v 22.778996 4.291558 17.763826
v 22.776463 2.066505 17.779818
v 22.776463 4.291558 17.779818
v 22.769114 2.066505 17.794243
v 22.769114 4.291558 17.794243
v 22.757664 2.066505 17.805691
v 22.757664 4.291558 17.805691
v 22.743238 2.066505 17.813042
v 22.743238 4.291558 17.813042
v 23.951233 2.066505 17.815575
v 23.951233 4.291558 17.815575
v 23.935242 2.066505 17.813042
v 23.935242 4.291558 17.813042
v 23.920816 2.066505 17.805691
v 23.920816 4.291558 17.805691
v 23.909369 2.066505 17.794243
v 23.909369 4.291558 17.794243
v 23.902018 2.066505 17.779818
v 23.902018 4.291558 17.779818
v 23.899487 2.066505 17.763826
v 23.899487 4.291558 17.763826
v 23.902018 2.066505 17.747835
v 23.902018 4.291558 17.747835
v 23.909369 2.066505 17.733410
v 23.909369 4.291558 17.733410
v 23.920816 2.066505 17.721962
v 23.920816 4.291558 17.721962
v 23.935242 2.066505 17.714611
v 23.935242 4.291558 17.714611
v 23.951233 2.066505 17.712078
v 23.951233 4.291558 17.712078
v 23.967224 2.066505 17.714611
v 23.967224 4.291558 17.714611
v 23.981651 2.066505 17.721962
v 23.981651 4.291558 17.721962
v 23.993099 2.066505 17.733410
v 23.993099 4.291558 17.733410
v 24.000450 2.066505 17.747835
v 24.000450 4.291558 17.747835
v 24.002983 2.066505 17.763826
v 24.002983 4.291558 17.763826
v 24.000450 2.066505 17.779818
v 24.000450 4.291558 17.779818
v 23.993099 2.066505 17.794243
v 23.993099 4.291558 17.794243
v 23.981651 2.066505 17.805691
v 23.981651 4.291558 17.805691
v 23.967224 2.066505 17.813042
v 23.967224 4.291558 17.813042
v 24.205795 2.659788 17.627563
v 24.205795 3.277938 17.627563
v 24.205795 2.659788 17.725445
v 24.205795 3.277938 17.725445
v 22.533298 2.659788 17.627563
v 22.533298 3.277938 17.627563
v 22.533298 2.659788 17.725445
v 22.533298 3.277938 17.725445
v 24.205795 3.611226 17.627563
v 24.205795 4.229376 17.627563
v 24.205795 3.611226 17.725445
v 24.205795 4.229376 17.725445
v 22.533298 3.611226 17.627563
v 22.533298 4.229376 17.627563
v 22.533298 3.611226 17.725445
v 22.533298 4.229376 17.725445
v 27.474670 2.017636 16.228065
v 27.474670 2.162884 16.228065
v 27.474670 2.017636 17.900564
v 27.474670 2.162884 17.900564
v 25.802174 2.017636 16.228065
v 25.802174 2.162884 16.228065
v 25.802174 2.017636 17.900564
v 25.802174 2.162884 17.900564
v 26.001020 0.797329 16.427313
v 26.001020 2.053768 16.427313
v 25.985029 0.797329 16.424780
v 25.985029 2.053768 16.424780
v 25.970604 0.797329 16.417431
v 25.970604 2.053768 16.417431
v 25.959154 0.797329 16.405981
v 25.959154 2.053768 16.405981
v 25.951805 0.797329 16.391556
v 25.951805 2.053768 16.391556
v 25.949272 0.797329 16.375565
v 25.949272 2.053768 16.375565
v 25.951805 0.797329 16.359573
v 25.951805 2.053768 16.359573
v 25.959154 0.797329 16.345146
v 25.959154 2.053768 16.345146
v 25.970604 0.797329 16.333698
v 25.970604 2.053768 16.333698
v 25.985029 0.797329 16.326347
v 25.985029 2.053768 16.326347
v 26.001020 0.797329 16.323814
v 26.001020 2.053768 16.323814
v 26.017012 0.797329 16.326347
v 26.017012 2.053768 16.326347
v 26.031437 0.797329 16.333698
v 26.031437 2.053768 16.333698
v 26.042887 0.797329 16.345146
v 26.042887 2.053768 16.345146
v 26.050236 0.797329 16.359573
v 26.050236 2.053768 16.359573
v 26.052769 0.797329 16.375565
v 26.052769 2.053768 16.375565
v 26.050236 0.797329 16.391556
v 26.050236 2.053768 16.391556
v 26.042887 0.797329 16.405981
v 26.042887 2.053768 16.405981
v 26.031437 0.797329 16.417431
v 26.031437 2.053768 16.417431
v 26.017012 0.797329 16.424780
v 26.017012 2.053768 16.424780
v 27.225006 0.797329 16.427313
v 27.225006 2.053768 16.427313
v 27.209015 0.797329 16.424780
v 27.209015 2.053768 16.424780
v 27.194590 0.797329 16.417431
v 27.194590 2.053768 16.417431
v 27.183142 0.797329 16.405981
v 27.183142 2.053768 16.405981
v 27.175791 0.797329 16.391556
v 27.175791 2.053768 16.391556
v 27.173258 0.797329 16.375565
v 27.173258 2.053768 16.375565
v 27.175791 0.797329 16.359573
v 27.175791 2.053768 16.359573
v 27.183142 0.797329 16.345146
v 27.183142 2.053768 16.345146
v 27.194590 0.797329 16.333698
v 27.194590 2.053768 16.333698
v 27.209015 0.797329 16.326347
v 27.209015 2.053768 16.326347
v 27.225006 0.797329 16.323814
v 27.225006 2.053768 16.323814
v 27.240997 0.797329 16.326347
v 27.240997 2.053768 16.326347
v 27.255424 0.797329 16.333698
v 27.255424 2.053768 16.333698
v 27.266872 0.797329 16.345146
v 27.266872 2.053768 16.345146
v 27.274223 0.797329 16.359573
v 27.274223 2.053768 16.359573
v 27.276756 0.797329 16.375565
v 27.276756 2.053768 16.375565
v 27.274223 0.797329 16.391556
v 27.274223 2.053768 16.391556
v 27.266872 0.797329 16.405981
v 27.266872 2.053768 16.405981
v 27.255424 0.797329 16.417431
v 27.255424 2.053768 16.417431
v 27.240997 0.797329 16.424780
v 27.240997 2.053768 16.424780
v 26.001020 0.797329 17.815575
v 26.001020 2.053768 17.815575
v 25.985029 0.797329 17.813042
v 25.985029 2.053768 17.813042
v 25.970604 0.797329 17.805691
v 25.970604 2.053768 17.805691
v 25.959154 0.797329 17.794243
v 25.959154 2.053768 17.794243
v 25.951805 0.797329 17.779818
v 25.951805 2.053768 17.779818
v 25.949272 0.797329 17.763826
v 25.949272 2.053768 17.763826
v 25.951805 0.797329 17.747835
v 25.951805 2.053768 17.747835
v 25.959154 0.797329 17.733410
v 25.959154 2.053768 17.733410
v 25.970604 0.797329 17.721962
v 25.970604 2.053768 17.721962
v 25.985029 0.797329 17.714611
v 25.985029 2.053768 17.714611
v 26.001020 0.797329 17.712078
v 26.001020 2.053768 17.712078
v 26.017012 0.797329 17.714611
v 26.017012 2.053768 17.714611
v 26.031437 0.797329 17.721962
v 26.031437 2.053768 17.721962
v 26.042887 0.797329 17.733410
v 26.042887 2.053768 17.733410
v 26.050236 0.797329 17.747835
v 26.050236 2.053768 17.747835
v 26.052769 0.797329 17.763826
v 26.052769 2.053768 17.763826
v 26.050236 0.797329 17.779818
v 26.050236 2.053768 17.779818
v 26.042887 0.797329 17.794243
v 26.042887 2.053768 17.794243
v 26.031437 0.797329 17.805691
v 26.031437 2.053768 17.805691
v 26.017012 0.797329 17.813042
v 26.017012 2.053768 17.813042
v 27.225006 0.797329 17.815575
v 27.225006 2.053768 17.815575
v 27.209015 0.797329 17.813042
v 27.209015 2.053768 17.813042
v 27.194590 0.797329 17.805691
v 27.194590 2.053768 17.805691
v 27.183142 0.797329 17.794243
v 27.183142 2.053768 17.794243
v 27.175791 0.797329 17.779818
v 27.175791 2.053768 17.779818
v 27.173258 0.797329 17.763826
v 27.173258 2.053768 17.763826
v 27.175791 0.797329 17.747835
v 27.175791 2.053768 17.747835
v 27.183142 0.797329 17.733410
v 27.183142 2.053768 17.733410
v 27.194590 0.797329 17.721962
v 27.194590 2.053768 17.721962
v 27.209015 0.797329 17.714611
v 27.209015 2.053768 17.714611
v 27.225006 0.797329 17.712078
v 27.225006 2.053768 17.712078
v 27.240997 0.797329 17.714611
v 27.240997 2.053768 17.714611
v 27.255424 0.797329 17.721962
v 27.255424 2.053768 17.721962
v 27.266872 0.797329 17.733410
v 27.266872 2.053768 17.733410
v 27.274223 0.797329 17.747835
v 27.274223 2.053768 17.747835
v 27.276756 0.797329 17.763826
v 27.276756 2.053768 17.763826
v 27.274223 0.797329 17.779818
v 27.274223 2.053768 17.779818
v 27.266872 0.797329 17.794243
v 27.266872 2.053768 17.794243
v 27.255424 0.797329 17.805691
v 27.255424 2.053768 17.805691
v 27.240997 0.797329 17.813042
v 27.240997 2.053768 17.813042
v 26.001020 2.066505 17.815575
v 26.001020 4.291558 17.815575
v 25.985029 2.066505 17.813042
v 25.985029 4.291558 17.813042
v 25.970604 2.066505 17.805691
v 25.970604 4.291558 17.805691
v 25.959154 2.066505 17.794243
v 25.959154 4.291558 17.794243
v 25.951805 2.066505 17.779818
v 25.951805 4.291558 17.779818
v 25.949272 2.066505 17.763826
v 25.949272 4.291558 17.763826
v 25.951805 2.066505 17.747835
v 25.951805 4.291558 17.747835
v 25.959154 2.066505 17.733410
v 25.959154 4.291558 17.733410
v 25.970604 2.066505 17.721962
v 25.970604 4.291558 17.721962
v 25.985029 2.066505 17.714611
v 25.985029 4.291558 17.714611
v 26.001020 2.066505 17.712078
v 26.001020 4.291558 17.712078
v 26.017012 2.066505 17.714611
v 26.017012 4.291558 17.714611
v 26.031437 2.066505 17.721962
v 26.031437 4.291558 17.721962
v 26.042887 2.066505 17.733410
v 26.042887 4.291558 17.733410
v 26.050236 2.066505 17.747835
v 26.050236 4.291558 17.747835
v 26.052769 2.066505 17.763826
v 26.052769 4.291558 17.763826
v 26.050236 2.066505 17.779818
v 26.050236 4.291558 17.779818
v 26.042887 2.066505 17.794243
v 26.042887 4.291558 17.794243
v 26.031437 2.066505 17.805691
v 26.031437 4.291558 17.805691
v 26.017012 2.066505 17.813042
v 26.017012 4.291558 17.813042
v 27.225006 2.066505 17.815575
v 27.225006 4.291558 17.815575
v 27.209015 2.066505 17.813042
v 27.209015 4.291558 17.813042
v 27.194590 2.066505 17.805691
v 27.194590 4.291558 17.805691
v 27.183142 2.066505 17.794243
v 27.183142 4.291558 17.794243
v 27.175791 2.066505 17.779818
v 27.175791 4.291558 17.779818
v 27.173258 2.066505 17.763826
v 27.173258 4.291558 17.763826
v 27.175791 2.066505 17.747835
v 27.175791 4.291558 17.747835
v 27.183142 2.066505 17.733410
v 27.183142 4.291558 17.733410
v 27.194590 2.066505 17.721962
v 27.194590 4.291558 17.721962
v 27.209015 2.066505 17.714611
v 27.209015 4.291558 17.714611
v 27.225006 2.066505 17.712078
v 27.225006 4.291558 17.712078
v 27.240997 2.066505 17.714611
v 27.240997 4.291558 17.714611
v 27.255424 2.066505 17.721962
v 27.255424 4.291558 17.721962
v 27.266872 2.066505 17.733410
v 27.266872 4.291558 17.733410
v 27.274223 2.066505 17.747835
v 27.274223 4.291558 17.747835
v 27.276756 2.066505 17.763826
v 27.276756 4.291558 17.763826
v 27.274223 2.066505 17.779818
v 27.274223 4.291558 17.779818
v 27.266872 2.066505 17.794243
v 27.266872 4.291558 17.794243
v 27.255424 2.066505 17.805691
v 27.255424 4.291558 17.805691
v 27.240997 2.066505 17.813042
v 27.240997 4.291558 17.813042
v 27.479568 2.659788 17.627563
v 27.479568 3.277938 17.627563
v 27.479568 2.659788 17.725445
v 27.479568 3.277938 17.725445
v 25.807072 2.659788 17.627563
v 25.807072 3.277938 17.627563
v 25.807072 2.659788 17.725445
v 25.807072 3.277938 17.725445
v 27.479568 3.611226 17.627563
v 27.479568 4.229376 17.627563
v 27.479568 3.611226 17.725445
v 27.479568 4.229376 17.725445
v 25.807072 3.611226 17.627563
v 25.807072 4.229376 17.627563
v 25.807072 3.611226 17.725445
v 25.807072 4.229376 17.725445
v 30.899847 2.017636 16.228065
v 30.899847 2.162884 16.228065
v 30.899847 2.017636 17.900564
v 30.899847 2.162884 17.900564
v 29.227350 2.017636 16.228065
v 29.227350 2.162884 16.228065
v 29.227350 2.017636 17.900564
v 29.227350 2.162884 17.900564
v 29.426197 0.797329 16.427313
v 29.426197 2.053768 16.427313
v 29.410206 0.797329 16.424780
v 29.410206 2.053768 16.424780
v 29.395779 0.797329 16.417431
v 29.395779 2.053768 16.417431
v 29.384331 0.797329 16.405981
v 29.384331 2.053768 16.405981
v 29.376980 0.797329 16.391556
v 29.376980 2.053768 16.391556
v 29.374447 0.797329 16.375565
v 29.374447 2.053768 16.375565
v 29.376980 0.797329 16.359573
v 29.376980 2.053768 16.359573
v 29.384331 0.797329 16.345146
v 29.384331 2.053768 16.345146
v 29.395779 0.797329 16.333698
v 29.395779 2.053768 16.333698
v 29.410206 0.797329 16.326347
v 29.410206 2.053768 16.326347
v 29.426197 0.797329 16.323814
v 29.426197 2.053768 16.323814
v 29.442188 0.797329 16.326347
v 29.442188 2.053768 16.326347
v 29.456614 0.797329 16.333698
v 29.456614 2.053768 16.333698
v 29.468061 0.797329 16.345146
v 29.468061 2.053768 16.345146
v 29.475412 0.797329 16.359573
v 29.475412 2.053768 16.359573
v 29.477945 0.797329 16.375565
v 29.477945 2.053768 16.375565
v 29.475412 0.797329 16.391556
v 29.475412 2.053768 16.391556
v 29.468061 0.797329 16.405981
v 29.468061 2.053768 16.405981
v 29.456614 0.797329 16.417431
v 29.456614 2.053768 16.417431
v 29.442188 0.797329 16.424780
v 29.442188 2.053768 16.424780
v 30.650183 0.797329 16.427313
v 30.650183 2.053768 16.427313
v 30.634192 0.797329 16.424780
v 30.634192 2.053768 16.424780
v 30.619766 0.797329 16.417431
v 30.619766 2.053768 16.417431
v 30.608318 0.797329 16.405981
v 30.608318 2.053768 16.405981
v 30.600967 0.797329 16.391556
v 30.600967 2.053768 16.391556
v 30.598434 0.797329 16.375565
v 30.598434 2.053768 16.375565
v 30.600967 0.797329 16.359573
v 30.600967 2.053768 16.359573
v 30.608318 0.797329 16.345146
v 30.608318 2.053768 16.345146
v 30.619766 0.797329 16.333698
v 30.619766 2.053768 16.333698
v 30.634192 0.797329 16.326347
v 30.634192 2.053768 16.326347
v 30.650183 0.797329 16.323814
v 30.650183 2.053768 16.323814
v 30.666174 0.797329 16.326347
v 30.666174 2.053768 16.326347
v 30.680599 0.797329 16.333698
v 30.680599 2.053768 16.333698
v 30.692049 0.797329 16.345146
v 30.692049 2.053768 16.345146
v 30.699398 0.797329 16.359573
v 30.699398 2.053768 16.359573
v 30.701931 0.797329 16.375565
v 30.701931 2.053768 16.375565
v 30.699398 0.797329 16.391556
v 30.699398 2.053768 16.391556
v 30.692049 0.797329 16.405981
v 30.692049 2.053768 16.405981
v 30.680599 0.797329 16.417431
v 30.680599 2.053768 16.417431
v 30.666174 0.797329 16.424780
v 30.666174 2.053768 16.424780
v 29.426197 0.797329 17.815575
v 29.426197 2.053768 17.815575
v 29.410206 0.797329 17.813042
v 29.410206 2.053768 17.813042
v 29.395779 0.797329 17.805691
v 29.395779 2.053768 17.805691
v 29.384331 0.797329 17.794243
v 29.384331 2.053768 17.794243
v 29.376980 0.797329 17.779818
v 29.376980 2.053768 17.779818
v 29.374447 0.797329 17.763826
v 29.374447 2.053768 17.763826
v 29.376980 0.797329 17.747835
v 29.376980 2.053768 17.747835
v 29.384331 0.797329 17.733410
v 29.384331 2.053768 17.733410
v 29.395779 0.797329 17.721962
v 29.395779 2.053768 17.721962
v 29.410206 0.797329 17.714611
v 29.410206 2.053768 17.714611
v 29.426197 0.797329 17.712078
v 29.426197 2.053768 17.712078
v 29.442188 0.797329 17.714611
v 29.442188 2.053768 17.714611
v 29.456614 0.797329 17.721962
v 29.456614 2.053768 17.721962
v 29.468061 0.797329 17.733410
v 29.468061 2.053768 17.733410
v 29.475412 0.797329 17.747835
v 29.475412 2.053768 17.747835
v 29.477945 0.797329 17.763826
v 29.477945 2.053768 17.763826
v 29.475412 0.797329 17.779818
v 29.475412 2.053768 17.779818
v 29.468061 0.797329 17.794243
v 29.468061 2.053768 17.794243
v 29.456614 0.797329 17.805691
v 29.456614 2.053768 17.805691
v 29.442188 0.797329 17.813042
v 29.442188 2.053768 17.813042
v 30.650183 0.797329 17.815575
v 30.650183 2.053768 17.815575
v 30.634192 0.797329 17.813042
v 30.634192 2.053768 17.813042
v 30.619766 0.797329 17.805691
v 30.619766 2.053768 17.805691
v 30.608318 0.797329 17.794243
v 30.608318 2.053768 17.794243
v 30.600967 0.797329 17.779818
v 30.600967 2.053768 17.779818
v 30.598434 0.797329 17.763826
v 30.598434 2.053768 17.763826
v 30.600967 0.797329 17.747835
v 30.600967 2.053768 17.747835
v 30.608318 0.797329 17.733410
v 30.608318 2.053768 17.733410
v 30.619766 0.797329 17.721962
v 30.619766 2.053768 17.721962
v 30.634192 0.797329 17.714611
v 30.634192 2.053768 17.714611
v 30.650183 0.797329 17.712078
v 30.650183 2.053768 17.712078
v 30.666174 0.797329 17.714611
v 30.666174 2.053768 17.714611
v 30.680599 0.797329 17.721962
v 30.680599 2.053768 17.721962
v 30.692049 0.797329 17.733410
v 30.692049 2.053768 17.733410
v 30.699398 0.797329 17.747835
v 30.699398 2.053768 17.747835
v 30.701931 0.797329 17.763826
v 30.701931 2.053768 17.763826
v 30.699398 0.797329 17.779818
v 30.699398 2.053768 17.779818
v 30.692049 0.797329 17.794243
v 30.692049 2.053768 17.794243
v 30.680599 0.797329 17.805691
v 30.680599 2.053768 17.805691
v 30.666174 0.797329 17.813042
v 30.666174 2.053768 17.813042
v 29.426197 2.066505 17.815575
v 29.426197 4.291558 17.815575
v 29.410206 2.066505 17.813042
v 29.410206 4.291558 17.813042
v 29.395779 2.066505 17.805691
v 29.395779 4.291558 17.805691
v 29.384331 2.066505 17.794243
v 29.384331 4.291558 17.794243
v 29.376980 2.066505 17.779818
v 29.376980 4.291558 17.779818
v 29.374447 2.066505 17.763826
v 29.374447 4.291558 17.763826
v 29.376980 2.066505 17.747835
v 29.376980 4.291558 17.747835
v 29.384331 2.066505 17.733410
v 29.384331 4.291558 17.733410
v 29.395779 2.066505 17.721962
v 29.395779 4.291558 17.721962
v 29.410206 2.066505 17.714611
v 29.410206 4.291558 17.714611
v 29.426197 2.066505 17.712078
v 29.426197 4.291558 17.712078
v 29.442188 2.066505 17.714611
v 29.442188 4.291558 17.714611
v 29.456614 2.066505 17.721962
v 29.456614 4.291558 17.721962
v 29.468061 2.066505 17.733410
v 29.468061 4.291558 17.733410
v 29.475412 2.066505 17.747835
v 29.475412 4.291558 17.747835
v 29.477945 2.066505 17.763826
v 29.477945 4.291558 17.763826
v 29.475412 2.066505 17.779818
v 29.475412 4.291558 17.779818
v 29.468061 2.066505 17.794243
v 29.468061 4.291558 17.794243
v 29.456614 2.066505 17.805691
v 29.456614 4.291558 17.805691
v 29.442188 2.066505 17.813042
v 29.442188 4.291558 17.813042
v 30.650183 2.066505 17.815575
v 30.650183 4.291558 17.815575
v 30.634192 2.066505 17.813042
v 30.634192 4.291558 17.813042
v 30.619766 2.066505 17.805691
v 30.619766 4.291558 17.805691
v 30.608318 2.066505 17.794243
v 30.608318 4.291558 17.794243
v 30.600967 2.066505 17.779818
v 30.600967 4.291558 17.779818
v 30.598434 2.066505 17.763826
v 30.598434 4.291558 17.763826
v 30.600967 2.066505 17.747835
v 30.600967 4.291558 17.747835
v 30.608318 2.066505 17.733410
v 30.608318 4.291558 17.733410
v 30.619766 2.066505 17.721962
v 30.619766 4.291558 17.721962
v 30.634192 2.066505 17.714611
v 30.634192 4.291558 17.714611
v 30.650183 2.066505 17.712078
v 30.650183 4.291558 17.712078
v 30.666174 2.066505 17.714611
v 30.666174 4.291558 17.714611
v 30.680599 2.066505 17.721962
v 30.680599 4.291558 17.721962
v 30.692049 2.066505 17.733410
v 30.692049 4.291558 17.733410
v 30.699398 2.066505 17.747835
v 30.699398 4.291558 17.747835
v 30.701931 2.066505 17.763826
v 30.701931 4.291558 17.763826
v 30.699398 2.066505 17.779818
v 30.699398 4.291558 17.779818
v 30.692049 2.066505 17.794243
v 30.692049 4.291558 17.794243
v 30.680599 2.066505 17.805691
v 30.680599 4.291558 17.805691
v 30.666174 2.066505 17.813042
v 30.666174 4.291558 17.813042
v 30.904745 2.659788 17.627563
v 30.904745 3.277938 17.627563
v 30.904745 2.659788 17.725445
v 30.904745 3.277938 17.725445
v 29.232248 2.659788 17.627563
v 29.232248 3.277938 17.627563
v 29.232248 2.659788 17.725445
v 29.232248 3.277938 17.725445
v 30.904745 3.611226 17.627563
v 30.904745 4.229376 17.627563
v 30.904745 3.611226 17.725445
v 30.904745 4.229376 17.725445
v 29.232248 3.611226 17.627563
v 29.232248 4.229376 17.627563
v 29.232248 3.611226 17.725445
v 29.232248 4.229376 17.725445
vn -1.0000 -0.0000 -0.0000
vn -0.0000 -0.0000 -1.0000
vn 1.0000 -0.0000 -0.0000
vn -0.0000 -0.0000 1.0000
vn -0.0000 -1.0000 -0.0000
vn -0.0000 1.0000 -0.0000
vn 0.1564 -0.0000 -0.9877
vn 0.4540 -0.0000 -0.8910
vn 0.7071 -0.0000 -0.7071
vn 0.8910 -0.0000 -0.4540
vn 0.9877 -0.0000 -0.1564
vn 0.9877 -0.0000 0.1564
vn 0.8910 -0.0000 0.4540
vn 0.7071 -0.0000 0.7071
vn 0.4540 -0.0000 0.8910
vn 0.1564 -0.0000 0.9877
vn -0.1564 -0.0000 0.9877
vn -0.4540 -0.0000 0.8910
vn -0.7071 -0.0000 0.7071
vn -0.8910 -0.0000 0.4540
vn -0.9877 -0.0000 0.1564
vn -0.9877 -0.0000 -0.1564
vn -0.8910 -0.0000 -0.4540
vn -0.7071 -0.0000 -0.7071
vn -0.4540 -0.0000 -0.8910
vn -0.1564 -0.0000 -0.9877
vn -0.9877 -0.0000 0.1565
vn -0.9877 -0.0000 -0.1565
vt 0.121800 0.026645
vt 0.330862 0.026645
vt 0.330862 0.235708
vt 0.121800 0.235708
vt 0.121800 0.271027
vt 0.330862 0.271027
vt 0.330862 0.480089
vt 0.121800 0.480089
vt 0.121800 0.514292
vt 0.330862 0.514292
vt 0.330862 0.723355
vt 0.121800 0.723354
vt 0.121800 0.769911
vt 0.330862 0.769911
vt 0.330862 0.978973
vt 0.121800 0.978973
vt 0.146027 0.514292
vt 0.355089 0.514292
vt 0.355089 0.723355
vt 0.146027 0.723355
vt 0.644911 0.514292
vt 0.853973 0.514292
vt 0.853973 0.723355
vt 0.644911 0.723355
vt 0.958576 0.392911
vt 0.958576 0.707007
vt 0.955990 0.707008
vt 0.955989 0.392911
vt 0.918265 0.392887
vt 0.918272 0.707006
vt 0.915684 0.707007
vt 0.915678 0.392888
vt 0.878741 0.392913
vt 0.878746 0.707014
vt 0.876158 0.707014
vt 0.876152 0.392913
vt 0.838959 0.392909
vt 0.838976 0.707021
vt 0.836388 0.707020
vt 0.836371 0.392909
vt 0.797953 0.392901
vt 0.797954 0.707011
vt 0.795367 0.707011
vt 0.795366 0.392902
vt 0.754825 0.392903
vt 0.754825 0.707009
vt 0.752238 0.707010
vt 0.752238 0.392903
vt 0.708907 0.392914
vt 0.708908 0.707018
vt 0.706320 0.707017
vt 0.706320 0.392914
vt 0.659787 0.392902
vt 0.659789 0.707013
vt 0.657201 0.707013
vt 0.657200 0.392902
vt 0.607383 0.392896
vt 0.607394 0.707013
vt 0.604806 0.707012
vt 0.604795 0.392895
vt 0.551956 0.392911
vt 0.551956 0.707016
vt 0.549368 0.707017
vt 0.549369 0.392912
vt 0.493998 0.392895
vt 0.494004 0.707009
vt 0.491416 0.707009
vt 0.491411 0.392895
vt 0.434326 0.392914
vt 0.434320 0.707020
vt 0.431733 0.707021
vt 0.431738 0.392915
vt 0.373846 0.392888
vt 0.373848 0.707012
vt 0.371260 0.707012
vt 0.371258 0.392888
vt 0.313619 0.392889
vt 0.313617 0.707008
vt 0.311029 0.707006
vt 0.311031 0.392889
vt 0.254627 0.392905
vt 0.254627 0.707013
vt 0.252039 0.707013
vt 0.252039 0.392905
vt 0.197758 0.392904
vt 0.197758 0.707012
vt 0.195170 0.707012
vt 0.195170 0.392904
vt 0.143682 0.392915
vt 0.143682 0.707016
vt 0.141095 0.707016
vt 0.141095 0.392915
vt 0.092798 0.392900
vt 0.092798 0.707013
vt 0.090210 0.707014
vt 0.090211 0.392900
vt 0.286812 0.299977
vt 0.282974 0.300585
vt 0.279137 0.299977
vt 0.275674 0.298213
vt 0.272927 0.295465
vt 0.271163 0.292003
vt 0.270555 0.288165
vt 0.271163 0.284327
vt 0.272927 0.280865
vt 0.275674 0.278117
vt 0.279137 0.276353
vt 0.282975 0.275745
vt 0.286813 0.276353
vt 0.290275 0.278117
vt 0.293022 0.280865
vt 0.294786 0.284327
vt 0.295394 0.288165
vt 0.294786 0.292003
vt 0.293022 0.295465
vt 0.290275 0.298213
vt 0.045193 0.392910
vt 0.045192 0.707014
vt 0.042605 0.707015
vt 0.042606 0.392910
vt 0.000631 0.392902
vt 0.000631 0.707016
vt -0.001956 0.707015
vt -0.001956 0.392902
vt 0.782975 0.300585
vt 0.786812 0.299977
vt 0.790275 0.298213
vt 0.793023 0.295465
vt 0.794787 0.292003
vt 0.795395 0.288165
vt 0.794787 0.284327
vt 0.793022 0.280865
vt 0.790275 0.278117
vt 0.786813 0.276353
vt 0.782975 0.275745
vt 0.779137 0.276353
vt 0.775675 0.278117
vt 0.772927 0.280865
vt 0.771163 0.284327
vt 0.770555 0.288165
vt 0.771163 0.292003
vt 0.772927 0.295465
vt 0.775675 0.298213
vt 0.779137 0.299977
vt 1.151787 0.392850
vt 1.151742 0.707006
vt 1.149154 0.707010
vt 1.149202 0.392852
vt 1.092539 0.392868
vt 1.092498 0.706976
vt 1.089902 0.706976
vt 1.089947 0.392869
vt 1.017083 0.392912
vt 1.017079 0.707004
vt 1.014490 0.707005
vt 1.014498 0.392914
vt 0.927772 0.392916
vt 0.927796 0.707033
vt 0.925209 0.707033
vt 0.925187 0.392917
vt 0.828553 0.392898
vt 0.828555 0.707001
vt 0.825967 0.707002
vt 0.825965 0.392898
vt 0.724234 0.392915
vt 0.724234 0.707020
vt 0.721647 0.707020
vt 0.721647 0.392914
vt 0.620060 0.392904
vt 0.620062 0.706974
vt 0.617477 0.706976
vt 0.617474 0.392905
vt 0.521469 0.392840
vt 0.521478 0.706983
vt 0.518891 0.706985
vt 0.518882 0.392842
vt 0.433131 0.392893
vt 0.433054 0.706978
vt 0.430468 0.706979
vt 0.430542 0.392893
vt 0.358756 0.392893
vt 0.358760 0.707012
vt 0.356173 0.707015
vt 0.356169 0.392896
vt 0.300888 0.392872
vt 0.300844 0.707051
vt 0.298254 0.707047
vt 0.298295 0.392871
vt 0.260010 0.392948
vt 0.260051 0.707044
vt 0.257460 0.707045
vt 0.257423 0.392948
vt 0.235521 0.392890
vt 0.235525 0.707006
vt 0.232937 0.707007
vt 0.232933 0.392889
vt 0.224819 0.392888
vt 0.224819 0.707012
vt 0.222232 0.707012
vt 0.222232 0.392888
vt 0.224028 0.392907
vt 0.224025 0.707014
vt 0.221437 0.707014
vt 0.221440 0.392907
vt 0.228359 0.392905
vt 0.228357 0.707013
vt 0.225769 0.707014
vt 0.225772 0.392905
vt 0.232484 0.392914
vt 0.232489 0.707014
vt 0.229902 0.707014
vt 0.229897 0.392915
vt 0.231116 0.392894
vt 0.231115 0.707087
vt 0.228527 0.707092
vt 0.228528 0.392896
vt -0.006945 0.299979
vt -0.010783 0.300587
vt -0.014620 0.299979
vt -0.018082 0.298215
vt -0.020830 0.295467
vt -0.022594 0.292005
vt -0.023202 0.288167
vt -0.022594 0.284329
vt -0.020830 0.280867
vt -0.018083 0.278119
vt -0.014621 0.276355
vt -0.010783 0.275747
vt -0.006945 0.276355
vt -0.003483 0.278120
vt -0.000735 0.280867
vt 0.001029 0.284330
vt 0.001637 0.288168
vt 0.001029 0.292005
vt -0.000735 0.295468
vt -0.003483 0.298215
vt 0.219489 0.392902
vt 0.219491 0.707072
vt 0.216904 0.707075
vt 0.216902 0.392903
vt 0.193831 0.392965
vt 0.193834 0.707096
vt 0.191247 0.707099
vt 0.191244 0.392967
vt 0.489215 0.300585
vt 0.493053 0.299977
vt 0.496515 0.298213
vt 0.499262 0.295466
vt 0.501027 0.292003
vt 0.501635 0.288165
vt 0.501027 0.284327
vt 0.499263 0.280865
vt 0.496515 0.278117
vt 0.493053 0.276353
vt 0.489215 0.275745
vt 0.485377 0.276353
vt 0.481915 0.278117
vt 0.479167 0.280865
vt 0.477403 0.284327
vt 0.476795 0.288165
vt 0.477403 0.292003
vt 0.479167 0.295465
vt 0.481915 0.298213
vt 0.485377 0.299977
vt 0.993270 0.392897
vt 0.993281 0.707003
vt 0.990694 0.707002
vt 0.990684 0.392898
vt 1.018994 0.392870
vt 1.019001 0.706990
vt 1.016413 0.706990
vt 1.016407 0.392871
vt 1.035637 0.392908
vt 1.035655 0.707000
vt 1.033069 0.706999
vt 1.033048 0.392908
vt 1.036685 0.392939
vt 1.036700 0.707046
vt 1.034111 0.707045
vt 1.034097 0.392939
vt 1.017026 0.392897
vt 1.017035 0.707049
vt 1.014445 0.707057
vt 1.014436 0.392900
vt 0.973916 0.392858
vt 0.973910 0.706924
vt 0.971321 0.706920
vt 0.971328 0.392855
vt 0.906610 0.392889
vt 0.906567 0.707027
vt 0.903977 0.707027
vt 0.904022 0.392887
vt 0.816627 0.392924
vt 0.816616 0.707016
vt 0.814025 0.707017
vt 0.814036 0.392926
vt 0.708122 0.392938
vt 0.708133 0.707029
vt 0.705547 0.707028
vt 0.705535 0.392939
vt 0.586657 0.392904
vt 0.586664 0.707012
vt 0.584077 0.707013
vt 0.584070 0.392905
vt 0.459291 0.392889
vt 0.459300 0.707005
vt 0.456713 0.707005
vt 0.456704 0.392889
vt 0.333598 0.392933
vt 0.333593 0.707038
vt 0.331005 0.707040
vt 0.331011 0.392934
vt 0.216954 0.392884
vt 0.216956 0.707004
vt 0.214370 0.707006
vt 0.214369 0.392885
vt 0.115940 0.392889
vt 0.115932 0.707040
vt 0.113347 0.707035
vt 0.113354 0.392887
vt 0.035526 0.392914
vt 0.035518 0.707039
vt 0.032928 0.707037
vt 0.032936 0.392913
vt -0.021395 0.392863
vt -0.021375 0.707014
vt -0.023962 0.707014
vt -0.023981 0.392865
vt -0.053998 0.392902
vt -0.053997 0.707025
vt -0.056584 0.707026
vt -0.056585 0.392905
vt -0.064076 0.392932
vt -0.064076 0.706999
vt -0.066663 0.707001
vt -0.066664 0.392932
vt 0.286812 0.633160
vt 0.282974 0.633768
vt 0.279137 0.633160
vt 0.275674 0.631396
vt 0.272927 0.628649
vt 0.271163 0.625187
vt 0.270555 0.621349
vt 0.271163 0.617511
vt 0.272927 0.614049
vt 0.275675 0.611301
vt 0.279137 0.609537
vt 0.282974 0.608930
vt 0.286812 0.609537
vt 0.290275 0.611301
vt 0.293022 0.614049
vt 0.294786 0.617511
vt 0.295394 0.621349
vt 0.294786 0.625187
vt 0.293022 0.628649
vt 0.290275 0.631396
vt -0.055532 0.392916
vt -0.055532 0.707023
vt -0.058119 0.707022
vt -0.058119 0.392916
vt -0.034075 0.392893
vt -0.034075 0.707003
vt -0.036663 0.707003
vt -0.036662 0.392893
vt 0.782976 0.633768
vt 0.786814 0.633160
vt 0.790276 0.631396
vt 0.793024 0.628648
vt 0.794788 0.625186
vt 0.795396 0.621348
vt 0.794788 0.617510
vt 0.793024 0.614048
vt 0.790276 0.611300
vt 0.786814 0.609536
vt 0.782976 0.608928
vt 0.779138 0.609536
vt 0.775676 0.611300
vt 0.772928 0.614048
vt 0.771164 0.617510
vt 0.770556 0.621348
vt 0.771164 0.625186
vt 0.772928 0.628648
vt 0.775676 0.631396
vt 0.779138 0.633160
vt 1.186426 0.392847
vt 1.186456 0.706950
vt 1.183870 0.706955
vt 1.183839 0.392849
vt 1.193419 0.392798
vt 1.193589 0.706951
vt 1.190995 0.706950
vt 1.190828 0.392798
vt 1.173820 0.392843
vt 1.174067 0.707000
vt 1.171485 0.707005
vt 1.171239 0.392847
vt 1.125265 0.392779
vt 1.125483 0.707037
vt 1.122900 0.707038
vt 1.122677 0.392778
vt 1.047761 0.392829
vt 1.047715 0.706860
vt 1.045131 0.706855
vt 1.045181 0.392826
vt 0.943336 0.392921
vt 0.943355 0.707018
vt 0.940768 0.707017
vt 0.940746 0.392919
vt 0.817588 0.392881
vt 0.817633 0.706833
vt 0.815046 0.706835
vt 0.815001 0.392880
vt 0.678325 0.392654
vt 0.678360 0.706883
vt 0.675773 0.706882
vt 0.675738 0.392655
vt 0.533951 0.392952
vt 0.533722 0.706987
vt 0.531135 0.706986
vt 0.531362 0.392951
vt 0.393457 0.392849
vt 0.393472 0.706985
vt 0.390884 0.706987
vt 0.390870 0.392852
vt 0.266100 0.392873
vt 0.266102 0.706981
vt 0.263512 0.706976
vt 0.263508 0.392872
vt 0.159343 0.392970
vt 0.159221 0.707084
vt 0.156631 0.707085
vt 0.156756 0.392969
vt 0.078655 0.392807
vt 0.078626 0.707101
vt 0.076039 0.707098
vt 0.076068 0.392805
vt 0.027125 0.392919
vt 0.027145 0.707089
vt 0.024559 0.707086
vt 0.024537 0.392917
vt 0.004901 0.392890
vt 0.004863 0.707043
vt 0.002276 0.707040
vt 0.002314 0.392890
vt 0.009247 0.392904
vt 0.009219 0.707036
vt 0.006631 0.707034
vt 0.006658 0.392903
vt 0.034820 0.392961
vt 0.034843 0.707062
vt 0.032255 0.707063
vt 0.032232 0.392964
vt 0.074252 0.392939
vt 0.074253 0.707368
vt 0.071666 0.707373
vt 0.071665 0.392941
vt -0.006942 0.633168
vt -0.010780 0.633776
vt -0.014617 0.633168
vt -0.018080 0.631404
vt -0.020827 0.628656
vt -0.022591 0.625194
vt -0.023199 0.621356
vt -0.022591 0.617518
vt -0.020827 0.614056
vt -0.018080 0.611309
vt -0.014618 0.609545
vt -0.010780 0.608937
vt -0.006942 0.609545
vt -0.003480 0.611309
vt -0.000732 0.614057
vt 0.001032 0.617519
vt 0.001639 0.621357
vt 0.001032 0.625195
vt -0.000732 0.628657
vt -0.003480 0.631404
vt 0.118795 0.392911
vt 0.118804 0.707208
vt 0.116218 0.707213
vt 0.116209 0.392911
vt 0.159127 0.392988
vt 0.159133 0.707130
vt 0.156546 0.707132
vt 0.156540 0.392990
vt 0.489209 0.633774
vt 0.493046 0.633166
vt 0.496509 0.631402
vt 0.499256 0.628654
vt 0.501020 0.625192
vt 0.501628 0.621354
vt 0.501020 0.617516
vt 0.499256 0.614054
vt 0.496509 0.611306
vt 0.493047 0.609542
vt 0.489209 0.608934
vt 0.485371 0.609542
vt 0.481909 0.611306
vt 0.479161 0.614054
vt 0.477397 0.617516
vt 0.476789 0.621354
vt 0.477397 0.625192
vt 0.479161 0.628654
vt 0.481909 0.631402
vt 0.485371 0.633166
vt 0.993281 0.710187
vt 0.993286 1.266426
vt 0.990699 1.266427
vt 0.990693 0.710187
vt 1.019000 0.710175
vt 1.019009 1.266448
vt 1.016421 1.266448
vt 1.016412 0.710174
vt 1.035653 0.710185
vt 1.035702 1.266413
vt 1.033116 1.266412
vt 1.033068 0.710183
vt 1.036700 0.710230
vt 1.036731 1.266490
vt 1.034142 1.266489
vt 1.034111 0.710229
vt 1.017035 0.710237
vt 1.017044 1.266536
vt 1.014454 1.266543
vt 1.014445 0.710245
vt 0.973909 0.710106
vt 0.973918 1.266334
vt 0.971329 1.266329
vt 0.971320 0.710101
vt 0.906563 0.710215
vt 0.906542 1.266484
vt 0.903952 1.266483
vt 0.903972 0.710215
vt 0.816616 0.710199
vt 0.816610 1.266447
vt 0.814020 1.266447
vt 0.814025 0.710200
vt 0.708134 0.710211
vt 0.708150 1.266481
vt 0.705562 1.266481
vt 0.705547 0.710211
vt 0.586666 0.710199
vt 0.586668 1.266456
vt 0.584080 1.266457
vt 0.584080 0.710200
vt 0.459301 0.710190
vt 0.459310 1.266459
vt 0.456723 1.266459
vt 0.456714 0.710190
vt 0.333593 0.710223
vt 0.333587 1.266481
vt 0.330999 1.266482
vt 0.331005 0.710224
vt 0.216956 0.710189
vt 0.216960 1.266468
vt 0.214374 1.266469
vt 0.214370 0.710191
vt 0.115932 0.710226
vt 0.115918 1.266546
vt 0.113333 1.266542
vt 0.113347 0.710220
vt 0.035517 0.710224
vt 0.035508 1.266500
vt 0.032918 1.266498
vt 0.032927 0.710222
vt -0.021373 0.710201
vt -0.021362 1.266504
vt -0.023949 1.266504
vt -0.023960 0.710201
vt -0.053996 0.710210
vt -0.053996 1.266465
vt -0.056583 1.266466
vt -0.056584 0.710211
vt -0.064076 0.710180
vt -0.064077 1.266440
vt -0.066664 1.266442
vt -0.066663 0.710182
vt -0.055532 0.710205
vt -0.055533 1.266457
vt -0.058120 1.266457
vt -0.058119 0.710205
vt -0.034075 0.710185
vt -0.034076 1.266454
vt -0.036663 1.266456
vt -0.036663 0.710186
vt 1.186456 0.710140
vt 1.186504 1.266323
vt 1.183917 1.266327
vt 1.183869 0.710145
vt 1.193585 0.710133
vt 1.193960 1.266488
vt 1.191366 1.266488
vt 1.190990 0.710132
vt 1.174072 0.710190
vt 1.174524 1.266502
vt 1.171943 1.266507
vt 1.171491 0.710196
vt 1.125498 0.710227
vt 1.125764 1.266716
vt 1.123181 1.266718
vt 1.122918 0.710229
vt 1.047708 0.710041
vt 1.047703 1.266200
vt 1.045119 1.266195
vt 1.045123 0.710036
vt 0.943357 0.710204
vt 0.943377 1.266434
vt 0.940789 1.266433
vt 0.940769 0.710202
vt 0.817634 0.710016
vt 0.817714 1.265994
vt 0.815127 1.265995
vt 0.815047 0.710019
vt 0.678361 0.710069
vt 0.678423 1.266537
vt 0.675836 1.266536
vt 0.675774 0.710068
vt 0.533718 0.710171
vt 0.533332 1.266297
vt 0.530745 1.266296
vt 0.531131 0.710171
vt 0.393472 0.710171
vt 0.393486 1.266461
vt 0.390898 1.266463
vt 0.390884 0.710173
vt 0.266098 0.710169
vt 0.266150 1.266360
vt 0.263560 1.266356
vt 0.263508 0.710164
vt 0.159226 0.710262
vt 0.158930 1.266582
vt 0.156340 1.266583
vt 0.156635 0.710264
vt 0.078625 0.710293
vt 0.078578 1.266841
vt 0.075991 1.266839
vt 0.076038 0.710288
vt 0.027143 0.710272
vt 0.027212 1.266629
vt 0.024625 1.266626
vt 0.024557 0.710270
vt 0.004862 0.710231
vt 0.004803 1.266519
vt 0.002216 1.266516
vt 0.002275 0.710228
vt 0.009218 0.710222
vt 0.009177 1.266508
vt 0.006589 1.266506
vt 0.006630 0.710220
vt 0.034843 0.710246
vt 0.034886 1.266488
vt 0.032298 1.266490
vt 0.032255 0.710248
vt 0.074253 0.710556
vt 0.074253 1.267374
vt 0.071667 1.267378
vt 0.071666 0.710562
vt 0.118804 0.710397
vt 0.118814 1.266951
vt 0.116228 1.266956
vt 0.116219 0.710403
vt 0.159134 0.710316
vt 0.159141 1.266629
vt 0.156554 1.266631
vt 0.156547 0.710319
vt 0.536560 0.110074
vt 0.613829 0.110074
vt 0.613829 0.122309
vt 0.536560 0.122309
vt 0.536560 0.271147
vt 0.613829 0.271147
vt 0.613829 0.480209
vt 0.536560 0.480209
vt 0.536560 0.627691
vt 0.613829 0.627691
vt 0.613829 0.639926
vt 0.536560 0.639926
vt 0.536560 0.769791
vt 0.613829 0.769791
vt 0.613829 0.978853
vt 0.536560 0.978853
vt 0.146147 0.627691
vt 0.355209 0.627691
vt 0.355209 0.639926
vt 0.146147 0.639926
vt 0.644791 0.627691
vt 0.853853 0.627691
vt 0.853853 0.639926
vt 0.644791 0.639926
vt 0.655490 0.110074
vt 0.732759 0.110074
vt 0.732759 0.122309
vt 0.655490 0.122309
vt 0.655490 0.271147
vt 0.732759 0.271147
vt 0.732759 0.480209
vt 0.655490 0.480209
vt 0.655490 0.627691
vt 0.732759 0.627691
vt 0.732759 0.639926
vt 0.655490 0.639926
vt 0.655490 0.769791
vt 0.732759 0.769791
vt 0.732759 0.978853
vt 0.655490 0.978853
vt 0.121800 -0.108123
vt 0.330862 -0.108123
vt 0.330862 0.100939
vt 0.121800 0.100939
vt 0.121800 1.149061
vt 0.330862 1.149061
vt 0.330862 1.358123
vt 0.121800 1.358123
vt -0.233123 0.514292
vt -0.024061 0.514292
vt -0.024061 0.723355
vt -0.233123 0.723355
vt 1.024061 0.514292
vt 1.233123 0.514293
vt 1.233123 0.723355
vt 1.024061 0.723355
vt 1.437317 0.392811
vt 1.437235 0.706856
vt 1.434641 0.706857
vt 1.434738 0.392818
vt 1.350174 0.392773
vt 1.350277 0.706860
vt 1.347700 0.706864
vt 1.347580 0.392776
vt 1.221664 0.392906
vt 1.221622 0.706987
vt 1.219039 0.706983
vt 1.219078 0.392902
vt 1.059074 0.392941
vt 1.059083 0.707052
vt 1.056498 0.707055
vt 1.056480 0.392941
vt 0.873774 0.392894
vt 0.873768 0.707008
vt 0.871180 0.707007
vt 0.871187 0.392894
vt 0.679008 0.392912
vt 0.679021 0.707033
vt 0.676436 0.707033
vt 0.676422 0.392913
vt 0.488804 0.392893
vt 0.488780 0.706971
vt 0.486194 0.706973
vt 0.486214 0.392889
vt 0.317024 0.392902
vt 0.317051 0.707016
vt 0.314458 0.707023
vt 0.314430 0.392902
vt 0.175430 0.392830
vt 0.175440 0.706942
vt 0.172851 0.706944
vt 0.172829 0.392830
vt 0.073196 0.393021
vt 0.073168 0.707116
vt 0.070583 0.707117
vt 0.070602 0.393028
vt 0.015221 0.392769
vt 0.015202 0.706865
vt 0.012607 0.706869
vt 0.012634 0.392765
vt 0.002415 0.393059
vt 0.002413 0.707123
vt -0.000182 0.707128
vt -0.000179 0.393063
vt 0.031048 0.392906
vt 0.031066 0.707032
vt 0.028481 0.707036
vt 0.028465 0.392906
vt 0.093567 0.392866
vt 0.093516 0.706904
vt 0.090930 0.706900
vt 0.090981 0.392864
vt 0.178792 0.392902
vt 0.178793 0.707001
vt 0.176205 0.707002
vt 0.176204 0.392902
vt 0.273587 0.392902
vt 0.273591 0.707033
vt 0.271003 0.707031
vt 0.270999 0.392903
vt 0.363744 0.392895
vt 0.363744 0.706995
vt 0.361154 0.706995
vt 0.361156 0.392895
vt 0.435558 0.392872
vt 0.435556 0.706965
vt 0.432968 0.706966
vt 0.432971 0.392876
vt -0.441152 0.299978
vt -0.444990 0.300587
vt -0.448829 0.299981
vt -0.452289 0.298217
vt -0.455038 0.295468
vt -0.456805 0.292007
vt -0.457413 0.288168
vt -0.456803 0.284329
vt -0.455038 0.280867
vt -0.452291 0.278120
vt -0.448830 0.276356
vt -0.444991 0.275747
vt -0.441154 0.276357
vt -0.437691 0.278119
vt -0.434946 0.280869
vt -0.433177 0.284329
vt -0.432570 0.288167
vt -0.433181 0.292007
vt -0.434943 0.295468
vt -0.437692 0.298215
vt 0.477088 0.392876
vt 0.477087 0.706976
vt 0.474505 0.706972
vt 0.474505 0.392872
vt 0.479389 0.392963
vt 0.479388 0.707106
vt 0.476807 0.707101
vt 0.476808 0.392956
vt 0.055001 0.300580
vt 0.058835 0.299973
vt 0.062301 0.298209
vt 0.065040 0.295463
vt 0.066810 0.292000
vt 0.067420 0.288161
vt 0.066808 0.284324
vt 0.065050 0.280864
vt 0.062298 0.278114
vt 0.058838 0.276350
vt 0.054997 0.275741
vt 0.051163 0.276350
vt 0.047698 0.278113
vt 0.044953 0.280861
vt 0.043185 0.284325
vt 0.042581 0.288162
vt 0.043184 0.292000
vt 0.044952 0.295462
vt 0.047700 0.298209
vt 0.051163 0.299975
vt 1.630203 0.392525
vt 1.630463 0.706296
vt 1.627895 0.706303
vt 1.627609 0.392521
vt 1.525391 0.392704
vt 1.525784 0.706900
vt 1.523207 0.706906
vt 1.522812 0.392708
vt 1.359604 0.392731
vt 1.359907 0.706878
vt 1.357321 0.706874
vt 1.357025 0.392731
vt 1.147690 0.392817
vt 1.147782 0.707017
vt 1.145193 0.707024
vt 1.145103 0.392820
vt 0.904400 0.392887
vt 0.904403 0.706976
vt 0.901812 0.706977
vt 0.901812 0.392886
vt 0.648403 0.392903
vt 0.648402 0.707018
vt 0.645814 0.707015
vt 0.645819 0.392901
vt 0.400146 0.392981
vt 0.400179 0.707128
vt 0.397597 0.707127
vt 0.397564 0.392982
vt 0.178799 0.393185
vt 0.178768 0.707246
vt 0.176180 0.707256
vt 0.176205 0.393188
vt 0.001068 0.392803
vt 0.001365 0.707015
vt -0.001218 0.707022
vt -0.001518 0.392803
vt -0.120007 0.393414
vt -0.120022 0.707512
vt -0.122615 0.707516
vt -0.122593 0.393417
vt -0.178741 0.392490
vt -0.178491 0.706245
vt -0.181085 0.706241
vt -0.181335 0.392487
vt -0.171913 0.393032
vt -0.172246 0.707227
vt -0.174839 0.707218
vt -0.174503 0.393028
vt -0.107229 0.392780
vt -0.107260 0.707073
vt -0.109848 0.707072
vt -0.109816 0.392776
vt 0.004747 0.392893
vt 0.004779 0.707053
vt 0.002191 0.707054
vt 0.002159 0.392895
vt 0.148197 0.392916
vt 0.148187 0.707017
vt 0.145599 0.707016
vt 0.145608 0.392917
vt 0.304192 0.392904
vt 0.304192 0.707006
vt 0.301605 0.707006
vt 0.301605 0.392903
vt 0.452530 0.392859
vt 0.452521 0.706990
vt 0.449935 0.706987
vt 0.449944 0.392859
vt 0.573854 0.392651
vt 0.573872 0.706562
vt 0.571285 0.706561
vt 0.571264 0.392654
vt -0.734891 0.299964
vt -0.738726 0.300570
vt -0.742566 0.299963
vt -0.746028 0.298200
vt -0.748774 0.295453
vt -0.750539 0.291990
vt -0.751147 0.288152
vt -0.750539 0.284312
vt -0.748778 0.280851
vt -0.746027 0.278104
vt -0.742567 0.276340
vt -0.738728 0.275732
vt -0.734889 0.276339
vt -0.731425 0.278102
vt -0.728680 0.280853
vt -0.726913 0.284313
vt -0.726310 0.288151
vt -0.726917 0.291989
vt -0.728682 0.295453
vt -0.731427 0.298200
vt 0.651302 0.392681
vt 0.651280 0.706634
vt 0.648701 0.706642
vt 0.648716 0.392685
vt 0.672531 0.392593
vt 0.672521 0.706640
vt 0.669944 0.706640
vt 0.669952 0.392597
vt -0.238756 0.300575
vt -0.234917 0.299969
vt -0.231454 0.298204
vt -0.228708 0.295456
vt -0.226946 0.291995
vt -0.226334 0.288155
vt -0.226943 0.284317
vt -0.228705 0.280856
vt -0.231454 0.278106
vt -0.234918 0.276345
vt -0.238753 0.275735
vt -0.242591 0.276342
vt -0.246052 0.278106
vt -0.248804 0.280855
vt -0.250570 0.284317
vt -0.251174 0.288155
vt -0.250565 0.291994
vt -0.248802 0.295454
vt -0.246055 0.298203
vt -0.242592 0.299967
vt 1.471893 0.392784
vt 1.472063 0.707036
vt 1.469488 0.707042
vt 1.469299 0.392784
vt 1.450851 0.392803
vt 1.450914 0.707006
vt 1.448330 0.706998
vt 1.448273 0.392807
vt 1.378548 0.392963
vt 1.378202 0.707119
vt 1.375608 0.707112
vt 1.375954 0.392963
vt 1.256821 0.392969
vt 1.256912 0.707118
vt 1.254329 0.707118
vt 1.254227 0.392969
vt 1.092947 0.392795
vt 1.092946 0.706839
vt 1.090352 0.706847
vt 1.090359 0.392797
vt 0.898069 0.392782
vt 0.898033 0.706784
vt 0.895446 0.706781
vt 0.895485 0.392779
vt 0.686455 0.392723
vt 0.686225 0.707003
vt 0.683629 0.707005
vt 0.683861 0.392721
vt 0.473434 0.393112
vt 0.473352 0.707173
vt 0.470764 0.707181
vt 0.470840 0.393112
vt 0.276299 0.393120
vt 0.276331 0.707012
vt 0.273748 0.707016
vt 0.273720 0.393124
vt 0.107857 0.393002
vt 0.107908 0.707119
vt 0.105314 0.707120
vt 0.105278 0.392994
vt -0.019470 0.392769
vt -0.019390 0.706927
vt -0.021980 0.706923
vt -0.022057 0.392765
vt -0.098286 0.393200
vt -0.098345 0.707264
vt -0.100924 0.707268
vt -0.100872 0.393196
vt -0.125589 0.392963
vt -0.125632 0.707204
vt -0.128219 0.707210
vt -0.128180 0.392967
vt -0.103956 0.392744
vt -0.103968 0.706657
vt -0.106554 0.706655
vt -0.106544 0.392742
vt -0.040381 0.392895
vt -0.040377 0.706989
vt -0.042967 0.706986
vt -0.042972 0.392895
vt 0.054398 0.392798
vt 0.054453 0.707001
vt 0.051866 0.707002
vt 0.051812 0.392801
vt 0.166038 0.392714
vt 0.166043 0.706946
vt 0.163456 0.706950
vt 0.163452 0.392717
vt 0.278691 0.392929
vt 0.278703 0.706717
vt 0.276115 0.706724
vt 0.276103 0.392933
vt -0.441150 0.633156
vt -0.444990 0.633767
vt -0.448827 0.633156
vt -0.452291 0.631391
vt -0.455036 0.628645
vt -0.456801 0.625179
vt -0.457410 0.621346
vt -0.456800 0.617505
vt -0.455037 0.614047
vt -0.452289 0.611297
vt -0.448828 0.609532
vt -0.444991 0.608926
vt -0.441151 0.609533
vt -0.437689 0.611295
vt -0.434945 0.614046
vt -0.433177 0.617507
vt -0.432571 0.621346
vt -0.433178 0.625178
vt -0.434945 0.628644
vt -0.437689 0.631391
vt 0.376293 0.392933
vt 0.376300 0.707116
vt 0.373718 0.707114
vt 0.373711 0.392933
vt 0.444685 0.392864
vt 0.444683 0.706929
vt 0.442103 0.706923
vt 0.442104 0.392868
vt 0.055002 0.633767
vt 0.058842 0.633155
vt 0.062306 0.631395
vt 0.065053 0.628648
vt 0.066815 0.625183
vt 0.067423 0.621349
vt 0.066811 0.617505
vt 0.065053 0.614049
vt 0.062304 0.611298
vt 0.058844 0.609535
vt 0.055003 0.608926
vt 0.051165 0.609536
vt 0.047703 0.611298
vt 0.044958 0.614047
vt 0.043191 0.617509
vt 0.042582 0.621346
vt 0.043193 0.625185
vt 0.044957 0.628646
vt 0.047702 0.631395
vt 0.051166 0.633155
vt 1.665024 0.392422
vt 1.664951 0.706135
vt 1.662369 0.706134
vt 1.662430 0.392422
vt 1.625992 0.392822
vt 1.626562 0.707047
vt 1.623962 0.707042
vt 1.623398 0.392818
vt 1.515717 0.392281
vt 1.516050 0.706319
vt 1.513472 0.706327
vt 1.513138 0.392288
vt 1.345268 0.392826
vt 1.345160 0.706975
vt 1.342566 0.706980
vt 1.342674 0.392824
vt 1.123365 0.392915
vt 1.123438 0.706997
vt 1.120856 0.706993
vt 1.120787 0.392913
vt 0.867449 0.392843
vt 0.867519 0.706972
vt 0.864933 0.706970
vt 0.864861 0.392841
vt 0.597561 0.392859
vt 0.597605 0.706980
vt 0.595019 0.706980
vt 0.594963 0.392859
vt 0.335602 0.392773
vt 0.335646 0.706854
vt 0.333057 0.706848
vt 0.333023 0.392773
vt 0.101868 0.392906
vt 0.101830 0.706877
vt 0.099238 0.706869
vt 0.099274 0.392910
vt -0.085308 0.393360
vt -0.085369 0.707395
vt -0.087951 0.707397
vt -0.087894 0.393368
vt -0.213493 0.392452
vt -0.213228 0.706244
vt -0.215813 0.706235
vt -0.216080 0.392452
vt -0.272564 0.392914
vt -0.273037 0.707229
vt -0.275630 0.707227
vt -0.275152 0.392914
vt -0.264053 0.392521
vt -0.264067 0.706641
vt -0.266653 0.706638
vt -0.266638 0.392517
vt -0.192989 0.392723
vt -0.192874 0.706849
vt -0.195459 0.706843
vt -0.195576 0.392725
vt -0.070913 0.392893
vt -0.070939 0.706972
vt -0.073525 0.706971
vt -0.073500 0.392893
vt 0.085106 0.392919
vt 0.085062 0.707083
vt 0.082474 0.707083
vt 0.082517 0.392919
vt 0.254969 0.392740
vt 0.254954 0.706910
vt 0.252367 0.706909
vt 0.252382 0.392744
vt 0.416949 0.392677
vt 0.416924 0.706765
vt 0.414337 0.706767
vt 0.414361 0.392673
vt -0.734886 0.633149
vt -0.738724 0.633759
vt -0.742561 0.633150
vt -0.746025 0.631387
vt -0.748770 0.628637
vt -0.750535 0.625176
vt -0.751142 0.621337
vt -0.750537 0.617502
vt -0.748772 0.614039
vt -0.746024 0.611292
vt -0.742563 0.609528
vt -0.738725 0.608921
vt -0.734886 0.609529
vt -0.731423 0.611290
vt -0.728678 0.614040
vt -0.726912 0.617501
vt -0.726307 0.621340
vt -0.726912 0.625176
vt -0.728679 0.628642
vt -0.731425 0.631388
vt 0.550461 0.392670
vt 0.550393 0.706511
vt 0.547808 0.706515
vt 0.547874 0.392670
vt 0.637831 0.392635
vt 0.637816 0.706735
vt 0.635234 0.706735
vt 0.635252 0.392635
vt -0.238748 0.633772
vt -0.234907 0.633164
vt -0.231447 0.631402
vt -0.228700 0.628654
vt -0.226933 0.625191
vt -0.226326 0.621356
vt -0.226933 0.617510
vt -0.228698 0.614050
vt -0.231443 0.611300
vt -0.234909 0.609540
vt -0.238744 0.608933
vt -0.242582 0.609538
vt -0.246042 0.611303
vt -0.248795 0.614051
vt -0.250555 0.617512
vt -0.251161 0.621350
vt -0.250555 0.625187
vt -0.248791 0.628657
vt -0.246044 0.631401
vt -0.242582 0.633160
vt 1.472000 0.710152
vt 1.472017 1.266325
vt 1.469416 1.266329
vt 1.469421 0.710159
vt 1.450867 0.710205
vt 1.450901 1.266472
vt 1.448305 1.266465
vt 1.448288 0.710213
vt 1.378105 0.710358
vt 1.378213 1.266555
vt 1.375635 1.266557
vt 1.375519 0.710350
vt 1.256920 0.710312
vt 1.256947 1.266559
vt 1.254351 1.266560
vt 1.254333 0.710312
vt 1.092951 0.710012
vt 1.092959 1.266330
vt 1.090369 1.266335
vt 1.090361 0.710020
vt 0.898039 0.709955
vt 0.898052 1.266190
vt 0.895461 1.266189
vt 0.895451 0.709949
vt 0.686203 0.710224
vt 0.686229 1.266445
vt 0.683650 1.266433
vt 0.683609 0.710228
vt 0.473351 0.710289
vt 0.473427 1.266462
vt 0.470836 1.266466
vt 0.470772 0.710289
vt 0.276299 0.710213
vt 0.276238 1.266361
vt 0.273660 1.266361
vt 0.273712 0.710205
vt 0.107994 0.710411
vt 0.107938 1.266587
vt 0.105348 1.266593
vt 0.105408 0.710411
vt -0.019341 0.710167
vt -0.019379 1.266422
vt -0.021955 1.266411
vt -0.021927 0.710182
vt -0.098343 0.710403
vt -0.098320 1.266681
vt -0.100912 1.266683
vt -0.100925 0.710396
vt -0.125647 0.710396
vt -0.125630 1.266629
vt -0.128218 1.266634
vt -0.128235 0.710403
vt -0.103972 0.709774
vt -0.103984 1.266173
vt -0.106567 1.266158
vt -0.106555 0.709766
vt -0.040375 0.710173
vt -0.040388 1.266443
vt -0.042978 1.266443
vt -0.042965 0.710171
vt 0.054464 0.710211
vt 0.054465 1.266527
vt 0.051878 1.266522
vt 0.051876 0.710209
vt 0.166048 0.710133
vt 0.166048 1.266350
vt 0.163461 1.266356
vt 0.163460 0.710133
vt 0.278708 0.709908
vt 0.278702 1.266219
vt 0.276115 1.266234
vt 0.276120 0.709908
vt 0.376294 0.710205
vt 0.376296 1.266476
vt 0.373709 1.266490
vt 0.373708 0.710213
vt 0.444698 0.710014
vt 0.444699 1.266175
vt 0.442104 1.266190
vt 0.442105 0.710007
vt 1.665085 0.709160
vt 1.665215 1.265624
vt 1.662638 1.265634
vt 1.662506 0.709167
vt 1.626785 0.710327
vt 1.626953 1.266581
vt 1.624346 1.266582
vt 1.624161 0.710327
vt 1.515884 0.709328
vt 1.516393 1.265766
vt 1.513818 1.265768
vt 1.513321 0.709328
vt 1.344963 0.710083
vt 1.345403 1.266576
vt 1.342825 1.266589
vt 1.342384 0.710083
vt 1.123468 0.710196
vt 1.123436 1.266343
vt 1.120849 1.266336
vt 1.120884 0.710194
vt 0.867521 0.710161
vt 0.867529 1.266385
vt 0.864941 1.266380
vt 0.864933 0.710161
vt 0.597603 0.710220
vt 0.597697 1.266142
vt 0.595102 1.266136
vt 0.595016 0.710224
vt 0.335617 0.709976
vt 0.335703 1.266456
vt 0.333107 1.266456
vt 0.333038 0.709976
vt 0.101906 0.710045
vt 0.101491 1.266268
vt 0.098901 1.266275
vt 0.099312 0.710037
vt -0.085381 0.710442
vt -0.085380 1.266751
vt -0.087955 1.266752
vt -0.087967 0.710449
vt -0.213104 0.709328
vt -0.213109 1.265687
vt -0.215709 1.265703
vt -0.215702 0.709328
vt -0.273193 0.710579
vt -0.273396 1.266702
vt -0.275986 1.266726
vt -0.275784 0.710564
vt -0.264061 0.709702
vt -0.264112 1.266470
vt -0.266700 1.266458
vt -0.266647 0.709694
vt -0.192843 0.710056
vt -0.192803 1.266395
vt -0.195391 1.266396
vt -0.195431 0.710052
vt -0.070937 0.710140
vt -0.070999 1.266431
vt -0.073586 1.266432
vt -0.073524 0.710138
vt 0.085058 0.710276
vt 0.085021 1.266554
vt 0.082433 1.266554
vt 0.082470 0.710274
vt 0.254942 0.710094
vt 0.254995 1.266278
vt 0.252407 1.266279
vt 0.252354 0.710098
vt 0.416910 0.709824
vt 0.416920 1.266757
vt 0.414337 1.266767
vt 0.414327 0.709824
vt 0.550360 0.709526
vt 0.550385 1.266222
vt 0.547801 1.266211
vt 0.547777 0.709518
vt 0.637829 0.709869
vt 0.637834 1.266217
vt 0.635247 1.266216
vt 0.635244 0.709877
vt 0.536560 -0.108003
vt 0.613829 -0.108003
vt 0.613829 0.101059
vt 0.536560 0.101059
vt 0.536560 1.148941
vt 0.613829 1.148941
vt 0.613829 1.358003
vt 0.536560 1.358003
vt -0.233003 0.627691
vt -0.023941 0.627691
vt -0.023941 0.639926
vt -0.233003 0.639926
vt 1.023941 0.627690
vt 1.233003 0.627691
vt 1.233003 0.639926
vt 1.023941 0.639926
vt 0.655490 -0.108003
vt 0.732759 -0.108003
vt 0.732759 0.101059
vt 0.655490 0.101059
vt 0.655490 1.148941
vt 0.732759 1.148941
vt 0.732758 1.358003
vt 0.655490 1.358003
vt 0.121800 -0.485493
vt 0.330862 -0.485493
vt 0.330862 -0.276431
vt 0.121800 -0.276431
vt 0.121800 1.526432
vt 0.330862 1.526432
vt 0.330862 1.735494
vt 0.121800 1.735494
vt -0.610494 0.514292
vt -0.401432 0.514292
vt -0.401432 0.723355
vt -0.610494 0.723354
vt 1.401431 0.514293
vt 1.610494 0.514293
vt 1.610494 0.723355
vt 1.401431 0.723355
vt 1.912735 0.391613
vt 1.914497 0.706474
vt 1.911907 0.706476
vt 1.910126 0.391617
vt 1.780701 0.392113
vt 1.778835 0.706084
vt 1.776264 0.706098
vt 1.778107 0.392117
vt 1.562637 0.393425
vt 1.562296 0.707596
vt 1.559723 0.707590
vt 1.560043 0.393417
vt 1.278595 0.392916
vt 1.277976 0.706815
vt 1.275381 0.706814
vt 1.276001 0.392920
vt 0.949217 0.392896
vt 0.949265 0.707063
vt 0.946675 0.707062
vt 0.946632 0.392896
vt 0.603569 0.392940
vt 0.603616 0.707047
vt 0.601029 0.707047
vt 0.600983 0.392940
vt 0.269562 0.392612
vt 0.269776 0.707107
vt 0.267189 0.707114
vt 0.266972 0.392609
vt -0.024975 0.393005
vt -0.024858 0.707728
vt -0.027450 0.707733
vt -0.027569 0.393009
vt -0.256495 0.392902
vt -0.255058 0.707347
vt -0.257642 0.707346
vt -0.259085 0.392906
vt -0.404240 0.394222
vt -0.403100 0.707499
vt -0.405694 0.707504
vt -0.406837 0.394226
vt -0.461361 0.392307
vt -0.462432 0.707335
vt -0.465031 0.707334
vt -0.463956 0.392300
vt -0.428578 0.393715
vt -0.428689 0.707890
vt -0.431281 0.707897
vt -0.431169 0.393726
vt -0.309493 0.392963
vt -0.309663 0.707420
vt -0.312250 0.707419
vt -0.312079 0.392963
vt -0.125374 0.392685
vt -0.125425 0.706523
vt -0.128011 0.706519
vt -0.127961 0.392681
vt 0.103322 0.392903
vt 0.103301 0.707013
vt 0.100713 0.707016
vt 0.100734 0.392902
vt 0.349056 0.392877
vt 0.349056 0.707082
vt 0.346469 0.707082
vt 0.346469 0.392878
vt 0.582855 0.392895
vt 0.582936 0.706972
vt 0.580349 0.706976
vt 0.580267 0.392891
vt 0.776714 0.392418
vt 0.776806 0.706793
vt 0.774220 0.706796
vt 0.774128 0.392422
vt -1.165709 0.299992
vt -1.169546 0.300599
vt -1.173383 0.299991
vt -1.176843 0.298227
vt -1.179589 0.295479
vt -1.181350 0.292017
vt -1.181966 0.288180
vt -1.181354 0.284340
vt -1.179592 0.280880
vt -1.176848 0.278132
vt -1.173382 0.276366
vt -1.169546 0.275759
vt -1.165707 0.276366
vt -1.162245 0.278130
vt -1.159498 0.280879
vt -1.157738 0.284344
vt -1.157126 0.288177
vt -1.157737 0.292019
vt -1.159499 0.295479
vt -1.162242 0.298228
vt 0.906219 0.393513
vt 0.906173 0.707613
vt 0.903591 0.707602
vt 0.903641 0.393505
vt 0.954628 0.394279
vt 0.954624 0.708078
vt 0.952041 0.708065
vt 0.952042 0.394272
vt -0.669520 0.300584
vt -0.665682 0.299976
vt -0.662218 0.298210
vt -0.659472 0.295464
vt -0.657711 0.292003
vt -0.657101 0.288165
vt -0.657709 0.284327
vt -0.659472 0.280863
vt -0.662217 0.278115
vt -0.665680 0.276351
vt -0.669520 0.275746
vt -0.673352 0.276351
vt -0.676817 0.278116
vt -0.679564 0.280864
vt -0.681331 0.284325
vt -0.681939 0.288166
vt -0.681329 0.292001
vt -0.679568 0.295465
vt -0.676817 0.298210
vt -0.673358 0.299977
vt 2.107101 0.392902
vt 2.104122 0.705399
vt 2.101536 0.705392
vt 2.104492 0.392899
vt 1.953781 0.391994
vt 1.953945 0.705866
vt 1.951385 0.705876
vt 1.951187 0.391998
vt 1.699738 0.392803
vt 1.700802 0.707371
vt 1.698223 0.707368
vt 1.697174 0.392803
vt 1.366646 0.392475
vt 1.366915 0.706511
vt 1.364321 0.706514
vt 1.364059 0.392481
vt 0.979900 0.392913
vt 0.979973 0.706928
vt 0.977381 0.706933
vt 0.977312 0.392911
vt 0.573013 0.392847
vt 0.572918 0.706943
vt 0.570330 0.706942
vt 0.570429 0.392845
vt 0.181528 0.393126
vt 0.181598 0.707122
vt 0.179014 0.707127
vt 0.178949 0.393129
vt -0.163128 0.393799
vt -0.162595 0.708524
vt -0.165187 0.708529
vt -0.165724 0.393806
vt -0.428541 0.392975
vt -0.427805 0.707948
vt -0.430386 0.707961
vt -0.431124 0.392975
vt -0.596529 0.394115
vt -0.597362 0.708212
vt -0.599962 0.708216
vt -0.599123 0.394123
vt -0.656471 0.391762
vt -0.656220 0.705397
vt -0.658821 0.705391
vt -0.659069 0.391754
vt -0.602325 0.392277
vt -0.603044 0.705915
vt -0.605640 0.705920
vt -0.604921 0.392269
vt -0.448273 0.392323
vt -0.448514 0.706897
vt -0.451102 0.706896
vt -0.450858 0.392319
vt -0.214358 0.393051
vt -0.214327 0.707180
vt -0.216915 0.707179
vt -0.216947 0.393053
vt 0.072700 0.392941
vt 0.072687 0.706986
vt 0.070098 0.706984
vt 0.070111 0.392943
vt 0.379663 0.392931
vt 0.379658 0.707002
vt 0.377071 0.707002
vt 0.377075 0.392931
vt 0.671471 0.392885
vt 0.671424 0.707248
vt 0.668836 0.707247
vt 0.668884 0.392883
vt 0.915298 0.392227
vt 0.914981 0.706609
vt 0.912383 0.706603
vt 0.912712 0.392227
vt -1.459433 0.299973
vt -1.463274 0.300581
vt -1.467114 0.299972
vt -1.470567 0.298207
vt -1.473320 0.295461
vt -1.475088 0.291998
vt -1.475684 0.288159
vt -1.475079 0.284321
vt -1.473313 0.280857
vt -1.470573 0.278112
vt -1.467108 0.276346
vt -1.463268 0.275738
vt -1.459433 0.276348
vt -1.455971 0.278111
vt -1.453226 0.280859
vt -1.451463 0.284321
vt -1.450850 0.288160
vt -1.451460 0.291997
vt -1.453226 0.295460
vt -1.455975 0.298208
vt 1.080826 0.391922
vt 1.080050 0.705328
vt 1.077477 0.705333
vt 1.078247 0.391937
vt 1.147400 0.392014
vt 1.147219 0.706521
vt 1.144638 0.706527
vt 1.144836 0.392014
vt -0.963304 0.300543
vt -0.959463 0.299933
vt -0.956002 0.298170
vt -0.953253 0.295421
vt -0.951492 0.291961
vt -0.950885 0.288123
vt -0.951488 0.284283
vt -0.953259 0.280822
vt -0.955997 0.278072
vt -0.959466 0.276310
vt -0.963299 0.275700
vt -0.967138 0.276310
vt -0.970600 0.278072
vt -0.973346 0.280818
vt -0.975111 0.284282
vt -0.975723 0.288121
vt -0.975116 0.291960
vt -0.973350 0.295421
vt -0.970599 0.298168
vt -0.967142 0.299935
vt 1.949036 0.392605
vt 1.946865 0.706163
vt 1.944271 0.706161
vt 1.946457 0.392605
vt 1.879440 0.392467
vt 1.880165 0.707979
vt 1.877571 0.707977
vt 1.876862 0.392460
vt 1.720566 0.393078
vt 1.720219 0.707884
vt 1.717628 0.707884
vt 1.717972 0.393078
vt 1.476318 0.392969
vt 1.475659 0.707100
vt 1.473076 0.707100
vt 1.473740 0.392969
vt 1.168447 0.392705
vt 1.168593 0.706630
vt 1.165997 0.706639
vt 1.165861 0.392711
vt 0.822681 0.392699
vt 0.822585 0.706688
vt 0.819995 0.706683
vt 0.820097 0.392694
vt 0.466846 0.392593
vt 0.466416 0.707173
vt 0.463818 0.707173
vt 0.464252 0.392591
vt 0.131516 0.393238
vt 0.131996 0.708053
vt 0.129405 0.708061
vt 0.128918 0.393242
vt -0.152241 0.393753
vt -0.152642 0.707645
vt -0.155225 0.707650
vt -0.154812 0.393761
vt -0.367533 0.391861
vt -0.369354 0.707026
vt -0.371948 0.707028
vt -0.370123 0.391850
vt -0.495905 0.392067
vt -0.496292 0.706226
vt -0.498888 0.706218
vt -0.498499 0.392067
vt -0.527786 0.392765
vt -0.526967 0.707707
vt -0.529546 0.707711
vt -0.530367 0.392757
vt -0.467058 0.393486
vt -0.466843 0.707871
vt -0.469434 0.707883
vt -0.469651 0.393494
vt -0.322963 0.392576
vt -0.322838 0.706459
vt -0.325421 0.706456
vt -0.325549 0.392576
vt -0.115933 0.392893
vt -0.115917 0.706912
vt -0.118507 0.706908
vt -0.118524 0.392892
vt 0.129835 0.392716
vt 0.129921 0.706959
vt 0.127333 0.706960
vt 0.127249 0.392719
vt 0.384905 0.392387
vt 0.384955 0.706589
vt 0.382369 0.706589
vt 0.382319 0.392391
vt 0.619936 0.392376
vt 0.619869 0.705886
vt 0.617280 0.705891
vt 0.617350 0.392384
vt -1.165666 0.633180
vt -1.169509 0.633789
vt -1.173342 0.633180
vt -1.176805 0.631415
vt -1.179545 0.628664
vt -1.181313 0.625206
vt -1.181922 0.621367
vt -1.181309 0.617526
vt -1.179553 0.614067
vt -1.176800 0.611316
vt -1.173338 0.609553
vt -1.169506 0.608948
vt -1.165663 0.609556
vt -1.162207 0.611314
vt -1.159457 0.614068
vt -1.157694 0.617529
vt -1.157084 0.621366
vt -1.157688 0.625204
vt -1.159451 0.628665
vt -1.162205 0.631413
vt 0.805290 0.392986
vt 0.805325 0.707384
vt 0.802736 0.707379
vt 0.802708 0.392982
vt 0.919868 0.392452
vt 0.919855 0.707684
vt 0.917272 0.707683
vt 0.917297 0.392460
vt -0.669549 0.633759
vt -0.665711 0.633156
vt -0.662250 0.631388
vt -0.659500 0.628642
vt -0.657738 0.625180
vt -0.657129 0.621343
vt -0.657740 0.617510
vt -0.659502 0.614040
vt -0.662251 0.611292
vt -0.665712 0.609531
vt -0.669553 0.608927
vt -0.673384 0.609530
vt -0.676849 0.611292
vt -0.679600 0.614042
vt -0.681360 0.617503
vt -0.681970 0.621342
vt -0.681361 0.625178
vt -0.679597 0.628644
vt -0.676849 0.631389
vt -0.673387 0.633152
vt 2.142380 0.392456
vt 2.140930 0.706273
vt 2.138348 0.706287
vt 2.139801 0.392448
vt 2.057098 0.393482
vt 2.058342 0.707806
vt 2.055752 0.707809
vt 2.054520 0.393475
vt 1.855713 0.391273
vt 1.856049 0.705309
vt 1.853470 0.705320
vt 1.853134 0.391277
vt 1.564857 0.392941
vt 1.564678 0.706636
vt 1.562085 0.706640
vt 1.562263 0.392941
vt 1.198587 0.392973
vt 1.198745 0.707106
vt 1.196167 0.707104
vt 1.196007 0.392971
vt 0.791952 0.392788
vt 0.792060 0.706905
vt 0.789473 0.706901
vt 0.789364 0.392786
vt 0.377735 0.392859
vt 0.378614 0.706995
vt 0.376030 0.706998
vt 0.375141 0.392860
vt -0.004562 0.392670
vt -0.005460 0.706136
vt -0.008045 0.706136
vt -0.007149 0.392670
vt -0.329022 0.393250
vt -0.328730 0.705902
vt -0.331320 0.705902
vt -0.331612 0.393242
vt -0.561479 0.394588
vt -0.560955 0.707925
vt -0.563545 0.707923
vt -0.564071 0.394600
vt -0.689758 0.392159
vt -0.689259 0.704781
vt -0.691848 0.704771
vt -0.692352 0.392159
vt -0.702679 0.392864
vt -0.703645 0.706964
vt -0.706237 0.706954
vt -0.705265 0.392860
vt -0.604828 0.392033
vt -0.604960 0.706249
vt -0.607547 0.706239
vt -0.607412 0.392033
vt -0.411944 0.392828
vt -0.411759 0.706421
vt -0.414346 0.706410
vt -0.414533 0.392832
vt -0.146365 0.392891
vt -0.146379 0.706925
vt -0.148965 0.706922
vt -0.148951 0.392891
vt 0.160606 0.392919
vt 0.160549 0.707087
vt 0.157961 0.707086
vt 0.158018 0.392919
vt 0.473976 0.392456
vt 0.473958 0.706971
vt 0.471369 0.706974
vt 0.471388 0.392456
vt 0.758194 0.393085
vt 0.758073 0.706614
vt 0.755484 0.706616
vt 0.755600 0.393082
vt -1.459388 0.633118
vt -1.463228 0.633727
vt -1.467063 0.633116
vt -1.470519 0.631351
vt -1.473271 0.628604
vt -1.475039 0.625141
vt -1.475646 0.621303
vt -1.475034 0.617467
vt -1.473272 0.614005
vt -1.470522 0.611259
vt -1.467055 0.609494
vt -1.463225 0.608887
vt -1.459383 0.609490
vt -1.455928 0.611259
vt -1.453183 0.614009
vt -1.451424 0.617470
vt -1.450804 0.621304
vt -1.451407 0.625142
vt -1.453177 0.628606
vt -1.455929 0.631355
vt 0.980110 0.392548
vt 0.979877 0.705843
vt 0.977295 0.705852
vt 0.977539 0.392548
vt 1.112862 0.392635
vt 1.113253 0.706730
vt 1.110676 0.706735
vt 1.110291 0.392635
vt -0.963218 0.633747
vt -0.959374 0.633137
vt -0.955920 0.631374
vt -0.953164 0.628621
vt -0.951401 0.625163
vt -0.950797 0.621326
vt -0.951404 0.617489
vt -0.953169 0.614025
vt -0.955912 0.611275
vt -0.959378 0.609513
vt -0.963213 0.608907
vt -0.967049 0.609509
vt -0.970508 0.611274
vt -0.973260 0.614024
vt -0.975023 0.617487
vt -0.975636 0.621330
vt -0.975027 0.625162
vt -0.973255 0.628625
vt -0.970510 0.631374
vt -0.967052 0.633136
vt 1.947372 0.708817
vt 1.950735 1.265556
vt 1.948120 1.265555
vt 1.944778 0.708832
vt 1.879578 0.709167
vt 1.881914 1.267365
vt 1.879322 1.267341
vt 1.876999 0.709175
vt 1.719025 0.711273
vt 1.718166 1.266390
vt 1.715602 1.266407
vt 1.716431 0.711266
vt 1.475906 0.710308
vt 1.476665 1.266503
vt 1.474056 1.266504
vt 1.473320 0.710308
vt 1.168501 0.709791
vt 1.168511 1.266194
vt 1.165919 1.266196
vt 1.165913 0.709797
vt 0.822538 0.709789
vt 0.822501 1.266161
vt 0.819913 1.266160
vt 0.819952 0.709784
vt 0.466675 0.710480
vt 0.467793 1.265503
vt 0.465215 1.265495
vt 0.464085 0.710484
vt 0.133224 0.710327
vt 0.131908 1.266868
vt 0.129326 1.266878
vt 0.130638 0.710320
vt -0.153282 0.709061
vt -0.152311 1.266235
vt -0.154894 1.266253
vt -0.155869 0.709061
vt -0.368416 0.710526
vt -0.369028 1.267540
vt -0.371605 1.267539
vt -0.370989 0.710518
vt -0.495487 0.712463
vt -0.494131 1.264819
vt -0.496706 1.264812
vt -0.498068 0.712479
vt -0.527553 0.709290
vt -0.528816 1.266855
vt -0.531412 1.266840
vt -0.530142 0.709274
vt -0.466909 0.711372
vt -0.466867 1.267222
vt -0.469456 1.267235
vt -0.469499 0.711380
vt -0.322594 0.709091
vt -0.322658 1.264916
vt -0.325239 1.264902
vt -0.325173 0.709087
vt -0.115912 0.710117
vt -0.115926 1.266431
vt -0.118515 1.266429
vt -0.118501 0.710117
vt 0.129939 0.710268
vt 0.129934 1.266671
vt 0.127346 1.266668
vt 0.127351 0.710266
vt 0.385107 0.710106
vt 0.385050 1.265852
vt 0.382465 1.265854
vt 0.382522 0.710106
vt 0.619843 0.709747
vt 0.619838 1.264318
vt 0.617250 1.264317
vt 0.617256 0.709747
vt 0.806004 0.708839
vt 0.806013 1.264206
vt 0.803426 1.264213
vt 0.803410 0.708832
vt 0.922371 0.710999
vt 0.922474 1.263951
vt 0.919879 1.263966
vt 0.919762 0.710999
vt 2.139984 0.707726
vt 2.139822 1.263906
vt 2.137251 1.263908
vt 2.137421 0.707733
vt 2.062561 0.710312
vt 2.060400 1.266427
vt 2.057795 1.266438
vt 2.059921 0.710312
vt 1.853989 0.709305
vt 1.855779 1.265470
vt 1.853202 1.265485
vt 1.851440 0.709305
vt 1.563255 0.710022
vt 1.563629 1.265461
vt 1.561046 1.265479
vt 1.560677 0.710022
vt 1.198856 0.710255
vt 1.198905 1.266530
vt 1.196322 1.266527
vt 1.196272 0.710253
vt 0.792025 0.710157
vt 0.792036 1.266248
vt 0.789448 1.266242
vt 0.789434 0.710159
vt 0.378620 0.710499
vt 0.378062 1.265627
vt 0.375469 1.265619
vt 0.376038 0.710499
vt -0.004566 0.709976
vt -0.006454 1.266467
vt -0.009054 1.266446
vt -0.007153 0.709984
vt -0.329008 0.709015
vt -0.328907 1.267303
vt -0.331500 1.267293
vt -0.331602 0.709015
vt -0.561491 0.711723
vt -0.559817 1.267051
vt -0.562391 1.267050
vt -0.564071 0.711723
vt -0.691582 0.709633
vt -0.691937 1.268371
vt -0.694539 1.268376
vt -0.694191 0.709648
vt -0.703514 0.708672
vt -0.703687 1.270194
vt -0.706275 1.270225
vt -0.706108 0.708664
vt -0.605082 0.708641
vt -0.605263 1.264810
vt -0.607855 1.264807
vt -0.607674 0.708641
vt -0.411932 0.709755
vt -0.411918 1.266453
vt -0.414505 1.266458
vt -0.414521 0.709751
vt -0.146386 0.710085
vt -0.146451 1.266464
vt -0.149038 1.266458
vt -0.148973 0.710083
vt 0.160544 0.710329
vt 0.160511 1.266548
vt 0.157922 1.266551
vt 0.157956 0.710327
vt 0.474047 0.709778
vt 0.474098 1.266143
vt 0.471511 1.266147
vt 0.471460 0.709785
vt 0.757534 0.709732
vt 0.757483 1.265594
vt 0.754904 1.265605
vt 0.754948 0.709724
vt 0.979439 0.710854
vt 0.979662 1.268061
vt 0.977072 1.268057
vt 0.976852 0.710846
vt 1.113846 0.708633
vt 1.114171 1.266226
vt 1.111585 1.266230
vt 1.111259 0.708626
vt 0.536560 -0.485374
vt 0.613829 -0.485374
vt 0.613829 -0.276312
vt 0.536560 -0.276312
vt 0.536560 1.526312
vt 0.613829 1.526312
vt 0.613829 1.735374
vt 0.536560 1.735374
vt -0.610374 0.627691
vt -0.401312 0.627691
vt -0.401312 0.639926
vt -0.610374 0.639926
vt 1.401312 0.627691
vt 1.610374 0.627691
vt 1.610374 0.639926
vt 1.401312 0.639926
vt 0.655490 -0.485374
vt 0.732758 -0.485374
vt 0.732759 -0.276312
vt 0.655490 -0.276312
vt 0.655490 1.526312
vt 0.732758 1.526312
vt 0.732758 1.735374
vt 0.655489 1.735374
vt 0.121800 -0.851865
vt 0.330862 -0.851865
vt 0.330863 -1.060927
vt 0.121800 -1.060927
vt 0.121800 -0.270728
vt 0.330862 -0.270728
vt 0.330862 -0.479790
vt 0.121800 -0.479790
vt 0.121801 1.810927
vt 0.330863 1.810927
vt 0.330863 1.601865
vt 0.121800 1.601865
vt 0.121800 1.729791
vt 0.330862 1.729791
vt 0.330862 1.520729
vt 0.121800 1.520729
vt -0.395729 1.810927
vt -0.604791 1.810927
vt -0.604791 1.601865
vt -0.395729 1.601865
vt 1.604790 1.810927
vt 1.395728 1.810927
vt 1.395728 1.601866
vt 1.604791 1.601865
vt 1.921188 0.391788
vt 1.923434 0.706743
vt 1.926033 0.706748
vt 1.923798 0.391785
vt 1.421776 0.393559
vt 1.420457 0.708398
vt 1.423032 0.708393
vt 1.424355 0.393559
vt 0.879887 0.393032
vt 0.879991 0.704301
vt 0.882619 0.704296
vt 0.882530 0.393044
vt 0.320134 0.393581
vt 0.320984 0.704309
vt 0.323588 0.704292
vt 0.322730 0.393578
vt -0.180950 0.391151
vt -0.181760 0.707361
vt -0.179195 0.707364
vt -0.178387 0.391144
vt -0.584732 0.391327
vt -0.585528 0.705375
vt -0.582929 0.705356
vt -0.582130 0.391312
vt -0.864662 0.393438
vt -0.862477 0.708084
vt -0.859867 0.708073
vt -0.862053 0.393450
vt -0.996479 0.394647
vt -0.996089 0.709333
vt -0.993500 0.709327
vt -0.993893 0.394647
vt -0.965790 0.393512
vt -0.963542 0.707402
vt -0.960955 0.707402
vt -0.963202 0.393520
vt -0.785385 0.394796
vt -0.783653 0.708190
vt -0.781063 0.708187
vt -0.782787 0.394791
vt -0.475454 0.392433
vt -0.476401 0.707359
vt -0.473799 0.707359
vt -0.472855 0.392437
vt -0.075422 0.392872
vt -0.074771 0.707961
vt -0.072176 0.707943
vt -0.072824 0.392857
vt 0.376366 0.394741
vt 0.377070 0.707067
vt 0.379645 0.707073
vt 0.378960 0.394730
vt 0.821106 0.397011
vt 0.820793 0.712405
vt 0.823406 0.712393
vt 0.823730 0.396996
vt 1.226746 0.393272
vt 1.226418 0.709772
vt 1.228991 0.709745
vt 1.229309 0.393265
vt 1.532425 0.393837
vt 1.533802 0.705713
vt 1.536360 0.705728
vt 1.535004 0.393826
vt 1.711884 0.391773
vt 1.710415 0.708636
vt 1.713035 0.708606
vt 1.714485 0.391796
vt 1.741089 0.390622
vt 1.740620 0.705869
vt 1.743181 0.705865
vt 1.743637 0.390636
vt -1.468496 -1.481404
vt -1.464662 -1.482002
vt -1.460822 -1.481393
vt -1.457359 -1.479627
vt -1.454615 -1.476890
vt -1.452853 -1.473420
vt -1.452250 -1.469594
vt -1.452858 -1.465750
vt -1.454627 -1.462290
vt -1.457371 -1.459554
vt -1.460829 -1.457783
vt -1.464666 -1.457169
vt -1.468499 -1.457777
vt -1.471962 -1.459543
vt -1.474707 -1.462289
vt -1.476471 -1.465747
vt -1.477077 -1.469588
vt -1.476475 -1.473429
vt -1.474704 -1.476882
vt -1.471966 -1.479633
vt 1.607771 0.395798
vt 1.608303 0.710568
vt 1.610892 0.710583
vt 1.610352 0.395806
vt 1.329327 0.395351
vt 1.328205 0.710015
vt 1.330773 0.710026
vt 1.331921 0.395359
vt -0.964449 -1.482113
vt -0.968287 -1.481498
vt -0.971751 -1.479743
vt -0.974500 -1.476995
vt -0.976266 -1.473540
vt -0.976874 -1.469699
vt -0.976267 -1.465858
vt -0.974504 -1.462402
vt -0.971760 -1.459662
vt -0.968297 -1.457893
vt -0.964459 -1.457289
vt -0.960619 -1.457894
vt -0.957159 -1.459662
vt -0.954411 -1.462405
vt -0.952646 -1.465861
vt -0.952035 -1.469699
vt -0.952640 -1.473532
vt -0.954404 -1.476995
vt -0.957153 -1.479740
vt -0.960613 -1.481502
vt 1.726921 0.392309
vt 1.726011 0.704415
vt 1.728597 0.704425
vt 1.729515 0.392313
vt 1.246469 0.393466
vt 1.252660 0.708317
vt 1.255188 0.708310
vt 1.249063 0.393458
vt 0.739038 0.392681
vt 0.736728 0.706870
vt 0.739263 0.706882
vt 0.741598 0.392689
vt 0.230319 0.393940
vt 0.227449 0.707963
vt 0.229986 0.707952
vt 0.232879 0.393925
vt -0.211960 0.394386
vt -0.206341 0.707577
vt -0.203714 0.707567
vt -0.209385 0.394398
vt -0.548027 0.390659
vt -0.552403 0.708548
vt -0.549780 0.708573
vt -0.545395 0.390656
vt -0.776062 0.393486
vt -0.775982 0.709279
vt -0.773422 0.709274
vt -0.773499 0.393471
vt -0.854950 0.394798
vt -0.853659 0.710642
vt -0.851044 0.710636
vt -0.852325 0.394787
vt -0.788498 0.392735
vt -0.786982 0.709136
vt -0.784414 0.709128
vt -0.785904 0.392727
vt -0.589508 0.393749
vt -0.590913 0.707849
vt -0.588318 0.707843
vt -0.586929 0.393734
vt -0.282259 0.392748
vt -0.281354 0.706409
vt -0.278753 0.706417
vt -0.279661 0.392756
vt 0.102221 0.393754
vt 0.101576 0.705362
vt 0.104170 0.705360
vt 0.104815 0.393769
vt 0.514521 0.393303
vt 0.514225 0.707825
vt 0.516804 0.707817
vt 0.517086 0.393310
vt 0.916130 0.393560
vt 0.916849 0.707253
vt 0.919414 0.707253
vt 0.918716 0.393547
vt 1.257141 0.393871
vt 1.257095 0.706049
vt 1.259677 0.706065
vt 1.259705 0.393860
vt 1.506882 0.391403
vt 1.503920 0.707683
vt 1.506495 0.707688
vt 1.509445 0.391411
vt 1.624802 0.390297
vt 1.628899 0.708500
vt 1.631447 0.708498
vt 1.627380 0.390316
vt 1.598892 0.392559
vt 1.603603 0.705971
vt 1.606209 0.705986
vt 1.601532 0.392563
vt -1.174390 -1.481201
vt -1.170550 -1.481804
vt -1.166714 -1.481195
vt -1.163248 -1.479425
vt -1.160506 -1.476684
vt -1.158737 -1.473219
vt -1.158132 -1.469376
vt -1.158744 -1.465538
vt -1.160510 -1.462082
vt -1.163255 -1.459330
vt -1.166723 -1.457575
vt -1.170561 -1.456966
vt -1.174396 -1.457577
vt -1.177866 -1.459344
vt -1.180609 -1.462094
vt -1.182373 -1.465560
vt -1.182979 -1.469388
vt -1.182369 -1.473234
vt -1.180602 -1.476688
vt -1.177852 -1.479439
vt 1.434280 0.390446
vt 1.431629 0.705543
vt 1.434214 0.705531
vt 1.436890 0.390427
vt 1.135719 0.392174
vt 1.136353 0.706502
vt 1.138915 0.706498
vt 1.138283 0.392170
vt -0.670577 -1.481755
vt -0.674414 -1.481149
vt -0.677878 -1.479382
vt -0.680627 -1.476641
vt -0.682393 -1.473179
vt -0.683000 -1.469333
vt -0.682391 -1.465498
vt -0.680624 -1.462026
vt -0.677880 -1.459287
vt -0.674415 -1.457511
vt -0.670576 -1.456907
vt -0.666739 -1.457509
vt -0.663271 -1.459272
vt -0.660527 -1.462026
vt -0.658764 -1.465478
vt -0.658154 -1.469323
vt -0.658764 -1.473162
vt -0.660524 -1.476623
vt -0.663276 -1.479373
vt -0.666733 -1.481136
vt 1.888123 0.392590
vt 1.885476 0.706032
vt 1.888063 0.706037
vt 1.890694 0.392590
vt 1.319550 0.391116
vt 1.318920 0.706954
vt 1.321503 0.706950
vt 1.322117 0.391121
vt 0.713461 0.393192
vt 0.712945 0.707891
vt 0.715480 0.707891
vt 0.716051 0.393199
vt 0.129202 0.392885
vt 0.128172 0.707066
vt 0.130676 0.707058
vt 0.131734 0.392885
vt -0.398132 0.396469
vt -0.403369 0.710883
vt -0.400722 0.710884
vt -0.395560 0.396467
vt -0.804474 0.389286
vt -0.805408 0.706795
vt -0.802814 0.706762
vt -0.801888 0.389292
vt -1.068954 0.393028
vt -1.071093 0.706812
vt -1.068473 0.706810
vt -1.066345 0.393015
vt -1.154900 0.395344
vt -1.153141 0.711457
vt -1.150550 0.711448
vt -1.152306 0.395344
vt -1.058983 0.397038
vt -1.061212 0.710949
vt -1.058619 0.710926
vt -1.056396 0.397026
vt -0.817310 0.390211
vt -0.819475 0.707009
vt -0.816883 0.707012
vt -0.814716 0.390221
vt -0.440117 0.392090
vt -0.440652 0.706308
vt -0.438050 0.706314
vt -0.437519 0.392092
vt 0.026190 0.393800
vt 0.026089 0.707821
vt 0.028676 0.707812
vt 0.028763 0.393808
vt 0.534620 0.389764
vt 0.534540 0.703671
vt 0.537130 0.703655
vt 0.537213 0.389771
vt 1.021951 0.392970
vt 1.021733 0.706943
vt 1.024297 0.706922
vt 1.024514 0.392969
vt 1.446232 0.393905
vt 1.446643 0.708079
vt 1.449235 0.708072
vt 1.448814 0.393906
vt 1.749519 0.388466
vt 1.749774 0.704219
vt 1.752330 0.704190
vt 1.752075 0.388422
vt 1.905457 0.389874
vt 1.906553 0.706172
vt 1.909113 0.706178
vt 1.908005 0.389866
vt 1.897827 0.389687
vt 1.897500 0.703954
vt 1.900098 0.703957
vt 1.900421 0.389690
vt -1.468577 -1.814681
vt -1.464734 -1.815283
vt -1.460898 -1.814680
vt -1.457432 -1.812908
vt -1.454681 -1.810157
vt -1.452913 -1.806694
vt -1.452301 -1.802854
vt -1.452911 -1.799014
vt -1.454672 -1.795556
vt -1.457421 -1.792803
vt -1.460884 -1.791039
vt -1.464725 -1.790432
vt -1.468566 -1.791043
vt -1.472030 -1.792809
vt -1.474777 -1.795557
vt -1.476549 -1.799025
vt -1.477156 -1.802861
vt -1.476551 -1.806699
vt -1.474790 -1.810164
vt -1.472041 -1.812913
vt 1.706253 0.393379
vt 1.710005 0.708492
vt 1.712582 0.708490
vt 1.708809 0.393372
vt 1.360611 0.390818
vt 1.363139 0.707498
vt 1.365724 0.707492
vt 1.363190 0.390806
vt -0.964626 -1.814810
vt -0.968461 -1.814201
vt -0.971923 -1.812432
vt -0.974676 -1.809689
vt -0.976438 -1.806221
vt -0.977045 -1.802382
vt -0.976441 -1.798551
vt -0.974676 -1.795091
vt -0.971928 -1.792343
vt -0.968467 -1.790586
vt -0.964628 -1.789969
vt -0.960790 -1.790581
vt -0.957327 -1.792344
vt -0.954580 -1.795100
vt -0.952816 -1.798556
vt -0.952205 -1.802385
vt -0.952813 -1.806232
vt -0.954577 -1.809692
vt -0.957325 -1.812435
vt -0.960786 -1.814201
vt 1.696533 0.391729
vt 1.696274 0.708096
vt 1.698822 0.708089
vt 1.699112 0.391729
vt 1.146729 0.392067
vt 1.149150 0.707341
vt 1.151735 0.707349
vt 1.149345 0.392071
vt 0.579155 0.393837
vt 0.573741 0.710812
vt 0.576377 0.710787
vt 0.581726 0.393833
vt 0.034361 0.393692
vt 0.032223 0.708192
vt 0.034811 0.708190
vt 0.036928 0.393694
vt -0.424407 0.391840
vt -0.419427 0.706722
vt -0.416900 0.706712
vt -0.421823 0.391838
vt -0.773678 0.391205
vt -0.775223 0.705137
vt -0.772618 0.705132
vt -0.771111 0.391203
vt -0.975780 0.394036
vt -0.973176 0.708833
vt -0.970613 0.708802
vt -0.973215 0.394035
vt -1.009869 0.392525
vt -1.010448 0.706265
vt -1.007846 0.706265
vt -1.007268 0.392511
vt -0.891003 0.392295
vt -0.890781 0.705278
vt -0.888191 0.705273
vt -0.888409 0.392308
vt -0.624401 0.394938
vt -0.623678 0.707992
vt -0.621087 0.707995
vt -0.621815 0.394932
vt -0.246422 0.392298
vt -0.246660 0.706251
vt -0.244073 0.706261
vt -0.243828 0.392300
vt 0.202921 0.395458
vt 0.201430 0.709396
vt 0.204024 0.709400
vt 0.205527 0.395470
vt 0.669750 0.393749
vt 0.669358 0.708702
vt 0.671933 0.708698
vt 0.672325 0.393753
vt 1.117416 0.392094
vt 1.113245 0.708637
vt 1.115846 0.708632
vt 1.120064 0.392078
vt 1.475090 0.395643
vt 1.475148 0.710710
vt 1.477734 0.710746
vt 1.477669 0.395676
vt 1.722115 0.393767
vt 1.722025 0.707549
vt 1.724627 0.707550
vt 1.724701 0.393778
vt 1.822670 0.391759
vt 1.822022 0.706096
vt 1.824618 0.706102
vt 1.825323 0.391744
vt 1.760927 0.393724
vt 1.760238 0.706300
vt 1.762831 0.706298
vt 1.763536 0.393732
vt -1.174346 -1.814240
vt -1.170506 -1.814840
vt -1.166668 -1.814231
vt -1.163202 -1.812471
vt -1.160451 -1.809715
vt -1.158683 -1.806255
vt -1.158077 -1.802415
vt -1.158683 -1.798578
vt -1.160446 -1.795118
vt -1.163196 -1.792372
vt -1.166657 -1.790607
vt -1.170496 -1.790001
vt -1.174338 -1.790608
vt -1.177803 -1.792378
vt -1.180554 -1.795128
vt -1.182321 -1.798593
vt -1.182928 -1.802428
vt -1.182319 -1.806264
vt -1.180559 -1.809730
vt -1.177806 -1.812475
vt 1.533447 0.392387
vt 1.534740 0.704442
vt 1.537329 0.704433
vt 1.536026 0.392380
vt 1.170006 0.392519
vt 1.170168 0.706866
vt 1.172746 0.706855
vt 1.172577 0.392521
vt -0.670615 -1.815202
vt -0.674453 -1.814595
vt -0.677916 -1.812827
vt -0.680666 -1.810082
vt -0.682427 -1.806617
vt -0.683034 -1.802781
vt -0.682426 -1.798942
vt -0.680662 -1.795475
vt -0.677913 -1.792730
vt -0.674450 -1.790958
vt -0.670612 -1.790355
vt -0.666774 -1.790963
vt -0.663312 -1.792729
vt -0.660562 -1.795470
vt -0.658801 -1.798938
vt -0.658193 -1.802776
vt -0.658800 -1.806611
vt -0.660567 -1.810081
vt -0.663314 -1.812829
vt -0.666778 -1.814594
vt 1.887070 0.708885
vt 1.888737 1.265131
vt 1.891356 1.265129
vt 1.889679 0.708874
vt 1.318851 0.710026
vt 1.322314 1.262393
vt 1.324937 1.262390
vt 1.321396 0.710024
vt 0.713389 0.710178
vt 0.719390 1.271766
vt 0.721923 1.271798
vt 0.715952 0.710178
vt 0.122709 0.709553
vt 0.118198 1.266590
vt 0.120716 1.266620
vt 0.125271 0.709614
vt -0.400203 0.711294
vt -0.402611 1.270369
vt -0.399957 1.270312
vt -0.397577 0.711325
vt -0.804974 0.709263
vt -0.803693 1.265935
vt -0.801126 1.265918
vt -0.802383 0.709229
vt -1.062508 0.715721
vt -1.057424 1.261051
vt -1.054859 1.261067
vt -1.059929 0.715668
vt -1.149040 0.709969
vt -1.149225 1.268686
vt -1.146639 1.268692
vt -1.146439 0.709957
vt -1.064575 0.709583
vt -1.062790 1.268540
vt -1.060199 1.268557
vt -1.061981 0.709583
vt -0.815220 0.709213
vt -0.816573 1.266431
vt -0.813994 1.266445
vt -0.812645 0.709221
vt -0.439640 0.711929
vt -0.438672 1.264840
vt -0.436092 1.264851
vt -0.437059 0.711918
vt 0.028028 0.712570
vt 0.027905 1.270436
vt 0.030504 1.270441
vt 0.030622 0.712587
vt 0.533051 0.708139
vt 0.533970 1.262722
vt 0.536539 1.262709
vt 0.535675 0.708124
vt 1.020142 0.712192
vt 1.020270 1.270947
vt 1.022850 1.270970
vt 1.022735 0.712192
vt 1.445694 0.709215
vt 1.445585 1.268562
vt 1.448167 1.268589
vt 1.448273 0.709185
vt 1.751778 0.711689
vt 1.751500 1.274346
vt 1.754087 1.274437
vt 1.754364 0.711697
vt 1.908051 0.707752
vt 1.907071 1.269395
vt 1.909659 1.269440
vt 1.910614 0.707737
vt 1.897705 0.712574
vt 1.898028 1.265946
vt 1.900627 1.265961
vt 1.900299 0.712605
vt 1.714500 0.710117
vt 1.710668 1.260179
vt 1.713253 1.260145
vt 1.717102 0.710117
vt 1.369934 0.710560
vt 1.368086 1.261480
vt 1.370684 1.261466
vt 1.372543 0.710556
vt 1.694305 0.709335
vt 1.697266 1.265009
vt 1.699815 1.265001
vt 1.696899 0.709328
vt 1.132530 0.710793
vt 1.141210 1.270165
vt 1.143844 1.270146
vt 1.135216 0.710789
vt 0.588043 0.710491
vt 0.581555 1.270066
vt 0.584137 1.270064
vt 0.590599 0.710491
vt 0.040400 0.712093
vt 0.046559 1.271850
vt 0.049039 1.271849
vt 0.042952 0.712097
vt -0.430801 0.710873
vt -0.425710 1.263042
vt -0.423126 1.263071
vt -0.428151 0.710850
vt -0.774412 0.710087
vt -0.774887 1.262901
vt -0.772295 1.262924
vt -0.771851 0.710089
vt -0.972982 0.709442
vt -0.976508 1.262183
vt -0.973876 1.262183
vt -0.970357 0.709442
vt -1.011327 0.710555
vt -1.016579 1.260290
vt -1.013978 1.260291
vt -1.008731 0.710540
vt -0.891888 0.709301
vt -0.891771 1.266684
vt -0.889171 1.266724
vt -0.889278 0.709318
vt -0.624062 0.711742
vt -0.622314 1.267554
vt -0.619744 1.267571
vt -0.621487 0.711750
vt -0.245331 0.706841
vt -0.247212 1.267929
vt -0.244608 1.267929
vt -0.242718 0.706825
vt 0.202208 0.708000
vt 0.200293 1.264620
vt 0.202877 1.264631
vt 0.204799 0.707989
vt 0.673740 0.707542
vt 0.671667 1.265682
vt 0.674244 1.265670
vt 0.676331 0.707527
vt 1.116982 0.710663
vt 1.115335 1.264554
vt 1.117964 1.264552
vt 1.119614 0.710663
vt 1.475204 0.711792
vt 1.474541 1.272017
vt 1.477114 1.272058
vt 1.477791 0.711796
vt 1.721855 0.709393
vt 1.721322 1.266520
vt 1.723900 1.266548
vt 1.724434 0.709366
vt 1.819946 0.706353
vt 1.820380 1.262992
vt 1.822917 1.262937
vt 1.822481 0.706352
vt 1.757429 0.711287
vt 1.755326 1.262375
vt 1.757942 1.262387
vt 1.760025 0.711287
vt 1.536285 0.712046
vt 1.537348 1.268950
vt 1.539926 1.268955
vt 1.538849 0.712063
vt 1.171837 0.709015
vt 1.171755 1.265906
vt 1.174335 1.265902
vt 1.174408 0.709015
vt 0.536545 -1.118282
vt 0.613826 -1.118285
vt 0.613825 -1.130516
vt 0.536543 -1.130514
vt 0.536560 -0.269384
vt 0.613829 -0.269384
vt 0.613829 -0.478446
vt 0.536560 -0.478446
vt 0.536548 1.880474
vt 0.613867 1.880488
vt 0.613862 1.868260
vt 0.536549 1.868249
vt 0.536560 1.728446
vt 0.613829 1.728447
vt 0.613829 1.519385
vt 0.536560 1.519384
vt -0.394404 1.880580
vt -0.603472 1.880581
vt -0.603469 1.868341
vt -0.394402 1.868341
vt 1.603547 1.880553
vt 1.394428 1.880568
vt 1.394422 1.868335
vt 1.603537 1.868317
vt 0.655523 -1.118329
vt 0.732754 -1.118325
vt 0.732754 -1.130562
vt 0.655526 -1.130567
vt 0.655490 -0.269384
vt 0.732758 -0.269384
vt 0.732758 -0.478446
vt 0.655490 -0.478446
vt 0.655479 1.880589
vt 0.732714 1.880579
vt 0.732719 1.868342
vt 0.655480 1.868350
vt 0.655489 1.728446
vt 0.732758 1.728446
vt 0.732758 1.519384
vt 0.655490 1.519384
vt 0.121800 0.138493
vt 0.330862 0.138493
vt 0.330862 -0.070569
vt 0.121800 -0.070569
vt 0.121800 1.320569
vt 0.330862 1.320569
vt 0.330862 1.111506
vt 0.121800 1.111506
vt 0.013493 1.810927
vt -0.195569 1.810927
vt -0.195569 1.601865
vt 0.013493 1.601865
vt 1.195569 1.810927
vt 0.986507 1.810927
vt 0.986507 1.601866
vt 1.195569 1.601866
vt 1.400482 0.392227
vt 1.404045 0.706020
vt 1.406647 0.706017
vt 1.403046 0.392220
vt 0.957291 0.393703
vt 0.956432 0.709116
vt 0.959000 0.709113
vt 0.959839 0.393703
vt 0.502213 0.391724
vt 0.503901 0.704726
vt 0.506531 0.704719
vt 0.504852 0.391735
vt 0.081717 0.394043
vt 0.081949 0.705727
vt 0.084550 0.705718
vt 0.084311 0.394035
vt -0.262043 0.391382
vt -0.262894 0.707297
vt -0.260329 0.707299
vt -0.259479 0.391375
vt -0.502441 0.390841
vt -0.503296 0.704791
vt -0.500696 0.704770
vt -0.499844 0.390825
vt -0.625122 0.394302
vt -0.622900 0.707256
vt -0.620293 0.707249
vt -0.622513 0.394306
vt -0.626625 0.394539
vt -0.626030 0.708643
vt -0.623442 0.708648
vt -0.624039 0.394535
vt -0.499619 0.394642
vt -0.497427 0.707551
vt -0.494835 0.707548
vt -0.497055 0.394653
vt -0.266830 0.393730
vt -0.266012 0.707372
vt -0.263422 0.707375
vt -0.264221 0.393723
vt 0.043831 0.393059
vt 0.043194 0.707495
vt 0.045792 0.707494
vt 0.046432 0.393066
vt 0.392559 0.390064
vt 0.392951 0.704922
vt 0.395544 0.704908
vt 0.395153 0.390057
vt 0.746883 0.393436
vt 0.745598 0.707554
vt 0.748178 0.707551
vt 0.749474 0.393433
vt 1.061951 0.395638
vt 1.060771 0.711281
vt 1.063396 0.711267
vt 1.064568 0.395622
vt 1.307838 0.393011
vt 1.307791 0.708945
vt 1.310361 0.708920
vt 1.310402 0.393003
vt 1.450878 0.394169
vt 1.452872 0.705260
vt 1.455431 0.705273
vt 1.453457 0.394160
vt 1.472900 0.390129
vt 1.470061 0.710981
vt 1.472705 0.710958
vt 1.475494 0.390148
vt 1.376465 0.388924
vt 1.374580 0.706021
vt 1.377132 0.706025
vt 1.379013 0.388935
vt -0.683071 -1.481454
vt -0.679237 -1.482068
vt -0.675401 -1.481468
vt -0.671936 -1.479704
vt -0.669190 -1.476949
vt -0.667431 -1.473486
vt -0.666822 -1.469651
vt -0.667430 -1.465805
vt -0.669196 -1.462357
vt -0.671946 -1.459604
vt -0.675412 -1.457846
vt -0.679242 -1.457226
vt -0.683076 -1.457844
vt -0.686543 -1.459612
vt -0.689285 -1.462344
vt -0.691046 -1.465808
vt -0.691655 -1.469653
vt -0.691039 -1.473489
vt -0.689279 -1.476943
vt -0.686537 -1.479692
vt 1.142548 0.394226
vt 1.142033 0.708196
vt 1.144661 0.708201
vt 1.145142 0.394234
vt 0.812210 0.393715
vt 0.814384 0.707962
vt 0.816933 0.707977
vt 0.814774 0.393715
vt -0.178758 -1.482094
vt -0.182591 -1.481490
vt -0.186055 -1.479729
vt -0.188799 -1.476976
vt -0.190571 -1.473517
vt -0.191179 -1.469697
vt -0.190573 -1.465845
vt -0.188810 -1.462383
vt -0.186068 -1.459640
vt -0.182604 -1.457878
vt -0.178767 -1.457274
vt -0.174926 -1.457881
vt -0.171464 -1.459636
vt -0.168710 -1.462383
vt -0.166952 -1.465842
vt -0.166341 -1.469679
vt -0.166946 -1.473509
vt -0.168714 -1.476985
vt -0.171458 -1.479728
vt -0.174922 -1.481488
vt 1.209137 0.391327
vt 1.209286 0.702637
vt 1.211864 0.702642
vt 1.211761 0.391338
vt 0.781052 0.394825
vt 0.795151 0.709627
vt 0.797703 0.709618
vt 0.783646 0.394821
vt 0.373550 0.391495
vt 0.373736 0.705191
vt 0.376268 0.705199
vt 0.376106 0.391502
vt -0.004435 0.395306
vt -0.005655 0.709054
vt -0.003114 0.709045
vt -0.001881 0.395294
vt -0.293458 0.394049
vt -0.289367 0.707868
vt -0.286743 0.707860
vt -0.290879 0.394058
vt -0.464790 0.390569
vt -0.469420 0.709329
vt -0.466797 0.709353
vt -0.462160 0.390568
vt -0.540745 0.392170
vt -0.540952 0.708754
vt -0.538394 0.708745
vt -0.538177 0.392159
vt -0.479889 0.393261
vt -0.479591 0.709594
vt -0.476988 0.709590
vt -0.477264 0.393242
vt -0.321907 0.391346
vt -0.323629 0.707688
vt -0.321043 0.707679
vt -0.319321 0.391338
vt -0.073921 0.391052
vt -0.073240 0.706414
vt -0.070665 0.706396
vt -0.071350 0.391037
vt 0.236671 0.394302
vt 0.237993 0.708085
vt 0.240594 0.708095
vt 0.239273 0.394318
vt 0.569571 0.395920
vt 0.568918 0.705495
vt 0.571517 0.705498
vt 0.572169 0.395931
vt 0.881565 0.393978
vt 0.882675 0.707004
vt 0.885249 0.706998
vt 0.884129 0.393978
vt 1.153389 0.392452
vt 1.152466 0.707177
vt 1.155023 0.707177
vt 1.155968 0.392441
vt 1.338242 0.393538
vt 1.338734 0.706519
vt 1.341313 0.706533
vt 1.340809 0.393529
vt 1.425777 0.391164
vt 1.422477 0.707515
vt 1.425049 0.707519
vt 1.428341 0.391172
vt 1.388336 0.388725
vt 1.394697 0.708497
vt 1.397246 0.708498
vt 1.390884 0.388741
vt 1.222137 0.391785
vt 1.230421 0.704022
vt 1.233036 0.704017
vt 1.224777 0.391792
vt -0.388490 -1.480692
vt -0.384644 -1.481291
vt -0.380806 -1.480690
vt -0.377340 -1.478914
vt -0.374602 -1.476168
vt -0.372832 -1.472705
vt -0.372231 -1.468871
vt -0.372840 -1.465031
vt -0.374601 -1.461564
vt -0.377355 -1.458821
vt -0.380822 -1.457066
vt -0.384655 -1.456453
vt -0.388493 -1.457072
vt -0.391960 -1.458824
vt -0.394701 -1.461581
vt -0.396475 -1.465048
vt -0.397073 -1.468885
vt -0.396468 -1.472720
vt -0.394697 -1.476181
vt -0.391949 -1.478919
vt 0.964935 0.393658
vt 0.965256 0.707832
vt 0.967846 0.707814
vt 0.967529 0.393639
vt 0.623779 0.392967
vt 0.624557 0.707417
vt 0.627121 0.707415
vt 0.626358 0.392975
vt 0.115313 -1.481259
vt 0.111476 -1.480657
vt 0.108013 -1.478892
vt 0.105266 -1.476159
vt 0.103495 -1.472692
vt 0.102892 -1.468851
vt 0.103498 -1.465011
vt 0.105262 -1.461530
vt 0.108006 -1.458792
vt 0.111472 -1.457026
vt 0.115314 -1.456423
vt 0.119148 -1.457017
vt 0.122610 -1.458791
vt 0.125363 -1.461523
vt 0.127127 -1.464993
vt 0.127733 -1.468838
vt 0.127126 -1.472667
vt 0.125362 -1.476127
vt 0.122612 -1.478884
vt 0.119152 -1.480652
vt 1.374054 0.392410
vt 1.369286 0.705260
vt 1.371834 0.705252
vt 1.376587 0.392418
vt 0.856537 0.390537
vt 0.853916 0.707505
vt 0.856506 0.707502
vt 0.859100 0.390537
vt 0.344200 0.392311
vt 0.349428 0.707741
vt 0.351980 0.707744
vt 0.346771 0.392315
vt -0.102975 0.392948
vt -0.101904 0.707700
vt -0.099394 0.707686
vt -0.100449 0.392948
vt -0.479580 0.396525
vt -0.487021 0.710846
vt -0.484378 0.710848
vt -0.477003 0.396524
vt -0.722654 0.389427
vt -0.723356 0.705781
vt -0.720762 0.705750
vt -0.720066 0.389429
vt -0.829353 0.391899
vt -0.830707 0.706542
vt -0.828086 0.706535
vt -0.826744 0.391888
vt -0.784088 0.395187
vt -0.782625 0.710457
vt -0.780027 0.710452
vt -0.781494 0.395187
vt -0.592850 0.394619
vt -0.594318 0.707089
vt -0.591715 0.707082
vt -0.590256 0.394608
vt -0.299347 0.391891
vt -0.301825 0.707891
vt -0.299213 0.707908
vt -0.296738 0.391899
vt 0.078835 0.392628
vt 0.078806 0.707442
vt 0.081411 0.707460
vt 0.081436 0.392639
vt 0.490146 0.394825
vt 0.491747 0.706726
vt 0.494333 0.706729
vt 0.492726 0.394833
vt 0.905319 0.390339
vt 0.904922 0.701852
vt 0.907517 0.701849
vt 0.907921 0.390339
vt 1.257263 0.392712
vt 1.257068 0.705164
vt 1.259631 0.705145
vt 1.259834 0.392708
vt 1.527935 0.393926
vt 1.528626 0.707859
vt 1.531216 0.707852
vt 1.530514 0.393927
vt 1.668667 0.389836
vt 1.668908 0.705147
vt 1.671463 0.705114
vt 1.671223 0.389794
vt 1.671432 0.390469
vt 1.671696 0.705804
vt 1.674229 0.705808
vt 1.673996 0.390453
vt 1.526855 0.389168
vt 1.526100 0.703584
vt 1.528698 0.703586
vt 1.529404 0.389172
vt -0.682391 -1.814439
vt -0.678545 -1.815046
vt -0.674713 -1.814435
vt -0.671243 -1.812667
vt -0.668497 -1.809916
vt -0.666733 -1.806454
vt -0.666128 -1.802620
vt -0.666722 -1.798770
vt -0.668482 -1.795297
vt -0.671239 -1.792562
vt -0.674697 -1.790800
vt -0.678530 -1.790182
vt -0.682382 -1.790793
vt -0.685852 -1.792576
vt -0.688597 -1.795320
vt -0.690363 -1.798788
vt -0.690973 -1.802610
vt -0.690372 -1.806461
vt -0.688595 -1.809920
vt -0.685857 -1.812682
vt 1.245148 0.394581
vt 1.246349 0.708966
vt 1.248940 0.708963
vt 1.247696 0.394573
vt 0.845398 0.392891
vt 0.847168 0.708842
vt 0.849792 0.708831
vt 0.847977 0.392891
vt -0.178893 -1.814987
vt -0.182731 -1.814381
vt -0.186193 -1.812616
vt -0.188945 -1.809879
vt -0.190701 -1.806412
vt -0.191313 -1.802567
vt -0.190709 -1.798742
vt -0.188940 -1.795280
vt -0.186197 -1.792533
vt -0.182735 -1.790761
vt -0.178898 -1.790169
vt -0.175053 -1.790760
vt -0.171591 -1.792526
vt -0.168843 -1.795275
vt -0.167080 -1.798740
vt -0.166471 -1.802588
vt -0.167083 -1.806411
vt -0.168842 -1.809868
vt -0.171596 -1.812631
vt -0.175055 -1.814394
vt 1.182617 0.391998
vt 1.186283 0.709300
vt 1.188812 0.709296
vt 1.185181 0.391994
vt 0.676208 0.391262
vt 0.682411 0.706048
vt 0.685005 0.706053
vt 0.678833 0.391270
vt 0.210251 0.394794
vt 0.198115 0.713939
vt 0.200733 0.713929
vt 0.212837 0.394783
vt -0.201492 0.393551
vt -0.205213 0.708336
vt -0.202629 0.708336
vt -0.198922 0.393555
vt -0.506081 0.391910
vt -0.499433 0.707025
vt -0.496900 0.707017
vt -0.503501 0.391908
vt -0.692446 0.391142
vt -0.692889 0.704994
vt -0.690289 0.704991
vt -0.689875 0.391140
vt -0.740395 0.393696
vt -0.737879 0.706267
vt -0.735313 0.706243
vt -0.737831 0.393688
vt -0.638000 0.390743
vt -0.638508 0.705907
vt -0.635910 0.705905
vt -0.635406 0.390736
vt -0.423813 0.394184
vt -0.424091 0.705027
vt -0.421492 0.705026
vt -0.421219 0.394188
vt -0.107697 0.394096
vt -0.106329 0.708254
vt -0.103729 0.708256
vt -0.105110 0.394096
vt 0.271370 0.392982
vt 0.270183 0.708038
vt 0.272771 0.708055
vt 0.273964 0.392982
vt 0.672079 0.397308
vt 0.669125 0.710373
vt 0.671730 0.710386
vt 0.674683 0.397320
vt 1.037941 0.394138
vt 1.037580 0.708245
vt 1.040147 0.708245
vt 1.040512 0.394138
vt 1.360054 0.390781
vt 1.352374 0.708091
vt 1.354988 0.708082
vt 1.362694 0.390766
vt 1.556671 0.396673
vt 1.556940 0.711846
vt 1.559530 0.711882
vt 1.559254 0.396705
vt 1.640278 0.393446
vt 1.639739 0.707517
vt 1.642337 0.707519
vt 1.642872 0.393456
vt 1.579620 0.392937
vt 1.583273 0.705716
vt 1.585880 0.705720
vt 1.582260 0.392925
vt 1.388153 0.392834
vt 1.389118 0.706491
vt 1.391739 0.706490
vt 1.390747 0.392845
vt -0.388210 -1.813824
vt -0.384372 -1.814416
vt -0.380541 -1.813815
vt -0.377070 -1.812061
vt -0.374326 -1.809309
vt -0.372550 -1.805830
vt -0.371939 -1.801997
vt -0.372554 -1.798165
vt -0.374310 -1.794697
vt -0.377067 -1.791960
vt -0.380523 -1.790190
vt -0.384364 -1.789589
vt -0.388206 -1.790186
vt -0.391670 -1.791959
vt -0.394419 -1.794713
vt -0.396185 -1.798180
vt -0.396799 -1.802008
vt -0.396189 -1.805855
vt -0.394426 -1.809320
vt -0.391678 -1.812059
vt 1.068573 0.393780
vt 1.068615 0.705892
vt 1.071217 0.705884
vt 1.071167 0.393772
vt 0.656235 0.392609
vt 0.655483 0.708612
vt 0.658062 0.708613
vt 0.658813 0.392593
vt 0.115190 -1.815073
vt 0.111350 -1.814468
vt 0.107888 -1.812703
vt 0.105140 -1.809978
vt 0.103377 -1.806495
vt 0.102769 -1.802673
vt 0.103375 -1.798817
vt 0.105138 -1.795362
vt 0.107887 -1.792610
vt 0.111355 -1.790833
vt 0.115192 -1.790241
vt 0.119030 -1.790839
vt 0.122490 -1.792612
vt 0.125242 -1.795364
vt 0.127004 -1.798812
vt 0.127610 -1.802657
vt 0.127003 -1.806482
vt 0.125235 -1.809964
vt 0.122488 -1.812718
vt 0.119030 -1.814481
vt 1.365753 0.710953
vt 1.366020 1.265691
vt 1.368679 1.265697
vt 1.368378 0.710945
vt 0.859009 0.710373
vt 0.851234 1.262852
vt 0.853849 1.262832
vt 0.861588 0.710381
vt 0.347336 0.709801
vt 0.356784 1.267565
vt 0.359328 1.267596
vt 0.349892 0.709801
vt -0.112308 0.704109
vt -0.113195 1.263651
vt -0.110673 1.263692
vt -0.109753 0.704166
vt -0.483279 0.710384
vt -0.486556 1.272120
vt -0.483904 1.272066
vt -0.480653 0.710411
vt -0.723049 0.708189
vt -0.722483 1.265399
vt -0.719914 1.265386
vt -0.720461 0.708153
vt -0.825874 0.711166
vt -0.821938 1.262231
vt -0.819374 1.262244
vt -0.823296 0.711124
vt -0.777252 0.708542
vt -0.779331 1.269403
vt -0.776731 1.269416
vt -0.774643 0.708534
vt -0.597321 0.709877
vt -0.595951 1.271241
vt -0.593353 1.271256
vt -0.594711 0.709885
vt -0.300888 0.710876
vt -0.301659 1.269007
vt -0.299072 1.269028
vt -0.298309 0.710876
vt 0.075745 0.710121
vt 0.076700 1.266376
vt 0.079276 1.266410
vt 0.078323 0.710129
vt 0.495532 0.715439
vt 0.496081 1.271603
vt 0.498688 1.271602
vt 0.498137 0.715454
vt 0.907600 0.705986
vt 0.901952 1.260838
vt 0.904527 1.260818
vt 0.910225 0.705971
vt 1.258110 0.712307
vt 1.257156 1.272934
vt 1.259734 1.272949
vt 1.260696 0.712307
vt 1.527271 0.708284
vt 1.527246 1.269372
vt 1.529828 1.269399
vt 1.529850 0.708256
vt 1.669960 0.711395
vt 1.669654 1.271527
vt 1.672243 1.271612
vt 1.672550 0.711407
vt 1.672607 0.708843
vt 1.669638 1.265520
vt 1.672222 1.265562
vt 1.675186 0.708832
vt 1.526718 0.708389
vt 1.526478 1.263587
vt 1.529074 1.263601
vt 1.529327 0.708412
vt 1.246124 0.710724
vt 1.244532 1.265547
vt 1.247129 1.265496
vt 1.248688 0.710724
vt 0.849075 0.711548
vt 0.849009 1.264060
vt 0.851612 1.264057
vt 0.851700 0.711540
vt 1.177246 0.710876
vt 1.187172 1.266706
vt 1.189732 1.266691
vt 1.179840 0.710869
vt 0.649643 0.711746
vt 0.665630 1.273235
vt 0.668280 1.273209
vt 0.652328 0.711739
vt 0.222282 0.710518
vt 0.212672 1.270400
vt 0.215249 1.270406
vt 0.224846 0.710518
vt -0.193506 0.711765
vt -0.181478 1.271937
vt -0.178989 1.271935
vt -0.190960 0.711773
vt -0.514577 0.711561
vt -0.507463 1.262171
vt -0.504876 1.262200
vt -0.511929 0.711542
vt -0.693378 0.710159
vt -0.692929 1.263608
vt -0.690338 1.263630
vt -0.690819 0.710161
vt -0.731934 0.709442
vt -0.734871 1.262158
vt -0.732227 1.262165
vt -0.729317 0.709442
vt -0.640106 0.708557
vt -0.644830 1.260202
vt -0.642213 1.260191
vt -0.637512 0.708549
vt -0.421997 0.712807
vt -0.423300 1.273449
vt -0.420696 1.273477
vt -0.419373 0.712830
vt -0.109924 0.713493
vt -0.108910 1.270843
vt -0.106339 1.270870
vt -0.107346 0.713493
vt 0.276337 0.704140
vt 0.273026 1.267637
vt 0.275626 1.267631
vt 0.278942 0.704117
vt 0.668842 0.706345
vt 0.665873 1.266272
vt 0.668454 1.266272
vt 0.671432 0.706345
vt 1.043945 0.705399
vt 1.040286 1.264037
vt 1.042855 1.264010
vt 1.046539 0.705399
vt 1.358582 0.710651
vt 1.356644 1.264375
vt 1.359273 1.264366
vt 1.361221 0.710655
vt 1.557014 0.711935
vt 1.555942 1.273292
vt 1.558515 1.273332
vt 1.559597 0.711939
vt 1.640278 0.710203
vt 1.639777 1.265666
vt 1.642356 1.265693
vt 1.642853 0.710178
vt 1.587219 0.706715
vt 1.587472 1.267755
vt 1.589996 1.267715
vt 1.589767 0.706703
vt 1.386032 0.711143
vt 1.381453 1.260843
vt 1.384069 1.260858
vt 1.388626 0.711151
vt 1.074188 0.709175
vt 1.073061 1.267753
vt 1.075615 1.267756
vt 1.076752 0.709190
vt 0.658112 0.709106
vt 0.656525 1.266666
vt 0.659098 1.266657
vt 0.660690 0.709106
vt 0.536560 0.139838
vt 0.613829 0.139838
vt 0.613829 -0.069224
vt 0.536560 -0.069224
vt 0.536560 1.319225
vt 0.613829 1.319225
vt 0.613829 1.110163
vt 0.536560 1.110163
vt 0.014828 1.880579
vt -0.194240 1.880580
vt -0.194237 1.868341
vt 0.014831 1.868340
vt 1.194216 1.880584
vt 0.985100 1.880601
vt 0.985092 1.868366
vt 1.194209 1.868350
vt 0.655490 0.139838
vt 0.732759 0.139837
vt 0.732759 -0.069225
vt 0.655490 -0.069225
vt 0.655490 1.319225
vt 0.732758 1.319224
vt 0.732759 1.110163
vt 0.655490 1.110163
vt 0.121800 0.566640
vt 0.330862 0.566640
vt 0.330862 0.357578
vt 0.121800 0.357578
vt 0.121800 0.892421
vt 0.330862 0.892421
vt 0.330862 0.683359
vt 0.121800 0.683359
vt 0.441640 1.810927
vt 0.232578 1.810928
vt 0.232578 1.601866
vt 0.441640 1.601865
vt 0.767422 1.810928
vt 0.558360 1.810928
vt 0.558360 1.601867
vt 0.767422 1.601866
vt 0.862997 0.393580
vt 0.861849 0.706387
vt 0.864433 0.706368
vt 0.865559 0.393573
vt 0.476592 0.393809
vt 0.473474 0.709463
vt 0.476049 0.709457
vt 0.479156 0.393809
vt 0.107271 0.390432
vt 0.110124 0.705485
vt 0.112751 0.705487
vt 0.109896 0.390440
vt -0.167502 0.394841
vt -0.167809 0.706640
vt -0.165211 0.706636
vt -0.164907 0.394837
vt -0.346898 0.391621
vt -0.347779 0.707265
vt -0.345215 0.707269
vt -0.344334 0.391613
vt -0.416479 0.390299
vt -0.417261 0.704127
vt -0.414662 0.704107
vt -0.413879 0.390283
vt -0.374584 0.394538
vt -0.372411 0.706698
vt -0.369810 0.706689
vt -0.371972 0.394542
vt -0.239506 0.394197
vt -0.238644 0.709275
vt -0.236067 0.709273
vt -0.236927 0.394193
vt -0.015461 0.396724
vt -0.009831 0.707260
vt -0.007246 0.707269
vt -0.012889 0.396716
vt 0.277333 0.392652
vt 0.275809 0.707889
vt 0.278411 0.707877
vt 0.279944 0.392644
vt 0.587425 0.394476
vt 0.586271 0.707866
vt 0.588865 0.707863
vt 0.590021 0.394476
vt 0.881899 0.388195
vt 0.881931 0.702911
vt 0.884519 0.702888
vt 0.884480 0.388195
vt 1.134317 0.392826
vt 1.131762 0.707246
vt 1.134341 0.707240
vt 1.136894 0.392826
vt 1.313499 0.394141
vt 1.312812 0.709961
vt 1.315440 0.709948
vt 1.316109 0.394130
vt 1.392682 0.392713
vt 1.392834 0.708138
vt 1.395402 0.708114
vt 1.395244 0.392702
vt 1.365541 0.394426
vt 1.368151 0.704877
vt 1.370710 0.704887
vt 1.368116 0.394418
vt 1.223364 0.388686
vt 1.216481 0.712668
vt 1.219105 0.712645
vt 1.225973 0.388696
vt 0.995159 0.387339
vt 0.992289 0.705399
vt 0.994811 0.705410
vt 0.997705 0.387347
vt 0.138657 -1.481586
vt 0.142494 -1.482193
vt 0.146330 -1.481584
vt 0.149790 -1.479820
vt 0.152535 -1.477072
vt 0.154297 -1.473609
vt 0.154904 -1.469772
vt 0.154294 -1.465934
vt 0.152530 -1.462471
vt 0.149782 -1.459723
vt 0.146320 -1.457959
vt 0.142483 -1.457353
vt 0.138647 -1.457960
vt 0.135187 -1.459725
vt 0.132441 -1.462471
vt 0.130679 -1.465934
vt 0.130073 -1.469774
vt 0.130682 -1.473608
vt 0.132447 -1.477071
vt 0.135195 -1.479819
vt 0.652199 0.393255
vt 0.647485 0.706756
vt 0.650094 0.706751
vt 0.654793 0.393276
vt 0.276877 0.392965
vt 0.281081 0.705022
vt 0.283625 0.705019
vt 0.279425 0.392965
vt 0.643227 -1.481931
vt 0.639389 -1.481323
vt 0.635926 -1.479558
vt 0.633177 -1.476813
vt 0.631412 -1.473353
vt 0.630803 -1.469519
vt 0.631408 -1.465680
vt 0.633171 -1.462219
vt 0.635918 -1.459473
vt 0.639380 -1.457710
vt 0.643217 -1.457100
vt 0.647055 -1.457708
vt 0.650519 -1.459471
vt 0.653267 -1.462218
vt 0.655032 -1.465679
vt 0.655641 -1.469515
vt 0.655035 -1.473352
vt 0.653272 -1.476810
vt 0.650525 -1.479558
vt 0.647064 -1.481322
vt 0.662966 0.389319
vt 0.668474 0.701115
vt 0.671064 0.701118
vt 0.665588 0.389334
vt 0.293381 0.395470
vt 0.312889 0.710889
vt 0.315460 0.710868
vt 0.295959 0.395454
vt -0.008044 0.390434
vt -0.005427 0.704172
vt -0.002883 0.704186
vt -0.005486 0.390446
vt -0.249647 0.396437
vt -0.249817 0.710112
vt -0.247275 0.710111
vt -0.247099 0.396430
vt -0.378828 0.393757
vt -0.376131 0.708126
vt -0.373513 0.708118
vt -0.376245 0.393765
vt -0.377764 0.390570
vt -0.382625 0.710085
vt -0.380002 0.710107
vt -0.375136 0.390570
vt -0.294145 0.391144
vt -0.295096 0.707831
vt -0.292540 0.707821
vt -0.291585 0.391129
vt -0.087861 0.390804
vt -0.089804 0.708755
vt -0.087190 0.708742
vt -0.085237 0.390786
vt 0.165715 0.390032
vt 0.163794 0.705847
vt 0.166383 0.705843
vt 0.168298 0.390018
vt 0.463611 0.387741
vt 0.464789 0.703084
vt 0.467358 0.703056
vt 0.466178 0.387726
vt 0.780117 0.397219
vt 0.781278 0.710520
vt 0.783883 0.710522
vt 0.782721 0.397233
vt 1.059366 0.397838
vt 1.058849 0.706355
vt 1.061447 0.706360
vt 1.061966 0.397843
vt 1.265310 0.393806
vt 1.267412 0.706110
vt 1.269986 0.706110
vt 1.267874 0.393806
vt 1.401033 0.391495
vt 1.398209 0.707137
vt 1.400773 0.707134
vt 1.403599 0.391484
vt 1.423178 0.393268
vt 1.424071 0.706974
vt 1.426646 0.706984
vt 1.425753 0.393263
vt 1.340928 0.390886
vt 1.337355 0.707389
vt 1.339921 0.707396
vt 1.343492 0.390895
vt 1.143554 0.387437
vt 1.149863 0.708212
vt 1.152412 0.708205
vt 1.146102 0.387452
vt 0.827943 0.390991
vt 0.839116 0.704534
vt 0.841756 0.704532
vt 0.830584 0.390999
vt 0.433813 -1.480156
vt 0.437652 -1.480765
vt 0.441491 -1.480154
vt 0.444953 -1.478390
vt 0.447700 -1.475639
vt 0.449463 -1.472177
vt 0.450070 -1.468340
vt 0.449459 -1.464502
vt 0.447693 -1.461041
vt 0.444943 -1.458292
vt 0.441480 -1.456531
vt 0.437640 -1.455925
vt 0.433802 -1.456533
vt 0.430339 -1.458299
vt 0.427592 -1.461047
vt 0.425829 -1.464509
vt 0.425224 -1.468349
vt 0.425833 -1.472185
vt 0.427599 -1.475648
vt 0.430349 -1.478394
vt 0.476911 0.397103
vt 0.476678 0.710865
vt 0.479262 0.710831
vt 0.479532 0.397080
vt 0.085476 0.391829
vt 0.088564 0.707306
vt 0.091140 0.707302
vt 0.088048 0.391835
vt 0.937480 -1.480601
vt 0.933642 -1.479995
vt 0.930178 -1.478230
vt 0.927429 -1.475483
vt 0.925664 -1.472020
vt 0.925056 -1.468182
vt 0.925664 -1.464341
vt 0.927427 -1.460878
vt 0.930176 -1.458128
vt 0.933640 -1.456361
vt 0.937479 -1.455751
vt 0.941316 -1.456357
vt 0.944779 -1.458120
vt 0.947529 -1.460868
vt 0.949293 -1.464330
vt 0.949901 -1.468168
vt 0.949296 -1.472009
vt 0.947531 -1.475474
vt 0.944783 -1.478224
vt 0.941320 -1.479989
vt 0.843998 0.391601
vt 0.836470 0.706473
vt 0.838982 0.706473
vt 0.846529 0.391608
vt 0.372276 0.390654
vt 0.366758 0.707940
vt 0.369346 0.707935
vt 0.374841 0.390653
vt -0.040159 0.391844
vt -0.032882 0.707273
vt -0.030330 0.707274
vt -0.037599 0.391851
vt -0.345472 0.393167
vt -0.343142 0.709011
vt -0.340630 0.709006
vt -0.342951 0.393171
vt -0.564938 0.396558
vt -0.574410 0.710790
vt -0.571774 0.710791
vt -0.562356 0.396558
vt -0.636987 0.389454
vt -0.637513 0.704756
vt -0.634919 0.704730
vt -0.634399 0.389453
vt -0.578632 0.390851
vt -0.579077 0.705840
vt -0.576462 0.705831
vt -0.576023 0.390840
vt -0.395600 0.394962
vt -0.393964 0.709697
vt -0.391373 0.709697
vt -0.393020 0.394966
vt -0.103308 0.392920
vt -0.103847 0.705252
vt -0.101248 0.705251
vt -0.100721 0.392899
vt 0.246058 0.393909
vt 0.243687 0.711231
vt 0.246297 0.711235
vt 0.248663 0.393917
vt 0.622740 0.395237
vt 0.623184 0.711164
vt 0.625783 0.711173
vt 0.625338 0.395251
vt 0.976637 0.396063
vt 0.978861 0.707327
vt 0.981454 0.707337
vt 0.979225 0.396071
vt 1.294483 0.390321
vt 1.293269 0.701466
vt 1.295864 0.701459
vt 1.297077 0.390316
vt 1.504419 0.392169
vt 1.503428 0.703492
vt 1.505985 0.703475
vt 1.506968 0.392164
vt 1.613303 0.393950
vt 1.614351 0.707645
vt 1.616940 0.707636
vt 1.615882 0.393950
vt 1.584057 0.391215
vt 1.584363 0.706241
vt 1.586916 0.706207
vt 1.586609 0.391174
vt 1.425615 0.391757
vt 1.428023 0.705546
vt 1.430552 0.705542
vt 1.428179 0.391747
vt 1.144342 0.388571
vt 1.138714 0.703091
vt 1.141305 0.703086
vt 1.146889 0.388570
vt 0.140146 -1.814061
vt 0.143985 -1.814668
vt 0.147826 -1.814060
vt 0.151290 -1.812296
vt 0.154041 -1.809546
vt 0.155807 -1.806080
vt 0.156417 -1.802242
vt 0.155811 -1.798402
vt 0.154047 -1.794936
vt 0.151299 -1.792188
vt 0.147836 -1.790423
vt 0.143996 -1.789815
vt 0.140156 -1.790423
vt 0.136691 -1.792189
vt 0.133941 -1.794936
vt 0.132174 -1.798401
vt 0.131564 -1.802241
vt 0.132171 -1.806082
vt 0.133934 -1.809547
vt 0.136683 -1.812296
vt 0.763136 0.396218
vt 0.759718 0.709438
vt 0.762305 0.709426
vt 0.765686 0.396224
vt 0.305216 0.393441
vt 0.300236 0.710566
vt 0.302834 0.710551
vt 0.307825 0.393440
vt 0.643226 -1.815046
vt 0.639387 -1.814435
vt 0.635924 -1.812673
vt 0.633176 -1.809924
vt 0.631411 -1.806463
vt 0.630803 -1.802625
vt 0.631410 -1.798789
vt 0.633174 -1.795325
vt 0.635923 -1.792580
vt 0.639385 -1.790820
vt 0.643225 -1.790215
vt 0.647063 -1.790820
vt 0.650526 -1.792588
vt 0.653275 -1.795336
vt 0.655039 -1.798795
vt 0.655648 -1.802634
vt 0.655040 -1.806470
vt 0.653277 -1.809933
vt 0.650527 -1.812677
vt 0.647064 -1.814438
vt 0.648607 0.392677
vt 0.655826 0.709773
vt 0.658345 0.709758
vt 0.651169 0.392669
vt 0.182750 0.389547
vt 0.192682 0.705168
vt 0.195294 0.705178
vt 0.185373 0.389540
vt -0.177339 0.396451
vt -0.192832 0.715384
vt -0.190224 0.715374
vt -0.174744 0.396440
vt -0.448491 0.393226
vt -0.453291 0.708241
vt -0.450711 0.708239
vt -0.445919 0.393229
vt -0.591387 0.391979
vt -0.583290 0.707300
vt -0.580752 0.707292
vt -0.588813 0.391976
vt -0.607347 0.391075
vt -0.606885 0.704883
vt -0.604289 0.704879
vt -0.604772 0.391074
vt -0.494167 0.392772
vt -0.491648 0.704177
vt -0.489074 0.704154
vt -0.491603 0.392764
vt -0.249993 0.389676
vt -0.249805 0.705567
vt -0.247214 0.705561
vt -0.247393 0.389671
vt 0.065334 0.394799
vt 0.065622 0.704557
vt 0.068223 0.704573
vt 0.067929 0.394800
vt 0.433141 0.394196
vt 0.436246 0.708611
vt 0.438844 0.708610
vt 0.435734 0.394197
vt 0.813334 0.393542
vt 0.811308 0.710775
vt 0.813894 0.710787
vt 0.815920 0.393550
vt 1.162720 0.399237
vt 1.160160 0.712856
vt 1.162764 0.712866
vt 1.165325 0.399259
vt 1.422300 0.394222
vt 1.421510 0.708224
vt 1.424084 0.708225
vt 1.424879 0.394218
vt 1.613285 0.389386
vt 1.603479 0.707150
vt 1.606111 0.707138
vt 1.615925 0.389370
vt 1.642172 0.397717
vt 1.642655 0.713047
vt 1.645242 0.713084
vt 1.644751 0.397750
vt 1.554423 0.393107
vt 1.553764 0.707435
vt 1.556356 0.707439
vt 1.557018 0.393117
vt 1.326469 0.393902
vt 1.332519 0.705517
vt 1.335130 0.705522
vt 1.329109 0.393895
vt 0.999680 0.391284
vt 0.997379 0.706346
vt 0.999981 0.706351
vt 1.002289 0.391288
vt 0.434251 -1.813368
vt 0.438091 -1.813971
vt 0.441931 -1.813363
vt 0.445395 -1.811596
vt 0.448146 -1.808844
vt 0.449912 -1.805377
vt 0.450522 -1.801540
vt 0.449915 -1.797700
vt 0.448152 -1.794238
vt 0.445404 -1.791492
vt 0.441941 -1.789729
vt 0.438102 -1.789124
vt 0.434261 -1.789735
vt 0.430796 -1.791504
vt 0.428047 -1.794253
vt 0.426280 -1.797719
vt 0.425671 -1.801559
vt 0.426277 -1.805395
vt 0.428040 -1.808857
vt 0.430788 -1.811606
vt 0.579302 0.395225
vt 0.577746 0.707626
vt 0.580319 0.707628
vt 0.581895 0.395219
vt 0.116738 0.395029
vt 0.116294 0.709545
vt 0.118861 0.709555
vt 0.119295 0.395017
vt 0.937375 -1.814937
vt 0.933535 -1.814332
vt 0.930073 -1.812570
vt 0.927327 -1.809822
vt 0.925564 -1.806359
vt 0.924957 -1.802521
vt 0.925564 -1.798680
vt 0.927330 -1.795217
vt 0.930077 -1.792464
vt 0.933541 -1.790701
vt 0.937378 -1.790089
vt 0.941217 -1.790695
vt 0.944680 -1.792457
vt 0.947427 -1.795205
vt 0.949190 -1.798668
vt 0.949798 -1.802507
vt 0.949189 -1.806347
vt 0.947423 -1.809811
vt 0.944675 -1.812560
vt 0.941212 -1.814327
vt 0.816320 0.712767
vt 0.811955 1.263979
vt 0.814626 1.263964
vt 0.818947 0.712780
vt 0.372827 0.709433
vt 0.359065 1.265905
vt 0.361673 1.265883
vt 0.375437 0.709433
vt -0.035065 0.709441
vt -0.024171 1.263100
vt -0.021633 1.263119
vt -0.032520 0.709450
vt -0.357487 0.698675
vt -0.355577 1.259558
vt -0.353049 1.259598
vt -0.354935 0.698729
vt -0.570227 0.709563
vt -0.574329 1.273850
vt -0.571681 1.273800
vt -0.567600 0.709588
vt -0.637409 0.707000
vt -0.637438 1.264928
vt -0.634870 1.264917
vt -0.634820 0.706966
vt -0.578331 0.707470
vt -0.575839 1.263209
vt -0.573262 1.263214
vt -0.575751 0.707433
vt -0.386738 0.707412
vt -0.390274 1.271404
vt -0.387673 1.271401
vt -0.384144 0.707418
vt -0.105811 0.711315
vt -0.106530 1.274707
vt -0.103913 1.274697
vt -0.103201 0.711329
vt 0.238289 0.711054
vt 0.238879 1.272804
vt 0.241453 1.272819
vt 0.240864 0.711071
vt 0.614281 0.712725
vt 0.614862 1.272023
vt 0.617440 1.272072
vt 0.616861 0.712725
vt 0.986893 0.718321
vt 0.987331 1.271665
vt 0.989943 1.271673
vt 0.989487 0.718321
vt 1.300060 0.703636
vt 1.287864 1.257801
vt 1.290443 1.257791
vt 1.302654 0.703620
vt 1.506329 0.712528
vt 1.504755 1.274268
vt 1.507338 1.274286
vt 1.508923 0.712521
vt 1.612598 0.707366
vt 1.612715 1.270212
vt 1.615297 1.270235
vt 1.615180 0.707341
vt 1.584268 0.710976
vt 1.584004 1.268770
vt 1.586599 1.268851
vt 1.586865 0.710994
vt 1.425112 0.709924
vt 1.421320 1.261903
vt 1.423894 1.261942
vt 1.427706 0.709939
vt 1.136593 0.705423
vt 1.137403 1.261466
vt 1.139976 1.261489
vt 1.139202 0.705462
vt 0.762070 0.712004
vt 0.755636 1.274115
vt 0.758229 1.274084
vt 0.764635 0.712002
vt 0.300877 0.713226
vt 0.304461 1.264946
vt 0.307069 1.264949
vt 0.303487 0.713226
vt 0.635866 0.712904
vt 0.651807 1.269768
vt 0.654386 1.269759
vt 0.638445 0.712904
vt 0.144148 0.713863
vt 0.165495 1.277380
vt 0.168151 1.277331
vt 0.146825 0.713863
vt -0.161346 0.710583
vt -0.172602 1.269537
vt -0.170022 1.269538
vt -0.158778 0.710588
vt -0.437651 0.711194
vt -0.420831 1.272156
vt -0.418333 1.272163
vt -0.435111 0.711209
vt -0.602157 0.712166
vt -0.593103 1.261241
vt -0.590512 1.261265
vt -0.599510 0.712151
vt -0.608655 0.710230
vt -0.607216 1.264322
vt -0.604629 1.264344
vt -0.606095 0.710235
vt -0.480402 0.709488
vt -0.480939 1.262828
vt -0.478305 1.262824
vt -0.477786 0.709489
vt -0.251827 0.707343
vt -0.253694 1.258169
vt -0.251078 1.258172
vt -0.249225 0.707336
vt 0.072382 0.717041
vt 0.067976 1.278826
vt 0.070580 1.278839
vt 0.074999 0.717072
vt 0.428549 0.713919
vt 0.428308 1.277289
vt 0.430887 1.277268
vt 0.431131 0.713934
vt 0.820473 0.699152
vt 0.816404 1.265285
vt 0.819009 1.265292
vt 0.823082 0.699152
vt 1.156937 0.706331
vt 1.152719 1.265557
vt 1.155298 1.265579
vt 1.159523 0.706331
vt 1.431608 0.705121
vt 1.425090 1.260127
vt 1.427659 1.260116
vt 1.434202 0.705113
vt 1.612036 0.710881
vt 1.609565 1.263823
vt 1.612171 1.263800
vt 1.614676 0.710889
vt 1.642474 0.712074
vt 1.641101 1.274614
vt 1.643677 1.274652
vt 1.645056 0.712081
vt 1.555054 0.710980
vt 1.554416 1.264833
vt 1.556994 1.264860
vt 1.557628 0.710956
vt 1.342644 0.708057
vt 1.344614 1.271198
vt 1.347120 1.271141
vt 1.345188 0.708048
vt 0.997900 0.710050
vt 0.990299 1.259048
vt 0.992913 1.259073
vt 1.000509 0.710065
vt 0.591244 0.707014
vt 0.591538 1.267126
vt 0.594096 1.267137
vt 0.593807 0.707043
vt 0.118574 0.708956
vt 0.118857 1.268468
vt 0.121435 1.268459
vt 0.121123 0.708942
vt 0.536560 0.567985
vt 0.613829 0.567985
vt 0.613829 0.358923
vt 0.536560 0.358923
vt 0.536560 0.891078
vt 0.613829 0.891079
vt 0.613829 0.682017
vt 0.536560 0.682017
vt 0.442987 1.880577
vt 0.233919 1.880578
vt 0.233922 1.868339
vt 0.442990 1.868339
vt 0.765957 1.880618
vt 0.556840 1.880635
vt 0.556833 1.868401
vt 0.765950 1.868384
vt 0.655490 0.567984
vt 0.732759 0.567984
vt 0.732759 0.358922
vt 0.655490 0.358922
vt 0.655490 0.891078
vt 0.732759 0.891078
vt 0.732760 0.682016
vt 0.655491 0.682017
s 0
usemtl chair_wood
f 177/451/40 178/452/40 180/453/40 179/454/40
f 179/455/41 180/456/41 184/457/41 183/458/41
f 183/459/42 184/460/42 182/461/42 181/462/42
f 181/463/43 182/464/43 178/465/43 177/466/43
f 179/467/44 183/468/44 181/469/44 177/470/44
f 184/471/45 180/472/45 178/473/45 182/474/45
f 425/1115/40 426/1116/40 428/1117/40 427/1118/40
f 427/1119/41 428/1120/41 432/1121/41 431/1122/41
f 431/1123/42 432/1124/42 430/1125/42 429/1126/42
f 429/1127/43 430/1128/43 426/1129/43 425/1130/43
f 427/1131/44 431/1132/44 429/1133/44 425/1134/44
f 432/1135/45 428/1136/45 426/1137/45 430/1138/45
f 433/1139/40 434/1140/40 436/1141/40 435/1142/40
f 435/1143/41 436/1144/41 440/1145/41 439/1146/41
f 439/1147/42 440/1148/42 438/1149/42 437/1150/42
f 437/1151/43 438/1152/43 434/1153/43 433/1154/43
f 435/1131/44 439/1132/44 437/1133/44 433/1134/44
f 440/1135/45 436/1136/45 434/1137/45 438/1138/45
f 441/451/40 442/452/40 444/453/40 443/454/40
f 443/1155/41 444/1156/41 448/1157/41 447/1158/41
f 447/459/42 448/460/42 446/461/42 445/462/42
f 445/1159/43 446/1160/43 442/1161/43 441/1162/43
f 443/1163/44 447/1164/44 445/1165/44 441/1166/44
f 448/1167/45 444/1168/45 442/1169/45 446/1170/45
f 689/1115/40 690/1116/40 692/1117/40 691/1118/40
f 691/1811/41 692/1812/41 696/1813/41 695/1814/41
f 695/1123/42 696/1124/42 694/1125/42 693/1126/42
f 693/1815/43 694/1816/43 690/1817/43 689/1818/43
f 691/1819/44 695/1820/44 693/1821/44 689/1822/44
f 696/1823/45 692/1824/45 690/1825/45 694/1826/45
f 697/1139/40 698/1140/40 700/1141/40 699/1142/40
f 699/1827/41 700/1828/41 704/1829/41 703/1830/41
f 703/1147/42 704/1148/42 702/1149/42 701/1150/42
f 701/1831/43 702/1832/43 698/1833/43 697/1834/43
f 699/1819/44 703/1820/44 701/1821/44 697/1822/44
f 704/1823/45 700/1824/45 698/1825/45 702/1826/45
f 705/451/40 706/452/40 708/453/40 707/454/40
f 707/1835/41 708/1836/41 712/1837/41 711/1838/41
f 711/459/42 712/460/42 710/461/42 709/462/42
f 709/1839/43 710/1840/43 706/1841/43 705/1842/43
f 707/1843/44 711/1844/44 709/1845/44 705/1846/44
f 712/1847/45 708/1848/45 706/1849/45 710/1850/45
f 953/1115/40 954/1116/40 956/1117/40 955/1118/40
f 955/2491/41 956/2492/41 960/2493/41 959/2494/41
f 959/1123/42 960/1124/42 958/1125/42 957/1126/42
f 957/2495/43 958/2496/43 954/2497/43 953/2498/43
f 955/2499/44 959/2500/44 957/2501/44 953/2502/44
f 960/2503/45 956/2504/45 954/2505/45 958/2506/45
f 961/1139/40 962/1140/40 964/1141/40 963/1142/40
f 963/2507/41 964/2508/41 968/2509/41 967/2510/41
f 967/1147/42 968/1148/42 966/1149/42 965/1150/42
f 965/2511/43 966/2512/43 962/2513/43 961/2514/43
f 963/2499/44 967/2500/44 965/2501/44 961/2502/44
f 968/2503/45 964/2504/45 962/2505/45 966/2506/45
f 969/2515/42 970/2516/42 972/2517/42 971/2518/42
f 971/2519/43 972/2520/43 976/2521/43 975/2522/43
f 975/2523/40 976/2524/40 974/2525/40 973/2526/40
f 973/2527/41 974/2528/41 970/2529/41 969/2530/41
f 971/2531/44 975/2532/44 973/2533/44 969/2534/44
f 976/2535/45 972/2536/45 970/2537/45 974/2538/45
f 1217/3179/42 1218/3180/42 1220/3181/42 1219/3182/42
f 1219/3183/43 1220/3184/43 1224/3185/43 1223/3186/43
f 1223/3187/40 1224/3188/40 1222/3189/40 1221/3190/40
f 1221/3191/41 1222/3192/41 1218/3193/41 1217/3194/41
f 1219/3195/44 1223/3196/44 1221/3197/44 1217/3198/44
f 1224/3199/45 1220/3200/45 1218/3201/45 1222/3202/45
f 1225/3203/42 1226/3204/42 1228/3205/42 1227/3206/42
f 1227/3207/43 1228/3208/43 1232/3209/43 1231/3210/43
f 1231/3211/40 1232/3212/40 1230/3213/40 1229/3214/40
f 1229/3215/41 1230/3216/41 1226/3217/41 1225/3218/41
f 1227/3195/44 1231/3196/44 1229/3197/44 1225/3198/44
f 1232/3199/45 1228/3200/45 1226/3201/45 1230/3202/45
f 1233/2515/42 1234/2516/42 1236/2517/42 1235/2518/42
f 1235/3219/43 1236/3220/43 1240/3221/43 1239/3222/43
f 1239/2523/40 1240/2524/40 1238/2525/40 1237/2526/40
f 1237/3223/41 1238/3224/41 1234/3225/41 1233/3226/41
f 1235/3227/44 1239/3228/44 1237/3229/44 1233/3230/44
f 1240/3231/45 1236/3232/45 1234/3233/45 1238/3234/45
f 1481/3179/42 1482/3180/42 1484/3181/42 1483/3182/42
f 1483/3875/43 1484/3876/43 1488/3877/43 1487/3878/43
f 1487/3187/40 1488/3188/40 1486/3189/40 1485/3190/40
f 1485/3879/41 1486/3880/41 1482/3881/41 1481/3882/41
f 1483/3883/44 1487/3884/44 1485/3885/44 1481/3886/44
f 1488/3887/45 1484/3888/45 1482/3889/45 1486/3890/45
f 1489/3203/42 1490/3204/42 1492/3205/42 1491/3206/42
f 1491/3891/43 1492/3892/43 1496/3893/43 1495/3894/43
f 1495/3211/40 1496/3212/40 1494/3213/40 1493/3214/40
f 1493/3895/41 1494/3896/41 1490/3897/41 1489/3898/41
f 1491/3883/44 1495/3884/44 1493/3885/44 1489/3886/44
f 1496/3887/45 1492/3888/45 1490/3889/45 1494/3890/45
f 1497/2515/42 1498/2516/42 1500/2517/42 1499/2518/42
f 1499/3899/43 1500/3900/43 1504/3901/43 1503/3902/43
f 1503/2523/40 1504/2524/40 1502/2525/40 1501/2526/40
f 1501/3903/41 1502/3904/41 1498/3905/41 1497/3906/41
f 1499/3907/44 1503/3908/44 1501/3909/44 1497/3910/44
f 1504/3911/45 1500/3912/45 1498/3913/45 1502/3914/45
f 1745/3179/42 1746/3180/42 1748/3181/42 1747/3182/42
f 1747/4555/43 1748/4556/43 1752/4557/43 1751/4558/43
f 1751/3187/40 1752/3188/40 1750/3189/40 1749/3190/40
f 1749/4559/41 1750/4560/41 1746/4561/41 1745/4562/41
f 1747/4563/44 1751/4564/44 1749/4565/44 1745/4566/44
f 1752/4567/45 1748/4568/45 1746/4569/45 1750/4570/45
f 1753/3203/42 1754/3204/42 1756/3205/42 1755/3206/42
f 1755/4571/43 1756/4572/43 1760/4573/43 1759/4574/43
f 1759/3211/40 1760/3212/40 1758/3213/40 1757/3214/40
f 1757/4575/41 1758/4576/41 1754/4577/41 1753/4578/41
f 1755/4563/44 1759/4564/44 1757/4565/44 1753/4566/44
f 1760/4567/45 1756/4568/45 1754/4569/45 1758/4570/45
usemtl chair_steel
f 185/475/46 186/476/46 188/477/46 187/478/46
f 187/479/47 188/480/47 190/481/47 189/482/47
f 189/483/48 190/484/48 192/485/48 191/486/48
f 191/487/49 192/488/49 194/489/49 193/490/49
f 193/491/50 194/492/50 196/493/50 195/494/50
f 195/495/51 196/496/51 198/497/51 197/498/51
f 197/499/52 198/500/52 200/501/52 199/502/52
f 199/503/53 200/504/53 202/505/53 201/506/53
f 201/507/54 202/508/54 204/509/54 203/510/54
f 203/511/55 204/512/55 206/513/55 205/514/55
f 205/515/56 206/516/56 208/517/56 207/518/56
f 207/519/57 208/520/57 210/521/57 209/522/57
f 209/523/58 210/524/58 212/525/58 211/526/58
f 211/527/59 212/528/59 214/529/59 213/530/59
f 213/531/60 214/532/60 216/533/60 215/534/60
f 215/535/61 216/536/61 218/537/61 217/538/61
f 217/539/62 218/540/62 220/541/62 219/542/62
f 219/543/63 220/544/63 222/545/63 221/546/63
f 188/547/45 186/548/45 224/549/45 222/550/45 220/551/45 218/552/45 216/553/45 214/554/45 212/555/45 210/556/45 208/557/45 206/558/45 204/559/45 202/560/45 200/561/45 198/562/45 196/563/45 194/564/45 192/565/45 190/566/45
f 221/567/64 222/568/64 224/569/64 223/570/64
f 223/571/65 224/572/65 186/573/65 185/574/65
f 185/575/44 187/576/44 189/577/44 191/578/44 193/579/44 195/580/44 197/581/44 199/582/44 201/583/44 203/584/44 205/585/44 207/586/44 209/587/44 211/588/44 213/589/44 215/590/44 217/591/44 219/592/44 221/593/44 223/594/44
f 225/595/46 226/596/46 228/597/46 227/598/46
f 227/599/47 228/600/47 230/601/47 229/602/47
f 229/603/48 230/604/48 232/605/48 231/606/48
f 231/607/49 232/608/49 234/609/49 233/610/49
f 233/611/50 234/612/50 236/613/50 235/614/50
f 235/615/51 236/616/51 238/617/51 237/618/51
f 237/619/52 238/620/52 240/621/52 239/622/52
f 239/623/53 240/624/53 242/625/53 241/626/53
f 241/627/54 242/628/54 244/629/54 243/630/54
f 243/631/55 244/632/55 246/633/55 245/634/55
f 245/635/56 246/636/56 248/637/56 247/638/56
f 247/639/57 248/640/57 250/641/57 249/642/57
f 249/643/58 250/644/58 252/645/58 251/646/58
f 251/647/59 252/648/59 254/649/59 253/650/59
f 253/651/60 254/652/60 256/653/60 255/654/60
f 255/655/61 256/656/61 258/657/61 257/658/61
f 257/659/62 258/660/62 260/661/62 259/662/62
f 259/663/63 260/664/63 262/665/63 261/666/63
f 228/667/45 226/668/45 264/669/45 262/670/45 260/671/45 258/672/45 256/673/45 254/674/45 252/675/45 250/676/45 248/677/45 246/678/45 244/679/45 242/680/45 240/681/45 238/682/45 236/683/45 234/684/45 232/685/45 230/686/45
f 261/687/64 262/688/64 264/689/64 263/690/64
f 263/691/65 264/692/65 226/693/65 225/694/65
f 225/695/44 227/696/44 229/697/44 231/698/44 233/699/44 235/700/44 237/701/44 239/702/44 241/703/44 243/704/44 245/705/44 247/706/44 249/707/44 251/708/44 253/709/44 255/710/44 257/711/44 259/712/44 261/713/44 263/714/44
f 265/715/46 266/716/46 268/717/46 267/718/46
f 267/719/47 268/720/47 270/721/47 269/722/47
f 269/723/48 270/724/48 272/725/48 271/726/48
f 271/727/49 272/728/49 274/729/49 273/730/49
f 273/731/50 274/732/50 276/733/50 275/734/50
f 275/735/51 276/736/51 278/737/51 277/738/51
f 277/739/52 278/740/52 280/741/52 279/742/52
f 279/743/53 280/744/53 282/745/53 281/746/53
f 281/747/54 282/748/54 284/749/54 283/750/54
f 283/751/55 284/752/55 286/753/55 285/754/55
f 285/755/56 286/756/56 288/757/56 287/758/56
f 287/759/57 288/760/57 290/761/57 289/762/57
f 289/763/58 290/764/58 292/765/58 291/766/58
f 291/767/59 292/768/59 294/769/59 293/770/59
f 293/771/60 294/772/60 296/773/60 295/774/60
f 295/775/61 296/776/61 298/777/61 297/778/61
f 297/779/62 298/780/62 300/781/62 299/782/62
f 299/783/63 300/784/63 302/785/63 301/786/63
f 268/787/45 266/788/45 304/789/45 302/790/45 300/791/45 298/792/45 296/793/45 294/794/45 292/795/45 290/796/45 288/797/45 286/798/45 284/799/45 282/800/45 280/801/45 278/802/45 276/803/45 274/804/45 272/805/45 270/806/45
f 301/807/64 302/808/64 304/809/64 303/810/64
f 303/811/65 304/812/65 266/813/65 265/814/65
f 265/815/44 267/816/44 269/817/44 271/818/44 273/819/44 275/820/44 277/821/44 279/822/44 281/823/44 283/824/44 285/825/44 287/826/44 289/827/44 291/828/44 293/829/44 295/830/44 297/831/44 299/832/44 301/833/44 303/834/44
f 305/835/46 306/836/46 308/837/46 307/838/46
f 307/839/47 308/840/47 310/841/47 309/842/47
f 309/843/48 310/844/48 312/845/48 311/846/48
f 311/847/49 312/848/49 314/849/49 313/850/49
f 313/851/50 314/852/50 316/853/50 315/854/50
f 315/855/51 316/856/51 318/857/51 317/858/51
f 317/859/52 318/860/52 320/861/52 319/862/52
f 319/863/53 320/864/53 322/865/53 321/866/53
f 321/867/54 322/868/54 324/869/54 323/870/54
f 323/871/55 324/872/55 326/873/55 325/874/55
f 325/875/56 326/876/56 328/877/56 327/878/56
f 327/879/57 328/880/57 330/881/57 329/882/57
f 329/883/58 330/884/58 332/885/58 331/886/58
f 331/887/59 332/888/59 334/889/59 333/890/59
f 333/891/60 334/892/60 336/893/60 335/894/60
f 335/895/61 336/896/61 338/897/61 337/898/61
f 337/899/62 338/900/62 340/901/62 339/902/62
f 339/903/63 340/904/63 342/905/63 341/906/63
f 308/907/45 306/908/45 344/909/45 342/910/45 340/911/45 338/912/45 336/913/45 334/914/45 332/915/45 330/916/45 328/917/45 326/918/45 324/919/45 322/920/45 320/921/45 318/922/45 316/923/45 314/924/45 312/925/45 310/926/45
f 341/927/64 342/928/64 344/929/64 343/930/64
f 343/931/65 344/932/65 306/933/65 305/934/65
f 305/935/44 307/936/44 309/937/44 311/938/44 313/939/44 315/940/44 317/941/44 319/942/44 321/943/44 323/944/44 325/945/44 327/946/44 329/947/44 331/948/44 333/949/44 335/950/44 337/951/44 339/952/44 341/953/44 343/954/44
f 345/955/46 346/956/46 348/957/46 347/958/46
f 347/959/47 348/960/47 350/961/47 349/962/47
f 349/963/48 350/964/48 352/965/48 351/966/48
f 351/967/49 352/968/49 354/969/49 353/970/49
f 353/971/50 354/972/50 356/973/50 355/974/50
f 355/975/51 356/976/51 358/977/51 357/978/51
f 357/979/52 358/980/52 360/981/52 359/982/52
f 359/983/53 360/984/53 362/985/53 361/986/53
f 361/987/54 362/988/54 364/989/54 363/990/54
f 363/991/55 364/992/55 366/993/55 365/994/55
f 365/995/56 366/996/56 368/997/56 367/998/56
f 367/999/57 368/1000/57 370/1001/57 369/1002/57
f 369/1003/58 370/1004/58 372/1005/58 371/1006/58
f 371/1007/59 372/1008/59 374/1009/59 373/1010/59
f 373/1011/60 374/1012/60 376/1013/60 375/1014/60
f 375/1015/61 376/1016/61 378/1017/61 377/1018/61
f 377/1019/62 378/1020/62 380/1021/62 379/1022/62
f 379/1023/63 380/1024/63 382/1025/63 381/1026/63
f 348/787/45 346/788/45 384/789/45 382/790/45 380/791/45 378/792/45 376/793/45 374/794/45 372/795/45 370/796/45 368/797/45 366/798/45 364/799/45 362/800/45 360/801/45 358/802/45 356/803/45 354/804/45 352/805/45 350/806/45
f 381/1027/64 382/1028/64 384/1029/64 383/1030/64
f 383/1031/65 384/1032/65 346/1033/65 345/1034/65
f 345/815/44 347/816/44 349/817/44 351/818/44 353/819/44 355/820/44 357/821/44 359/822/44 361/823/44 363/824/44 365/825/44 367/826/44 369/827/44 371/828/44 373/829/44 375/830/44 377/831/44 379/832/44 381/833/44 383/834/44
f 385/1035/46 386/1036/46 388/1037/46 387/1038/46
f 387/1039/47 388/1040/47 390/1041/47 389/1042/47
f 389/1043/48 390/1044/48 392/1045/48 391/1046/48
f 391/1047/49 392/1048/49 394/1049/49 393/1050/49
f 393/1051/50 394/1052/50 396/1053/50 395/1054/50
f 395/1055/51 396/1056/51 398/1057/51 397/1058/51
f 397/1059/52 398/1060/52 400/1061/52 399/1062/52
f 399/1063/53 400/1064/53 402/1065/53 401/1066/53
f 401/1067/54 402/1068/54 404/1069/54 403/1070/54
f 403/1071/55 404/1072/55 406/1073/55 405/1074/55
f 405/1075/56 406/1076/56 408/1077/56 407/1078/56
f 407/1079/57 408/1080/57 410/1081/57 409/1082/57
f 409/1083/58 410/1084/58 412/1085/58 411/1086/58
f 411/1087/59 412/1088/59 414/1089/59 413/1090/59
f 413/1091/60 414/1092/60 416/1093/60 415/1094/60
f 415/1095/61 416/1096/61 418/1097/61 417/1098/61
f 417/1099/62 418/1100/62 420/1101/62 419/1102/62
f 419/1103/63 420/1104/63 422/1105/63 421/1106/63
f 388/907/45 386/908/45 424/909/45 422/910/45 420/911/45 418/912/45 416/913/45 414/914/45 412/915/45 410/916/45 408/917/45 406/918/45 404/919/45 402/920/45 400/921/45 398/922/45 396/923/45 394/924/45 392/925/45 390/926/45
f 421/1107/64 422/1108/64 424/1109/64 423/1110/64
f 423/1111/65 424/1112/65 386/1113/65 385/1114/65
f 385/935/44 387/936/44 389/937/44 391/938/44 393/939/44 395/940/44 397/941/44 399/942/44 401/943/44 403/944/44 405/945/44 407/946/44 409/947/44 411/948/44 413/949/44 415/950/44 417/951/44 419/952/44 421/953/44 423/954/44
f 449/1171/46 450/1172/46 452/1173/46 451/1174/46
f 451/1175/47 452/1176/47 454/1177/47 453/1178/47
f 453/1179/48 454/1180/48 456/1181/48 455/1182/48
f 455/1183/49 456/1184/49 458/1185/49 457/1186/49
f 457/1187/50 458/1188/50 460/1189/50 459/1190/50
f 459/1191/51 460/1192/51 462/1193/51 461/1194/51
f 461/1195/52 462/1196/52 464/1197/52 463/1198/52
f 463/1199/53 464/1200/53 466/1201/53 465/1202/53
f 465/1203/54 466/1204/54 468/1205/54 467/1206/54
f 467/1207/55 468/1208/55 470/1209/55 469/1210/55
f 469/1211/56 470/1212/56 472/1213/56 471/1214/56
f 471/1215/57 472/1216/57 474/1217/57 473/1218/57
f 473/1219/58 474/1220/58 476/1221/58 475/1222/58
f 475/1223/59 476/1224/59 478/1225/59 477/1226/59
f 477/1227/60 478/1228/60 480/1229/60 479/1230/60
f 479/1231/61 480/1232/61 482/1233/61 481/1234/61
f 481/1235/62 482/1236/62 484/1237/62 483/1238/62
f 483/1239/63 484/1240/63 486/1241/63 485/1242/63
f 452/1243/45 450/1244/45 488/1245/45 486/1246/45 484/1247/45 482/1248/45 480/1249/45 478/1250/45 476/1251/45 474/1252/45 472/1253/45 470/1254/45 468/1255/45 466/1256/45 464/1257/45 462/1258/45 460/1259/45 458/1260/45 456/1261/45 454/1262/45
f 485/1263/64 486/1264/64 488/1265/64 487/1266/64
f 487/1267/65 488/1268/65 450/1269/65 449/1270/65
f 449/1271/44 451/1272/44 453/1273/44 455/1274/44 457/1275/44 459/1276/44 461/1277/44 463/1278/44 465/1279/44 467/1280/44 469/1281/44 471/1282/44 473/1283/44 475/1284/44 477/1285/44 479/1286/44 481/1287/44 483/1288/44 485/1289/44 487/1290/44
f 489/1291/46 490/1292/46 492/1293/46 491/1294/46
f 491/1295/47 492/1296/47 494/1297/47 493/1298/47
f 493/1299/48 494/1300/48 496/1301/48 495/1302/48
f 495/1303/49 496/1304/49 498/1305/49 497/1306/49
f 497/1307/50 498/1308/50 500/1309/50 499/1310/50
f 499/1311/51 500/1312/51 502/1313/51 501/1314/51
f 501/1315/52 502/1316/52 504/1317/52 503/1318/52
f 503/1319/53 504/1320/53 506/1321/53 505/1322/53
f 505/1323/54 506/1324/54 508/1325/54 507/1326/54
f 507/1327/55 508/1328/55 510/1329/55 509/1330/55
f 509/1331/56 510/1332/56 512/1333/56 511/1334/56
f 511/1335/57 512/1336/57 514/1337/57 513/1338/57
f 513/1339/58 514/1340/58 516/1341/58 515/1342/58
f 515/1343/59 516/1344/59 518/1345/59 517/1346/59
f 517/1347/60 518/1348/60 520/1349/60 519/1350/60
f 519/1351/61 520/1352/61 522/1353/61 521/1354/61
f 521/1355/62 522/1356/62 524/1357/62 523/1358/62
f 523/1359/63 524/1360/63 526/1361/63 525/1362/63
f 492/1363/45 490/1364/45 528/1365/45 526/1366/45 524/1367/45 522/1368/45 520/1369/45 518/1370/45 516/1371/45 514/1372/45 512/1373/45 510/1374/45 508/1375/45 506/1376/45 504/1377/45 502/1378/45 500/1379/45 498/1380/45 496/1381/45 494/1382/45
f 525/1383/64 526/1384/64 528/1385/64 527/1386/64
f 527/1387/65 528/1388/65 490/1389/65 489/1390/65
f 489/1391/44 491/1392/44 493/1393/44 495/1394/44 497/1395/44 499/1396/44 501/1397/44 503/1398/44 505/1399/44 507/1400/44 509/1401/44 511/1402/44 513/1403/44 515/1404/44 517/1405/44 519/1406/44 521/1407/44 523/1408/44 525/1409/44 527/1410/44
f 529/1411/46 530/1412/46 532/1413/46 531/1414/46
f 531/1415/47 532/1416/47 534/1417/47 533/1418/47
f 533/1419/48 534/1420/48 536/1421/48 535/1422/48
f 535/1423/49 536/1424/49 538/1425/49 537/1426/49
f 537/1427/50 538/1428/50 540/1429/50 539/1430/50
f 539/1431/51 540/1432/51 542/1433/51 541/1434/51
f 541/1435/52 542/1436/52 544/1437/52 543/1438/52
f 543/1439/53 544/1440/53 546/1441/53 545/1442/53
f 545/1443/54 546/1444/54 548/1445/54 547/1446/54
f 547/1447/55 548/1448/55 550/1449/55 549/1450/55
f 549/1451/56 550/1452/56 552/1453/56 551/1454/56
f 551/1455/57 552/1456/57 554/1457/57 553/1458/57
f 553/1459/58 554/1460/58 556/1461/58 555/1462/58
f 555/1463/59 556/1464/59 558/1465/59 557/1466/59
f 557/1467/60 558/1468/60 560/1469/60 559/1470/60
f 559/1471/61 560/1472/61 562/1473/61 561/1474/61
f 561/1475/62 562/1476/62 564/1477/62 563/1478/62
f 563/1479/63 564/1480/63 566/1481/63 565/1482/63
f 532/1483/45 530/1484/45 568/1485/45 566/1486/45 564/1487/45 562/1488/45 560/1489/45 558/1490/45 556/1491/45 554/1492/45 552/1493/45 550/1494/45 548/1495/45 546/1496/45 544/1497/45 542/1498/45 540/1499/45 538/1500/45 536/1501/45 534/1502/45
f 565/1503/64 566/1504/64 568/1505/64 567/1506/64
f 567/1507/65 568/1508/65 530/1509/65 529/1510/65
f 529/1511/44 531/1512/44 533/1513/44 535/1514/44 537/1515/44 539/1516/44 541/1517/44 543/1518/44 545/1519/44 547/1520/44 549/1521/44 551/1522/44 553/1523/44 555/1524/44 557/1525/44 559/1526/44 561/1527/44 563/1528/44 565/1529/44 567/1530/44
f 569/1531/46 570/1532/46 572/1533/46 571/1534/46
f 571/1535/47 572/1536/47 574/1537/47 573/1538/47
f 573/1539/48 574/1540/48 576/1541/48 575/1542/48
f 575/1543/49 576/1544/49 578/1545/49 577/1546/49
f 577/1547/50 578/1548/50 580/1549/50 579/1550/50
f 579/1551/51 580/1552/51 582/1553/51 581/1554/51
f 581/1555/52 582/1556/52 584/1557/52 583/1558/52
f 583/1559/53 584/1560/53 586/1561/53 585/1562/53
f 585/1563/54 586/1564/54 588/1565/54 587/1566/54
f 587/1567/55 588/1568/55 590/1569/55 589/1570/55
f 589/1571/56 590/1572/56 592/1573/56 591/1574/56
f 591/1575/57 592/1576/57 594/1577/57 593/1578/57
f 593/1579/58 594/1580/58 596/1581/58 595/1582/58
f 595/1583/59 596/1584/59 598/1585/59 597/1586/59
f 597/1587/60 598/1588/60 600/1589/60 599/1590/60
f 599/1591/61 600/1592/61 602/1593/61 601/1594/61
f 601/1595/62 602/1596/62 604/1597/62 603/1598/62
f 603/1599/63 604/1600/63 606/1601/63 605/1602/63
f 572/1603/45 570/1604/45 608/1605/45 606/1606/45 604/1607/45 602/1608/45 600/1609/45 598/1610/45 596/1611/45 594/1612/45 592/1613/45 590/1614/45 588/1615/45 586/1616/45 584/1617/45 582/1618/45 580/1619/45 578/1620/45 576/1621/45 574/1622/45
f 605/1623/64 606/1624/64 608/1625/64 607/1626/64
f 607/1627/65 608/1628/65 570/1629/65 569/1630/65
f 569/1631/44 571/1632/44 573/1633/44 575/1634/44 577/1635/44 579/1636/44 581/1637/44 583/1638/44 585/1639/44 587/1640/44 589/1641/44 591/1642/44 593/1643/44 595/1644/44 597/1645/44 599/1646/44 601/1647/44 603/1648/44 605/1649/44 607/1650/44
f 609/1651/46 610/1652/46 612/1653/46 611/1654/46
f 611/1655/47 612/1656/47 614/1657/47 613/1658/47
f 613/1659/48 614/1660/48 616/1661/48 615/1662/48
f 615/1663/49 616/1664/49 618/1665/49 617/1666/49
f 617/1667/50 618/1668/50 620/1669/50 619/1670/50
f 619/1671/51 620/1672/51 622/1673/51 621/1674/51
f 621/1675/52 622/1676/52 624/1677/52 623/1678/52
f 623/1679/53 624/1680/53 626/1681/53 625/1682/53
f 625/1683/54 626/1684/54 628/1685/54 627/1686/54
f 627/1687/55 628/1688/55 630/1689/55 629/1690/55
f 629/1691/56 630/1692/56 632/1693/56 631/1694/56
f 631/1695/57 632/1696/57 634/1697/57 633/1698/57
f 633/1699/58 634/1700/58 636/1701/58 635/1702/58
f 635/1703/59 636/1704/59 638/1705/59 637/1706/59
f 637/1707/60 638/1708/60 640/1709/60 639/1710/60
f 639/1711/61 640/1712/61 642/1713/61 641/1714/61
f 641/1715/62 642/1716/62 644/1717/62 643/1718/62
f 643/1719/63 644/1720/63 646/1721/63 645/1722/63
f 612/1483/45 610/1484/45 648/1485/45 646/1486/45 644/1487/45 642/1488/45 640/1489/45 638/1490/45 636/1491/45 634/1492/45 632/1493/45 630/1494/45 628/1495/45 626/1496/45 624/1497/45 622/1498/45 620/1499/45 618/1500/45 616/1501/45 614/1502/45
f 645/1723/64 646/1724/64 648/1725/64 647/1726/64
f 647/1727/65 648/1728/65 610/1729/65 609/1730/65
f 609/1511/44 611/1512/44 613/1513/44 615/1514/44 617/1515/44 619/1516/44 621/1517/44 623/1518/44 625/1519/44 627/1520/44 629/1521/44 631/1522/44 633/1523/44 635/1524/44 637/1525/44 639/1526/44 641/1527/44 643/1528/44 645/1529/44 647/1530/44
f 649/1731/46 650/1732/46 652/1733/46 651/1734/46
f 651/1735/47 652/1736/47 654/1737/47 653/1738/47
f 653/1739/48 654/1740/48 656/1741/48 655/1742/48
f 655/1743/49 656/1744/49 658/1745/49 657/1746/49
f 657/1747/50 658/1748/50 660/1749/50 659/1750/50
f 659/1751/51 660/1752/51 662/1753/51 661/1754/51
f 661/1755/52 662/1756/52 664/1757/52 663/1758/52
f 663/1759/53 664/1760/53 666/1761/53 665/1762/53
f 665/1763/54 666/1764/54 668/1765/54 667/1766/54
f 667/1767/55 668/1768/55 670/1769/55 669/1770/55
f 669/1771/56 670/1772/56 672/1773/56 671/1774/56
f 671/1775/57 672/1776/57 674/1777/57 673/1778/57
f 673/1779/58 674/1780/58 676/1781/58 675/1782/58
f 675/1783/59 676/1784/59 678/1785/59 677/1786/59
f 677/1787/60 678/1788/60 680/1789/60 679/1790/60
f 679/1791/61 680/1792/61 682/1793/61 681/1794/61
f 681/1795/62 682/1796/62 684/1797/62 683/1798/62
f 683/1799/63 684/1800/63 686/1801/63 685/1802/63
f 652/1603/45 650/1604/45 688/1605/45 686/1606/45 684/1607/45 682/1608/45 680/1609/45 678/1610/45 676/1611/45 674/1612/45 672/1613/45 670/1614/45 668/1615/45 666/1616/45 664/1617/45 662/1618/45 660/1619/45 658/1620/45 656/1621/45 654/1622/45
f 685/1803/64 686/1804/64 688/1805/64 687/1806/64
f 687/1807/65 688/1808/65 650/1809/65 649/1810/65
f 649/1631/44 651/1632/44 653/1633/44 655/1634/44 657/1635/44 659/1636/44 661/1637/44 663/1638/44 665/1639/44 667/1640/44 669/1641/44 671/1642/44 673/1643/44 675/1644/44 677/1645/44 679/1646/44 681/1647/44 683/1648/44 685/1649/44 687/1650/44
f 713/1851/46 714/1852/46 716/1853/46 715/1854/46
f 715/1855/47 716/1856/47 718/1857/47 717/1858/47
f 717/1859/48 718/1860/48 720/1861/48 719/1862/48
f 719/1863/49 720/1864/49 722/1865/49 721/1866/49
f 721/1867/50 722/1868/50 724/1869/50 723/1870/50
f 723/1871/51 724/1872/51 726/1873/51 725/1874/51
f 725/1875/52 726/1876/52 728/1877/52 727/1878/52
f 727/1879/53 728/1880/53 730/1881/53 729/1882/53
f 729/1883/54 730/1884/54 732/1885/54 731/1886/54
f 731/1887/55 732/1888/55 734/1889/55 733/1890/55
f 733/1891/56 734/1892/56 736/1893/56 735/1894/56
f 735/1895/57 736/1896/57 738/1897/57 737/1898/57
f 737/1899/58 738/1900/58 740/1901/58 739/1902/58
f 739/1903/59 740/1904/59 742/1905/59 741/1906/59
f 741/1907/60 742/1908/60 744/1909/60 743/1910/60
f 743/1911/61 744/1912/61 746/1913/61 745/1914/61
f 745/1915/62 746/1916/62 748/1917/62 747/1918/62
f 747/1919/63 748/1920/63 750/1921/63 749/1922/63
f 716/1923/45 714/1924/45 752/1925/45 750/1926/45 748/1927/45 746/1928/45 744/1929/45 742/1930/45 740/1931/45 738/1932/45 736/1933/45 734/1934/45 732/1935/45 730/1936/45 728/1937/45 726/1938/45 724/1939/45 722/1940/45 720/1941/45 718/1942/45
f 749/1943/64 750/1944/64 752/1945/64 751/1946/64
f 751/1947/65 752/1948/65 714/1949/65 713/1950/65
f 713/1951/44 715/1952/44 717/1953/44 719/1954/44 721/1955/44 723/1956/44 725/1957/44 727/1958/44 729/1959/44 731/1960/44 733/1961/44 735/1962/44 737/1963/44 739/1964/44 741/1965/44 743/1966/44 745/1967/44 747/1968/44 749/1969/44 751/1970/44
f 753/1971/46 754/1972/46 756/1973/46 755/1974/46
f 755/1975/47 756/1976/47 758/1977/47 757/1978/47
f 757/1979/48 758/1980/48 760/1981/48 759/1982/48
f 759/1983/49 760/1984/49 762/1985/49 761/1986/49
f 761/1987/50 762/1988/50 764/1989/50 763/1990/50
f 763/1991/51 764/1992/51 766/1993/51 765/1994/51
f 765/1995/52 766/1996/52 768/1997/52 767/1998/52
f 767/1999/53 768/2000/53 770/2001/53 769/2002/53
f 769/2003/54 770/2004/54 772/2005/54 771/2006/54
f 771/2007/55 772/2008/55 774/2009/55 773/2010/55
f 773/2011/56 774/2012/56 776/2013/56 775/2014/56
f 775/2015/57 776/2016/57 778/2017/57 777/2018/57
f 777/2019/58 778/2020/58 780/2021/58 779/2022/58
f 779/2023/59 780/2024/59 782/2025/59 781/2026/59
f 781/2027/66 782/2028/66 784/2029/66 783/2030/66
f 783/2031/67 784/2032/67 786/2033/67 785/2034/67
f 785/2035/62 786/2036/62 788/2037/62 787/2038/62
f 787/2039/63 788/2040/63 790/2041/63 789/2042/63
f 756/2043/45 754/2044/45 792/2045/45 790/2046/45 788/2047/45 786/2048/45 784/2049/45 782/2050/45 780/2051/45 778/2052/45 776/2053/45 774/2054/45 772/2055/45 770/2056/45 768/2057/45 766/2058/45 764/2059/45 762/2060/45 760/2061/45 758/2062/45
f 789/2063/64 790/2064/64 792/2065/64 791/2066/64
f 791/2067/65 792/2068/65 754/2069/65 753/2070/65
f 753/2071/44 755/2072/44 757/2073/44 759/2074/44 761/2075/44 763/2076/44 765/2077/44 767/2078/44 769/2079/44 771/2080/44 773/2081/44 775/2082/44 777/2083/44 779/2084/44 781/2085/44 783/2086/44 785/2087/44 787/2088/44 789/2089/44 791/2090/44
f 793/2091/46 794/2092/46 796/2093/46 795/2094/46
f 795/2095/47 796/2096/47 798/2097/47 797/2098/47
f 797/2099/48 798/2100/48 800/2101/48 799/2102/48
f 799/2103/49 800/2104/49 802/2105/49 801/2106/49
f 801/2107/50 802/2108/50 804/2109/50 803/2110/50
f 803/2111/51 804/2112/51 806/2113/51 805/2114/51
f 805/2115/52 806/2116/52 808/2117/52 807/2118/52
f 807/2119/53 808/2120/53 810/2121/53 809/2122/53
f 809/2123/54 810/2124/54 812/2125/54 811/2126/54
f 811/2127/55 812/2128/55 814/2129/55 813/2130/55
f 813/2131/56 814/2132/56 816/2133/56 815/2134/56
f 815/2135/57 816/2136/57 818/2137/57 817/2138/57
f 817/2139/58 818/2140/58 820/2141/58 819/2142/58
f 819/2143/59 820/2144/59 822/2145/59 821/2146/59
f 821/2147/60 822/2148/60 824/2149/60 823/2150/60
f 823/2151/61 824/2152/61 826/2153/61 825/2154/61
f 825/2155/62 826/2156/62 828/2157/62 827/2158/62
f 827/2159/63 828/2160/63 830/2161/63 829/2162/63
f 796/2163/45 794/2164/45 832/2165/45 830/2166/45 828/2167/45 826/2168/45 824/2169/45 822/2170/45 820/2171/45 818/2172/45 816/2173/45 814/2174/45 812/2175/45 810/2176/45 808/2177/45 806/2178/45 804/2179/45 802/2180/45 800/2181/45 798/2182/45
f 829/2183/64 830/2184/64 832/2185/64 831/2186/64
f 831/2187/65 832/2188/65 794/2189/65 793/2190/65
f 793/2191/44 795/2192/44 797/2193/44 799/2194/44 801/2195/44 803/2196/44 805/2197/44 807/2198/44 809/2199/44 811/2200/44 813/2201/44 815/2202/44 817/2203/44 819/2204/44 821/2205/44 823/2206/44 825/2207/44 827/2208/44 829/2209/44 831/2210/44
f 833/2211/46 834/2212/46 836/2213/46 835/2214/46
f 835/2215/47 836/2216/47 838/2217/47 837/2218/47
f 837/2219/48 838/2220/48 840/2221/48 839/2222/48
f 839/2223/49 840/2224/49 842/2225/49 841/2226/49
f 841/2227/50 842/2228/50 844/2229/50 843/2230/50
f 843/2231/51 844/2232/51 846/2233/51 845/2234/51
f 845/2235/52 846/2236/52 848/2237/52 847/2238/52
f 847/2239/53 848/2240/53 850/2241/53 849/2242/53
f 849/2243/54 850/2244/54 852/2245/54 851/2246/54
f 851/2247/55 852/2248/55 854/2249/55 853/2250/55
f 853/2251/56 854/2252/56 856/2253/56 855/2254/56
f 855/2255/57 856/2256/57 858/2257/57 857/2258/57
f 857/2259/58 858/2260/58 860/2261/58 859/2262/58
f 859/2263/59 860/2264/59 862/2265/59 861/2266/59
f 861/2267/66 862/2268/66 864/2269/66 863/2270/66
f 863/2271/67 864/2272/67 866/2273/67 865/2274/67
f 865/2275/62 866/2276/62 868/2277/62 867/2278/62
f 867/2279/63 868/2280/63 870/2281/63 869/2282/63
f 836/2283/45 834/2284/45 872/2285/45 870/2286/45 868/2287/45 866/2288/45 864/2289/45 862/2290/45 860/2291/45 858/2292/45 856/2293/45 854/2294/45 852/2295/45 850/2296/45 848/2297/45 846/2298/45 844/2299/45 842/2300/45 840/2301/45 838/2302/45
f 869/2303/64 870/2304/64 872/2305/64 871/2306/64
f 871/2307/65 872/2308/65 834/2309/65 833/2310/65
f 833/2311/44 835/2312/44 837/2313/44 839/2314/44 841/2315/44 843/2316/44 845/2317/44 847/2318/44 849/2319/44 851/2320/44 853/2321/44 855/2322/44 857/2323/44 859/2324/44 861/2325/44 863/2326/44 865/2327/44 867/2328/44 869/2329/44 871/2330/44
f 873/2331/46 874/2332/46 876/2333/46 875/2334/46
f 875/2335/47 876/2336/47 878/2337/47 877/2338/47
f 877/2339/48 878/2340/48 880/2341/48 879/2342/48
f 879/2343/49 880/2344/49 882/2345/49 881/2346/49
f 881/2347/50 882/2348/50 884/2349/50 883/2350/50
f 883/2351/51 884/2352/51 886/2353/51 885/2354/51
f 885/2355/52 886/2356/52 888/2357/52 887/2358/52
f 887/2359/53 888/2360/53 890/2361/53 889/2362/53
f 889/2363/54 890/2364/54 892/2365/54 891/2366/54
f 891/2367/55 892/2368/55 894/2369/55 893/2370/55
f 893/2371/56 894/2372/56 896/2373/56 895/2374/56
f 895/2375/57 896/2376/57 898/2377/57 897/2378/57
f 897/2379/58 898/2380/58 900/2381/58 899/2382/58
f 899/2383/59 900/2384/59 902/2385/59 901/2386/59
f 901/2387/60 902/2388/60 904/2389/60 903/2390/60
f 903/2391/61 904/2392/61 906/2393/61 905/2394/61
f 905/2395/62 906/2396/62 908/2397/62 907/2398/62
f 907/2399/63 908/2400/63 910/2401/63 909/2402/63
f 876/2163/45 874/2164/45 912/2165/45 910/2166/45 908/2167/45 906/2168/45 904/2169/45 902/2170/45 900/2171/45 898/2172/45 896/2173/45 894/2174/45 892/2175/45 890/2176/45 888/2177/45 886/2178/45 884/2179/45 882/2180/45 880/2181/45 878/2182/45
f 909/2403/64 910/2404/64 912/2405/64 911/2406/64
f 911/2407/65 912/2408/65 874/2409/65 873/2410/65
f 873/2191/44 875/2192/44 877/2193/44 879/2194/44 881/2195/44 883/2196/44 885/2197/44 887/2198/44 889/2199/44 891/2200/44 893/2201/44 895/2202/44 897/2203/44 899/2204/44 901/2205/44 903/2206/44 905/2207/44 907/2208/44 909/2209/44 911/2210/44
f 913/2411/46 914/2412/46 916/2413/46 915/2414/46
f 915/2415/47 916/2416/47 918/2417/47 917/2418/47
f 917/2419/48 918/2420/48 920/2421/48 919/2422/48
f 919/2423/49 920/2424/49 922/2425/49 921/2426/49
f 921/2427/50 922/2428/50 924/2429/50 923/2430/50
f 923/2431/51 924/2432/51 926/2433/51 925/2434/51
f 925/2435/52 926/2436/52 928/2437/52 927/2438/52
f 927/2439/53 928/2440/53 930/2441/53 929/2442/53
f 929/2443/54 930/2444/54 932/2445/54 931/2446/54
f 931/2447/55 932/2448/55 934/2449/55 933/2450/55
f 933/2451/56 934/2452/56 936/2453/56 935/2454/56
f 935/2455/57 936/2456/57 938/2457/57 937/2458/57
f 937/2459/58 938/2460/58 940/2461/58 939/2462/58
f 939/2463/59 940/2464/59 942/2465/59 941/2466/59
f 941/2467/60 942/2468/60 944/2469/60 943/2470/60
f 943/2471/61 944/2472/61 946/2473/61 945/2474/61
f 945/2475/62 946/2476/62 948/2477/62 947/2478/62
f 947/2479/63 948/2480/63 950/2481/63 949/2482/63
f 916/2283/45 914/2284/45 952/2285/45 950/2286/45 948/2287/45 946/2288/45 944/2289/45 942/2290/45 940/2291/45 938/2292/45 936/2293/45 934/2294/45 932/2295/45 930/2296/45 928/2297/45 926/2298/45 924/2299/45 922/2300/45 920/2301/45 918/2302/45
f 949/2483/64 950/2484/64 952/2485/64 951/2486/64
f 951/2487/65 952/2488/65 914/2489/65 913/2490/65
f 913/2311/44 915/2312/44 917/2313/44 919/2314/44 921/2315/44 923/2316/44 925/2317/44 927/2318/44 929/2319/44 931/2320/44 933/2321/44 935/2322/44 937/2323/44 939/2324/44 941/2325/44 943/2326/44 945/2327/44 947/2328/44 949/2329/44 951/2330/44
f 977/2539/56 978/2540/56 980/2541/56 979/2542/56
f 979/2543/57 980/2544/57 982/2545/57 981/2546/57
f 981/2547/58 982/2548/58 984/2549/58 983/2550/58
f 983/2551/59 984/2552/59 986/2553/59 985/2554/59
f 985/2555/60 986/2556/60 988/2557/60 987/2558/60
f 987/2559/61 988/2560/61 990/2561/61 989/2562/61
f 989/2563/62 990/2564/62 992/2565/62 991/2566/62
f 991/2567/63 992/2568/63 994/2569/63 993/2570/63
f 993/2571/64 994/2572/64 996/2573/64 995/2574/64
f 995/2575/65 996/2576/65 998/2577/65 997/2578/65
f 997/2579/46 998/2580/46 1000/2581/46 999/2582/46
f 999/2583/47 1000/2584/47 1002/2585/47 1001/2586/47
f 1001/2587/48 1002/2588/48 1004/2589/48 1003/2590/48
f 1003/2591/49 1004/2592/49 1006/2593/49 1005/2594/49
f 1005/2595/50 1006/2596/50 1008/2597/50 1007/2598/50
f 1007/2599/51 1008/2600/51 1010/2601/51 1009/2602/51
f 1009/2603/52 1010/2604/52 1012/2605/52 1011/2606/52
f 1011/2607/53 1012/2608/53 1014/2609/53 1013/2610/53
f 980/2611/45 978/2612/45 1016/2613/45 1014/2614/45 1012/2615/45 1010/2616/45 1008/2617/45 1006/2618/45 1004/2619/45 1002/2620/45 1000/2621/45 998/2622/45 996/2623/45 994/2624/45 992/2625/45 990/2626/45 988/2627/45 986/2628/45 984/2629/45 982/2630/45
f 1013/2631/54 1014/2632/54 1016/2633/54 1015/2634/54
f 1015/2635/55 1016/2636/55 978/2637/55 977/2638/55
f 977/2639/44 979/2640/44 981/2641/44 983/2642/44 985/2643/44 987/2644/44 989/2645/44 991/2646/44 993/2647/44 995/2648/44 997/2649/44 999/2650/44 1001/2651/44 1003/2652/44 1005/2653/44 1007/2654/44 1009/2655/44 1011/2656/44 1013/2657/44 1015/2658/44
f 1017/2659/56 1018/2660/56 1020/2661/56 1019/2662/56
f 1019/2663/57 1020/2664/57 1022/2665/57 1021/2666/57
f 1021/2667/58 1022/2668/58 1024/2669/58 1023/2670/58
f 1023/2671/59 1024/2672/59 1026/2673/59 1025/2674/59
f 1025/2675/60 1026/2676/60 1028/2677/60 1027/2678/60
f 1027/2679/61 1028/2680/61 1030/2681/61 1029/2682/61
f 1029/2683/62 1030/2684/62 1032/2685/62 1031/2686/62
f 1031/2687/63 1032/2688/63 1034/2689/63 1033/2690/63
f 1033/2691/64 1034/2692/64 1036/2693/64 1035/2694/64
f 1035/2695/65 1036/2696/65 1038/2697/65 1037/2698/65
f 1037/2699/46 1038/2700/46 1040/2701/46 1039/2702/46
f 1039/2703/47 1040/2704/47 1042/2705/47 1041/2706/47
f 1041/2707/48 1042/2708/48 1044/2709/48 1043/2710/48
f 1043/2711/49 1044/2712/49 1046/2713/49 1045/2714/49
f 1045/2715/50 1046/2716/50 1048/2717/50 1047/2718/50
f 1047/2719/51 1048/2720/51 1050/2721/51 1049/2722/51
f 1049/2723/52 1050/2724/52 1052/2725/52 1051/2726/52
f 1051/2727/53 1052/2728/53 1054/2729/53 1053/2730/53
f 1020/2731/45 1018/2732/45 1056/2733/45 1054/2734/45 1052/2735/45 1050/2736/45 1048/2737/45 1046/2738/45 1044/2739/45 1042/2740/45 1040/2741/45 1038/2742/45 1036/2743/45 1034/2744/45 1032/2745/45 1030/2746/45 1028/2747/45 1026/2748/45 1024/2749/45 1022/2750/45
f 1053/2751/54 1054/2752/54 1056/2753/54 1055/2754/54
f 1055/2755/55 1056/2756/55 1018/2757/55 1017/2758/55
f 1017/2759/44 1019/2760/44 1021/2761/44 1023/2762/44 1025/2763/44 1027/2764/44 1029/2765/44 1031/2766/44 1033/2767/44 1035/2768/44 1037/2769/44 1039/2770/44 1041/2771/44 1043/2772/44 1045/2773/44 1047/2774/44 1049/2775/44 1051/2776/44 1053/2777/44 1055/2778/44
f 1057/2779/56 1058/2780/56 1060/2781/56 1059/2782/56
f 1059/2783/57 1060/2784/57 1062/2785/57 1061/2786/57
f 1061/2787/58 1062/2788/58 1064/2789/58 1063/2790/58
f 1063/2791/59 1064/2792/59 1066/2793/59 1065/2794/59
f 1065/2795/60 1066/2796/60 1068/2797/60 1067/2798/60
f 1067/2799/61 1068/2800/61 1070/2801/61 1069/2802/61
f 1069/2803/62 1070/2804/62 1072/2805/62 1071/2806/62
f 1071/2807/63 1072/2808/63 1074/2809/63 1073/2810/63
f 1073/2811/64 1074/2812/64 1076/2813/64 1075/2814/64
f 1075/2815/65 1076/2816/65 1078/2817/65 1077/2818/65
f 1077/2819/46 1078/2820/46 1080/2821/46 1079/2822/46
f 1079/2823/47 1080/2824/47 1082/2825/47 1081/2826/47
f 1081/2827/48 1082/2828/48 1084/2829/48 1083/2830/48
f 1083/2831/49 1084/2832/49 1086/2833/49 1085/2834/49
f 1085/2835/50 1086/2836/50 1088/2837/50 1087/2838/50
f 1087/2839/51 1088/2840/51 1090/2841/51 1089/2842/51
f 1089/2843/52 1090/2844/52 1092/2845/52 1091/2846/52
f 1091/2847/53 1092/2848/53 1094/2849/53 1093/2850/53
f 1060/2851/45 1058/2852/45 1096/2853/45 1094/2854/45 1092/2855/45 1090/2856/45 1088/2857/45 1086/2858/45 1084/2859/45 1082/2860/45 1080/2861/45 1078/2862/45 1076/2863/45 1074/2864/45 1072/2865/45 1070/2866/45 1068/2867/45 1066/2868/45 1064/2869/45 1062/2870/45
f 1093/2871/54 1094/2872/54 1096/2873/54 1095/2874/54
f 1095/2875/55 1096/2876/55 1058/2877/55 1057/2878/55
f 1057/2879/44 1059/2880/44 1061/2881/44 1063/2882/44 1065/2883/44 1067/2884/44 1069/2885/44 1071/2886/44 1073/2887/44 1075/2888/44 1077/2889/44 1079/2890/44 1081/2891/44 1083/2892/44 1085/2893/44 1087/2894/44 1089/2895/44 1091/2896/44 1093/2897/44 1095/2898/44
f 1097/2899/56 1098/2900/56 1100/2901/56 1099/2902/56
f 1099/2903/57 1100/2904/57 1102/2905/57 1101/2906/57
f 1101/2907/58 1102/2908/58 1104/2909/58 1103/2910/58
f 1103/2911/59 1104/2912/59 1106/2913/59 1105/2914/59
f 1105/2915/60 1106/2916/60 1108/2917/60 1107/2918/60
f 1107/2919/61 1108/2920/61 1110/2921/61 1109/2922/61
f 1109/2923/62 1110/2924/62 1112/2925/62 1111/2926/62
f 1111/2927/63 1112/2928/63 1114/2929/63 1113/2930/63
f 1113/2931/64 1114/2932/64 1116/2933/64 1115/2934/64
f 1115/2935/65 1116/2936/65 1118/2937/65 1117/2938/65
f 1117/2939/46 1118/2940/46 1120/2941/46 1119/2942/46
f 1119/2943/47 1120/2944/47 1122/2945/47 1121/2946/47
f 1121/2947/48 1122/2948/48 1124/2949/48 1123/2950/48
f 1123/2951/49 1124/2952/49 1126/2953/49 1125/2954/49
f 1125/2955/50 1126/2956/50 1128/2957/50 1127/2958/50
f 1127/2959/51 1128/2960/51 1130/2961/51 1129/2962/51
f 1129/2963/52 1130/2964/52 1132/2965/52 1131/2966/52
f 1131/2967/53 1132/2968/53 1134/2969/53 1133/2970/53
f 1100/2971/45 1098/2972/45 1136/2973/45 1134/2974/45 1132/2975/45 1130/2976/45 1128/2977/45 1126/2978/45 1124/2979/45 1122/2980/45 1120/2981/45 1118/2982/45 1116/2983/45 1114/2984/45 1112/2985/45 1110/2986/45 1108/2987/45 1106/2988/45 1104/2989/45 1102/2990/45
f 1133/2991/54 1134/2992/54 1136/2993/54 1135/2994/54
f 1135/2995/55 1136/2996/55 1098/2997/55 1097/2998/55
f 1097/2999/44 1099/3000/44 1101/3001/44 1103/3002/44 1105/3003/44 1107/3004/44 1109/3005/44 1111/3006/44 1113/3007/44 1115/3008/44 1117/3009/44 1119/3010/44 1121/3011/44 1123/3012/44 1125/3013/44 1127/3014/44 1129/3015/44 1131/3016/44 1133/3017/44 1135/3018/44
f 1137/3019/56 1138/3020/56 1140/3021/56 1139/3022/56
f 1139/3023/57 1140/3024/57 1142/3025/57 1141/3026/57
f 1141/3027/58 1142/3028/58 1144/3029/58 1143/3030/58
f 1143/3031/59 1144/3032/59 1146/3033/59 1145/3034/59
f 1145/3035/60 1146/3036/60 1148/3037/60 1147/3038/60
f 1147/3039/61 1148/3040/61 1150/3041/61 1149/3042/61
f 1149/3043/62 1150/3044/62 1152/3045/62 1151/3046/62
f 1151/3047/63 1152/3048/63 1154/3049/63 1153/3050/63
f 1153/3051/64 1154/3052/64 1156/3053/64 1155/3054/64
f 1155/3055/65 1156/3056/65 1158/3057/65 1157/3058/65
f 1157/3059/46 1158/3060/46 1160/3061/46 1159/3062/46
f 1159/3063/47 1160/3064/47 1162/3065/47 1161/3066/47
f 1161/3067/48 1162/3068/48 1164/3069/48 1163/3070/48
f 1163/3071/49 1164/3072/49 1166/3073/49 1165/3074/49
f 1165/3075/50 1166/3076/50 1168/3077/50 1167/3078/50
f 1167/3079/51 1168/3080/51 1170/3081/51 1169/3082/51
f 1169/3083/52 1170/3084/52 1172/3085/52 1171/3086/52
f 1171/3087/53 1172/3088/53 1174/3089/53 1173/3090/53
f 1140/2851/45 1138/2852/45 1176/2853/45 1174/2854/45 1172/2855/45 1170/2856/45 1168/2857/45 1166/2858/45 1164/2859/45 1162/2860/45 1160/2861/45 1158/2862/45 1156/2863/45 1154/2864/45 1152/2865/45 1150/2866/45 1148/2867/45 1146/2868/45 1144/2869/45 1142/2870/45
f 1173/3091/54 1174/3092/54 1176/3093/54 1175/3094/54
f 1175/3095/55 1176/3096/55 1138/3097/55 1137/3098/55
f 1137/2879/44 1139/2880/44 1141/2881/44 1143/2882/44 1145/2883/44 1147/2884/44 1149/2885/44 1151/2886/44 1153/2887/44 1155/2888/44 1157/2889/44 1159/2890/44 1161/2891/44 1163/2892/44 1165/2893/44 1167/2894/44 1169/2895/44 1171/2896/44 1173/2897/44 1175/2898/44
f 1177/3099/56 1178/3100/56 1180/3101/56 1179/3102/56
f 1179/3103/57 1180/3104/57 1182/3105/57 1181/3106/57
f 1181/3107/58 1182/3108/58 1184/3109/58 1183/3110/58
f 1183/3111/59 1184/3112/59 1186/3113/59 1185/3114/59
f 1185/3115/60 1186/3116/60 1188/3117/60 1187/3118/60
f 1187/3119/61 1188/3120/61 1190/3121/61 1189/3122/61
f 1189/3123/62 1190/3124/62 1192/3125/62 1191/3126/62
f 1191/3127/63 1192/3128/63 1194/3129/63 1193/3130/63
f 1193/3131/64 1194/3132/64 1196/3133/64 1195/3134/64
f 1195/3135/65 1196/3136/65 1198/3137/65 1197/3138/65
f 1197/3139/46 1198/3140/46 1200/3141/46 1199/3142/46
f 1199/3143/47 1200/3144/47 1202/3145/47 1201/3146/47
f 1201/3147/48 1202/3148/48 1204/3149/48 1203/3150/48
f 1203/3151/49 1204/3152/49 1206/3153/49 1205/3154/49
f 1205/3155/50 1206/3156/50 1208/3157/50 1207/3158/50
f 1207/3159/51 1208/3160/51 1210/3161/51 1209/3162/51
f 1209/3163/52 1210/3164/52 1212/3165/52 1211/3166/52
f 1211/3167/53 1212/3168/53 1214/3169/53 1213/3170/53
f 1180/2971/45 1178/2972/45 1216/2973/45 1214/2974/45 1212/2975/45 1210/2976/45 1208/2977/45 1206/2978/45 1204/2979/45 1202/2980/45 1200/2981/45 1198/2982/45 1196/2983/45 1194/2984/45 1192/2985/45 1190/2986/45 1188/2987/45 1186/2988/45 1184/2989/45 1182/2990/45
f 1213/3171/54 1214/3172/54 1216/3173/54 1215/3174/54
f 1215/3175/55 1216/3176/55 1178/3177/55 1177/3178/55
f 1177/2999/44 1179/3000/44 1181/3001/44 1183/3002/44 1185/3003/44 1187/3004/44 1189/3005/44 1191/3006/44 1193/3007/44 1195/3008/44 1197/3009/44 1199/3010/44 1201/3011/44 1203/3012/44 1205/3013/44 1207/3014/44 1209/3015/44 1211/3016/44 1213/3017/44 1215/3018/44
f 1241/3235/56 1242/3236/56 1244/3237/56 1243/3238/56
f 1243/3239/57 1244/3240/57 1246/3241/57 1245/3242/57
f 1245/3243/58 1246/3244/58 1248/3245/58 1247/3246/58
f 1247/3247/59 1248/3248/59 1250/3249/59 1249/3250/59
f 1249/3251/60 1250/3252/60 1252/3253/60 1251/3254/60
f 1251/3255/61 1252/3256/61 1254/3257/61 1253/3258/61
f 1253/3259/62 1254/3260/62 1256/3261/62 1255/3262/62
f 1255/3263/63 1256/3264/63 1258/3265/63 1257/3266/63
f 1257/3267/64 1258/3268/64 1260/3269/64 1259/3270/64
f 1259/3271/65 1260/3272/65 1262/3273/65 1261/3274/65
f 1261/3275/46 1262/3276/46 1264/3277/46 1263/3278/46
f 1263/3279/47 1264/3280/47 1266/3281/47 1265/3282/47
f 1265/3283/48 1266/3284/48 1268/3285/48 1267/3286/48
f 1267/3287/49 1268/3288/49 1270/3289/49 1269/3290/49
f 1269/3291/50 1270/3292/50 1272/3293/50 1271/3294/50
f 1271/3295/51 1272/3296/51 1274/3297/51 1273/3298/51
f 1273/3299/52 1274/3300/52 1276/3301/52 1275/3302/52
f 1275/3303/53 1276/3304/53 1278/3305/53 1277/3306/53
f 1244/3307/45 1242/3308/45 1280/3309/45 1278/3310/45 1276/3311/45 1274/3312/45 1272/3313/45 1270/3314/45 1268/3315/45 1266/3316/45 1264/3317/45 1262/3318/45 1260/3319/45 1258/3320/45 1256/3321/45 1254/3322/45 1252/3323/45 1250/3324/45 1248/3325/45 1246/3326/45
f 1277/3327/54 1278/3328/54 1280/3329/54 1279/3330/54
f 1279/3331/55 1280/3332/55 1242/3333/55 1241/3334/55
f 1241/3335/44 1243/3336/44 1245/3337/44 1247/3338/44 1249/3339/44 1251/3340/44 1253/3341/44 1255/3342/44 1257/3343/44 1259/3344/44 1261/3345/44 1263/3346/44 1265/3347/44 1267/3348/44 1269/3349/44 1271/3350/44 1273/3351/44 1275/3352/44 1277/3353/44 1279/3354/44
f 1281/3355/56 1282/3356/56 1284/3357/56 1283/3358/56
f 1283/3359/57 1284/3360/57 1286/3361/57 1285/3362/57
f 1285/3363/58 1286/3364/58 1288/3365/58 1287/3366/58
f 1287/3367/59 1288/3368/59 1290/3369/59 1289/3370/59
f 1289/3371/60 1290/3372/60 1292/3373/60 1291/3374/60
f 1291/3375/61 1292/3376/61 1294/3377/61 1293/3378/61
f 1293/3379/62 1294/3380/62 1296/3381/62 1295/3382/62
f 1295/3383/63 1296/3384/63 1298/3385/63 1297/3386/63
f 1297/3387/64 1298/3388/64 1300/3389/64 1299/3390/64
f 1299/3391/65 1300/3392/65 1302/3393/65 1301/3394/65
f 1301/3395/46 1302/3396/46 1304/3397/46 1303/3398/46
f 1303/3399/47 1304/3400/47 1306/3401/47 1305/3402/47
f 1305/3403/48 1306/3404/48 1308/3405/48 1307/3406/48
f 1307/3407/49 1308/3408/49 1310/3409/49 1309/3410/49
f 1309/3411/50 1310/3412/50 1312/3413/50 1311/3414/50
f 1311/3415/51 1312/3416/51 1314/3417/51 1313/3418/51
f 1313/3419/52 1314/3420/52 1316/3421/52 1315/3422/52
f 1315/3423/53 1316/3424/53 1318/3425/53 1317/3426/53
f 1284/3427/45 1282/3428/45 1320/3429/45 1318/3430/45 1316/3431/45 1314/3432/45 1312/3433/45 1310/3434/45 1308/3435/45 1306/3436/45 1304/3437/45 1302/3438/45 1300/3439/45 1298/3440/45 1296/3441/45 1294/3442/45 1292/3443/45 1290/3444/45 1288/3445/45 1286/3446/45
f 1317/3447/54 1318/3448/54 1320/3449/54 1319/3450/54
f 1319/3451/55 1320/3452/55 1282/3453/55 1281/3454/55
f 1281/3455/44 1283/3456/44 1285/3457/44 1287/3458/44 1289/3459/44 1291/3460/44 1293/3461/44 1295/3462/44 1297/3463/44 1299/3464/44 1301/3465/44 1303/3466/44 1305/3467/44 1307/3468/44 1309/3469/44 1311/3470/44 1313/3471/44 1315/3472/44 1317/3473/44 1319/3474/44
f 1321/3475/56 1322/3476/56 1324/3477/56 1323/3478/56
f 1323/3479/57 1324/3480/57 1326/3481/57 1325/3482/57
f 1325/3483/58 1326/3484/58 1328/3485/58 1327/3486/58
f 1327/3487/59 1328/3488/59 1330/3489/59 1329/3490/59
f 1329/3491/60 1330/3492/60 1332/3493/60 1331/3494/60
f 1331/3495/61 1332/3496/61 1334/3497/61 1333/3498/61
f 1333/3499/62 1334/3500/62 1336/3501/62 1335/3502/62
f 1335/3503/63 1336/3504/63 1338/3505/63 1337/3506/63
f 1337/3507/64 1338/3508/64 1340/3509/64 1339/3510/64
f 1339/3511/65 1340/3512/65 1342/3513/65 1341/3514/65
f 1341/3515/46 1342/3516/46 1344/3517/46 1343/3518/46
f 1343/3519/47 1344/3520/47 1346/3521/47 1345/3522/47
f 1345/3523/48 1346/3524/48 1348/3525/48 1347/3526/48
f 1347/3527/49 1348/3528/49 1350/3529/49 1349/3530/49
f 1349/3531/50 1350/3532/50 1352/3533/50 1351/3534/50
f 1351/3535/51 1352/3536/51 1354/3537/51 1353/3538/51
f 1353/3539/52 1354/3540/52 1356/3541/52 1355/3542/52
f 1355/3543/53 1356/3544/53 1358/3545/53 1357/3546/53
f 1324/3547/45 1322/3548/45 1360/3549/45 1358/3550/45 1356/3551/45 1354/3552/45 1352/3553/45 1350/3554/45 1348/3555/45 1346/3556/45 1344/3557/45 1342/3558/45 1340/3559/45 1338/3560/45 1336/3561/45 1334/3562/45 1332/3563/45 1330/3564/45 1328/3565/45 1326/3566/45
f 1357/3567/54 1358/3568/54 1360/3569/54 1359/3570/54
f 1359/3571/55 1360/3572/55 1322/3573/55 1321/3574/55
f 1321/3575/44 1323/3576/44 1325/3577/44 1327/3578/44 1329/3579/44 1331/3580/44 1333/3581/44 1335/3582/44 1337/3583/44 1339/3584/44 1341/3585/44 1343/3586/44 1345/3587/44 1347/3588/44 1349/3589/44 1351/3590/44 1353/3591/44 1355/3592/44 1357/3593/44 1359/3594/44
f 1361/3595/56 1362/3596/56 1364/3597/56 1363/3598/56
f 1363/3599/57 1364/3600/57 1366/3601/57 1365/3602/57
f 1365/3603/58 1366/3604/58 1368/3605/58 1367/3606/58
f 1367/3607/59 1368/3608/59 1370/3609/59 1369/3610/59
f 1369/3611/60 1370/3612/60 1372/3613/60 1371/3614/60
f 1371/3615/61 1372/3616/61 1374/3617/61 1373/3618/61
f 1373/3619/62 1374/3620/62 1376/3621/62 1375/3622/62
f 1375/3623/63 1376/3624/63 1378/3625/63 1377/3626/63
f 1377/3627/64 1378/3628/64 1380/3629/64 1379/3630/64
f 1379/3631/65 1380/3632/65 1382/3633/65 1381/3634/65
f 1381/3635/46 1382/3636/46 1384/3637/46 1383/3638/46
f 1383/3639/47 1384/3640/47 1386/3641/47 1385/3642/47
f 1385/3643/48 1386/3644/48 1388/3645/48 1387/3646/48
f 1387/3647/49 1388/3648/49 1390/3649/49 1389/3650/49
f 1389/3651/50 1390/3652/50 1392/3653/50 1391/3654/50
f 1391/3655/51 1392/3656/51 1394/3657/51 1393/3658/51
f 1393/3659/52 1394/3660/52 1396/3661/52 1395/3662/52
f 1395/3663/53 1396/3664/53 1398/3665/53 1397/3666/53
f 1364/3667/45 1362/3668/45 1400/3669/45 1398/3670/45 1396/3671/45 1394/3672/45 1392/3673/45 1390/3674/45 1388/3675/45 1386/3676/45 1384/3677/45 1382/3678/45 1380/3679/45 1378/3680/45 1376/3681/45 1374/3682/45 1372/3683/45 1370/3684/45 1368/3685/45 1366/3686/45
f 1397/3687/54 1398/3688/54 1400/3689/54 1399/3690/54
f 1399/3691/55 1400/3692/55 1362/3693/55 1361/3694/55
f 1361/3695/44 1363/3696/44 1365/3697/44 1367/3698/44 1369/3699/44 1371/3700/44 1373/3701/44 1375/3702/44 1377/3703/44 1379/3704/44 1381/3705/44 1383/3706/44 1385/3707/44 1387/3708/44 1389/3709/44 1391/3710/44 1393/3711/44 1395/3712/44 1397/3713/44 1399/3714/44
f 1401/3715/56 1402/3716/56 1404/3717/56 1403/3718/56
f 1403/3719/57 1404/3720/57 1406/3721/57 1405/3722/57
f 1405/3723/58 1406/3724/58 1408/3725/58 1407/3726/58
f 1407/3727/59 1408/3728/59 1410/3729/59 1409/3730/59
f 1409/3731/60 1410/3732/60 1412/3733/60 1411/3734/60
f 1411/3735/61 1412/3736/61 1414/3737/61 1413/3738/61
f 1413/3739/62 1414/3740/62 1416/3741/62 1415/3742/62
f 1415/3743/63 1416/3744/63 1418/3745/63 1417/3746/63
f 1417/3747/64 1418/3748/64 1420/3749/64 1419/3750/64
f 1419/3751/65 1420/3752/65 1422/3753/65 1421/3754/65
f 1421/3755/46 1422/3756/46 1424/3757/46 1423/3758/46
f 1423/3759/47 1424/3760/47 1426/3761/47 1425/3762/47
f 1425/3763/48 1426/3764/48 1428/3765/48 1427/3766/48
f 1427/3767/49 1428/3768/49 1430/3769/49 1429/3770/49
f 1429/3771/50 1430/3772/50 1432/3773/50 1431/3774/50
f 1431/3775/51 1432/3776/51 1434/3777/51 1433/3778/51
f 1433/3779/52 1434/3780/52 1436/3781/52 1435/3782/52
f 1435/3783/53 1436/3784/53 1438/3785/53 1437/3786/53
f 1404/3547/45 1402/3548/45 1440/3549/45 1438/3550/45 1436/3551/45 1434/3552/45 1432/3553/45 1430/3554/45 1428/3555/45 1426/3556/45 1424/3557/45 1422/3558/45 1420/3559/45 1418/3560/45 1416/3561/45 1414/3562/45 1412/3563/45 1410/3564/45 1408/3565/45 1406/3566/45
f 1437/3787/54 1438/3788/54 1440/3789/54 1439/3790/54
f 1439/3791/55 1440/3792/55 1402/3793/55 1401/3794/55
f 1401/3575/44 1403/3576/44 1405/3577/44 1407/3578/44 1409/3579/44 1411/3580/44 1413/3581/44 1415/3582/44 1417/3583/44 1419/3584/44 1421/3585/44 1423/3586/44 1425/3587/44 1427/3588/44 1429/3589/44 1431/3590/44 1433/3591/44 1435/3592/44 1437/3593/44 1439/3594/44
f 1441/3795/56 1442/3796/56 1444/3797/56 1443/3798/56
f 1443/3799/57 1444/3800/57 1446/3801/57 1445/3802/57
f 1445/3803/58 1446/3804/58 1448/3805/58 1447/3806/58
f 1447/3807/59 1448/3808/59 1450/3809/59 1449/3810/59
f 1449/3811/60 1450/3812/60 1452/3813/60 1451/3814/60
f 1451/3815/61 1452/3816/61 1454/3817/61 1453/3818/61
f 1453/3819/62 1454/3820/62 1456/3821/62 1455/3822/62
f 1455/3823/63 1456/3824/63 1458/3825/63 1457/3826/63
f 1457/3827/64 1458/3828/64 1460/3829/64 1459/3830/64
f 1459/3831/65 1460/3832/65 1462/3833/65 1461/3834/65
f 1461/3835/46 1462/3836/46 1464/3837/46 1463/3838/46
f 1463/3839/47 1464/3840/47 1466/3841/47 1465/3842/47
f 1465/3843/48 1466/3844/48 1468/3845/48 1467/3846/48
f 1467/3847/49 1468/3848/49 1470/3849/49 1469/3850/49
f 1469/3851/50 1470/3852/50 1472/3853/50 1471/3854/50
f 1471/3855/51 1472/3856/51 1474/3857/51 1473/3858/51
f 1473/3859/52 1474/3860/52 1476/3861/52 1475/3862/52
f 1475/3863/53 1476/3864/53 1478/3865/53 1477/3866/53
f 1444/3667/45 1442/3668/45 1480/3669/45 1478/3670/45 1476/3671/45 1474/3672/45 1472/3673/45 1470/3674/45 1468/3675/45 1466/3676/45 1464/3677/45 1462/3678/45 1460/3679/45 1458/3680/45 1456/3681/45 1454/3682/45 1452/3683/45 1450/3684/45 1448/3685/45 1446/3686/45
f 1477/3867/54 1478/3868/54 1480/3869/54 1479/3870/54
f 1479/3871/55 1480/3872/55 1442/3873/55 1441/3874/55
f 1441/3695/44 1443/3696/44 1445/3697/44 1447/3698/44 1449/3699/44 1451/3700/44 1453/3701/44 1455/3702/44 1457/3703/44 1459/3704/44 1461/3705/44 1463/3706/44 1465/3707/44 1467/3708/44 1469/3709/44 1471/3710/44 1473/3711/44 1475/3712/44 1477/3713/44 1479/3714/44
f 1505/3915/56 1506/3916/56 1508/3917/56 1507/3918/56
f 1507/3919/57 1508/3920/57 1510/3921/57 1509/3922/57
f 1509/3923/58 1510/3924/58 1512/3925/58 1511/3926/58
f 1511/3927/59 1512/3928/59 1514/3929/59 1513/3930/59
f 1513/3931/60 1514/3932/60 1516/3933/60 1515/3934/60
f 1515/3935/61 1516/3936/61 1518/3937/61 1517/3938/61
f 1517/3939/62 1518/3940/62 1520/3941/62 1519/3942/62
f 1519/3943/63 1520/3944/63 1522/3945/63 1521/3946/63
f 1521/3947/64 1522/3948/64 1524/3949/64 1523/3950/64
f 1523/3951/65 1524/3952/65 1526/3953/65 1525/3954/65
f 1525/3955/46 1526/3956/46 1528/3957/46 1527/3958/46
f 1527/3959/47 1528/3960/47 1530/3961/47 1529/3962/47
f 1529/3963/48 1530/3964/48 1532/3965/48 1531/3966/48
f 1531/3967/49 1532/3968/49 1534/3969/49 1533/3970/49
f 1533/3971/50 1534/3972/50 1536/3973/50 1535/3974/50
f 1535/3975/51 1536/3976/51 1538/3977/51 1537/3978/51
f 1537/3979/52 1538/3980/52 1540/3981/52 1539/3982/52
f 1539/3983/53 1540/3984/53 1542/3985/53 1541/3986/53
f 1508/3987/45 1506/3988/45 1544/3989/45 1542/3990/45 1540/3991/45 1538/3992/45 1536/3993/45 1534/3994/45 1532/3995/45 1530/3996/45 1528/3997/45 1526/3998/45 1524/3999/45 1522/4000/45 1520/4001/45 1518/4002/45 1516/4003/45 1514/4004/45 1512/4005/45 1510/4006/45
f 1541/4007/54 1542/4008/54 1544/4009/54 1543/4010/54
f 1543/4011/55 1544/4012/55 1506/4013/55 1505/4014/55
f 1505/4015/44 1507/4016/44 1509/4017/44 1511/4018/44 1513/4019/44 1515/4020/44 1517/4021/44 1519/4022/44 1521/4023/44 1523/4024/44 1525/4025/44 1527/4026/44 1529/4027/44 1531/4028/44 1533/4029/44 1535/4030/44 1537/4031/44 1539/4032/44 1541/4033/44 1543/4034/44
f 1545/4035/56 1546/4036/56 1548/4037/56 1547/4038/56
f 1547/4039/57 1548/4040/57 1550/4041/57 1549/4042/57
f 1549/4043/58 1550/4044/58 1552/4045/58 1551/4046/58
f 1551/4047/59 1552/4048/59 1554/4049/59 1553/4050/59
f 1553/4051/60 1554/4052/60 1556/4053/60 1555/4054/60
f 1555/4055/61 1556/4056/61 1558/4057/61 1557/4058/61
f 1557/4059/62 1558/4060/62 1560/4061/62 1559/4062/62
f 1559/4063/63 1560/4064/63 1562/4065/63 1561/4066/63
f 1561/4067/64 1562/4068/64 1564/4069/64 1563/4070/64
f 1563/4071/65 1564/4072/65 1566/4073/65 1565/4074/65
f 1565/4075/46 1566/4076/46 1568/4077/46 1567/4078/46
f 1567/4079/47 1568/4080/47 1570/4081/47 1569/4082/47
f 1569/4083/48 1570/4084/48 1572/4085/48 1571/4086/48
f 1571/4087/49 1572/4088/49 1574/4089/49 1573/4090/49
f 1573/4091/50 1574/4092/50 1576/4093/50 1575/4094/50
f 1575/4095/51 1576/4096/51 1578/4097/51 1577/4098/51
f 1577/4099/52 1578/4100/52 1580/4101/52 1579/4102/52
f 1579/4103/53 1580/4104/53 1582/4105/53 1581/4106/53
f 1548/4107/45 1546/4108/45 1584/4109/45 1582/4110/45 1580/4111/45 1578/4112/45 1576/4113/45 1574/4114/45 1572/4115/45 1570/4116/45 1568/4117/45 1566/4118/45 1564/4119/45 1562/4120/45 1560/4121/45 1558/4122/45 1556/4123/45 1554/4124/45 1552/4125/45 1550/4126/45
f 1581/4127/54 1582/4128/54 1584/4129/54 1583/4130/54
f 1583/4131/55 1584/4132/55 1546/4133/55 1545/4134/55
f 1545/4135/44 1547/4136/44 1549/4137/44 1551/4138/44 1553/4139/44 1555/4140/44 1557/4141/44 1559/4142/44 1561/4143/44 1563/4144/44 1565/4145/44 1567/4146/44 1569/4147/44 1571/4148/44 1573/4149/44 1575/4150/44 1577/4151/44 1579/4152/44 1581/4153/44 1583/4154/44
f 1585/4155/56 1586/4156/56 1588/4157/56 1587/4158/56
f 1587/4159/57 1588/4160/57 1590/4161/57 1589/4162/57
f 1589/4163/58 1590/4164/58 1592/4165/58 1591/4166/58
f 1591/4167/59 1592/4168/59 1594/4169/59 1593/4170/59
f 1593/4171/60 1594/4172/60 1596/4173/60 1595/4174/60
f 1595/4175/61 1596/4176/61 1598/4177/61 1597/4178/61
f 1597/4179/62 1598/4180/62 1600/4181/62 1599/4182/62
f 1599/4183/63 1600/4184/63 1602/4185/63 1601/4186/63
f 1601/4187/64 1602/4188/64 1604/4189/64 1603/4190/64
f 1603/4191/65 1604/4192/65 1606/4193/65 1605/4194/65
f 1605/4195/46 1606/4196/46 1608/4197/46 1607/4198/46
f 1607/4199/47 1608/4200/47 1610/4201/47 1609/4202/47
f 1609/4203/48 1610/4204/48 1612/4205/48 1611/4206/48
f 1611/4207/49 1612/4208/49 1614/4209/49 1613/4210/49
f 1613/4211/50 1614/4212/50 1616/4213/50 1615/4214/50
f 1615/4215/51 1616/4216/51 1618/4217/51 1617/4218/51
f 1617/4219/52 1618/4220/52 1620/4221/52 1619/4222/52
f 1619/4223/53 1620/4224/53 1622/4225/53 1621/4226/53
f 1588/4227/45 1586/4228/45 1624/4229/45 1622/4230/45 1620/4231/45 1618/4232/45 1616/4233/45 1614/4234/45 1612/4235/45 1610/4236/45 1608/4237/45 1606/4238/45 1604/4239/45 1602/4240/45 1600/4241/45 1598/4242/45 1596/4243/45 1594/4244/45 1592/4245/45 1590/4246/45
f 1621/4247/54 1622/4248/54 1624/4249/54 1623/4250/54
f 1623/4251/55 1624/4252/55 1586/4253/55 1585/4254/55
f 1585/4255/44 1587/4256/44 1589/4257/44 1591/4258/44 1593/4259/44 1595/4260/44 1597/4261/44 1599/4262/44 1601/4263/44 1603/4264/44 1605/4265/44 1607/4266/44 1609/4267/44 1611/4268/44 1613/4269/44 1615/4270/44 1617/4271/44 1619/4272/44 1621/4273/44 1623/4274/44
f 1625/4275/56 1626/4276/56 1628/4277/56 1627/4278/56
f 1627/4279/57 1628/4280/57 1630/4281/57 1629/4282/57
f 1629/4283/58 1630/4284/58 1632/4285/58 1631/4286/58
f 1631/4287/59 1632/4288/59 1634/4289/59 1633/4290/59
f 1633/4291/60 1634/4292/60 1636/4293/60 1635/4294/60
f 1635/4295/61 1636/4296/61 1638/4297/61 1637/4298/61
f 1637/4299/62 1638/4300/62 1640/4301/62 1639/4302/62
f 1639/4303/63 1640/4304/63 1642/4305/63 1641/4306/63
f 1641/4307/64 1642/4308/64 1644/4309/64 1643/4310/64
f 1643/4311/65 1644/4312/65 1646/4313/65 1645/4314/65
f 1645/4315/46 1646/4316/46 1648/4317/46 1647/4318/46
f 1647/4319/47 1648/4320/47 1650/4321/47 1649/4322/47
f 1649/4323/48 1650/4324/48 1652/4325/48 1651/4326/48
f 1651/4327/49 1652/4328/49 1654/4329/49 1653/4330/49
f 1653/4331/50 1654/4332/50 1656/4333/50 1655/4334/50
f 1655/4335/51 1656/4336/51 1658/4337/51 1657/4338/51
f 1657/4339/52 1658/4340/52 1660/4341/52 1659/4342/52
f 1659/4343/53 1660/4344/53 1662/4345/53 1661/4346/53
f 1628/4347/45 1626/4348/45 1664/4349/45 1662/4350/45 1660/4351/45 1658/4352/45 1656/4353/45 1654/4354/45 1652/4355/45 1650/4356/45 1648/4357/45 1646/4358/45 1644/4359/45 1642/4360/45 1640/4361/45 1638/4362/45 1636/4363/45 1634/4364/45 1632/4365/45 1630/4366/45
f 1661/4367/54 1662/4368/54 1664/4369/54 1663/4370/54
f 1663/4371/55 1664/4372/55 1626/4373/55 1625/4374/55
f 1625/4375/44 1627/4376/44 1629/4377/44 1631/4378/44 1633/4379/44 1635/4380/44 1637/4381/44 1639/4382/44 1641/4383/44 1643/4384/44 1645/4385/44 1647/4386/44 1649/4387/44 1651/4388/44 1653/4389/44 1655/4390/44 1657/4391/44 1659/4392/44 1661/4393/44 1663/4394/44
f 1665/4395/56 1666/4396/56 1668/4397/56 1667/4398/56
f 1667/4399/57 1668/4400/57 1670/4401/57 1669/4402/57
f 1669/4403/58 1670/4404/58 1672/4405/58 1671/4406/58
f 1671/4407/59 1672/4408/59 1674/4409/59 1673/4410/59
f 1673/4411/60 1674/4412/60 1676/4413/60 1675/4414/60
f 1675/4415/61 1676/4416/61 1678/4417/61 1677/4418/61
f 1677/4419/62 1678/4420/62 1680/4421/62 1679/4422/62
f 1679/4423/63 1680/4424/63 1682/4425/63 1681/4426/63
f 1681/4427/64 1682/4428/64 1684/4429/64 1683/4430/64
f 1683/4431/65 1684/4432/65 1686/4433/65 1685/4434/65
f 1685/4435/46 1686/4436/46 1688/4437/46 1687/4438/46
f 1687/4439/47 1688/4440/47 1690/4441/47 1689/4442/47
f 1689/4443/48 1690/4444/48 1692/4445/48 1691/4446/48
f 1691/4447/49 1692/4448/49 1694/4449/49 1693/4450/49
f 1693/4451/50 1694/4452/50 1696/4453/50 1695/4454/50
f 1695/4455/51 1696/4456/51 1698/4457/51 1697/4458/51
f 1697/4459/52 1698/4460/52 1700/4461/52 1699/4462/52
f 1699/4463/53 1700/4464/53 1702/4465/53 1701/4466/53
f 1668/4227/45 1666/4228/45 1704/4229/45 1702/4230/45 1700/4231/45 1698/4232/45 1696/4233/45 1694/4234/45 1692/4235/45 1690/4236/45 1688/4237/45 1686/4238/45 1684/4239/45 1682/4240/45 1680/4241/45 1678/4242/45 1676/4243/45 1674/4244/45 1672/4245/45 1670/4246/45
f 1701/4467/54 1702/4468/54 1704/4469/54 1703/4470/54
f 1703/4471/55 1704/4472/55 1666/4473/55 1665/4474/55
f 1665/4255/44 1667/4256/44 1669/4257/44 1671/4258/44 1673/4259/44 1675/4260/44 1677/4261/44 1679/4262/44 1681/4263/44 1683/4264/44 1685/4265/44 1687/4266/44 1689/4267/44 1691/4268/44 1693/4269/44 1695/4270/44 1697/4271/44 1699/4272/44 1701/4273/44 1703/4274/44
f 1705/4475/56 1706/4476/56 1708/4477/56 1707/4478/56
f 1707/4479/57 1708/4480/57 1710/4481/57 1709/4482/57
f 1709/4483/58 1710/4484/58 1712/4485/58 1711/4486/58
f 1711/4487/59 1712/4488/59 1714/4489/59 1713/4490/59
f 1713/4491/60 1714/4492/60 1716/4493/60 1715/4494/60
f 1715/4495/61 1716/4496/61 1718/4497/61 1717/4498/61
f 1717/4499/62 1718/4500/62 1720/4501/62 1719/4502/62
f 1719/4503/63 1720/4504/63 1722/4505/63 1721/4506/63
f 1721/4507/64 1722/4508/64 1724/4509/64 1723/4510/64
f 1723/4511/65 1724/4512/65 1726/4513/65 1725/4514/65
f 1725/4515/46 1726/4516/46 1728/4517/46 1727/4518/46
f 1727/4519/47 1728/4520/47 1730/4521/47 1729/4522/47
f 1729/4523/48 1730/4524/48 1732/4525/48 1731/4526/48
f 1731/4527/49 1732/4528/49 1734/4529/49 1733/4530/49
f 1733/4531/50 1734/4532/50 1736/4533/50 1735/4534/50
f 1735/4535/51 1736/4536/51 1738/4537/51 1737/4538/51
f 1737/4539/52 1738/4540/52 1740/4541/52 1739/4542/52
f 1739/4543/53 1740/4544/53 1742/4545/53 1741/4546/53
f 1708/4347/45 1706/4348/45 1744/4349/45 1742/4350/45 1740/4351/45 1738/4352/45 1736/4353/45 1734/4354/45 1732/4355/45 1730/4356/45 1728/4357/45 1726/4358/45 1724/4359/45 1722/4360/45 1720/4361/45 1718/4362/45 1716/4363/45 1714/4364/45 1712/4365/45 1710/4366/45
f 1741/4547/54 1742/4548/54 1744/4549/54 1743/4550/54
f 1743/4551/55 1744/4552/55 1706/4553/55 1705/4554/55
f 1705/4375/44 1707/4376/44 1709/4377/44 1711/4378/44 1713/4379/44 1715/4380/44 1717/4381/44 1719/4382/44 1721/4383/44 1723/4384/44 1725/4385/44 1727/4386/44 1729/4387/44 1731/4388/44 1733/4389/44 1735/4390/44 1737/4391/44 1739/4392/44 1741/4393/44 1743/4394/44
o dining
v 15.704165 0.830541 22.978268
v 37.857658 0.830541 22.978268
v 15.704165 0.830541 1.441708
v 37.857658 0.830541 1.441708
vn -0.0000 1.0000 -0.0000
vt 0.000000 0.000000
vt 1.000000 0.000000
vt 1.000000 1.000000
vt 0.000000 1.000000
s 0
f 1761/4579/68 1762/4580/68 1764/4581/68 1763/4582/68
o dining_table
v 21.447189 2.947476 14.392952
v 21.511990 3.105080 14.367558
v 21.447189 2.947476 10.027023
v 21.511990 3.105080 10.052417
v 32.588512 2.947476 14.392952
v 32.523712 3.105080 14.367558
v 32.588512 2.947476 10.027023
v 32.523712 3.105080 10.052417
v 31.148581 3.014597 10.715851
v 31.148581 2.557199 10.715851
v 31.148581 3.014597 12.959502
v 31.148581 2.557199 12.959502
v 23.052858 3.014597 10.715851
v 23.052858 2.557199 10.715851
v 23.052858 3.014597 12.959502
v 23.052858 2.557199 12.959502
v 30.846947 0.819064 11.189428
v 30.846947 2.564967 11.189428
v 30.846947 0.819064 10.752239
v 30.846947 2.564967 10.752239
v 31.098341 0.819064 11.189428
v 31.098341 2.564967 11.189428
v 31.098341 0.819064 10.752239
v 31.098341 2.564967 10.752239
v 30.846947 0.819064 12.908564
v 30.846947 2.564967 12.908564
v 30.846947 0.819064 12.471375
v 30.846947 2.564967 12.471375
v 31.098341 0.819064 12.908564
v 31.098341 2.564967 12.908564
v 31.098341 0.819064 12.471375
v 31.098341 2.564967 12.471375
v 30.851221 0.811868 13.394324
v 30.851221 0.876761 13.394324
v 30.851221 0.811868 10.266538
v 30.851221 0.876761 10.266538
v 31.153673 0.811868 13.394324
v 31.153673 0.876761 13.394324
v 31.153673 0.811868 10.266538
v 31.153673 0.876761 10.266538
v 30.851221 0.811868 10.552179
v 30.851221 0.811868 13.079577
v 30.851221 0.966307 13.079577
v 30.851221 0.966307 10.552178
v 31.153673 0.811868 13.079577
v 31.153673 0.811868 10.552178
v 31.153673 0.966307 10.552179
v 31.153673 0.966307 13.079577
v 23.266058 0.812949 12.161018
v 23.266058 0.923471 12.161018
v 23.266058 0.812949 11.541767
v 23.266058 0.923471 11.541767
v 30.926682 0.812949 12.161018
v 30.926682 0.923471 12.161018
v 30.926682 0.812949 11.541767
v 30.926682 0.923471 11.541767
v 23.098032 0.819064 11.189428
v 23.098032 2.564967 11.189428
v 23.098032 0.819064 10.752239
v 23.098032 2.564967 10.752239
v 23.349426 0.819064 11.189428
v 23.349426 2.564967 11.189428
v 23.349426 0.819064 10.752239
v 23.349426 2.564967 10.752239
v 23.098032 0.819064 12.908564
v 23.098032 2.564967 12.908564
v 23.098032 0.819064 12.471375
v 23.098032 2.564967 12.471375
v 23.349426 0.819064 12.908564
v 23.349426 2.564967 12.908564
v 23.349426 0.819064 12.471375
v 23.349426 2.564967 12.471375
v 23.102306 0.811868 13.394324
v 23.102306 0.876761 13.394324
v 23.102306 0.811868 10.266538
v 23.102306 0.876761 10.266538
v 23.404758 0.811868 13.394324
v 23.404758 0.876761 13.394324
v 23.404758 0.811868 10.266538
v 23.404758 0.876761 10.266538
v 23.102306 0.811868 10.552179
v 23.102306 0.811868 13.079577
v 23.102306 0.966307 13.079577
v 23.102306 0.966307 10.552178
v 23.404758 0.811868 13.079577
v 23.404758 0.811868 10.552178
v 23.404758 0.966307 10.552179
v 23.404758 0.966307 13.079577
v 21.395325 2.977309 14.413276
v 21.395325 3.076348 14.413276
v 21.395325 3.076348 10.006700
v 21.395325 2.977309 10.006700
v 32.640377 3.076348 10.006700
v 32.640377 2.977309 10.006700
v 32.640377 3.076348 14.413276
v 32.640377 2.977309 14.413276
v 31.148581 2.557199 11.837677
v 31.148581 2.785898 12.959502
v 21.866680 3.109042 14.074633
v 32.242668 3.109042 14.074633
v 21.866680 3.109042 10.337759
v 32.242668 3.109042 10.337759
vn -0.2391 0.9710 -0.0000
vn -0.0000 0.8467 -0.5321
vn 0.2391 0.9710 -0.0000
vn -0.0000 0.8467 0.5321
vn -0.0000 -1.0000 -0.0000
vn -0.0000 1.0000 -0.0000
vn -0.2671 -0.0000 -0.9637
vn -0.0000 -0.0000 1.0000
vn 1.0000 -0.0000 -0.0000
vn -0.0000 -0.0000 -1.0000
vn -1.0000 -0.0000 -0.0000
vn -0.0000 0.9618 0.2736
vn -0.0000 0.9542 -0.2991
vn -0.0000 -0.5630 0.8264
vn 0.4986 -0.8668 -0.0000
vn -0.0000 -0.5630 -0.8264
vn -0.4986 -0.8668 -0.0000
vt 0.579424 0.076016
vt 0.625000 0.077033
vt 0.625000 0.172967
vt 0.579424 0.173984
vt 0.579424 0.250000
vt 0.625000 0.252594
vt 0.625000 0.497406
vt 0.579424 0.500000
vt 0.579424 0.576017
vt 0.625000 0.577033
vt 0.625000 0.672967
vt 0.579424 0.673983
vt 0.579424 0.750000
vt 0.625000 0.752594
vt 0.625000 0.997406
vt 0.579424 1.000000
vt 0.126153 0.576468
vt 0.373847 0.576468
vt 0.373847 0.673532
vt 0.126153 0.673532
vt 0.627594 0.577033
vt 0.872406 0.577033
vt 0.872406 0.672967
vt 0.627594 0.672967
vt -0.006531 0.916508
vt -0.062406 0.945008
vt -0.253042 1.132158
vt -0.220128 1.117387
vt -0.187213 1.102615
vt 1.238369 0.470279
vt 1.304189 0.440737
vt 1.195901 0.294762
vt 1.140017 0.323263
vt -0.005983 -0.014837
vt 1.005982 -0.014837
vt 1.005982 0.265619
vt -0.005983 0.265619
vt -0.005982 0.235162
vt 1.005983 0.235163
vt 1.005983 0.375391
vt 1.005983 0.515619
vt -0.005982 0.515619
vt 0.451217 0.119018
vt 0.479804 0.119018
vt 0.508391 0.119018
vt 0.508392 1.130982
vt 0.451217 1.130982
vt 0.451217 0.735162
vt 0.508392 0.735163
vt 0.508392 1.015619
vt 0.479804 1.015619
vt 0.451217 1.015619
vt 0.451217 0.875391
vt 0.201217 0.119018
vt 0.258392 0.119018
vt 0.258392 1.130982
vt 0.201217 1.130982
vt 0.701217 0.484381
vt 0.758392 0.484381
vt 0.758392 0.764838
vt 0.701217 0.764837
vt 0.282733 0.139265
vt 0.500971 0.139266
vt 0.500971 0.193914
vt 0.282733 0.193914
vt 0.282733 0.382987
vt 0.500971 0.382987
vt 0.500971 0.414411
vt 0.282733 0.414411
vt 0.282733 0.556086
vt 0.500971 0.556086
vt 0.500971 0.610734
vt 0.282733 0.610735
vt 0.282733 0.835589
vt 0.500971 0.835589
vt 0.500971 0.867013
vt 0.282733 0.867013
vt 0.257987 0.556086
vt 0.289411 0.556086
vt 0.289411 0.610734
vt 0.257987 0.610734
vt 0.710589 0.556086
vt 0.742013 0.556086
vt 0.742013 0.610734
vt 0.710589 0.610735
vt 0.282733 -0.075626
vt 0.500970 -0.075626
vt 0.500971 -0.020978
vt 0.282733 -0.020978
vt 0.282733 0.770977
vt 0.500971 0.770977
vt 0.500971 0.825626
vt 0.282733 0.825626
vt 0.257987 0.770978
vt 0.289411 0.770978
vt 0.289411 0.825627
vt 0.257987 0.825627
vt 0.710588 0.770977
vt 0.742013 0.770977
vt 0.742013 0.825626
vt 0.710588 0.825626
vt 0.497667 0.287854
vt 0.516972 0.287854
vt 0.505779 0.323559
vt 0.497668 0.323559
vt 0.497667 0.356096
vt 0.505779 0.356096
vt 0.505779 0.393903
vt 0.497667 0.393903
vt 0.497667 0.778072
vt 0.516972 0.778071
vt 0.505779 0.817415
vt 0.497667 0.817416
vt 0.497667 0.856097
vt 0.505779 0.856097
vt 0.505779 0.893903
vt 0.497667 0.893903
vt 0.231097 0.778071
vt 0.268903 0.778072
vt 0.268903 0.817415
vt 0.231097 0.817415
vt 0.731097 0.711761
vt 0.768903 0.711761
vt 0.768903 0.734398
vt 0.731097 0.734398
vt 0.731097 0.509458
vt 0.768903 0.509458
vt 0.768904 0.529999
vt 0.731097 0.529999
vt 0.731097 0.462146
vt 0.768903 0.462146
vt 0.768903 0.778071
vt 0.731097 0.778071
vt 0.231097 0.426441
vt 0.268903 0.426441
vt 0.268903 0.462146
vt 0.231097 0.462146
vt 0.231096 0.462146
vt 0.268903 0.462146
vt 0.268903 0.778071
vt 0.231097 0.778071
vt 0.497667 0.426440
vt 0.505779 0.426441
vt 0.516972 0.462146
vt 0.497667 0.462146
vt 0.497667 0.462146
vt 0.516972 0.462146
vt 0.516972 0.778072
vt 0.497667 0.778072
vt 0.497667 -0.067415
vt 0.505779 -0.067415
vt 0.516972 -0.028071
vt 0.497667 -0.028071
vt 0.497667 -0.028071
vt 0.516972 -0.028071
vt 0.516972 0.287854
vt 0.497667 0.287854
vt 0.491640 0.085177
vt 0.505455 0.085178
vt 0.505455 0.162584
vt 0.491640 0.162584
vt 0.491640 -0.573109
vt 0.505455 -0.573109
vt 0.505455 0.384470
vt 0.491640 0.384470
vt 0.491640 0.587416
vt 0.505455 0.587416
vt 0.505455 0.664823
vt 0.491640 0.664823
vt 0.491639 0.865530
vt 0.505455 0.865530
vt 0.505455 1.823107
vt 0.491639 1.823107
vt -0.698108 0.587415
vt 0.259469 0.587416
vt 0.259470 0.664823
vt -0.698109 0.664822
vt 0.740530 0.587416
vt 1.698107 0.587416
vt 1.698107 0.664821
vt 0.740531 0.664822
vt 0.282732 -0.585630
vt 0.500970 -0.585629
vt 0.500971 -0.554208
vt 0.282731 -0.554210
vt 0.282734 1.804209
vt 0.500971 1.804204
vt 0.500971 1.835628
vt 0.282735 1.835632
vt -0.710628 0.556087
vt -0.679203 0.556087
vt -0.679203 0.610734
vt -0.710628 0.610734
vt 1.679202 0.556084
vt 1.710626 0.556083
vt 1.710626 0.610732
vt 1.679201 0.610732
vt -0.710628 0.770979
vt -0.679203 0.770979
vt -0.679203 0.825628
vt -0.710628 0.825628
vt 1.679205 0.770976
vt 1.710630 0.770976
vt 1.710629 0.825626
vt 1.679204 0.825626
vt 0.497665 -0.612518
vt 0.505777 -0.612518
vt 0.505777 -0.574712
vt 0.497665 -0.574712
vt 0.497669 1.824713
vt 0.505780 1.824713
vt 0.505780 1.862519
vt 0.497669 1.862519
vt -0.737519 0.778073
vt -0.699713 0.778074
vt -0.699713 0.817418
vt -0.737519 0.817417
vt 1.699709 0.711763
vt 1.737514 0.711762
vt 1.737514 0.734399
vt 1.699708 0.734399
vt 1.699710 0.509459
vt 1.737514 0.509459
vt 1.737514 0.529999
vt 1.699712 0.530001
vt 1.699711 0.462151
vt 1.737516 0.462149
vt 1.737517 0.778073
vt 1.699712 0.778073
vt -0.737571 0.426449
vt -0.699764 0.426450
vt -0.699741 0.462154
vt -0.737547 0.462153
vt -0.737521 0.462148
vt -0.699715 0.462146
vt -0.699710 0.778075
vt -0.737518 0.778076
vt 0.375000 0.751153
vt 0.422324 0.750000
vt 0.422324 1.000000
vt 0.375000 0.998847
vt 0.579424 0.750000
vt 0.579424 1.000000
vt 0.422324 1.000000
vt 0.375000 0.576468
vt 0.422324 0.576016
vt 0.422324 0.673983
vt 0.375000 0.673532
vt 0.422324 0.576016
vt 0.579424 0.576016
vt 0.579424 0.673983
vt 0.422324 0.673983
vt 0.375000 0.251153
vt 0.422324 0.250000
vt 0.422324 0.500000
vt 0.375000 0.498847
vt 0.579424 0.250000
vt 0.579424 0.500000
vt 0.422324 0.500000
vt 0.375000 0.076468
vt 0.422324 0.076016
vt 0.422324 0.173984
vt 0.375000 0.173532
vt 0.422324 0.076016
vt 0.579424 0.173984
vt 0.422324 0.173984
vt -2.144061 -0.474657
vt 3.043936 -0.474657
vt 3.043935 1.393779
vt -2.144061 1.393779
s 0
usemtl table
f 1854/4583/69 1766/4584/69 1768/4585/69 1855/4586/69
f 1855/4587/70 1768/4588/70 1772/4589/70 1857/4590/70
f 1857/4591/71 1772/4592/71 1770/4593/71 1859/4594/71
f 1859/4595/72 1770/4596/72 1766/4597/72 1854/4598/72
f 1767/4599/73 1771/4600/73 1769/4601/73 1765/4602/73
f 1772/4603/74 1768/4604/74 1766/4605/74 1770/4606/74
f 1775/4607/75 1773/4608/75 1774/4609/75 1861/4610/75 1776/4611/75 1778/4612/75 1780/4613/75 1779/4614/75 1777/4615/75
f 1773/4616/74 1777/4617/74 1779/4618/74 1775/4619/74
f 1778/4620/73 1774/4621/73 1861/4622/73 1776/4623/73 1780/4624/73
f 1776/4625/76 1862/4626/76 1775/4627/76 1779/4628/76 1780/4629/76
f 1774/4630/77 1773/4631/77 1775/4632/77 1862/4633/77 1776/4634/77 1861/4635/77
f 1778/4636/78 1777/4637/78 1773/4638/78 1774/4639/78
f 1780/4640/79 1779/4641/79 1777/4642/79 1778/4643/79
f 1781/4644/79 1782/4645/79 1784/4646/79 1783/4647/79
f 1783/4648/78 1784/4649/78 1788/4650/78 1787/4651/78
f 1787/4652/77 1788/4653/77 1786/4654/77 1785/4655/77
f 1785/4656/76 1786/4657/76 1782/4658/76 1781/4659/76
f 1783/4660/73 1787/4661/73 1785/4662/73 1781/4663/73
f 1788/4664/74 1784/4665/74 1782/4666/74 1786/4667/74
f 1789/4668/79 1790/4669/79 1792/4670/79 1791/4671/79
f 1791/4648/78 1792/4649/78 1796/4650/78 1795/4651/78
f 1795/4672/77 1796/4673/77 1794/4674/77 1793/4675/77
f 1793/4656/76 1794/4657/76 1790/4658/76 1789/4659/76
f 1791/4676/73 1795/4677/73 1793/4678/73 1789/4679/73
f 1796/4680/74 1792/4681/74 1790/4682/74 1794/4683/74
f 1805/4684/79 1808/4685/79 1800/4686/79 1799/4687/79
f 1799/4688/78 1800/4689/78 1804/4690/78 1803/4691/78
f 1809/4692/77 1812/4693/77 1802/4694/77 1801/4695/77
f 1801/4696/76 1802/4697/76 1798/4698/76 1797/4699/76
f 1806/4700/73 1809/4701/73 1801/4702/73 1797/4703/73
f 1812/4704/80 1807/4705/80 1798/4706/80 1802/4707/80
f 1804/4708/81 1800/4709/81 1808/4710/81 1811/4711/81
f 1811/4712/74 1808/4713/74 1807/4714/74 1812/4715/74
f 1799/4716/73 1803/4717/73 1810/4718/73 1805/4719/73
f 1805/4720/73 1810/4721/73 1809/4722/73 1806/4723/73
f 1803/4724/77 1804/4725/77 1811/4726/77 1810/4727/77
f 1810/4728/77 1811/4729/77 1812/4730/77 1809/4731/77
f 1797/4732/79 1798/4733/79 1807/4734/79 1806/4735/79
f 1806/4736/79 1807/4737/79 1808/4738/79 1805/4739/79
f 1813/4740/79 1814/4741/79 1816/4742/79 1815/4743/79
f 1815/4744/78 1816/4745/78 1820/4746/78 1819/4747/78
f 1819/4748/77 1820/4749/77 1818/4750/77 1817/4751/77
f 1817/4752/76 1818/4753/76 1814/4754/76 1813/4755/76
f 1815/4756/73 1819/4757/73 1817/4758/73 1813/4759/73
f 1820/4760/74 1816/4761/74 1814/4762/74 1818/4763/74
f 1821/4644/79 1822/4645/79 1824/4646/79 1823/4647/79
f 1823/4764/78 1824/4765/78 1828/4766/78 1827/4767/78
f 1827/4652/77 1828/4653/77 1826/4654/77 1825/4655/77
f 1825/4768/76 1826/4769/76 1822/4770/76 1821/4771/76
f 1823/4772/73 1827/4773/73 1825/4774/73 1821/4775/73
f 1828/4776/74 1824/4777/74 1822/4778/74 1826/4779/74
f 1829/4668/79 1830/4669/79 1832/4670/79 1831/4671/79
f 1831/4764/78 1832/4765/78 1836/4766/78 1835/4767/78
f 1835/4672/77 1836/4673/77 1834/4674/77 1833/4675/77
f 1833/4768/76 1834/4769/76 1830/4770/76 1829/4771/76
f 1831/4780/73 1835/4781/73 1833/4782/73 1829/4783/73
f 1836/4784/74 1832/4785/74 1830/4786/74 1834/4787/74
f 1845/4684/79 1848/4685/79 1840/4686/79 1839/4687/79
f 1839/4788/78 1840/4789/78 1844/4790/78 1843/4791/78
f 1849/4692/77 1852/4693/77 1842/4694/77 1841/4695/77
f 1841/4792/76 1842/4793/76 1838/4794/76 1837/4795/76
f 1846/4796/73 1849/4797/73 1841/4798/73 1837/4799/73
f 1852/4800/80 1847/4801/80 1838/4802/80 1842/4803/80
f 1844/4804/81 1840/4805/81 1848/4806/81 1851/4807/81
f 1851/4808/74 1848/4809/74 1847/4810/74 1852/4811/74
f 1839/4812/73 1843/4813/73 1850/4814/73 1845/4815/73
f 1845/4816/73 1850/4817/73 1849/4818/73 1846/4819/73
f 1843/4724/77 1844/4725/77 1851/4726/77 1850/4727/77
f 1850/4728/77 1851/4729/77 1852/4730/77 1849/4731/77
f 1837/4732/79 1838/4733/79 1847/4734/79 1846/4735/79
f 1846/4736/79 1847/4737/79 1848/4738/79 1845/4739/79
f 1769/4820/82 1860/4821/82 1853/4822/82 1765/4823/82
f 1860/4821/76 1859/4824/76 1854/4825/76 1853/4826/76
f 1771/4827/83 1858/4828/83 1860/4829/83 1769/4830/83
f 1858/4831/77 1857/4832/77 1859/4833/77 1860/4834/77
f 1767/4835/84 1856/4836/84 1858/4837/84 1771/4838/84
f 1856/4836/78 1855/4839/78 1857/4840/78 1858/4841/78
f 1765/4842/85 1853/4843/85 1856/4844/85 1767/4845/85
f 1853/4846/79 1854/4583/79 1855/4847/79 1856/4848/79
usemtl carpet
f 1863/4849/74 1864/4850/74 1866/4851/74 1865/4852/74
o fruit_basket
v 27.154800 3.089675 11.757064
v 27.154797 3.675158 11.510404
v 27.268597 3.089675 11.775087
v 27.344816 3.675158 11.540500
v 27.371254 3.089675 11.827394
v 27.516233 3.675158 11.627842
v 27.452724 3.089675 11.908864
v 27.652271 3.675158 11.763881
v 27.505030 3.089675 12.011521
v 27.739614 3.675158 11.935299
v 27.523054 3.089675 12.125318
v 27.769711 3.675158 12.125318
v 27.505030 3.089675 12.239114
v 27.739614 3.675158 12.315336
v 27.452724 3.089675 12.341771
v 27.652271 3.675158 12.486754
v 27.371254 3.089675 12.423241
v 27.516233 3.675158 12.622793
v 27.268597 3.089675 12.475548
v 27.344816 3.675158 12.710135
v 27.154800 3.089675 12.493571
v 27.154797 3.675158 12.740232
v 27.041004 3.089675 12.475548
v 26.964777 3.675158 12.710135
v 26.938347 3.089675 12.423241
v 26.793360 3.675158 12.622793
v 26.856876 3.089675 12.341771
v 26.657322 3.675158 12.486754
v 26.804571 3.089675 12.239114
v 26.569979 3.675158 12.315336
v 26.786547 3.089675 12.125318
v 26.539883 3.675158 12.125318
v 26.804571 3.089675 12.011521
v 26.569979 3.675158 11.935299
v 26.856876 3.089675 11.908864
v 26.657322 3.675158 11.763881
v 26.938347 3.089675 11.827394
v 26.793360 3.675158 11.627842
v 27.041004 3.089675 11.775087
v 26.964777 3.675158 11.540500
v 27.154804 3.266212 11.979093
v 27.199989 3.266212 11.986250
v 27.240753 3.266212 12.007019
v 27.273102 3.266212 12.039370
v 27.293873 3.266212 12.080132
v 27.301029 3.266212 12.125319
v 27.293873 3.266212 12.170505
v 27.273102 3.266212 12.211267
v 27.240753 3.266212 12.243617
v 27.199989 3.266212 12.264387
v 27.154804 3.266212 12.271544
v 27.109617 3.266212 12.264387
v 27.068855 3.266212 12.243617
v 27.036505 3.266212 12.211267
v 27.015736 3.266212 12.170505
v 27.008577 3.266212 12.125319
v 27.015736 3.266212 12.080132
v 27.036505 3.266212 12.039370
v 27.068855 3.266212 12.007019
v 27.109617 3.266212 11.986250
v 27.154804 3.311816 11.979093
v 27.199989 3.311816 11.986250
v 27.240753 3.311816 12.007019
v 27.273102 3.311816 12.039370
v 27.293873 3.311816 12.080132
v 27.301029 3.311816 12.125319
v 27.293873 3.311816 12.170505
v 27.273102 3.311816 12.211267
v 27.240753 3.311816 12.243617
v 27.199989 3.311816 12.264387
v 27.154804 3.311816 12.271544
v 27.109617 3.311816 12.264387
v 27.068855 3.311816 12.243617
v 27.036505 3.311816 12.211267
v 27.015736 3.311816 12.170505
v 27.008577 3.311816 12.125319
v 27.015736 3.311816 12.080132
v 27.036505 3.311816 12.039370
v 27.068855 3.311816 12.007019
v 27.109617 3.311816 11.986250
v 27.154800 3.095264 11.774608
v 27.154797 3.689710 11.521685
v 27.263176 3.095264 11.791773
v 27.341330 3.689710 11.551229
v 27.360943 3.095264 11.841588
v 27.509604 3.689710 11.636969
v 27.438530 3.095264 11.919176
v 27.643145 3.689710 11.770512
v 27.488344 3.095264 12.016942
v 27.728886 3.689710 11.938785
v 27.505510 3.095264 12.125318
v 27.758429 3.689710 12.125318
v 27.488344 3.095264 12.233693
v 27.728886 3.689710 12.311851
v 27.438530 3.095264 12.331459
v 27.643145 3.689710 12.480124
v 27.360943 3.095264 12.409047
v 27.509604 3.689710 12.613667
v 27.263176 3.095264 12.458862
v 27.341330 3.689710 12.699406
v 27.154800 3.095264 12.476027
v 27.154797 3.689710 12.728950
v 27.046425 3.095264 12.458862
v 26.968264 3.689710 12.699407
v 26.948658 3.095264 12.409047
v 26.799990 3.689710 12.613667
v 26.871071 3.095264 12.331459
v 26.666449 3.689710 12.480124
v 26.821257 3.095264 12.233693
v 26.580708 3.689710 12.311851
v 26.804090 3.095264 12.125318
v 26.551165 3.689710 12.125318
v 26.821257 3.095264 12.016942
v 26.580708 3.689710 11.938785
v 26.871071 3.095264 11.919176
v 26.666449 3.689710 11.770512
v 26.948658 3.095264 11.841588
v 26.799990 3.689710 11.636969
v 27.046425 3.095264 11.791773
v 26.968264 3.689710 11.551229
v 27.154804 3.257882 11.995513
v 27.194916 3.257882 12.001866
v 27.231102 3.257882 12.020304
v 27.259819 3.257882 12.049021
v 27.278255 3.257882 12.085206
v 27.284609 3.257882 12.125319
v 27.278255 3.257882 12.165430
v 27.259819 3.257882 12.201616
v 27.231102 3.257882 12.230333
v 27.194916 3.257882 12.248771
v 27.154804 3.257882 12.255123
v 27.114693 3.257882 12.248771
v 27.078506 3.257882 12.230333
v 27.049789 3.257882 12.201616
v 27.031351 3.257882 12.165430
v 27.025000 3.257882 12.125319
v 27.031351 3.257882 12.085206
v 27.049789 3.257882 12.049021
v 27.078506 3.257882 12.020304
v 27.114693 3.257882 12.001866
v 27.154804 3.311242 11.997497
v 27.194304 3.311242 12.003753
v 27.229935 3.311242 12.021909
v 27.258213 3.311242 12.050186
v 27.276369 3.311242 12.085819
v 27.282625 3.311242 12.125319
v 27.276369 3.311242 12.164818
v 27.258213 3.311242 12.200450
v 27.229935 3.311242 12.228728
v 27.194304 3.311242 12.246884
v 27.154804 3.311242 12.253140
v 27.115305 3.311242 12.246884
v 27.079672 3.311242 12.228728
v 27.051394 3.311242 12.200450
v 27.033237 3.311242 12.164818
v 27.026981 3.311242 12.125319
v 27.033237 3.311242 12.085819
v 27.051394 3.311242 12.050186
v 27.079672 3.311242 12.021909
v 27.115305 3.311242 12.003753
vn 0.0966 -0.7866 -0.6098
vn 0.2803 -0.7866 -0.5501
vn 0.4366 -0.7866 -0.4366
vn 0.5501 -0.7866 -0.2803
vn 0.6098 -0.7866 -0.0966
vn 0.6098 -0.7866 0.0966
vn 0.5501 -0.7866 0.2803
vn 0.4366 -0.7866 0.4366
vn 0.2803 -0.7866 0.5501
vn 0.0966 -0.7866 0.6098
vn -0.0966 -0.7866 0.6098
vn -0.2803 -0.7866 0.5501
vn -0.4366 -0.7866 0.4366
vn -0.5501 -0.7866 0.2803
vn -0.6098 -0.7866 0.0966
vn -0.6098 -0.7866 -0.0966
vn -0.5501 -0.7866 -0.2803
vn -0.4366 -0.7866 -0.4366
vn -0.0000 1.0000 -0.0000
vn -0.2803 -0.7866 -0.5501
vn -0.0966 -0.7866 -0.6098
vn -0.0000 -1.0000 -0.0000
vn -0.0981 0.7790 -0.6194
vn -0.2847 0.7790 -0.5587
vn -0.4434 0.7790 -0.4434
vn -0.5587 0.7790 -0.2847
vn -0.6194 0.7790 -0.0981
vn -0.6194 0.7790 0.0981
vn -0.5587 0.7790 0.2847
vn -0.4434 0.7790 0.4434
vn -0.2847 0.7790 0.5587
vn -0.0981 0.7790 0.6194
vn 0.0981 0.7790 0.6194
vn 0.2847 0.7790 0.5587
vn 0.4434 0.7790 0.4434
vn 0.5587 0.7790 0.2847
vn 0.6194 0.7790 0.0981
vn 0.6194 0.7790 -0.0981
vn 0.5587 0.7790 -0.2847
vn 0.4434 0.7790 -0.4434
vn 0.2847 0.7790 -0.5587
vn 0.0981 0.7790 -0.6194
vn -0.1564 -0.0000 -0.9877
vn -0.4540 -0.0000 -0.8910
vn -0.7071 -0.0000 -0.7071
vn -0.8910 -0.0000 -0.4540
vn -0.9877 -0.0000 -0.1564
vn -0.9877 -0.0000 0.1564
vn -0.8910 -0.0000 0.4540
vn -0.7071 -0.0000 0.7071
vn -0.4540 -0.0000 0.8910
vn -0.1564 -0.0000 0.9877
vn 0.1564 -0.0000 0.9877
vn 0.4540 -0.0000 0.8910
vn 0.7071 -0.0000 0.7071
vn 0.8910 -0.0000 0.4540
vn 0.9877 -0.0000 0.1564
vn 0.9877 -0.0000 -0.1564
vn 0.8910 -0.0000 -0.4540
vn 0.7071 -0.0000 -0.7071
vn 0.4540 -0.0000 -0.8910
vn 0.1564 -0.0000 -0.9877
vn -0.0981 0.7788 0.6195
vn -0.2848 0.7788 0.5589
vn -0.4435 0.7788 0.4435
vn -0.5589 0.7788 0.2848
vn -0.6195 0.7788 0.0981
vn -0.6195 0.7788 -0.0981
vn -0.5589 0.7788 -0.2848
vn -0.4435 0.7788 -0.4435
vn -0.2848 0.7788 -0.5589
vn -0.0981 0.7788 -0.6195
vn 0.0981 0.7788 -0.6195
vn 0.2848 0.7788 -0.5589
vn 0.4435 0.7788 -0.4435
vn 0.5589 0.7788 -0.2848
vn 0.6195 0.7788 -0.0981
vn 0.6195 0.7788 0.0981
vn 0.5589 0.7788 0.2848
vn 0.4435 0.7788 0.4435
vn 0.2848 0.7788 0.5589
vn 0.0981 0.7788 0.6195
vn 0.0935 -0.8018 0.5902
vn 0.2713 -0.8018 0.5325
vn 0.4226 -0.8018 0.4226
vn 0.5325 -0.8018 0.2713
vn 0.5902 -0.8018 0.0935
vn 0.5902 -0.8018 -0.0935
vn 0.5325 -0.8018 -0.2713
vn 0.4226 -0.8018 -0.4226
vn 0.2713 -0.8018 -0.5325
vn 0.0935 -0.8018 -0.5902
vn -0.0935 -0.8018 -0.5902
vn -0.2713 -0.8018 -0.5325
vn -0.4226 -0.8018 -0.4226
vn -0.5325 -0.8018 -0.2713
vn -0.5902 -0.8018 -0.0935
vn -0.5902 -0.8018 0.0935
vn -0.5325 -0.8018 0.2713
vn -0.4226 -0.8018 0.4226
vn -0.2713 -0.8018 0.5325
vn -0.0935 -0.8018 0.5902
vn 0.1563 -0.0367 0.9870
vn 0.4537 -0.0367 0.8904
vn 0.7066 -0.0367 0.7066
vn 0.8904 -0.0367 0.4537
vn 0.9870 -0.0367 0.1563
vn 0.9870 -0.0367 -0.1563
vn 0.8904 -0.0367 -0.4537
vn 0.7066 -0.0367 -0.7066
vn 0.4537 -0.0367 -0.8904
vn 0.1563 -0.0367 -0.9870
vn -0.1563 -0.0367 -0.9870
vn -0.4537 -0.0367 -0.8904
vn -0.7066 -0.0367 -0.7066
vn -0.8904 -0.0367 -0.4537
vn -0.9870 -0.0367 -0.1563
vn -0.9870 -0.0367 0.1563
vn -0.8904 -0.0367 0.4537
vn -0.7066 -0.0367 0.7066
vn -0.4537 -0.0367 0.8904
vn -0.1563 -0.0367 0.9870
vn 0.1242 0.6079 -0.7842
vn 0.3605 0.6079 -0.7074
vn 0.5614 0.6079 -0.5614
vn 0.7074 0.6079 -0.3605
vn 0.7842 0.6079 -0.1242
vn 0.7842 0.6079 0.1242
vn 0.7074 0.6079 0.3605
vn 0.5614 0.6079 0.5614
vn 0.3605 0.6079 0.7074
vn 0.1242 0.6079 0.7842
vn -0.1242 0.6079 0.7842
vn -0.3605 0.6079 0.7074
vn -0.5614 0.6079 0.5614
vn -0.7074 0.6079 0.3605
vn -0.7842 0.6079 0.1242
vn -0.7842 0.6079 -0.1242
vn -0.7074 0.6079 -0.3605
vn -0.5614 0.6079 -0.5614
vn -0.3605 0.6079 -0.7074
vn -0.1242 0.6079 -0.7842
vt 0.984925 0.655048
vt 1.016747 0.993423
vt 0.933256 0.993423
vt 0.965071 0.655048
vt 0.934925 0.655048
vt 0.966747 0.993422
vt 0.883256 0.993422
vt 0.915072 0.655048
vt 0.884926 0.655048
vt 0.916746 0.993422
vt 0.833256 0.993422
vt 0.865072 0.655048
vt 0.834926 0.655048
vt 0.866746 0.993421
vt 0.783255 0.993421
vt 0.815072 0.655048
vt 0.784926 0.655048
vt 0.816746 0.993421
vt 0.733255 0.993421
vt 0.765072 0.655048
vt 0.734927 0.655048
vt 0.766745 0.993421
vt 0.683254 0.993421
vt 0.715073 0.655048
vt 0.684927 0.655048
vt 0.716745 0.993421
vt 0.633254 0.993421
vt 0.665073 0.655047
vt 0.634928 0.655048
vt 0.666744 0.993421
vt 0.583253 0.993421
vt 0.615074 0.655048
vt 0.584928 0.655048
vt 0.616744 0.993422
vt 0.533253 0.993422
vt 0.565074 0.655048
vt 0.534928 0.655048
vt 0.566744 0.993423
vt 0.483253 0.993423
vt 0.515074 0.655048
vt 0.484928 0.655048
vt 0.516744 0.993423
vt 0.433253 0.993423
vt 0.465074 0.655048
vt 0.434928 0.655048
vt 0.466744 0.993424
vt 0.383253 0.993424
vt 0.415074 0.655048
vt 0.384928 0.655048
vt 0.416744 0.993424
vt 0.333253 0.993425
vt 0.365074 0.655048
vt 0.334928 0.655048
vt 0.366744 0.993425
vt 0.283254 0.993425
vt 0.315074 0.655048
vt 0.284927 0.655048
vt 0.316745 0.993425
vt 0.233254 0.993425
vt 0.265073 0.655048
vt 0.234927 0.655048
vt 0.266745 0.993425
vt 0.183255 0.993425
vt 0.215073 0.655048
vt 0.184926 0.655048
vt 0.216746 0.993425
vt 0.133255 0.993425
vt 0.165073 0.655048
vt 0.134926 0.655048
vt 0.166746 0.993425
vt 0.083256 0.993425
vt 0.115072 0.655048
vt 0.000000 0.000000
vt 0.084926 0.655048
vt 0.116747 0.993424
vt 0.033256 0.993425
vt 0.065072 0.655048
vt 0.034925 0.655048
vt 0.066747 0.993424
vt -0.016744 0.993424
vt 0.015071 0.655048
vt 0.750000 0.490000
vt 0.824164 0.478254
vt 0.891068 0.444164
vt 0.944164 0.391068
vt 0.978254 0.324164
vt 0.990000 0.250000
vt 0.978254 0.175836
vt 0.944164 0.108932
vt 0.891068 0.055836
vt 0.824164 0.021746
vt 0.750000 0.010000
vt 0.675836 0.021746
vt 0.608932 0.055836
vt 0.555836 0.108932
vt 0.521746 0.175836
vt 0.510000 0.250000
vt 0.521746 0.324164
vt 0.555836 0.391068
vt 0.608932 0.444164
vt 0.675836 0.478254
vt 0.050000 0.500000
vt 0.034925 0.638033
vt 0.015071 0.638033
vt -0.000000 0.500000
vt 0.100000 0.500000
vt 0.084926 0.638034
vt 0.065072 0.638034
vt 0.150000 0.500000
vt 0.134926 0.638034
vt 0.115072 0.638034
vt 0.200000 0.500000
vt 0.184926 0.638034
vt 0.165073 0.638034
vt 0.250000 0.500000
vt 0.234927 0.638034
vt 0.215073 0.638034
vt 0.300000 0.500000
vt 0.284927 0.638034
vt 0.265073 0.638034
vt 0.350000 0.500000
vt 0.334928 0.638034
vt 0.315074 0.638034
vt 0.400000 0.500000
vt 0.384928 0.638034
vt 0.365074 0.638034
vt 0.450000 0.500000
vt 0.434928 0.638033
vt 0.415074 0.638033
vt 0.500000 0.500000
vt 0.484928 0.638033
vt 0.465074 0.638033
vt 0.550000 0.500000
vt 0.534928 0.638033
vt 0.515074 0.638033
vt 0.600000 0.500000
vt 0.584928 0.638033
vt 0.565074 0.638033
vt 0.650000 0.500000
vt 0.634928 0.638033
vt 0.615074 0.638033
vt 0.700000 0.500000
vt 0.684927 0.638033
vt 0.665073 0.638033
vt 0.750000 0.500000
vt 0.734927 0.638033
vt 0.715073 0.638033
vt 0.800000 0.500000
vt 0.784926 0.638033
vt 0.765072 0.638033
vt 0.850000 0.500000
vt 0.834926 0.638033
vt 0.815072 0.638033
vt 0.900000 0.500000
vt 0.884926 0.638033
vt 0.865072 0.638033
vt 0.950000 0.500000
vt 0.934925 0.638033
vt 0.915071 0.638033
vt 1.000000 0.500000
vt 0.984925 0.638033
vt 0.965071 0.638033
vt 0.034925 0.619848
vt 0.034925 0.650807
vt 0.015071 0.650807
vt 0.015071 0.619848
vt 0.084926 0.619848
vt 0.084926 0.650807
vt 0.065072 0.650807
vt 0.065072 0.619848
vt 0.134926 0.619848
vt 0.134926 0.650807
vt 0.115072 0.650807
vt 0.115072 0.619848
vt 0.184926 0.619848
vt 0.184926 0.650807
vt 0.165073 0.650807
vt 0.165072 0.619848
vt 0.234927 0.619848
vt 0.234927 0.650807
vt 0.215073 0.650807
vt 0.215073 0.619848
vt 0.284927 0.619848
vt 0.284927 0.650807
vt 0.265073 0.650807
vt 0.265074 0.619848
vt 0.334928 0.619848
vt 0.334928 0.650807
vt 0.315074 0.650807
vt 0.315074 0.619848
vt 0.384928 0.619848
vt 0.384928 0.650807
vt 0.365074 0.650807
vt 0.365074 0.619848
vt 0.434929 0.619848
vt 0.434928 0.650807
vt 0.415074 0.650807
vt 0.415075 0.619848
vt 0.484928 0.619848
vt 0.484928 0.650807
vt 0.465074 0.650807
vt 0.465074 0.619848
vt 0.534928 0.619848
vt 0.534928 0.650807
vt 0.515074 0.650807
vt 0.515074 0.619848
vt 0.584928 0.619848
vt 0.584928 0.650807
vt 0.565074 0.650807
vt 0.565074 0.619848
vt 0.634928 0.619848
vt 0.634928 0.650807
vt 0.615074 0.650807
vt 0.615074 0.619848
vt 0.684927 0.619848
vt 0.684927 0.650807
vt 0.665073 0.650807
vt 0.665073 0.619848
vt 0.734927 0.619848
vt 0.734927 0.650807
vt 0.715073 0.650807
vt 0.715073 0.619848
vt 0.784927 0.619848
vt 0.784926 0.650807
vt 0.765072 0.650807
vt 0.765073 0.619848
vt 0.834926 0.619848
vt 0.834926 0.650807
vt 0.815072 0.650807
vt 0.815072 0.619848
vt 0.884926 0.619848
vt 0.884926 0.650807
vt 0.865072 0.650807
vt 0.865072 0.619848
vt 0.934926 0.619848
vt 0.934926 0.650807
vt 0.915072 0.650807
vt 0.915071 0.619848
vt 0.984925 0.619848
vt 0.984925 0.650807
vt 0.965072 0.650807
vt 0.965072 0.619848
s 0
f 1927/4853/86 1868/4854/86 1870/4855/86 1928/4856/86
f 1928/4857/87 1870/4858/87 1872/4859/87 1929/4860/87
f 1929/4861/88 1872/4862/88 1874/4863/88 1930/4864/88
f 1930/4865/89 1874/4866/89 1876/4867/89 1931/4868/89
f 1931/4869/90 1876/4870/90 1878/4871/90 1932/4872/90
f 1932/4873/91 1878/4874/91 1880/4875/91 1933/4876/91
f 1933/4877/92 1880/4878/92 1882/4879/92 1934/4880/92
f 1934/4881/93 1882/4882/93 1884/4883/93 1935/4884/93
f 1935/4885/94 1884/4886/94 1886/4887/94 1936/4888/94
f 1936/4889/95 1886/4890/95 1888/4891/95 1937/4892/95
f 1937/4893/96 1888/4894/96 1890/4895/96 1938/4896/96
f 1938/4897/97 1890/4898/97 1892/4899/97 1939/4900/97
f 1939/4901/98 1892/4902/98 1894/4903/98 1940/4904/98
f 1940/4905/99 1894/4906/99 1896/4907/99 1941/4908/99
f 1941/4909/100 1896/4910/100 1898/4911/100 1942/4912/100
f 1942/4913/101 1898/4914/101 1900/4915/101 1943/4916/101
f 1943/4917/102 1900/4918/102 1902/4919/102 1944/4920/102
f 1944/4921/103 1902/4922/103 1904/4923/103 1945/4924/103
f 1946/4925/104 1945/4925/104 1944/4925/104 1943/4925/104 1942/4925/104 1941/4925/104 1940/4925/104 1939/4925/104 1938/4925/104 1937/4925/104 1936/4925/104 1935/4925/104 1934/4925/104 1933/4925/104 1932/4925/104 1931/4925/104 1930/4925/104 1929/4925/104 1928/4925/104 1927/4925/104
f 1945/4926/105 1904/4927/105 1906/4928/105 1946/4929/105
f 1946/4930/106 1906/4931/106 1868/4932/106 1927/4933/106
f 1867/4934/107 1869/4935/107 1871/4936/107 1873/4937/107 1875/4938/107 1877/4939/107 1879/4940/107 1881/4941/107 1883/4942/107 1885/4943/107 1887/4944/107 1889/4945/107 1891/4946/107 1893/4947/107 1895/4948/107 1897/4949/107 1899/4950/107 1901/4951/107 1903/4952/107 1905/4953/107
f 1905/4954/108 1926/4955/108 1907/4956/108 1867/4957/108
f 1903/4958/109 1925/4959/109 1926/4960/109 1905/4954/109
f 1901/4961/110 1924/4962/110 1925/4963/110 1903/4958/110
f 1899/4964/111 1923/4965/111 1924/4966/111 1901/4961/111
f 1897/4967/112 1922/4968/112 1923/4969/112 1899/4964/112
f 1895/4970/113 1921/4971/113 1922/4972/113 1897/4967/113
f 1893/4973/114 1920/4974/114 1921/4975/114 1895/4970/114
f 1891/4976/115 1919/4977/115 1920/4978/115 1893/4973/115
f 1889/4979/116 1918/4980/116 1919/4981/116 1891/4976/116
f 1887/4982/117 1917/4983/117 1918/4984/117 1889/4979/117
f 1885/4985/118 1916/4986/118 1917/4987/118 1887/4982/118
f 1883/4988/119 1915/4989/119 1916/4990/119 1885/4985/119
f 1881/4991/120 1914/4992/120 1915/4993/120 1883/4988/120
f 1879/4994/121 1913/4995/121 1914/4996/121 1881/4991/121
f 1877/4997/122 1912/4998/122 1913/4999/122 1879/4994/122
f 1875/5000/123 1911/5001/123 1912/5002/123 1877/4997/123
f 1873/5003/124 1910/5004/124 1911/5005/124 1875/5000/124
f 1871/5006/125 1909/5007/125 1910/5008/125 1873/5003/125
f 1869/5009/126 1908/5010/126 1909/5011/126 1871/5006/126
f 1867/5012/127 1907/5013/127 1908/5014/127 1869/5009/127
f 1926/5015/128 1946/5016/128 1927/5017/128 1907/5018/128
f 1925/5019/129 1945/5020/129 1946/5021/129 1926/5022/129
f 1924/5023/130 1944/5024/130 1945/5025/130 1925/5026/130
f 1923/5027/131 1943/5028/131 1944/5029/131 1924/5030/131
f 1922/5031/132 1942/5032/132 1943/5033/132 1923/5034/132
f 1921/5035/133 1941/5036/133 1942/5037/133 1922/5038/133
f 1920/5039/134 1940/5040/134 1941/5041/134 1921/5042/134
f 1919/5043/135 1939/5044/135 1940/5045/135 1920/5046/135
f 1918/5047/136 1938/5048/136 1939/5049/136 1919/5050/136
f 1917/5051/137 1937/5052/137 1938/5053/137 1918/5054/137
f 1916/5055/138 1936/5056/138 1937/5057/138 1917/5058/138
f 1915/5059/139 1935/5060/139 1936/5061/139 1916/5062/139
f 1914/5063/140 1934/5064/140 1935/5065/140 1915/5066/140
f 1913/5067/141 1933/5068/141 1934/5069/141 1914/5070/141
f 1912/5071/142 1932/5072/142 1933/5073/142 1913/5074/142
f 1911/5075/143 1931/5076/143 1932/5077/143 1912/5078/143
f 1910/5079/144 1930/5080/144 1931/5081/144 1911/5082/144
f 1909/5083/145 1929/5084/145 1930/5085/145 1910/5086/145
f 1908/5087/146 1928/5088/146 1929/5089/146 1909/5090/146
f 1907/5091/147 1927/5092/147 1928/5093/147 1908/5094/147
f 2007/4853/148 2008/4856/148 1950/4855/148 1948/4854/148
f 2008/4857/149 2009/4860/149 1952/4859/149 1950/4858/149
f 2009/4861/150 2010/4864/150 1954/4863/150 1952/4862/150
f 2010/4865/151 2011/4868/151 1956/4867/151 1954/4866/151
f 2011/4869/152 2012/4872/152 1958/4871/152 1956/4870/152
f 2012/4873/153 2013/4876/153 1960/4875/153 1958/4874/153
f 2013/4877/154 2014/4880/154 1962/4879/154 1960/4878/154
f 2014/4881/155 2015/4884/155 1964/4883/155 1962/4882/155
f 2015/4885/156 2016/4888/156 1966/4887/156 1964/4886/156
f 2016/4889/157 2017/4892/157 1968/4891/157 1966/4890/157
f 2017/4893/158 2018/4896/158 1970/4895/158 1968/4894/158
f 2018/4897/159 2019/4900/159 1972/4899/159 1970/4898/159
f 2019/4901/160 2020/4904/160 1974/4903/160 1972/4902/160
f 2020/4905/161 2021/4908/161 1976/4907/161 1974/4906/161
f 2021/4909/162 2022/4912/162 1978/4911/162 1976/4910/162
f 2022/4913/163 2023/4916/163 1980/4915/163 1978/4914/163
f 2023/4917/164 2024/4920/164 1982/4919/164 1980/4918/164
f 2024/4921/165 2025/4924/165 1984/4923/165 1982/4922/165
f 2026/4925/107 2007/4925/107 2008/4925/107 2009/4925/107 2010/4925/107 2011/4925/107 2012/4925/107 2013/4925/107 2014/4925/107 2015/4925/107 2016/4925/107 2017/4925/107 2018/4925/107 2019/4925/107 2020/4925/107 2021/4925/107 2022/4925/107 2023/4925/107 2024/4925/107 2025/4925/107
f 2025/4926/166 2026/4929/166 1986/4928/166 1984/4927/166
f 2026/4930/167 2007/4933/167 1948/4932/167 1986/4931/167
f 1947/4934/104 1985/4953/104 1983/4952/104 1981/4951/104 1979/4950/104 1977/4949/104 1975/4948/104 1973/4947/104 1971/4946/104 1969/4945/104 1967/4944/104 1965/4943/104 1963/4942/104 1961/4941/104 1959/4940/104 1957/4939/104 1955/4938/104 1953/4937/104 1951/4936/104 1949/4935/104
f 1985/4954/168 1947/4957/168 1987/4956/168 2006/4955/168
f 1983/4958/169 1985/4954/169 2006/4960/169 2005/4959/169
f 1981/4961/170 1983/4958/170 2005/4963/170 2004/4962/170
f 1979/4964/171 1981/4961/171 2004/4966/171 2003/4965/171
f 1977/4967/172 1979/4964/172 2003/4969/172 2002/4968/172
f 1975/4970/173 1977/4967/173 2002/4972/173 2001/4971/173
f 1973/4973/174 1975/4970/174 2001/4975/174 2000/4974/174
f 1971/4976/175 1973/4973/175 2000/4978/175 1999/4977/175
f 1969/4979/176 1971/4976/176 1999/4981/176 1998/4980/176
f 1967/4982/177 1969/4979/177 1998/4984/177 1997/4983/177
f 1965/4985/178 1967/4982/178 1997/4987/178 1996/4986/178
f 1963/4988/179 1965/4985/179 1996/4990/179 1995/4989/179
f 1961/4991/180 1963/4988/180 1995/4993/180 1994/4992/180
f 1959/4994/181 1961/4991/181 1994/4996/181 1993/4995/181
f 1957/4997/182 1959/4994/182 1993/4999/182 1992/4998/182
f 1955/5000/183 1957/4997/183 1992/5002/183 1991/5001/183
f 1953/5003/184 1955/5000/184 1991/5005/184 1990/5004/184
f 1951/5006/185 1953/5003/185 1990/5008/185 1989/5007/185
f 1949/5009/186 1951/5006/186 1989/5011/186 1988/5010/186
f 1947/5012/187 1949/5009/187 1988/5014/187 1987/5013/187
f 2006/5015/188 1987/5018/188 2007/5017/188 2026/5016/188
f 2005/5019/189 2006/5022/189 2026/5021/189 2025/5020/189
f 2004/5023/190 2005/5026/190 2025/5025/190 2024/5024/190
f 2003/5027/191 2004/5030/191 2024/5029/191 2023/5028/191
f 2002/5031/192 2003/5034/192 2023/5033/192 2022/5032/192
f 2001/5035/193 2002/5038/193 2022/5037/193 2021/5036/193
f 2000/5039/194 2001/5042/194 2021/5041/194 2020/5040/194
f 1999/5043/195 2000/5046/195 2020/5045/195 2019/5044/195
f 1998/5047/196 1999/5050/196 2019/5049/196 2018/5048/196
f 1997/5051/197 1998/5054/197 2018/5053/197 2017/5052/197
f 1996/5055/198 1997/5058/198 2017/5057/198 2016/5056/198
f 1995/5059/199 1996/5062/199 2016/5061/199 2015/5060/199
f 1994/5063/200 1995/5066/200 2015/5065/200 2014/5064/200
f 1993/5067/201 1994/5070/201 2014/5069/201 2013/5068/201
f 1992/5071/202 1993/5074/202 2013/5073/202 2012/5072/202
f 1991/5075/203 1992/5078/203 2012/5077/203 2011/5076/203
f 1990/5079/204 1991/5082/204 2011/5081/204 2010/5080/204
f 1989/5083/205 1990/5086/205 2010/5085/205 2009/5084/205
f 1988/5087/206 1989/5090/206 2009/5089/206 2008/5088/206
f 1987/5091/207 1988/5094/207 2008/5093/207 2007/5092/207
f 1870/4855/208 1868/4854/208 1948/4854/208 1950/4855/208
f 1872/4859/209 1870/4858/209 1950/4858/209 1952/4859/209
f 1874/4863/210 1872/4862/210 1952/4862/210 1954/4863/210
f 1876/4867/211 1874/4866/211 1954/4866/211 1956/4867/211
f 1878/4871/212 1876/4870/212 1956/4870/212 1958/4871/212
f 1880/4875/213 1878/4874/213 1958/4874/213 1960/4875/213
f 1882/4879/214 1880/4878/214 1960/4878/214 1962/4879/214
f 1884/4883/215 1882/4882/215 1962/4882/215 1964/4883/215
f 1886/4887/216 1884/4886/216 1964/4886/216 1966/4887/216
f 1888/4891/217 1886/4890/217 1966/4890/217 1968/4891/217
f 1890/4895/218 1888/4894/218 1968/4894/218 1970/4895/218
f 1892/4899/219 1890/4898/219 1970/4898/219 1972/4899/219
f 1894/4903/220 1892/4902/220 1972/4902/220 1974/4903/220
f 1896/4907/221 1894/4906/221 1974/4906/221 1976/4907/221
f 1898/4911/222 1896/4910/222 1976/4910/222 1978/4911/222
f 1900/4915/223 1898/4914/223 1978/4914/223 1980/4915/223
f 1902/4919/224 1900/4918/224 1980/4918/224 1982/4919/224
f 1904/4923/225 1902/4922/225 1982/4922/225 1984/4923/225
f 1906/4928/226 1904/4927/226 1984/4927/226 1986/4928/226
f 1868/4932/227 1906/4931/227 1986/4931/227 1948/4932/227
o plates
v 29.937462 3.141251 13.502228
v 30.695423 3.141251 13.502228
v 29.937462 3.141251 12.744268
v 30.695423 3.141251 12.744268
v 29.937462 3.149402 12.744268
v 29.937462 3.149402 13.502228
v 30.695423 3.149402 13.502228
v 30.695423 3.149402 12.744268
v 30.060516 3.111149 12.867322
v 30.060516 3.111149 13.379173
v 30.572369 3.111149 13.379173
v 30.572369 3.111149 12.867322
v 30.060516 3.122137 12.867322
v 30.060516 3.122137 13.379173
v 30.572369 3.122137 13.379173
v 30.572369 3.122137 12.867322
v 29.937462 3.141251 11.515084
v 30.695423 3.141251 11.515084
v 29.937462 3.141251 10.757125
v 30.695423 3.141251 10.757125
v 29.937462 3.149402 10.757125
v 29.937462 3.149402 11.515084
v 30.695423 3.149402 11.515084
v 30.695423 3.149402 10.757125
v 30.060516 3.111149 10.880178
v 30.060516 3.111149 11.392031
v 30.572369 3.111149 11.392031
v 30.572369 3.111149 10.880178
v 30.060516 3.122137 10.880178
v 30.060516 3.122137 11.392031
v 30.572369 3.122137 11.392031
v 30.572369 3.122137 10.880178
v 26.448029 3.141251 13.502228
v 27.205988 3.141251 13.502228
v 26.448029 3.141251 12.744268
v 27.205990 3.141251 12.744268
v 26.448029 3.149402 12.744268
v 26.448029 3.149402 13.502228
v 27.205988 3.149402 13.502228
v 27.205990 3.149402 12.744268
v 26.571083 3.111149 12.867322
v 26.571083 3.111149 13.379173
v 27.082935 3.111149 13.379173
v 27.082935 3.111149 12.867322
v 26.571083 3.122137 12.867322
v 26.571083 3.122137 13.379173
v 27.082935 3.122137 13.379173
v 27.082935 3.122137 12.867322
v 26.448029 3.141251 11.515084
v 27.205988 3.141251 11.515084
v 26.448029 3.141251 10.757125
v 27.205988 3.141251 10.757125
v 26.448029 3.149402 10.757125
v 26.448029 3.149402 11.515084
v 27.205988 3.149402 11.515084
v 27.205990 3.149402 10.757125
v 26.571083 3.111149 10.880178
v 26.571083 3.111149 11.392031
v 27.082935 3.111149 11.392031
v 27.082935 3.111149 10.880178
v 26.571083 3.122137 10.880178
v 26.571083 3.122137 11.392031
v 27.082935 3.122137 11.392031
v 27.082935 3.122137 10.880178
v 23.219612 3.141251 13.502228
v 23.977570 3.141251 13.502228
v 23.219610 3.141251 12.744268
v 23.977570 3.141251 12.744268
v 23.219610 3.149402 12.744268
v 23.219610 3.149402 13.502228
v 23.977570 3.149402 13.502228
v 23.977570 3.149402 12.744268
v 23.342665 3.111149 12.867322
v 23.342663 3.111149 13.379173
v 23.854515 3.111149 13.379173
v 23.854515 3.111149 12.867322
v 23.342665 3.122137 12.867322
v 23.342665 3.122137 13.379173
v 23.854515 3.122137 13.379173
v 23.854515 3.122137 12.867322
v 23.219612 3.141251 11.515084
v 23.977570 3.141251 11.515084
v 23.219610 3.141251 10.757125
v 23.977570 3.141251 10.757125
v 23.219610 3.149402 10.757125
v 23.219610 3.149402 11.515084
v 23.977570 3.149402 11.515084
v 23.977570 3.149402 10.757125
v 23.342665 3.111149 10.880178
v 23.342663 3.111149 11.392031
v 23.854515 3.111149 11.392031
v 23.854515 3.111149 10.880178
v 23.342665 3.122137 10.880178
v 23.342665 3.122137 11.392031
v 23.854515 3.122137 11.392031
v 23.854515 3.122137 10.880178
v 29.830875 3.141251 12.915994
v 29.795345 3.141251 13.123248
v 29.830875 3.141251 13.330503
v 30.109188 3.141251 13.608816
v 30.316442 3.141251 13.644345
v 30.523697 3.141251 13.608816
v 30.802010 3.141251 13.330503
v 30.837540 3.141251 13.123248
v 30.802010 3.141251 12.915994
v 30.523697 3.141251 12.637680
v 30.316442 3.141251 12.602151
v 30.109188 3.141251 12.637680
v 29.830875 3.149402 12.915994
v 29.795345 3.149402 13.123248
v 29.830875 3.149402 13.330503
v 30.109188 3.149402 13.608816
v 30.316442 3.149402 13.644345
v 30.523697 3.149402 13.608816
v 30.802010 3.149402 13.330503
v 30.837540 3.149402 13.123248
v 30.802010 3.149402 12.915994
v 30.523697 3.149402 12.637680
v 30.316442 3.149402 12.602151
v 30.109188 3.149402 12.637680
v 30.702499 3.147679 12.737191
v 30.704859 3.151473 12.734832
v 30.702499 3.152194 12.737191
v 30.702499 3.152194 13.509305
v 30.704859 3.151473 13.511664
v 30.702499 3.147679 13.509305
v 29.930386 3.147679 13.509305
v 29.928026 3.151473 13.511664
v 29.930386 3.152194 13.509305
v 29.930386 3.152194 12.737191
v 29.928026 3.151473 12.734832
v 29.930386 3.147679 12.737191
v 30.025635 3.109401 12.971890
v 30.008308 3.108523 13.123248
v 30.025635 3.109401 13.274606
v 30.165085 3.109401 13.414055
v 30.316442 3.108523 13.431382
v 30.467800 3.109401 13.414055
v 30.607248 3.109401 13.274606
v 30.624577 3.108523 13.123248
v 30.607248 3.109401 12.971890
v 30.467800 3.109401 12.832441
v 30.316442 3.108523 12.815113
v 30.165085 3.109401 12.832441
v 30.025635 3.120299 12.971890
v 30.008308 3.119376 13.123248
v 30.025635 3.120299 13.274606
v 30.165085 3.120299 13.414055
v 30.316442 3.119376 13.431382
v 30.467800 3.120299 13.414055
v 30.607248 3.120299 13.274606
v 30.624577 3.119376 13.123248
v 30.607248 3.120299 12.971890
v 30.467800 3.120299 12.832441
v 30.316442 3.119376 12.815113
v 30.165085 3.120299 12.832441
v 30.682444 3.143094 12.757248
v 30.657640 3.135017 12.782050
v 30.616640 3.127297 12.823050
v 30.616640 3.127297 13.423447
v 30.657640 3.135017 13.464446
v 30.682444 3.143094 13.489248
v 29.950441 3.143094 13.489248
v 29.975245 3.135017 13.464446
v 30.016245 3.127297 13.423447
v 30.016245 3.127297 12.823050
v 29.975245 3.135017 12.782050
v 29.950441 3.143094 12.757248
v 30.682444 3.132838 13.489248
v 30.657640 3.123918 13.464446
v 30.616640 3.116121 13.423447
v 30.616640 3.116121 12.823050
v 30.657640 3.123918 12.782050
v 30.682444 3.132838 12.757248
v 29.950441 3.132838 12.757248
v 29.975245 3.123918 12.782050
v 30.016245 3.116121 12.823050
v 30.016245 3.116121 13.423447
v 29.975245 3.123918 13.464446
v 29.950441 3.132838 13.489248
v 29.830875 3.141251 10.928850
v 29.795345 3.141251 11.136105
v 29.830875 3.141251 11.343359
v 30.109188 3.141251 11.621673
v 30.316442 3.141251 11.657202
v 30.523697 3.141251 11.621673
v 30.802010 3.141251 11.343359
v 30.837540 3.141251 11.136105
v 30.802010 3.141251 10.928850
v 30.523697 3.141251 10.650537
v 30.316442 3.141251 10.615007
v 30.109188 3.141251 10.650537
v 29.830875 3.149402 10.928850
v 29.795345 3.149402 11.136105
v 29.830875 3.149402 11.343359
v 30.109188 3.149402 11.621673
v 30.316442 3.149402 11.657202
v 30.523697 3.149402 11.621673
v 30.802010 3.149402 11.343359
v 30.837540 3.149402 11.136105
v 30.802010 3.149402 10.928850
v 30.523697 3.149402 10.650537
v 30.316442 3.149402 10.615007
v 30.109188 3.149402 10.650537
v 30.702499 3.147679 10.750048
v 30.704859 3.151473 10.747689
v 30.702499 3.152194 10.750048
v 30.702499 3.152194 11.522161
v 30.704859 3.151473 11.524521
v 30.702499 3.147679 11.522161
v 29.930386 3.147679 11.522161
v 29.928026 3.151473 11.524521
v 29.930386 3.152194 11.522161
v 29.930386 3.152194 10.750048
v 29.928026 3.151473 10.747688
v 29.930386 3.147679 10.750048
v 30.025635 3.109401 10.984747
v 30.008308 3.108523 11.136105
v 30.025635 3.109401 11.287462
v 30.165085 3.109401 11.426911
v 30.316442 3.108523 11.444240
v 30.467800 3.109401 11.426911
v 30.607248 3.109401 11.287462
v 30.624577 3.108523 11.136105
v 30.607248 3.109401 10.984747
v 30.467800 3.109401 10.845299
v 30.316442 3.108523 10.827971
v 30.165085 3.109401 10.845298
v 30.025635 3.120299 10.984747
v 30.008308 3.119376 11.136105
v 30.025635 3.120299 11.287462
v 30.165085 3.120299 11.426911
v 30.316442 3.119376 11.444239
v 30.467800 3.120299 11.426911
v 30.607248 3.120299 11.287462
v 30.624577 3.119376 11.136105
v 30.607248 3.120299 10.984747
v 30.467800 3.120299 10.845298
v 30.316442 3.119376 10.827971
v 30.165085 3.120299 10.845298
v 30.682444 3.143094 10.770104
v 30.657640 3.135017 10.794907
v 30.616640 3.127297 10.835906
v 30.616640 3.127297 11.436303
v 30.657640 3.135017 11.477303
v 30.682444 3.143094 11.502105
v 29.950441 3.143094 11.502105
v 29.975245 3.135017 11.477303
v 30.016245 3.127297 11.436303
v 30.016245 3.127297 10.835906
v 29.975245 3.135017 10.794907
v 29.950441 3.143094 10.770104
v 30.682444 3.132838 11.502105
v 30.657640 3.123918 11.477303
v 30.616640 3.116121 11.436303
v 30.616640 3.116121 10.835906
v 30.657640 3.123918 10.794907
v 30.682444 3.132838 10.770104
v 29.950441 3.132838 10.770104
v 29.975245 3.123918 10.794907
v 30.016245 3.116121 10.835906
v 30.016245 3.116121 11.436303
v 29.975245 3.123918 11.477303
v 29.950441 3.132838 11.502105
v 26.341442 3.141251 12.915994
v 26.305912 3.141251 13.123248
v 26.341442 3.141251 13.330503
v 26.619755 3.141251 13.608816
v 26.827009 3.141251 13.644345
v 27.034264 3.141251 13.608816
v 27.312576 3.141251 13.330503
v 27.348106 3.141251 13.123248
v 27.312576 3.141251 12.915994
v 27.034264 3.141251 12.637680
v 26.827009 3.141251 12.602151
v 26.619755 3.141251 12.637680
v 26.341442 3.149402 12.915994
v 26.305912 3.149402 13.123248
v 26.341442 3.149402 13.330503
v 26.619755 3.149402 13.608816
v 26.827009 3.149402 13.644345
v 27.034264 3.149402 13.608816
v 27.312576 3.149402 13.330503
v 27.348106 3.149402 13.123248
v 27.312576 3.149402 12.915994
v 27.034264 3.149402 12.637680
v 26.827009 3.149402 12.602151
v 26.619755 3.149402 12.637680
v 27.213066 3.147679 12.737191
v 27.215425 3.151473 12.734832
v 27.213066 3.152194 12.737191
v 27.213066 3.152194 13.509305
v 27.215425 3.151473 13.511664
v 27.213066 3.147679 13.509305
v 26.440952 3.147679 13.509305
v 26.438593 3.151473 13.511664
v 26.440952 3.152194 13.509305
v 26.440952 3.152194 12.737191
v 26.438593 3.151473 12.734832
v 26.440952 3.147679 12.737191
v 26.536201 3.109401 12.971890
v 26.518875 3.108523 13.123248
v 26.536201 3.109401 13.274606
v 26.675652 3.109401 13.414055
v 26.827009 3.108523 13.431382
v 26.978367 3.109401 13.414055
v 27.117815 3.109401 13.274606
v 27.135143 3.108523 13.123248
v 27.117815 3.109401 12.971890
v 26.978367 3.109401 12.832441
v 26.827009 3.108523 12.815113
v 26.675652 3.109401 12.832441
v 26.536201 3.120299 12.971890
v 26.518875 3.119376 13.123248
v 26.536201 3.120299 13.274606
v 26.675652 3.120299 13.414055
v 26.827009 3.119376 13.431382
v 26.978367 3.120299 13.414055
v 27.117815 3.120299 13.274606
v 27.135143 3.119376 13.123248
v 27.117815 3.120299 12.971890
v 26.978367 3.120299 12.832441
v 26.827009 3.119376 12.815113
v 26.675652 3.120299 12.832441
v 27.193010 3.143094 12.757248
v 27.168207 3.135017 12.782050
v 27.127207 3.127297 12.823050
v 27.127207 3.127297 13.423447
v 27.168207 3.135017 13.464446
v 27.193010 3.143094 13.489248
v 26.461010 3.143094 13.489248
v 26.485811 3.135017 13.464446
v 26.526812 3.127297 13.423447
v 26.526810 3.127297 12.823050
v 26.485811 3.135017 12.782050
v 26.461008 3.143094 12.757248
v 27.193010 3.132838 13.489248
v 27.168207 3.123918 13.464446
v 27.127207 3.116121 13.423447
v 27.127207 3.116121 12.823050
v 27.168207 3.123918 12.782050
v 27.193008 3.132838 12.757248
v 26.461010 3.132838 12.757248
v 26.485811 3.123918 12.782050
v 26.526812 3.116121 12.823050
v 26.526810 3.116121 13.423447
v 26.485811 3.123918 13.464446
v 26.461008 3.132838 13.489248
v 26.341442 3.141251 10.928850
v 26.305912 3.141251 11.136105
v 26.341442 3.141251 11.343359
v 26.619755 3.141251 11.621673
v 26.827009 3.141251 11.657202
v 27.034264 3.141251 11.621673
v 27.312576 3.141251 11.343359
v 27.348106 3.141251 11.136105
v 27.312576 3.141251 10.928850
v 27.034264 3.141251 10.650537
v 26.827009 3.141251 10.615007
v 26.619755 3.141251 10.650537
v 26.341442 3.149402 10.928850
v 26.305912 3.149402 11.136105
v 26.341442 3.149402 11.343359
v 26.619755 3.149402 11.621673
v 26.827009 3.149402 11.657202
v 27.034264 3.149402 11.621673
v 27.312576 3.149402 11.343359
v 27.348106 3.149402 11.136105
v 27.312576 3.149402 10.928850
v 27.034264 3.149402 10.650537
v 26.827009 3.149402 10.615007
v 26.619755 3.149402 10.650537
v 27.213066 3.147679 10.750048
v 27.215425 3.151473 10.747689
v 27.213066 3.152194 10.750048
v 27.213066 3.152194 11.522161
v 27.215425 3.151473 11.524521
v 27.213066 3.147679 11.522161
v 26.440952 3.147679 11.522161
v 26.438593 3.151473 11.524521
v 26.440952 3.152194 11.522161
v 26.440952 3.152194 10.750048
v 26.438593 3.151473 10.747688
v 26.440952 3.147679 10.750048
v 26.536201 3.109401 10.984747
v 26.518875 3.108523 11.136105
v 26.536201 3.109401 11.287462
v 26.675652 3.109401 11.426911
v 26.827009 3.108523 11.444240
v 26.978367 3.109401 11.426911
v 27.117815 3.109401 11.287462
v 27.135143 3.108523 11.136105
v 27.117815 3.109401 10.984747
v 26.978367 3.109401 10.845299
v 26.827009 3.108523 10.827971
v 26.675652 3.109401 10.845298
v 26.536201 3.120299 10.984747
v 26.518875 3.119376 11.136105
v 26.536201 3.120299 11.287462
v 26.675652 3.120299 11.426911
v 26.827009 3.119376 11.444239
v 26.978367 3.120299 11.426911
v 27.117815 3.120299 11.287462
v 27.135143 3.119376 11.136105
v 27.117815 3.120299 10.984747
v 26.978367 3.120299 10.845298
v 26.827009 3.119376 10.827971
v 26.675652 3.120299 10.845298
v 27.193010 3.143094 10.770104
v 27.168207 3.135017 10.794907
v 27.127207 3.127297 10.835906
v 27.127207 3.127297 11.436303
v 27.168207 3.135017 11.477303
v 27.193010 3.143094 11.502105
v 26.461010 3.143094 11.502105
v 26.485811 3.135017 11.477303
v 26.526812 3.127297 11.436303
v 26.526810 3.127297 10.835906
v 26.485811 3.135017 10.794907
v 26.461008 3.143094 10.770104
v 27.193010 3.132838 11.502105
v 27.168207 3.123918 11.477303
v 27.127207 3.116121 11.436303
v 27.127207 3.116121 10.835906
v 27.168207 3.123918 10.794907
v 27.193010 3.132838 10.770104
v 26.461010 3.132838 10.770104
v 26.485811 3.123918 10.794907
v 26.526812 3.116121 10.835906
v 26.526810 3.116121 11.436303
v 26.485811 3.123918 11.477303
v 26.461008 3.132838 11.502105
v 23.113022 3.141251 12.915994
v 23.077492 3.141251 13.123248
v 23.113022 3.141251 13.330503
v 23.391336 3.141251 13.608816
v 23.598591 3.141251 13.644345
v 23.805845 3.141251 13.608816
v 24.084158 3.141251 13.330503
v 24.119688 3.141251 13.123248
v 24.084158 3.141251 12.915994
v 23.805845 3.141251 12.637680
v 23.598591 3.141251 12.602151
v 23.391336 3.141251 12.637680
v 23.113022 3.149402 12.915994
v 23.077494 3.149402 13.123248
v 23.113022 3.149402 13.330503
v 23.391336 3.149402 13.608816
v 23.598591 3.149402 13.644345
v 23.805845 3.149402 13.608816
v 24.084158 3.149402 13.330503
v 24.119686 3.149402 13.123248
v 24.084158 3.149402 12.915994
v 23.805845 3.149402 12.637680
v 23.598591 3.149402 12.602151
v 23.391336 3.149402 12.637680
v 23.984646 3.147679 12.737191
v 23.987007 3.151473 12.734832
v 23.984648 3.152194 12.737191
v 23.984648 3.152194 13.509305
v 23.987007 3.151473 13.511664
v 23.984646 3.147679 13.509305
v 23.212532 3.147679 13.509305
v 23.210175 3.151473 13.511664
v 23.212534 3.152194 13.509305
v 23.212534 3.152194 12.737191
v 23.210173 3.151473 12.734832
v 23.212532 3.147679 12.737191
v 23.307783 3.109401 12.971890
v 23.290457 3.108523 13.123248
v 23.307785 3.109401 13.274606
v 23.447233 3.109401 13.414055
v 23.598591 3.108523 13.431382
v 23.749949 3.109401 13.414055
v 23.889397 3.109401 13.274606
v 23.906725 3.108523 13.123248
v 23.889397 3.109401 12.971890
v 23.749949 3.109401 12.832441
v 23.598591 3.108523 12.815113
v 23.447233 3.109401 12.832441
v 23.307785 3.120299 12.971890
v 23.290455 3.119376 13.123248
v 23.307783 3.120299 13.274606
v 23.447233 3.120299 13.414055
v 23.598591 3.119376 13.431382
v 23.749949 3.120299 13.414055
v 23.889397 3.120299 13.274606
v 23.906725 3.119376 13.123248
v 23.889397 3.120299 12.971890
v 23.749947 3.120299 12.832441
v 23.598591 3.119376 12.815113
v 23.447233 3.120299 12.832441
v 23.964590 3.143094 12.757248
v 23.939789 3.135017 12.782050
v 23.898788 3.127297 12.823050
v 23.898788 3.127297 13.423447
v 23.939789 3.135017 13.464446
v 23.964590 3.143094 13.489248
v 23.232590 3.143094 13.489248
v 23.257393 3.135017 13.464446
v 23.298393 3.127297 13.423447
v 23.298391 3.127297 12.823050
v 23.257391 3.135017 12.782050
v 23.232590 3.143094 12.757248
v 23.964590 3.132838 13.489248
v 23.939789 3.123918 13.464446
v 23.898788 3.116121 13.423447
v 23.898788 3.116121 12.823050
v 23.939789 3.123918 12.782050
v 23.964590 3.132838 12.757248
v 23.232590 3.132838 12.757248
v 23.257393 3.123918 12.782050
v 23.298393 3.116121 12.823050
v 23.298391 3.116121 13.423447
v 23.257391 3.123918 13.464446
v 23.232590 3.132838 13.489248
v 23.113022 3.141251 10.928850
v 23.077492 3.141251 11.136105
v 23.113022 3.141251 11.343359
v 23.391336 3.141251 11.621673
v 23.598591 3.141251 11.657202
v 23.805845 3.141251 11.621673
v 24.084158 3.141251 11.343359
v 24.119688 3.141251 11.136105
v 24.084158 3.141251 10.928850
v 23.805845 3.141251 10.650537
v 23.598591 3.141251 10.615007
v 23.391336 3.141251 10.650537
v 23.113022 3.149402 10.928850
v 23.077494 3.149402 11.136105
v 23.113022 3.149402 11.343359
v 23.391336 3.149402 11.621673
v 23.598591 3.149402 11.657202
v 23.805845 3.149402 11.621673
v 24.084158 3.149402 11.343359
v 24.119686 3.149402 11.136105
v 24.084158 3.149402 10.928850
v 23.805845 3.149402 10.650537
v 23.598591 3.149402 10.615007
v 23.391336 3.149402 10.650537
v 23.984646 3.147679 10.750048
v 23.987007 3.151473 10.747689
v 23.984648 3.152194 10.750048
v 23.984648 3.152194 11.522161
v 23.987007 3.151473 11.524521
v 23.984646 3.147679 11.522161
v 23.212532 3.147679 11.522161
v 23.210175 3.151473 11.524521
v 23.212534 3.152194 11.522161
v 23.212534 3.152194 10.750048
v 23.210173 3.151473 10.747688
v 23.212532 3.147679 10.750048
v 23.307783 3.109401 10.984747
v 23.290457 3.108523 11.136105
v 23.307785 3.109401 11.287462
v 23.447233 3.109401 11.426911
v 23.598591 3.108523 11.444240
v 23.749949 3.109401 11.426911
v 23.889397 3.109401 11.287462
v 23.906725 3.108523 11.136105
v 23.889397 3.109401 10.984747
v 23.749949 3.109401 10.845299
v 23.598591 3.108523 10.827971
v 23.447233 3.109401 10.845298
v 23.307785 3.120299 10.984747
v 23.290455 3.119376 11.136105
v 23.307783 3.120299 11.287462
v 23.447233 3.120299 11.426911
v 23.598591 3.119376 11.444239
v 23.749949 3.120299 11.426911
v 23.889397 3.120299 11.287462
v 23.906725 3.119376 11.136105
v 23.889397 3.120299 10.984747
v 23.749947 3.120299 10.845298
v 23.598591 3.119376 10.827971
v 23.447233 3.120299 10.845298
v 23.964590 3.143094 10.770104
v 23.939789 3.135017 10.794907
v 23.898788 3.127297 10.835906
v 23.898788 3.127297 11.436303
v 23.939789 3.135017 11.477303
v 23.964590 3.143094 11.502105
v 23.232590 3.143094 11.502105
v 23.257393 3.135017 11.477303
v 23.298393 3.127297 11.436303
v 23.298391 3.127297 10.835906
v 23.257391 3.135017 10.794907
v 23.232590 3.143094 10.770104
v 23.964590 3.132838 11.502105
v 23.939789 3.123918 11.477303
v 23.898788 3.116121 11.436303
v 23.898788 3.116121 10.835906
v 23.939789 3.123918 10.794907
v 23.964590 3.132838 10.770104
v 23.232590 3.132838 10.770104
v 23.257393 3.123918 10.794907
v 23.298393 3.116121 10.835906
v 23.298391 3.116121 11.436303
v 23.257391 3.123918 11.477303
v 23.232590 3.132838 11.502105
v 29.847542 3.143077 12.923082
v 29.813251 3.143060 13.123248
v 29.847542 3.143077 13.323414
v 29.879576 3.134881 12.936578
v 29.847778 3.134745 13.123248
v 29.879576 3.134881 13.309918
v 29.935915 3.126789 12.957339
v 29.909189 3.126344 13.123248
v 29.935915 3.126789 13.289157
v 30.785343 3.143077 13.323414
v 30.819632 3.143060 13.123248
v 30.785343 3.143077 12.923082
v 30.753309 3.134881 13.309918
v 30.785107 3.134745 13.123248
v 30.753309 3.134881 12.936578
v 30.696970 3.126789 13.289157
v 30.723696 3.126344 13.123248
v 30.696970 3.126789 12.957339
v 30.811079 3.147679 13.334373
v 30.847271 3.147679 13.123248
v 30.811077 3.147679 12.912123
v 30.814100 3.151473 13.335663
v 30.850515 3.151473 13.123248
v 30.814100 3.151473 12.910833
v 30.811077 3.152194 13.334373
v 30.847271 3.152194 13.123248
v 30.811077 3.152194 12.912123
v 29.821806 3.147679 12.912123
v 29.785614 3.147679 13.123248
v 29.821808 3.147679 13.334373
v 29.818785 3.151473 12.910833
v 29.782370 3.151473 13.123248
v 29.818785 3.151473 13.335663
v 29.821806 3.152194 12.912123
v 29.785614 3.152194 13.123248
v 29.821808 3.152194 13.334373
v 30.527567 3.147679 12.628613
v 30.316442 3.147679 12.592420
v 30.105318 3.147679 12.628613
v 30.528858 3.151473 12.625589
v 30.316442 3.151473 12.589176
v 30.104027 3.151473 12.625589
v 30.527567 3.152194 12.628613
v 30.316442 3.152194 12.592420
v 30.105318 3.152194 12.628613
v 30.105318 3.147679 13.617884
v 30.316442 3.147679 13.654077
v 30.527567 3.147679 13.617884
v 30.104027 3.151473 13.620906
v 30.316442 3.151473 13.657320
v 30.528858 3.151473 13.620906
v 30.105318 3.152194 13.617884
v 30.316442 3.152194 13.654077
v 30.527567 3.152194 13.617884
v 30.157757 3.105661 13.281934
v 30.150209 3.104394 13.123248
v 30.157757 3.105661 12.964562
v 30.316442 3.104394 13.289481
v 30.316442 3.103012 13.123248
v 30.316442 3.104394 12.957014
v 30.475128 3.105661 13.281934
v 30.482676 3.104394 13.123248
v 30.475128 3.105661 12.964562
v 30.157757 3.116366 13.281934
v 30.316442 3.115034 13.289481
v 30.475128 3.116366 13.281934
v 30.150209 3.115034 13.123248
v 30.316442 3.113580 13.123248
v 30.482676 3.115034 13.123248
v 30.157757 3.116366 12.964562
v 30.316442 3.115034 12.957014
v 30.475128 3.116366 12.964562
v 30.785343 3.132822 12.923082
v 30.819632 3.132806 13.123248
v 30.785343 3.132822 13.323414
v 30.753309 3.123788 12.936578
v 30.785107 3.123659 13.123248
v 30.753309 3.123788 13.309918
v 30.696970 3.115637 12.957339
v 30.723696 3.115214 13.123248
v 30.696970 3.115637 13.289157
v 29.847542 3.132822 13.323414
v 29.813251 3.132806 13.123248
v 29.847542 3.132822 12.923082
v 29.879576 3.123788 13.309918
v 29.847778 3.123659 13.123248
v 29.879576 3.123788 12.936578
v 29.935915 3.115637 13.289157
v 29.909189 3.115214 13.123248
v 29.935915 3.115637 12.957339
v 30.516609 3.143077 12.654346
v 30.316442 3.143060 12.620058
v 30.116276 3.143077 12.654346
v 30.503113 3.134881 12.686381
v 30.316442 3.134745 12.654583
v 30.129772 3.134881 12.686381
v 30.482351 3.126789 12.742721
v 30.316442 3.126344 12.715995
v 30.150534 3.126789 12.742721
v 30.116276 3.143077 13.592150
v 30.316442 3.143060 13.626438
v 30.516609 3.143077 13.592150
v 30.129772 3.134881 13.560115
v 30.316442 3.134745 13.591913
v 30.503113 3.134881 13.560115
v 30.150534 3.126789 13.503775
v 30.316442 3.126344 13.530501
v 30.482351 3.126789 13.503776
v 30.116276 3.132822 12.654346
v 30.316442 3.132806 12.620058
v 30.516609 3.132822 12.654346
v 30.129772 3.123788 12.686381
v 30.316442 3.123659 12.654583
v 30.503113 3.123788 12.686381
v 30.150534 3.115637 12.742721
v 30.316442 3.115214 12.715995
v 30.482351 3.115637 12.742721
v 30.516609 3.132822 13.592149
v 30.316442 3.132806 13.626438
v 30.116276 3.132822 13.592150
v 30.503113 3.123788 13.560115
v 30.316442 3.123659 13.591913
v 30.129772 3.123788 13.560115
v 30.482351 3.115637 13.503775
v 30.316442 3.115214 13.530501
v 30.150534 3.115637 13.503776
v 29.847542 3.143077 10.935938
v 29.813251 3.143060 11.136105
v 29.847542 3.143077 11.336271
v 29.879576 3.134881 10.949434
v 29.847778 3.134745 11.136105
v 29.879576 3.134881 11.322775
v 29.935915 3.126789 10.970196
v 29.909189 3.126344 11.136105
v 29.935915 3.126789 11.302013
v 30.785343 3.143077 11.336271
v 30.819632 3.143060 11.136105
v 30.785343 3.143077 10.935939
v 30.753309 3.134881 11.322775
v 30.785107 3.134745 11.136105
v 30.753309 3.134881 10.949434
v 30.696970 3.126789 11.302013
v 30.723696 3.126344 11.136105
v 30.696970 3.126789 10.970196
v 30.811079 3.147679 11.347230
v 30.847271 3.147679 11.136105
v 30.811077 3.147679 10.924980
v 30.814100 3.151473 11.348520
v 30.850515 3.151473 11.136105
v 30.814100 3.151473 10.923690
v 30.811077 3.152194 11.347230
v 30.847271 3.152194 11.136105
v 30.811077 3.152194 10.924980
v 29.821806 3.147679 10.924980
v 29.785614 3.147679 11.136105
v 29.821808 3.147679 11.347229
v 29.818785 3.151473 10.923690
v 29.782370 3.151473 11.136105
v 29.818785 3.151473 11.348520
v 29.821806 3.152194 10.924980
v 29.785614 3.152194 11.136105
v 29.821808 3.152194 11.347230
v 30.527567 3.147679 10.641469
v 30.316442 3.147679 10.605276
v 30.105318 3.147679 10.641469
v 30.528858 3.151473 10.638447
v 30.316442 3.151473 10.602033
v 30.104027 3.151473 10.638447
v 30.527567 3.152194 10.641469
v 30.316442 3.152194 10.605276
v 30.105318 3.152194 10.641470
v 30.105318 3.147679 11.630740
v 30.316442 3.147679 11.666933
v 30.527567 3.147679 11.630740
v 30.104027 3.151473 11.633763
v 30.316442 3.151473 11.670177
v 30.528858 3.151473 11.633763
v 30.105318 3.152194 11.630740
v 30.316442 3.152194 11.666933
v 30.527567 3.152194 11.630740
v 30.157757 3.105661 11.294790
v 30.150209 3.104394 11.136105
v 30.157757 3.105661 10.977419
v 30.316442 3.104394 11.302338
v 30.316442 3.103012 11.136105
v 30.316442 3.104394 10.969871
v 30.475128 3.105661 11.294790
v 30.482676 3.104394 11.136105
v 30.475128 3.105661 10.977419
v 30.157757 3.116366 11.294789
v 30.316442 3.115034 11.302338
v 30.475128 3.116366 11.294789
v 30.150209 3.115034 11.136105
v 30.316442 3.113580 11.136105
v 30.482676 3.115034 11.136105
v 30.157757 3.116366 10.977419
v 30.316442 3.115034 10.969871
v 30.475128 3.116366 10.977419
v 30.785343 3.132822 10.935938
v 30.819632 3.132806 11.136105
v 30.785343 3.132822 11.336270
v 30.753309 3.123788 10.949434
v 30.785107 3.123659 11.136105
v 30.753309 3.123788 11.322775
v 30.696970 3.115637 10.970196
v 30.723696 3.115214 11.136105
v 30.696970 3.115637 11.302013
v 29.847542 3.132822 11.336271
v 29.813251 3.132806 11.136105
v 29.847542 3.132822 10.935939
v 29.879576 3.123788 11.322775
v 29.847778 3.123659 11.136105
v 29.879576 3.123788 10.949434
v 29.935915 3.115637 11.302013
v 29.909189 3.115214 11.136105
v 29.935915 3.115637 10.970196
v 30.516609 3.143077 10.667203
v 30.316442 3.143060 10.632915
v 30.116276 3.143077 10.667204
v 30.503113 3.134881 10.699238
v 30.316442 3.134745 10.667440
v 30.129772 3.134881 10.699238
v 30.482351 3.126789 10.755577
v 30.316442 3.126344 10.728851
v 30.150534 3.126789 10.755578
v 30.116276 3.143077 11.605005
v 30.316442 3.143060 11.639295
v 30.516609 3.143077 11.605005
v 30.129772 3.134881 11.572971
v 30.316442 3.134745 11.604770
v 30.503113 3.134881 11.572971
v 30.150534 3.126789 11.516632
v 30.316442 3.126344 11.543357
v 30.482351 3.126789 11.516632
v 30.116276 3.132822 10.667203
v 30.316442 3.132806 10.632915
v 30.516609 3.132822 10.667204
v 30.129772 3.123788 10.699238
v 30.316442 3.123659 10.667440
v 30.503113 3.123788 10.699238
v 30.150534 3.115637 10.755577
v 30.316442 3.115214 10.728851
v 30.482351 3.115637 10.755577
v 30.516609 3.132822 11.605005
v 30.316442 3.132806 11.639295
v 30.116276 3.132822 11.605005
v 30.503113 3.123788 11.572971
v 30.316442 3.123659 11.604770
v 30.129772 3.123788 11.572971
v 30.482351 3.115637 11.516632
v 30.316442 3.115214 11.543357
v 30.150534 3.115637 11.516632
v 26.358109 3.143077 12.923082
v 26.323820 3.143060 13.123248
v 26.358109 3.143077 13.323414
v 26.390142 3.134881 12.936578
v 26.358345 3.134745 13.123248
v 26.390142 3.134881 13.309918
v 26.446482 3.126789 12.957339
v 26.419756 3.126344 13.123248
v 26.446482 3.126789 13.289157
v 27.295910 3.143077 13.323414
v 27.330198 3.143060 13.123248
v 27.295910 3.143077 12.923082
v 27.263876 3.134881 13.309918
v 27.295673 3.134745 13.123248
v 27.263876 3.134881 12.936578
v 27.207537 3.126789 13.289157
v 27.234262 3.126344 13.123248
v 27.207537 3.126789 12.957339
v 27.321646 3.147679 13.334373
v 27.357838 3.147679 13.123248
v 27.321644 3.147679 12.912123
v 27.324667 3.151473 13.335663
v 27.361082 3.151473 13.123248
v 27.324667 3.151473 12.910833
v 27.321646 3.152194 13.334373
v 27.357838 3.152194 13.123248
v 27.321644 3.152194 12.912123
v 26.332375 3.147679 12.912123
v 26.296181 3.147679 13.123248
v 26.332375 3.147679 13.334373
v 26.329351 3.151473 12.910833
v 26.292938 3.151473 13.123248
v 26.329351 3.151473 13.335663
v 26.332375 3.152194 12.912123
v 26.296181 3.152194 13.123248
v 26.332375 3.152194 13.334373
v 27.038134 3.147679 12.628613
v 26.827009 3.147679 12.592420
v 26.615885 3.147679 12.628613
v 27.039425 3.151473 12.625589
v 26.827009 3.151473 12.589176
v 26.614594 3.151473 12.625589
v 27.038134 3.152194 12.628613
v 26.827009 3.152194 12.592420
v 26.615885 3.152194 12.628613
v 26.615885 3.147679 13.617884
v 26.827009 3.147679 13.654077
v 27.038134 3.147679 13.617884
v 26.614594 3.151473 13.620906
v 26.827009 3.151473 13.657320
v 27.039425 3.151473 13.620906
v 26.615885 3.152194 13.617884
v 26.827009 3.152194 13.654077
v 27.038134 3.152194 13.617884
v 26.668324 3.105661 13.281934
v 26.660776 3.104394 13.123248
v 26.668324 3.105661 12.964562
v 26.827009 3.104394 13.289481
v 26.827007 3.103012 13.123248
v 26.827009 3.104394 12.957014
v 26.985695 3.105661 13.281934
v 26.993242 3.104394 13.123248
v 26.985695 3.105661 12.964562
v 26.668324 3.116366 13.281934
v 26.827009 3.115034 13.289481
v 26.985695 3.116366 13.281934
v 26.660776 3.115034 13.123248
v 26.827009 3.113580 13.123248
v 26.993242 3.115034 13.123248
v 26.668324 3.116366 12.964562
v 26.827009 3.115034 12.957014
v 26.985695 3.116366 12.964562
v 27.295910 3.132822 12.923082
v 27.330198 3.132806 13.123248
v 27.295910 3.132822 13.323414
v 27.263876 3.123788 12.936578
v 27.295673 3.123659 13.123248
v 27.263876 3.123788 13.309918
v 27.207537 3.115637 12.957339
v 27.234261 3.115214 13.123248
v 27.207537 3.115637 13.289157
v 26.358109 3.132822 13.323414
v 26.323820 3.132806 13.123248
v 26.358109 3.132822 12.923082
v 26.390142 3.123788 13.309918
v 26.358345 3.123659 13.123248
v 26.390142 3.123788 12.936578
v 26.446482 3.115637 13.289157
v 26.419756 3.115214 13.123248
v 26.446482 3.115637 12.957339
v 27.027176 3.143077 12.654346
v 26.827009 3.143060 12.620058
v 26.626842 3.143077 12.654346
v 27.013680 3.134881 12.686381
v 26.827009 3.134745 12.654583
v 26.640339 3.134881 12.686381
v 26.992918 3.126789 12.742721
v 26.827009 3.126344 12.715995
v 26.661100 3.126789 12.742721
v 26.626842 3.143077 13.592150
v 26.827009 3.143060 13.626438
v 27.027176 3.143077 13.592150
v 26.640339 3.134881 13.560115
v 26.827009 3.134745 13.591913
v 27.013680 3.134881 13.560115
v 26.661100 3.126789 13.503775
v 26.827009 3.126344 13.530501
v 26.992918 3.126789 13.503776
v 26.626842 3.132822 12.654346
v 26.827009 3.132806 12.620058
v 27.027176 3.132822 12.654346
v 26.640339 3.123788 12.686381
v 26.827009 3.123659 12.654583
v 27.013680 3.123788 12.686381
v 26.661100 3.115637 12.742721
v 26.827009 3.115214 12.715995
v 26.992918 3.115637 12.742721
v 27.027176 3.132822 13.592149
v 26.827009 3.132806 13.626438
v 26.626842 3.132822 13.592150
v 27.013680 3.123788 13.560115
v 26.827009 3.123659 13.591913
v 26.640339 3.123788 13.560115
v 26.992918 3.115637 13.503775
v 26.827009 3.115214 13.530501
v 26.661100 3.115637 13.503776
v 26.358109 3.143077 10.935938
v 26.323820 3.143060 11.136105
v 26.358109 3.143077 11.336271
v 26.390142 3.134881 10.949434
v 26.358345 3.134745 11.136105
v 26.390142 3.134881 11.322775
v 26.446482 3.126789 10.970196
v 26.419756 3.126344 11.136105
v 26.446482 3.126789 11.302013
v 27.295910 3.143077 11.336271
v 27.330198 3.143060 11.136105
v 27.295910 3.143077 10.935939
v 27.263876 3.134881 11.322775
v 27.295673 3.134745 11.136105
v 27.263876 3.134881 10.949434
v 27.207537 3.126789 11.302013
v 27.234262 3.126344 11.136105
v 27.207537 3.126789 10.970196
v 27.321646 3.147679 11.347230
v 27.357838 3.147679 11.136105
v 27.321646 3.147679 10.924980
v 27.324667 3.151473 11.348520
v 27.361082 3.151473 11.136105
v 27.324667 3.151473 10.923690
v 27.321646 3.152194 11.347230
v 27.357838 3.152194 11.136105
v 27.321644 3.152194 10.924980
v 26.332375 3.147679 10.924980
v 26.296181 3.147679 11.136105
v 26.332375 3.147679 11.347229
v 26.329351 3.151473 10.923690
v 26.292938 3.151473 11.136105
v 26.329351 3.151473 11.348520
v 26.332375 3.152194 10.924980
v 26.296181 3.152194 11.136105
v 26.332375 3.152194 11.347230
v 27.038134 3.147679 10.641469
v 26.827009 3.147679 10.605276
v 26.615885 3.147679 10.641469
v 27.039425 3.151473 10.638447
v 26.827009 3.151473 10.602033
v 26.614594 3.151473 10.638447
v 27.038134 3.152194 10.641469
v 26.827009 3.152194 10.605276
v 26.615885 3.152194 10.641470
v 26.615885 3.147679 11.630740
v 26.827009 3.147679 11.666933
v 27.038134 3.147679 11.630740
v 26.614594 3.151473 11.633763
v 26.827009 3.151473 11.670177
v 27.039425 3.151473 11.633763
v 26.615885 3.152194 11.630740
v 26.827009 3.152194 11.666933
v 27.038134 3.152194 11.630740
v 26.668324 3.105661 11.294790
v 26.660776 3.104394 11.136105
v 26.668324 3.105661 10.977419
v 26.827009 3.104394 11.302338
v 26.827007 3.103012 11.136105
v 26.827009 3.104394 10.969871
v 26.985695 3.105661 11.294790
v 26.993242 3.104394 11.136105
v 26.985695 3.105661 10.977419
v 26.668324 3.116366 11.294789
v 26.827009 3.115034 11.302338
v 26.985695 3.116366 11.294789
v 26.660776 3.115034 11.136105
v 26.827009 3.113580 11.136105
v 26.993242 3.115034 11.136105
v 26.668324 3.116366 10.977419
v 26.827009 3.115034 10.969871
v 26.985695 3.116366 10.977419
v 27.295910 3.132822 10.935938
v 27.330198 3.132806 11.136105
v 27.295910 3.132822 11.336270
v 27.263876 3.123788 10.949434
v 27.295673 3.123659 11.136105
v 27.263876 3.123788 11.322775
v 27.207537 3.115637 10.970196
v 27.234261 3.115214 11.136105
v 27.207537 3.115637 11.302013
v 26.358109 3.132822 11.336271
v 26.323820 3.132806 11.136105
v 26.358109 3.132822 10.935939
v 26.390142 3.123788 11.322775
v 26.358345 3.123659 11.136105
v 26.390142 3.123788 10.949434
v 26.446482 3.115637 11.302013
v 26.419756 3.115214 11.136105
v 26.446482 3.115637 10.970196
v 27.027176 3.143077 10.667203
v 26.827009 3.143060 10.632915
v 26.626842 3.143077 10.667204
v 27.013680 3.134881 10.699238
v 26.827009 3.134745 10.667440
v 26.640339 3.134881 10.699238
v 26.992918 3.126789 10.755577
v 26.827009 3.126344 10.728851
v 26.661100 3.126789 10.755578
v 26.626842 3.143077 11.605005
v 26.827009 3.143060 11.639295
v 27.027176 3.143077 11.605005
v 26.640339 3.134881 11.572971
v 26.827009 3.134745 11.604770
v 27.013680 3.134881 11.572971
v 26.661100 3.126789 11.516632
v 26.827009 3.126344 11.543357
v 26.992918 3.126789 11.516632
v 26.626842 3.132822 10.667203
v 26.827009 3.132806 10.632915
v 27.027176 3.132822 10.667204
v 26.640339 3.123788 10.699238
v 26.827009 3.123659 10.667440
v 27.013680 3.123788 10.699238
v 26.661100 3.115637 10.755577
v 26.827009 3.115214 10.728851
v 26.992918 3.115637 10.755577
v 27.027176 3.132822 11.605005
v 26.827009 3.132806 11.639295
v 26.626842 3.132822 11.605005
v 27.013680 3.123788 11.572971
v 26.827009 3.123659 11.604770
v 26.640339 3.123788 11.572971
v 26.992918 3.115637 11.516632
v 26.827009 3.115214 11.543357
v 26.661100 3.115637 11.516632
v 23.129688 3.143077 12.923082
v 23.095402 3.143060 13.123248
v 23.129688 3.143077 13.323414
v 23.161724 3.134881 12.936578
v 23.129925 3.134745 13.123248
v 23.161724 3.134881 13.309918
v 23.218063 3.126789 12.957339
v 23.191338 3.126344 13.123248
v 23.218063 3.126789 13.289157
v 24.067492 3.143077 13.323414
v 24.101780 3.143060 13.123248
v 24.067492 3.143077 12.923082
v 24.035458 3.134881 13.309918
v 24.067255 3.134745 13.123248
v 24.035458 3.134881 12.936578
v 23.979118 3.126789 13.289157
v 24.005844 3.126344 13.123248
v 23.979116 3.126789 12.957339
v 24.093227 3.147679 13.334373
v 24.129417 3.147679 13.123248
v 24.093225 3.147679 12.912123
v 24.096249 3.151473 13.335663
v 24.132662 3.151473 13.123248
v 24.096249 3.151473 12.910833
v 24.093225 3.152194 13.334373
v 24.129417 3.152194 13.123248
v 24.093225 3.152194 12.912123
v 23.103954 3.147679 12.912123
v 23.067762 3.147679 13.123248
v 23.103954 3.147679 13.334373
v 23.100931 3.151473 12.910833
v 23.064518 3.151473 13.123248
v 23.100933 3.151473 13.335663
v 23.103954 3.152194 12.912123
v 23.067760 3.152194 13.123248
v 23.103954 3.152194 13.334373
v 23.809715 3.147679 12.628613
v 23.598591 3.147679 12.592420
v 23.387465 3.147679 12.628613
v 23.811005 3.151473 12.625589
v 23.598591 3.151473 12.589176
v 23.386175 3.151473 12.625589
v 23.809715 3.152194 12.628613
v 23.598591 3.152194 12.592420
v 23.387466 3.152194 12.628613
v 23.387466 3.147679 13.617884
v 23.598591 3.147679 13.654077
v 23.809715 3.147679 13.617884
v 23.386175 3.151473 13.620906
v 23.598591 3.151473 13.657320
v 23.811005 3.151473 13.620906
v 23.387466 3.152194 13.617884
v 23.598589 3.152194 13.654077
v 23.809715 3.152194 13.617884
v 23.439905 3.105661 13.281934
v 23.432358 3.104394 13.123248
v 23.439905 3.105661 12.964562
v 23.598591 3.104394 13.289481
v 23.598589 3.103012 13.123248
v 23.598591 3.104394 12.957014
v 23.757275 3.105661 13.281934
v 23.764824 3.104394 13.123248
v 23.757275 3.105661 12.964562
v 23.439905 3.116366 13.281934
v 23.598591 3.115034 13.289481
v 23.757277 3.116366 13.281934
v 23.432358 3.115034 13.123248
v 23.598591 3.113580 13.123248
v 23.764824 3.115034 13.123248
v 23.439905 3.116366 12.964562
v 23.598591 3.115034 12.957014
v 23.757275 3.116366 12.964562
v 24.067492 3.132822 12.923082
v 24.101780 3.132806 13.123248
v 24.067492 3.132822 13.323414
v 24.035458 3.123788 12.936578
v 24.067255 3.123659 13.123248
v 24.035458 3.123788 13.309918
v 23.979118 3.115637 12.957339
v 24.005844 3.115214 13.123248
v 23.979116 3.115637 13.289157
v 23.129688 3.132822 13.323414
v 23.095402 3.132806 13.123248
v 23.129690 3.132822 12.923082
v 23.161724 3.123788 13.309918
v 23.129925 3.123659 13.123248
v 23.161724 3.123788 12.936578
v 23.218063 3.115637 13.289157
v 23.191338 3.115214 13.123248
v 23.218063 3.115637 12.957339
v 23.798756 3.143077 12.654346
v 23.598591 3.143060 12.620058
v 23.398424 3.143077 12.654346
v 23.785261 3.134881 12.686381
v 23.598591 3.134745 12.654583
v 23.411921 3.134881 12.686381
v 23.764500 3.126789 12.742721
v 23.598591 3.126344 12.715995
v 23.432682 3.126789 12.742721
v 23.398424 3.143077 13.592150
v 23.598591 3.143060 13.626438
v 23.798758 3.143077 13.592150
v 23.411919 3.134881 13.560115
v 23.598591 3.134745 13.591913
v 23.785261 3.134881 13.560115
v 23.432682 3.126789 13.503775
v 23.598591 3.126344 13.530501
v 23.764498 3.126789 13.503776
v 23.398424 3.132822 12.654346
v 23.598591 3.132806 12.620058
v 23.798758 3.132822 12.654346
v 23.411919 3.123788 12.686381
v 23.598591 3.123659 12.654583
v 23.785261 3.123788 12.686381
v 23.432682 3.115637 12.742721
v 23.598591 3.115214 12.715995
v 23.764498 3.115637 12.742721
v 23.798756 3.132822 13.592149
v 23.598591 3.132806 13.626438
v 23.398424 3.132822 13.592150
v 23.785261 3.123788 13.560115
v 23.598591 3.123659 13.591913
v 23.411921 3.123788 13.560115
v 23.764500 3.115637 13.503775
v 23.598591 3.115214 13.530501
v 23.432682 3.115637 13.503776
v 23.129688 3.143077 10.935938
v 23.095402 3.143060 11.136105
v 23.129688 3.143077 11.336271
v 23.161724 3.134881 10.949434
v 23.129925 3.134745 11.136105
v 23.161724 3.134881 11.322775
v 23.218063 3.126789 10.970196
v 23.191338 3.126344 11.136105
v 23.218063 3.126789 11.302013
v 24.067492 3.143077 11.336271
v 24.101780 3.143060 11.136105
v 24.067492 3.143077 10.935939
v 24.035458 3.134881 11.322775
v 24.067255 3.134745 11.136105
v 24.035458 3.134881 10.949434
v 23.979118 3.126789 11.302013
v 24.005844 3.126344 11.136105
v 23.979116 3.126789 10.970196
v 24.093227 3.147679 11.347230
v 24.129417 3.147679 11.136105
v 24.093225 3.147679 10.924980
v 24.096249 3.151473 11.348520
v 24.132662 3.151473 11.136105
v 24.096249 3.151473 10.923690
v 24.093225 3.152194 11.347230
v 24.129417 3.152194 11.136105
v 24.093225 3.152194 10.924980
v 23.103954 3.147679 10.924980
v 23.067762 3.147679 11.136105
v 23.103954 3.147679 11.347229
v 23.100931 3.151473 10.923690
v 23.064518 3.151473 11.136105
v 23.100933 3.151473 11.348520
v 23.103954 3.152194 10.924980
v 23.067760 3.152194 11.136105
v 23.103954 3.152194 11.347230
v 23.809715 3.147679 10.641469
v 23.598591 3.147679 10.605276
v 23.387465 3.147679 10.641469
v 23.811005 3.151473 10.638447
v 23.598591 3.151473 10.602033
v 23.386175 3.151473 10.638447
v 23.809715 3.152194 10.641469
v 23.598591 3.152194 10.605276
v 23.387466 3.152194 10.641470
v 23.387466 3.147679 11.630740
v 23.598591 3.147679 11.666933
v 23.809715 3.147679 11.630740
v 23.386175 3.151473 11.633763
v 23.598591 3.151473 11.670177
v 23.811005 3.151473 11.633763
v 23.387466 3.152194 11.630740
v 23.598589 3.152194 11.666933
v 23.809715 3.152194 11.630740
v 23.439905 3.105661 11.294790
v 23.432358 3.104394 11.136105
v 23.439905 3.105661 10.977419
v 23.598591 3.104394 11.302338
v 23.598589 3.103012 11.136105
v 23.598591 3.104394 10.969871
v 23.757275 3.105661 11.294790
v 23.764824 3.104394 11.136105
v 23.757275 3.105661 10.977419
v 23.439905 3.116366 11.294789
v 23.598591 3.115034 11.302338
v 23.757277 3.116366 11.294789
v 23.432358 3.115034 11.136105
v 23.598591 3.113580 11.136105
v 23.764824 3.115034 11.136105
v 23.439905 3.116366 10.977419
v 23.598591 3.115034 10.969871
v 23.757275 3.116366 10.977419
v 24.067492 3.132822 10.935938
v 24.101780 3.132806 11.136105
v 24.067492 3.132822 11.336270
v 24.035458 3.123788 10.949434
v 24.067255 3.123659 11.136105
v 24.035458 3.123788 11.322775
v 23.979118 3.115637 10.970196
v 24.005844 3.115214 11.136105
v 23.979116 3.115637 11.302013
v 23.129688 3.132822 11.336271
v 23.095402 3.132806 11.136105
v 23.129690 3.132822 10.935939
v 23.161724 3.123788 11.322775
v 23.129925 3.123659 11.136105
v 23.161724 3.123788 10.949434
v 23.218063 3.115637 11.302013
v 23.191338 3.115214 11.136105
v 23.218063 3.115637 10.970196
v 23.798756 3.143077 10.667203
v 23.598591 3.143060 10.632915
v 23.398424 3.143077 10.667204
v 23.785261 3.134881 10.699238
v 23.598591 3.134745 10.667440
v 23.411921 3.134881 10.699238
v 23.764500 3.126789 10.755577
v 23.598591 3.126344 10.728851
v 23.432682 3.126789 10.755578
v 23.398424 3.143077 11.605005
v 23.598591 3.143060 11.639295
v 23.798758 3.143077 11.605005
v 23.411919 3.134881 11.572971
v 23.598591 3.134745 11.604770
v 23.785261 3.134881 11.572971
v 23.432682 3.126789 11.516632
v 23.598591 3.126344 11.543357
v 23.764498 3.126789 11.516632
v 23.398424 3.132822 10.667203
v 23.598591 3.132806 10.632915
v 23.798758 3.132822 10.667204
v 23.411919 3.123788 10.699238
v 23.598591 3.123659 10.667440
v 23.785261 3.123788 10.699238
v 23.432682 3.115637 10.755577
v 23.598591 3.115214 10.728851
v 23.764498 3.115637 10.755577
v 23.798756 3.132822 11.605005
v 23.598591 3.132806 11.639295
v 23.398424 3.132822 11.605005
v 23.785261 3.123788 11.572971
v 23.598591 3.123659 11.604770
v 23.411921 3.123788 11.572971
v 23.764500 3.115637 11.516632
v 23.598591 3.115214 11.543357
v 23.432682 3.115637 11.516632
vn 0.2329 0.9717 0.0402
vn 0.2329 0.9717 -0.0402
vn 0.1345 0.9906 0.0240
vn 0.1345 0.9906 -0.0240
vn 0.2829 0.9429 0.1756
vn 0.3331 0.9412 0.0571
vn 0.3331 0.9412 -0.0571
vn 0.2829 0.9429 -0.1756
vn 0.1963 0.9729 -0.1221
vn 0.1150 0.9907 -0.0723
vn 0.0680 0.9968 -0.0426
vn 0.0700 0.9974 -0.0140
vn 0.0700 0.9974 0.0140
vn 0.0680 0.9968 0.0426
vn 0.1150 0.9907 0.0723
vn 0.1963 0.9729 0.1221
vn -0.2329 0.9717 -0.0402
vn -0.2329 0.9717 0.0402
vn -0.1345 0.9906 -0.0240
vn -0.1345 0.9906 0.0240
vn -0.2829 0.9429 -0.1756
vn -0.3331 0.9412 -0.0571
vn -0.3331 0.9412 0.0571
vn -0.2829 0.9429 0.1756
vn -0.1963 0.9729 0.1221
vn -0.1150 0.9907 0.0723
vn -0.0680 0.9968 0.0426
vn -0.0700 0.9974 0.0140
vn -0.0700 0.9974 -0.0140
vn -0.0680 0.9968 -0.0426
vn -0.1150 0.9907 -0.0723
vn -0.1963 0.9729 -0.1221
vn 0.7537 -0.6443 0.1292
vn 0.7537 -0.6444 -0.1292
vn 0.2169 0.9755 0.0372
vn 0.2169 0.9755 -0.0372
vn 0.4678 -0.8348 0.2904
vn 0.5487 -0.8307 0.0941
vn 0.5487 -0.8307 -0.0941
vn 0.4678 -0.8348 -0.2904
vn 0.6454 -0.6503 -0.4006
vn 0.1842 0.9762 -0.1143
vn -0.2340 0.9613 0.1453
vn -0.2755 0.9601 0.0472
vn -0.2755 0.9601 -0.0472
vn -0.2340 0.9613 -0.1452
vn 0.1842 0.9762 0.1143
vn 0.6454 -0.6503 0.4006
vn -0.7537 -0.6444 -0.1292
vn -0.7537 -0.6443 0.1292
vn -0.2169 0.9755 -0.0372
vn -0.2169 0.9755 0.0372
vn -0.4678 -0.8348 -0.2904
vn -0.5487 -0.8307 -0.0941
vn -0.5487 -0.8307 0.0941
vn -0.4678 -0.8348 0.2904
vn -0.6454 -0.6503 0.4006
vn -0.1842 0.9762 0.1143
vn 0.2340 0.9613 -0.1453
vn 0.2755 0.9601 -0.0472
vn 0.2755 0.9601 0.0472
vn 0.2340 0.9613 0.1453
vn -0.1842 0.9762 -0.1143
vn -0.6454 -0.6503 -0.4006
vn 0.1292 -0.6443 -0.7537
vn -0.1292 -0.6443 -0.7537
vn 0.0372 0.9755 -0.2169
vn -0.0372 0.9755 -0.2169
vn 0.2904 -0.8348 -0.4678
vn 0.0941 -0.8307 -0.5487
vn -0.0941 -0.8307 -0.5487
vn -0.2904 -0.8348 -0.4678
vn -0.4006 -0.6503 -0.6454
vn -0.1143 0.9762 -0.1842
vn 0.1452 0.9613 0.2340
vn 0.0472 0.9601 0.2755
vn -0.0472 0.9601 0.2755
vn -0.1453 0.9613 0.2340
vn 0.1143 0.9762 -0.1842
vn 0.4006 -0.6503 -0.6454
vn -0.1292 -0.6443 0.7537
vn 0.1292 -0.6443 0.7537
vn -0.0372 0.9755 0.2169
vn 0.0372 0.9755 0.2169
vn -0.2904 -0.8348 0.4678
vn -0.0941 -0.8307 0.5487
vn 0.0941 -0.8307 0.5487
vn 0.2904 -0.8348 0.4678
vn 0.4006 -0.6503 0.6454
vn 0.1143 0.9762 0.1842
vn -0.1452 0.9613 -0.2340
vn -0.0472 0.9601 -0.2755
vn 0.0472 0.9601 -0.2755
vn 0.1453 0.9613 -0.2340
vn -0.1143 0.9762 0.1842
vn -0.4006 -0.6503 0.6454
vn -0.0083 -0.9999 0.0083
vn -0.0083 -0.9999 -0.0083
vn 0.0083 -0.9999 0.0083
vn 0.0083 -0.9999 -0.0083
vn -0.0282 -0.9992 0.0282
vn -0.0289 -0.9995 0.0092
vn -0.0289 -0.9995 -0.0092
vn -0.0282 -0.9992 -0.0282
vn -0.0092 -0.9995 -0.0289
vn 0.0092 -0.9995 -0.0289
vn 0.0282 -0.9992 -0.0282
vn 0.0289 -0.9995 -0.0092
vn 0.0289 -0.9995 0.0092
vn 0.0282 -0.9992 0.0282
vn 0.0092 -0.9995 0.0289
vn -0.0092 -0.9995 0.0289
vn 0.0088 0.9999 -0.0088
vn -0.0088 0.9999 -0.0088
vn 0.0088 0.9999 0.0088
vn -0.0088 0.9999 0.0088
vn 0.0297 0.9991 -0.0297
vn 0.0097 0.9995 -0.0304
vn -0.0097 0.9995 -0.0304
vn -0.0297 0.9991 -0.0297
vn -0.0304 0.9995 -0.0097
vn -0.0304 0.9995 0.0097
vn -0.0297 0.9991 0.0297
vn -0.0097 0.9995 0.0304
vn 0.0097 0.9995 0.0304
vn 0.0297 0.9991 0.0297
vn 0.0304 0.9995 0.0097
vn 0.0304 0.9995 -0.0097
vn 0.2549 -0.9660 -0.0439
vn 0.2549 -0.9660 0.0439
vn 0.1354 -0.9905 -0.0240
vn 0.1354 -0.9905 0.0240
vn 0.3619 -0.9047 -0.2246
vn 0.4253 -0.9021 -0.0729
vn 0.4253 -0.9021 0.0729
vn 0.3619 -0.9047 0.2246
vn 0.2153 -0.9673 0.1339
vn 0.1161 -0.9906 0.0728
vn 0.0654 -0.9970 0.0409
vn 0.0673 -0.9976 0.0134
vn 0.0673 -0.9976 -0.0134
vn 0.0654 -0.9970 -0.0409
vn 0.1161 -0.9906 -0.0728
vn 0.2153 -0.9673 -0.1339
vn -0.2549 -0.9660 0.0439
vn -0.2549 -0.9660 -0.0439
vn -0.1354 -0.9905 0.0240
vn -0.1354 -0.9905 -0.0240
vn -0.3619 -0.9047 0.2246
vn -0.4253 -0.9021 0.0729
vn -0.4253 -0.9021 -0.0729
vn -0.3619 -0.9047 -0.2247
vn -0.2153 -0.9673 -0.1339
vn -0.1161 -0.9906 -0.0728
vn -0.0654 -0.9970 -0.0409
vn -0.0673 -0.9976 -0.0134
vn -0.0673 -0.9976 0.0134
vn -0.0654 -0.9970 0.0409
vn -0.1161 -0.9906 0.0728
vn -0.2153 -0.9673 0.1339
vn -0.0402 0.9717 0.2329
vn 0.0402 0.9717 0.2329
vn -0.0240 0.9906 0.1345
vn 0.0240 0.9906 0.1345
vn -0.1756 0.9429 0.2829
vn -0.0571 0.9412 0.3331
vn 0.0571 0.9412 0.3331
vn 0.1756 0.9429 0.2829
vn 0.1221 0.9729 0.1963
vn 0.0723 0.9907 0.1150
vn 0.0426 0.9968 0.0680
vn 0.0140 0.9974 0.0700
vn -0.0140 0.9974 0.0700
vn -0.0426 0.9968 0.0680
vn -0.0723 0.9907 0.1150
vn -0.1221 0.9729 0.1963
vn 0.0402 0.9717 -0.2329
vn -0.0402 0.9717 -0.2329
vn 0.0240 0.9906 -0.1345
vn -0.0240 0.9906 -0.1345
vn 0.1756 0.9429 -0.2829
vn 0.0571 0.9412 -0.3331
vn -0.0571 0.9412 -0.3331
vn -0.1756 0.9429 -0.2829
vn -0.1221 0.9729 -0.1963
vn -0.0723 0.9907 -0.1150
vn -0.0426 0.9968 -0.0680
vn -0.0140 0.9974 -0.0700
vn 0.0140 0.9974 -0.0700
vn 0.0426 0.9968 -0.0680
vn 0.0723 0.9907 -0.1150
vn 0.1221 0.9729 -0.1963
vn -0.0439 -0.9660 -0.2549
vn 0.0439 -0.9660 -0.2549
vn -0.0240 -0.9905 -0.1354
vn 0.0240 -0.9905 -0.1354
vn -0.2246 -0.9047 -0.3619
vn -0.0729 -0.9021 -0.4253
vn 0.0729 -0.9021 -0.4253
vn 0.2247 -0.9047 -0.3619
vn 0.1339 -0.9673 -0.2153
vn 0.0728 -0.9906 -0.1161
vn 0.0409 -0.9970 -0.0654
vn 0.0134 -0.9976 -0.0673
vn -0.0134 -0.9976 -0.0673
vn -0.0409 -0.9970 -0.0654
vn -0.0728 -0.9906 -0.1161
vn -0.1339 -0.9673 -0.2153
vn 0.0439 -0.9660 0.2549
vn -0.0439 -0.9660 0.2549
vn 0.0240 -0.9905 0.1354
vn -0.0240 -0.9905 0.1354
vn 0.2246 -0.9047 0.3619
vn 0.0729 -0.9021 0.4253
vn -0.0729 -0.9021 0.4253
vn -0.2247 -0.9047 0.3619
vn -0.1339 -0.9673 0.2153
vn -0.0728 -0.9906 0.1161
vn -0.0409 -0.9970 0.0654
vn -0.0134 -0.9976 0.0673
vn 0.0134 -0.9976 0.0673
vn 0.0409 -0.9970 0.0654
vn 0.0728 -0.9906 0.1161
vn 0.1339 -0.9673 0.2153
vn 0.7537 -0.6444 0.1292
vn 0.7537 -0.6443 -0.1292
vn -0.2340 0.9613 -0.1453
vn -0.7537 -0.6443 -0.1292
vn -0.1452 0.9613 0.2340
vn 0.2903 -0.8348 0.4678
vn 0.1452 0.9613 -0.2340
vn -0.2247 -0.9047 -0.3619
vn -0.2246 -0.9047 0.3619
vn 0.6454 -0.6504 -0.4006
vn 0.1841 0.9762 -0.1143
vn 0.6454 -0.6504 0.4006
vn 0.1292 -0.6444 -0.7537
vn 0.4006 -0.6504 -0.6454
vn 0.1292 -0.6444 0.7537
vn 0.4006 -0.6504 0.6454
vn -0.1143 0.9762 0.1841
vn -0.4006 -0.6504 0.6454
vn -0.3619 -0.9047 -0.2246
vn 0.2246 -0.9047 -0.3619
vn -0.7537 -0.6444 0.1292
vn -0.6454 -0.6504 0.4006
vn -0.1841 0.9762 0.1143
vn 0.1292 -0.6443 -0.7538
vn -0.1292 -0.6443 -0.7538
vn -0.1143 0.9762 -0.1841
vn 0.1453 0.9613 0.2340
vn 0.3619 -0.9047 -0.2247
vn 0.7538 -0.6443 0.1292
vn -0.2340 0.9613 0.1452
vn -0.2755 0.9602 -0.0472
vn -0.7536 -0.6445 -0.1292
vn -0.4678 -0.8348 -0.2903
vn -0.4678 -0.8348 0.2903
vn 0.2340 0.9613 -0.1452
vn -0.1841 0.9762 -0.1143
vn -0.6454 -0.6504 -0.4006
vn -0.2903 -0.8348 -0.4678
vn -0.2903 -0.8348 0.4678
vn 0.2550 -0.9660 -0.0439
vn 0.2550 -0.9660 0.0439
vn -0.3619 -0.9047 0.2247
vn 0.7538 -0.6443 -0.1292
vt 0.000977 0.736748
vt 0.000868 0.500000
vt -0.000000 0.500000
vt -0.000000 0.725901
vt 0.000977 0.263252
vt -0.000000 0.274099
vt -0.000000 0.500000
vt -0.000000 0.713851
vt -0.000000 0.286149
vt -0.000000 1.000000
vt 0.010851 0.736670
vt -0.000000 0.975901
vt 0.006944 0.500000
vt 0.010851 0.263330
vt 0.000000 0.000000
vt 0.000000 0.024099
vt 0.000000 0.048199
vt 0.000000 0.072298
vt 0.000000 0.096397
vt 0.000000 0.298199
vt 0.000000 0.500000
vt 0.000000 0.701801
vt -0.000000 0.927702
vt 0.000000 0.903603
vt -0.000000 0.951801
vt 0.999023 0.263252
vt 0.999132 0.500000
vt 1.000000 0.500000
vt 1.000000 0.274099
vt 0.999023 0.736748
vt 1.000000 0.725901
vt 1.000000 0.286149
vt 1.000000 0.713851
vt 1.000000 0.000000
vt 0.989149 0.263330
vt 1.000000 0.024099
vt 0.993056 0.500000
vt 0.989149 0.736670
vt 1.000000 1.000000
vt 1.000000 0.975901
vt 1.000000 0.951801
vt 1.000000 0.927702
vt 1.000000 0.903603
vt 1.000000 0.701801
vt 1.000000 0.500000
vt 1.000000 0.298199
vt 1.000000 0.072298
vt 1.000000 0.096397
vt 1.000000 0.048199
vt 0.961697 0.286142
vt 0.980035 0.500000
vt 0.972222 0.500000
vt 0.947917 0.298611
vt 0.961697 0.713858
vt 0.947917 0.701389
vt 0.980035 0.500000
vt 0.961697 0.286142
vt 0.961697 0.713858
vt 0.989149 0.263330
vt 0.884899 0.115101
vt 0.993056 0.500000
vt 0.989149 0.736670
vt 0.884899 0.884899
vt 0.861111 0.861111
vt 0.884899 0.884899
vt 0.884899 0.115101
vt 0.861111 0.138889
vt 0.038303 0.713858
vt 0.019965 0.500000
vt 0.027778 0.500000
vt 0.052083 0.701389
vt 0.038303 0.286142
vt 0.052083 0.298611
vt 0.019965 0.500000
vt 0.038303 0.713858
vt 0.038303 0.286142
vt 0.000000 1.000000
vt 0.115101 0.884899
vt 0.010851 0.263330
vt -0.000000 0.000000
vt 0.115101 0.115101
vt 0.138889 0.138889
vt 0.115101 0.115101
vt 0.115101 0.884899
vt 0.138889 0.861111
vt 0.713858 0.961697
vt 0.500000 0.980035
vt 0.500000 0.972222
vt 0.701389 0.947917
vt 0.286142 0.961697
vt 0.298611 0.947917
vt 0.500000 0.980035
vt 0.713858 0.961697
vt 0.286142 0.961697
vt 0.736670 0.989149
vt 0.500000 0.993056
vt 0.263330 0.989149
vt 0.263330 0.989149
vt 0.736670 0.989149
vt 0.286142 0.038303
vt 0.500000 0.019965
vt 0.500000 0.027778
vt 0.298611 0.052083
vt 0.713858 0.038303
vt 0.701389 0.052083
vt 0.500000 0.019965
vt 0.286142 0.038303
vt 0.713858 0.038303
vt 0.263330 0.010851
vt 0.500000 0.006944
vt 0.736670 0.010851
vt 0.736670 0.010851
vt 0.500000 0.006944
vt 0.263330 0.010851
vt 0.298199 0.298199
vt 0.298199 0.500000
vt 0.500000 0.500000
vt 0.500000 0.298199
vt 0.298199 0.701801
vt 0.500000 0.701801
vt 0.701801 0.500000
vt 0.701801 0.298199
vt 0.701801 0.701801
vt 0.096397 0.096397
vt 0.096397 0.298199
vt 0.298199 0.096397
vt 0.096397 0.500000
vt 0.096397 0.701801
vt 0.096397 0.903603
vt 0.298199 0.903603
vt 0.500000 0.903603
vt 0.701801 0.903603
vt 0.903603 0.903603
vt 0.903603 0.701801
vt 0.903603 0.500000
vt 0.903603 0.298199
vt 0.701801 0.096397
vt 0.903603 0.096397
vt 0.500000 0.096397
vt 0.298199 0.298199
vt 0.500000 0.500000
vt 0.298199 0.500000
vt 0.701801 0.500000
vt 0.701801 0.701801
vt 0.999023 0.736748
vt 0.999132 0.500000
vt 1.000000 0.500000
vt 1.000000 0.725901
vt 0.999023 0.263252
vt 1.000000 0.274099
vt 1.000000 0.500000
vt 1.000000 0.713851
vt 1.000000 0.286149
vt 0.989149 0.736670
vt 1.000000 0.975901
vt 1.000000 0.024099
vt 1.000000 0.072298
vt 1.000000 0.096397
vt 1.000000 0.298199
vt 1.000000 0.701802
vt 1.000000 0.927702
vt 1.000000 0.903603
vt 0.000868 0.500000
vt -0.000000 0.500000
vt -0.000000 0.274099
vt -0.000000 0.725901
vt -0.000000 0.500000
vt -0.000000 0.286149
vt -0.000000 0.713851
vt 0.010851 0.263330
vt -0.000000 0.024099
vt 0.010851 0.736670
vt 0.000000 0.975901
vt 0.000000 0.951802
vt 0.000000 0.927702
vt 0.000000 0.903603
vt 0.000000 0.701801
vt 0.000000 0.500000
vt 0.000000 0.298199
vt -0.000000 0.072298
vt 0.000000 0.096397
vt -0.000000 0.048199
vt 0.736748 0.999023
vt 0.500000 0.999132
vt 0.500000 1.000000
vt 0.725901 1.000000
vt 0.263252 0.999023
vt 0.274099 1.000000
vt 0.500000 1.000000
vt 0.713851 1.000000
vt 0.286149 1.000000
vt 0.975901 1.000000
vt 0.024099 1.000000
vt 0.048199 1.000000
vt 0.072298 1.000000
vt 0.096397 1.000000
vt 0.298199 1.000000
vt 0.701801 1.000000
vt 0.927702 1.000000
vt 0.903603 1.000000
vt 0.951801 1.000000
vt 0.263252 0.000977
vt 0.500000 0.000868
vt 0.500000 0.000000
vt 0.274099 0.000000
vt 0.736748 0.000977
vt 0.725901 0.000000
vt 0.500000 0.000000
vt 0.286149 0.000000
vt 0.713851 0.000000
vt 0.024099 0.000000
vt 0.975901 0.000000
vt 0.951801 0.000000
vt 0.927702 0.000000
vt 0.903603 0.000000
vt 0.701801 0.000000
vt 0.500000 0.000000
vt 0.298199 0.000000
vt 0.072298 0.000000
vt 0.096397 0.000000
vt 0.048199 0.000000
vt 0.263252 0.999024
vt 0.500000 0.999132
vt 0.274099 1.000000
vt 0.736748 0.999023
vt 0.725900 1.000000
vt 0.500000 1.000000
vt 0.286149 1.000000
vt 0.713851 1.000000
vt 0.263330 0.989149
vt 0.024099 1.000000
vt 0.500000 0.993056
vt 0.736670 0.989149
vt 0.927702 1.000000
vt 0.903602 1.000000
vt 0.701801 1.000000
vt 0.500000 1.000000
vt 0.298198 1.000000
vt 0.072298 1.000000
vt 0.096397 1.000000
vt 0.048199 1.000000
vt 0.263252 0.000977
vt 0.500000 0.000000
vt 0.713851 0.000000
vt 0.286149 0.000000
vt 0.736670 0.010851
vt 0.024099 0.000000
vt 0.048199 0.000000
vt 0.072298 0.000000
vt 0.096397 0.000000
vt 0.298199 0.000000
vt 0.927702 0.000000
vt 0.903602 0.000000
vt 0.000000 2.429255
vt 0.000000 2.191640
vt 0.000000 2.417541
vt 0.000000 1.954024
vt 0.000000 1.965739
vt 0.000000 2.405491
vt 0.000000 1.977789
vt 0.000000 2.691639
vt 0.000000 2.438293
vt 0.000000 2.667540
vt 0.000000 2.191640
vt 0.000000 1.944987
vt 0.000000 1.691640
vt 0.000000 1.715739
vt 0.000000 1.739838
vt 0.000000 1.763938
vt 0.000000 1.788037
vt 0.000000 1.989838
vt 0.000000 2.393441
vt 0.000000 2.619342
vt 0.000000 2.595243
vt 0.000000 2.643441
vt 1.000000 1.954024
vt 1.000000 2.191640
vt 1.000000 2.191640
vt 1.000000 1.965739
vt 1.000000 2.429255
vt 1.000000 2.417541
vt 1.000000 1.977789
vt 1.000000 2.405491
vt 1.000000 1.691640
vt 1.000000 1.944987
vt 1.000000 1.715739
vt 1.000000 2.438293
vt 1.000000 2.691639
vt 1.000000 2.667540
vt 1.000000 2.643441
vt 1.000000 2.619342
vt 1.000000 2.595243
vt 1.000000 2.393441
vt 1.000000 2.191640
vt 1.000000 1.989839
vt 1.000000 1.763938
vt 1.000000 1.788037
vt 1.000000 1.739838
vt 1.000000 1.941974
vt 1.000000 2.191640
vt 1.000000 1.941640
vt 1.000000 2.441305
vt 1.000000 2.441640
vt 1.000000 2.191640
vt 1.000000 1.941975
vt 1.000000 2.441305
vt 1.000000 1.691640
vt 1.000000 1.944987
vt 1.000000 1.691640
vt 1.000000 2.438292
vt 1.000000 2.691639
vt 1.000000 2.691639
vt 1.000000 2.691639
vt 1.000000 1.691640
vt 1.000000 1.691640
vt 0.000000 2.441305
vt 0.000000 2.191639
vt 0.000000 2.441640
vt 0.000000 1.941974
vt 0.000000 1.941640
vt 0.000000 2.441305
vt 0.000000 1.941974
vt 0.000000 2.691639
vt 0.000000 2.438293
vt 0.000000 1.944987
vt 0.000000 1.691639
vt 0.000000 1.691640
vt 0.000000 1.691640
vt 0.749665 1.000001
vt 0.500000 1.000000
vt 0.500000 1.000001
vt 0.749999 1.000001
vt 0.250335 1.000000
vt 0.250000 1.000001
vt 0.499999 1.000001
vt 0.749664 1.000001
vt 0.250334 1.000001
vt 1.000000 1.000000
vt 0.746653 1.000000
vt 0.999999 1.000001
vt 0.500000 1.000000
vt 0.253347 1.000000
vt 0.000001 1.000000
vt 0.000000 1.000000
vt 0.000000 1.000001
vt -0.000000 1.000001
vt -0.000000 1.000001
vt 0.253347 1.000001
vt 0.499999 1.000001
vt 0.746652 1.000001
vt 0.999999 1.000001
vt 0.999998 1.000001
vt 0.999999 1.000001
vt 0.250335 0.000000
vt 0.500000 0.000000
vt 0.250000 0.000000
vt 0.749665 0.000000
vt 0.750000 0.000000
vt 0.500000 0.000000
vt 0.250335 0.000000
vt 0.749665 0.000000
vt 0.253347 0.000000
vt 0.000000 0.000000
vt 0.500000 0.000000
vt 0.746653 0.000000
vt 1.000000 0.000000
vt 1.000000 0.000000
vt 1.000000 0.000000
vt 0.746653 0.000000
vt 0.253347 0.000000
vt 0.000000 0.000000
vt 0.000000 0.000000
vt 0.000000 0.000000
vt 0.298199 1.989838
vt 0.298199 2.191639
vt 0.500000 2.191639
vt 0.500000 1.989838
vt 0.298199 2.393441
vt 0.500000 2.393441
vt 0.701801 2.191639
vt 0.701801 1.989838
vt 0.701801 2.393441
vt 0.096397 1.788037
vt 0.096397 1.989838
vt 0.298198 1.788037
vt 0.096397 2.191640
vt 0.096397 2.393441
vt 0.096397 2.595242
vt 0.298199 2.595242
vt 0.500000 2.595242
vt 0.701801 2.595242
vt 0.903603 2.595242
vt 0.903603 2.393441
vt 0.903603 2.191640
vt 0.903603 1.989838
vt 0.701801 1.788037
vt 0.903603 1.788037
vt 0.500000 1.788037
vt 0.298199 1.989838
vt 0.298199 2.191640
vt 0.701801 1.989838
vt 0.500000 2.393441
vt 0.298199 2.393441
vt 0.701801 2.393441
vt 0.096397 1.788037
vt 0.298199 1.788037
vt 0.096397 1.989838
vt 0.500000 1.788037
vt 0.096397 2.393441
vt 0.096397 2.191640
vt 1.000000 2.429255
vt 1.000000 2.191640
vt 1.000000 2.417540
vt 1.000000 1.954024
vt 1.000000 1.965739
vt 1.000000 2.191640
vt 1.000000 2.405491
vt 1.000000 1.977789
vt 1.000000 2.438293
vt 1.000000 2.667540
vt 1.000000 2.191639
vt 1.000000 1.944987
vt 1.000000 1.715739
vt 1.000000 1.739838
vt 1.000000 1.763938
vt 1.000000 1.788038
vt 1.000000 1.989839
vt 1.000000 2.393441
vt 1.000000 2.619342
vt 1.000000 2.595242
vt 1.000000 2.643441
vt 0.000000 1.954024
vt 0.000000 1.965739
vt 0.000000 2.429255
vt 0.000000 2.417540
vt 0.000000 1.977789
vt 0.000000 2.405491
vt 0.000000 1.944986
vt 0.000000 1.715739
vt 0.000000 2.438292
vt 0.000000 2.643441
vt 0.000000 2.619342
vt 0.000000 2.595242
vt 0.000000 2.393441
vt 0.000000 1.788037
vt 0.000000 1.739838
vt 0.737614 1.000001
vt 0.499999 1.000001
vt 0.499999 1.000001
vt 0.725900 1.000001
vt 0.262384 1.000001
vt 0.274099 1.000001
vt 0.499999 1.000001
vt 0.713850 1.000001
vt 0.286148 1.000001
vt 0.975899 1.000001
vt 0.024099 1.000001
vt 0.048198 1.000001
vt 0.072298 1.000001
vt 0.096397 1.000001
vt 0.298198 1.000001
vt 0.500000 1.000001
vt 0.701801 1.000001
vt 0.927701 1.000001
vt 0.903602 1.000001
vt 0.951800 1.000001
vt 0.262385 0.000000
vt 0.500000 0.000000
vt 0.274099 0.000000
vt 0.737616 0.000000
vt 0.725900 0.000000
vt 0.286149 0.000000
vt 0.024100 0.000000
vt 0.975901 0.000000
vt 0.951801 0.000000
vt 0.927702 0.000000
vt 0.903602 0.000000
vt 0.701801 0.000000
vt 0.500000 0.000000
vt 0.298199 0.000000
vt 0.072298 0.000000
vt 0.096398 0.000000
vt 0.048199 0.000000
vt 0.262385 1.000000
vt 0.500000 1.000000
vt 0.500000 1.000000
vt 0.274099 1.000000
vt 0.737615 1.000000
vt 0.725900 1.000001
vt 0.500000 1.000001
vt 0.286149 1.000000
vt 0.713851 1.000001
vt 0.253347 1.000000
vt 0.024100 1.000000
vt 0.500000 1.000000
vt 0.746653 1.000001
vt 0.975900 1.000001
vt 0.951801 1.000001
vt 0.927702 1.000001
vt 0.903602 1.000001
vt 0.701801 1.000001
vt 0.500000 1.000001
vt 0.298199 1.000001
vt 0.072298 1.000000
vt 0.096397 1.000001
vt 0.048199 1.000000
vt 0.737616 0.000000
vt 0.725901 0.000000
vt 0.262384 0.000000
vt 0.274099 0.000000
vt 0.713851 0.000000
vt 0.286149 0.000000
vt 0.975901 0.000000
vt 0.253347 0.000000
vt 0.024099 0.000000
vt 0.048198 0.000000
vt 0.072297 0.000000
vt 0.096396 0.000000
vt 0.298198 0.000000
vt 0.701802 0.000000
vt 0.927702 0.000000
vt 0.903603 0.000000
vt 0.951802 0.000000
vt 0.000000 0.737615
vt 0.000000 0.500000
vt 0.000000 0.499999
vt 0.000000 0.725900
vt 0.000000 0.262384
vt 0.000000 0.274098
vt 0.000000 0.499999
vt 0.000000 0.713850
vt 0.000000 0.286148
vt 0.000000 1.000000
vt 0.000000 0.746653
vt 0.000000 0.975901
vt 0.000000 0.500000
vt 0.000000 0.253347
vt 0.000000 0.024099
vt 0.000000 0.048198
vt 0.000000 0.072296
vt 0.000000 0.096395
vt 0.000000 0.298197
vt 0.000000 0.499999
vt 0.000000 0.701801
vt 0.000000 0.927702
vt 0.000000 0.903603
vt 0.000000 0.951801
vt 1.000000 0.262384
vt 1.000000 0.499999
vt 1.000000 0.499999
vt 1.000000 0.274098
vt 1.000000 0.737615
vt 1.000000 0.725899
vt 1.000000 0.499998
vt 1.000001 0.286147
vt 1.000000 0.713849
vt 1.000000 0.253347
vt 1.000000 0.024099
vt 1.000000 0.500000
vt 1.000000 0.746653
vt 1.000000 1.000000
vt 1.000000 0.975900
vt 1.000000 0.951800
vt 1.000000 0.927699
vt 1.000000 0.903599
vt 1.000000 0.701798
vt 1.000001 0.499997
vt 1.000001 0.298197
vt 1.000001 0.072297
vt 1.000001 0.096396
vt 1.000001 0.048198
vt 1.000000 0.250000
vt 1.000000 0.500000
vt 1.000000 0.750000
vt 1.000000 0.750000
vt 1.000000 0.500000
vt 1.000000 0.250335
vt 1.000000 0.749665
vt 1.000000 0.250000
vt 1.000000 1.000000
vt 0.000000 0.749665
vt 0.000000 0.499999
vt 0.000000 0.500000
vt 0.000000 0.750000
vt 0.000000 0.250334
vt 0.000000 0.250000
vt 0.000000 0.500000
vt 0.000000 0.749665
vt 0.000000 0.250334
vt 0.000000 1.000000
vt 0.000000 0.746652
vt 0.000000 1.000000
vt 0.000000 0.499999
vt 0.000000 0.253346
vt 0.000000 -0.000001
vt 0.000000 -0.000001
vt 0.000000 -0.000001
vt 0.000000 -0.000000
vt 0.000000 1.000000
vt -2.220528 1.000000
vt -2.470527 1.000000
vt -2.470527 1.000000
vt -2.220527 1.000000
vt -2.720528 1.000000
vt -2.720527 1.000000
vt -2.470527 1.000000
vt -2.220862 1.000000
vt -2.720192 1.000000
vt -1.970528 1.000000
vt -2.220528 1.000000
vt -1.970527 1.000000
vt -2.470528 1.000000
vt -2.720528 1.000000
vt -2.970528 1.000000
vt -2.970528 1.000000
vt -2.970527 1.000000
vt -2.970527 1.000000
vt -2.970527 1.000000
vt -2.717180 1.000000
vt -2.470527 1.000000
vt -2.223874 1.000000
vt -1.970527 1.000000
vt -1.970526 1.000000
vt -1.970527 1.000000
vt -2.720193 0.000000
vt -2.470527 0.000000
vt -2.720527 0.000000
vt -2.220862 0.000000
vt -2.220527 0.000000
vt -2.970527 0.000000
vt -2.717180 0.000000
vt -2.970527 0.000000
vt -2.223874 0.000000
vt -1.970526 0.000000
vt -1.970527 0.000000
vt -1.970527 0.000000
vt -1.970527 0.000000
vt -2.223874 0.000000
vt -2.470527 0.000000
vt -2.717180 0.000000
vt -2.672328 0.298199
vt -2.672328 0.500000
vt -2.470527 0.500000
vt -2.470527 0.298199
vt -2.672328 0.701801
vt -2.470527 0.701801
vt -2.268726 0.500000
vt -2.268726 0.298199
vt -2.268726 0.701801
vt -2.874130 0.096397
vt -2.874130 0.298199
vt -2.672329 0.096397
vt -2.874130 0.500000
vt -2.874130 0.701801
vt -2.874130 0.903602
vt -2.672329 0.903603
vt -2.470527 0.903603
vt -2.268726 0.903603
vt -2.066925 0.903602
vt -2.066925 0.701801
vt -2.066925 0.500000
vt -2.066924 0.298199
vt -2.268726 0.096397
vt -2.066924 0.096397
vt -2.470527 0.096397
vt -2.672328 0.298199
vt -2.470527 0.298199
vt -2.470527 0.500000
vt -2.672328 0.500000
vt -2.268726 0.298199
vt -2.268726 0.500000
vt -2.470527 0.701801
vt -2.672328 0.701801
vt -2.268726 0.701801
vt -2.874130 0.096397
vt -2.672328 0.096397
vt -2.874130 0.298198
vt -2.470527 0.096397
vt -2.268726 0.096397
vt -2.066925 0.096397
vt -2.066925 0.298199
vt -2.066925 0.500000
vt -2.066925 0.701801
vt -2.066925 0.903602
vt -2.268726 0.903602
vt -2.470527 0.903602
vt -2.672328 0.903602
vt -2.874130 0.701801
vt -2.874130 0.903602
vt -2.874130 0.500000
vt 1.000005 0.737952
vt 1.000004 0.500001
vt 1.000004 0.500001
vt 1.000005 0.725902
vt 1.000004 0.262051
vt 1.000003 0.274100
vt 1.000004 0.500001
vt 1.000005 0.713853
vt 1.000003 0.286150
vt 1.000006 1.000003
vt 1.000005 0.750002
vt 1.000006 0.975903
vt 1.000005 0.500002
vt 1.000004 0.250001
vt 1.000003 0.000000
vt 1.000003 0.024100
vt 1.000003 0.048199
vt 1.000003 0.072298
vt 1.000002 0.096397
vt 1.000003 0.298199
vt 1.000004 0.500001
vt 1.000005 0.701803
vt 1.000006 0.927704
vt 1.000005 0.903605
vt 1.000006 0.951804
vt 0.000000 0.262384
vt 0.000000 0.274099
vt 0.000000 0.737615
vt 0.000000 0.725900
vt 0.000000 0.500000
vt 0.000000 0.286148
vt 0.000000 0.713851
vt 0.000000 0.024098
vt 0.000000 0.746653
vt 0.000000 0.975901
vt 0.000000 0.951801
vt 0.000000 0.903603
vt 0.000000 0.701801
vt 0.000000 0.298198
vt 0.000000 0.072297
vt 0.000000 0.096397
vt 0.000000 0.048198
vt -2.232911 1.000000
vt -2.470527 1.000000
vt -2.244626 1.000000
vt -2.708143 1.000000
vt -2.696428 1.000000
vt -2.470527 1.000000
vt -2.256676 1.000000
vt -2.684379 1.000000
vt -1.994626 1.000000
vt -2.946428 1.000000
vt -2.922329 1.000000
vt -2.898230 1.000000
vt -2.874130 1.000000
vt -2.672329 1.000000
vt -2.470527 1.000000
vt -2.268726 1.000000
vt -2.042825 1.000000
vt -2.066925 1.000000
vt -2.018726 1.000000
vt -2.708143 0.000000
vt -2.696428 0.000000
vt -2.232912 0.000000
vt -2.244627 0.000000
vt -2.684378 0.000000
vt -2.256676 0.000000
vt -2.946428 0.000000
vt -1.994627 0.000000
vt -2.018726 0.000000
vt -2.042825 0.000000
vt -2.066925 0.000000
vt -2.268726 0.000000
vt -2.470527 0.000000
vt -2.672328 0.000000
vt -2.898229 0.000000
vt -2.874130 0.000000
vt -2.922329 0.000000
vt -2.708477 1.000001
vt -2.470527 1.000001
vt -2.470527 1.000001
vt -2.696428 1.000001
vt -2.232576 1.000000
vt -2.244626 1.000000
vt -2.470527 1.000000
vt -2.684378 1.000001
vt -2.256676 1.000000
vt -2.970527 1.000001
vt -2.720527 1.000001
vt -2.946428 1.000001
vt -2.470527 1.000001
vt -2.220526 1.000001
vt -1.970526 1.000001
vt -1.994626 1.000001
vt -2.018726 1.000000
vt -2.042825 1.000000
vt -2.066925 1.000000
vt -2.268726 1.000000
vt -2.470528 1.000000
vt -2.672329 1.000001
vt -2.898229 1.000001
vt -2.874130 1.000001
vt -2.922328 1.000001
vt -2.232911 0.000000
vt -2.244626 0.000000
vt -2.708143 0.000000
vt -2.256676 0.000000
vt -2.684379 0.000000
vt -2.223874 0.000000
vt -1.994626 0.000000
vt -2.717180 0.000000
vt -2.922329 0.000000
vt -2.898230 0.000000
vt -2.874130 0.000000
vt -2.672329 0.000000
vt -2.470528 0.000000
vt -2.042825 0.000000
vt -2.066925 0.000000
vt -2.018726 0.000000
vt 0.000000 2.429255
vt 0.000000 2.191641
vt 0.000000 2.191642
vt 0.000000 2.417540
vt 0.000000 1.954026
vt 0.000000 1.965743
vt 0.000000 2.191642
vt 0.000000 2.405490
vt 0.000000 1.977794
vt 0.000000 2.667539
vt 0.000000 2.191640
vt 0.000000 1.944988
vt 0.000000 1.715742
vt 0.000000 1.739844
vt 0.000000 1.763946
vt 0.000000 1.788049
vt 0.000000 1.989846
vt 0.000000 2.191643
vt 0.000000 2.393440
vt 0.000000 2.619338
vt 0.000000 2.595237
vt 0.000000 2.643438
vt 1.000000 1.954020
vt 1.000000 2.191635
vt 1.000000 2.191632
vt 1.000000 1.965731
vt 1.000000 2.429251
vt 1.000000 2.417533
vt 0.999999 2.191628
vt 0.999999 1.977778
vt 0.999999 2.405480
vt 1.000000 1.944984
vt 1.000000 1.715735
vt 1.000000 2.191637
vt 1.000000 2.438290
vt 1.000000 2.667537
vt 1.000000 2.643434
vt 0.999999 2.619331
vt 0.999999 2.595228
vt 0.999999 2.393427
vt 0.999999 2.191625
vt 0.999999 1.989824
vt 0.999999 1.763927
vt 0.999999 1.788022
vt 1.000000 1.739831
vt 1.000002 1.941970
vt 1.000002 2.191634
vt 1.000001 2.191635
vt 1.000002 1.941637
vt 1.000001 2.441298
vt 1.000001 2.441634
vt 1.000001 2.191636
vt 1.000001 1.941972
vt 1.000000 2.441302
vt 1.000004 1.691636
vt 1.000003 1.944982
vt 1.000003 1.691637
vt 1.000002 2.191633
vt 1.000001 2.438283
vt 1.000000 2.691627
vt 1.000000 2.691630
vt 1.000000 2.691634
vt 1.000000 2.691637
vt 1.000001 1.691639
vt 1.000002 1.691638
vt 0.000000 2.441304
vt 0.000000 2.191639
vt 0.000000 2.441639
vt 0.000000 1.941975
vt 0.000000 1.941640
vt 0.000000 1.941975
vt 0.000000 2.691637
vt 0.000000 2.438291
vt 0.000000 2.691638
vt 0.000000 2.191639
vt 0.000000 1.691641
vt 0.000000 1.691641
vt 0.000000 1.691641
vt 0.000000 1.691640
vt 0.000000 2.691638
vt -2.220860 1.000000
vt -2.470525 1.000000
vt -2.470525 1.000000
vt -2.220525 1.000000
vt -2.720190 1.000000
vt -2.720525 1.000000
vt -2.470525 1.000001
vt -2.220860 1.000001
vt -2.720190 1.000001
vt -1.970524 0.999999
vt -2.223872 0.999999
vt -1.970525 1.000000
vt -2.470525 0.999999
vt -2.717177 0.999999
vt -2.970524 0.999998
vt -2.970525 0.999999
vt -2.970525 1.000000
vt -2.970526 1.000001
vt -2.970526 1.000002
vt -2.717179 1.000001
vt -2.470526 1.000001
vt -2.223873 1.000001
vt -1.970526 1.000001
vt -1.970526 1.000001
vt -1.970525 1.000000
vt -2.720194 0.000000
vt -2.470528 0.000000
vt -2.220863 0.000000
vt -2.220528 0.000000
vt -2.470526 0.000000
vt -2.720191 0.000000
vt -2.220861 0.000000
vt -2.970530 0.000000
vt -2.717182 0.000000
vt -2.970529 0.000000
vt -2.470529 0.000000
vt -2.223876 0.000000
vt -1.970529 0.000000
vt -1.970529 0.000000
vt -1.970528 0.000000
vt -1.970526 0.000000
vt -1.970525 0.000000
vt -2.223873 0.000000
vt -2.470526 0.000000
vt -2.717178 0.000000
vt -2.970526 0.000000
vt -2.970524 0.000000
vt -2.672328 1.989839
vt -2.672328 2.191640
vt -2.470528 2.191640
vt -2.470528 1.989839
vt -2.672328 2.393441
vt -2.470528 2.393442
vt -2.268726 2.191640
vt -2.268726 1.989839
vt -2.268726 2.393441
vt -2.874130 1.788038
vt -2.874130 1.989839
vt -2.672329 1.788038
vt -2.874130 2.191640
vt -2.874130 2.393441
vt -2.874130 2.595243
vt -2.672329 2.595243
vt -2.470528 2.595243
vt -2.268726 2.595243
vt -2.066925 2.595243
vt -2.066925 2.393442
vt -2.066925 2.191641
vt -2.066925 1.989840
vt -2.268726 1.788038
vt -2.066925 1.788038
vt -2.470528 1.788038
vt -2.672329 1.989839
vt -2.470528 1.989839
vt -2.470528 2.191640
vt -2.672329 2.191640
vt -2.268727 1.989838
vt -2.268727 2.191640
vt -2.470528 2.393441
vt -2.672329 2.393441
vt -2.268727 2.393441
vt -2.874131 1.788038
vt -2.672330 1.788038
vt -2.874131 1.989839
vt -2.470528 1.788038
vt -2.268727 1.788037
vt -2.066926 1.788037
vt -2.066926 1.989839
vt -2.066926 2.191640
vt -2.066926 2.393441
vt -2.066926 2.595243
vt -2.268727 2.595243
vt -2.470528 2.595242
vt -2.672329 2.595242
vt -2.874130 2.595242
vt -2.874131 2.191640
vt 1.000002 2.429247
vt 1.000002 2.191633
vt 1.000003 2.191634
vt 1.000002 2.417532
vt 1.000003 1.954019
vt 1.000004 1.965735
vt 1.000003 2.191635
vt 1.000002 2.405483
vt 1.000004 1.977786
vt 1.000001 2.438284
vt 1.000001 2.667529
vt 1.000004 1.715736
vt 1.000004 1.739836
vt 1.000005 1.763937
vt 1.000005 1.788037
vt 1.000004 1.989836
vt 1.000003 2.191635
vt 1.000002 2.393435
vt 1.000001 2.619332
vt 1.000001 2.595234
vt 1.000001 2.643430
vt 0.000000 1.954024
vt 0.000000 1.965739
vt 0.000000 2.429254
vt 0.000000 2.417539
vt 0.000000 1.977789
vt 0.000000 2.405489
vt 0.000000 1.944987
vt 0.000000 1.715740
vt 0.000000 2.667538
vt 0.000000 2.643439
vt 0.000000 2.619339
vt 0.000000 2.595240
vt 0.000000 2.393440
vt 0.000000 1.989839
vt 0.000000 1.763939
vt 0.000000 1.788038
vt 0.000000 1.739840
vt -2.232910 1.000001
vt -2.470525 1.000001
vt -2.470526 1.000002
vt -2.244625 1.000001
vt -2.708141 1.000002
vt -2.696426 1.000002
vt -2.256674 1.000001
vt -2.684376 1.000002
vt -1.994625 1.000002
vt -2.946426 1.000002
vt -2.922327 1.000002
vt -2.898228 1.000002
vt -2.874128 1.000002
vt -2.672327 1.000002
vt -2.470526 1.000002
vt -2.268724 1.000002
vt -2.042824 1.000001
vt -2.066923 1.000001
vt -2.018724 1.000002
vt -2.708141 0.000000
vt -2.470525 0.000000
vt -2.696426 0.000000
vt -2.232909 0.000000
vt -2.244624 0.000000
vt -2.684376 0.000000
vt -2.256675 0.000000
vt -2.946426 0.000000
vt -1.994625 0.000000
vt -2.018724 0.000000
vt -2.042823 0.000000
vt -2.066923 0.000000
vt -2.268724 0.000000
vt -2.672327 0.000000
vt -2.898227 0.000000
vt -2.874128 0.000000
vt -2.922327 0.000000
vt -2.708140 0.999999
vt -2.470525 0.999999
vt -2.470525 0.999999
vt -2.696425 0.999999
vt -2.232909 0.999999
vt -2.244624 0.999999
vt -2.470525 0.999999
vt -2.684376 0.999999
vt -2.256674 0.999999
vt -2.946425 0.999999
vt -2.223872 0.999999
vt -1.994624 0.999999
vt -2.018724 0.999999
vt -2.042823 1.000000
vt -2.066923 1.000000
vt -2.268724 0.999999
vt -2.470525 0.999999
vt -2.672326 0.999999
vt -2.898226 0.999999
vt -2.874127 0.999999
vt -2.922326 0.999999
vt -2.232914 0.000000
vt -2.470530 0.000000
vt -2.470530 0.000000
vt -2.244629 0.000000
vt -2.708146 0.000000
vt -2.696431 0.000000
vt -2.256679 0.000000
vt -2.684381 0.000000
vt -2.223876 0.000000
vt -1.994629 0.000000
vt -2.470529 0.000000
vt -2.946431 0.000000
vt -2.922332 0.000000
vt -2.898232 0.000000
vt -2.874133 0.000000
vt -2.672332 0.000000
vt -2.470530 0.000000
vt -2.268729 0.000000
vt -2.042828 0.000000
vt -2.066927 0.000000
vt -2.018728 0.000000
vt 0.000000 0.737617
vt 0.000000 0.500001
vt 0.000000 0.500003
vt 0.000000 0.725904
vt 0.000000 0.262386
vt 0.000000 0.274102
vt 0.000000 0.500004
vt 0.000000 0.713855
vt 0.000000 0.286153
vt 0.000000 0.746653
vt 0.000000 0.975902
vt 0.000000 0.500000
vt 0.000000 0.253347
vt 0.000000 0.024101
vt 0.000000 0.048202
vt 0.000000 0.072302
vt 0.000000 0.096403
vt 0.000000 0.298204
vt 0.000000 0.500006
vt 0.000000 0.701807
vt 0.000000 0.927706
vt 0.000000 0.903608
vt 0.000000 0.951804
vt 0.999998 0.262046
vt 0.999998 0.499996
vt 0.999999 0.499996
vt 0.999999 0.274096
vt 0.999998 0.737946
vt 0.999999 0.725896
vt 0.999999 0.499996
vt 0.999999 0.286146
vt 0.999999 0.713847
vt 0.999998 -0.000003
vt 0.999998 0.249996
vt 0.999998 0.024096
vt 0.999998 0.499996
vt 0.999998 0.749995
vt 0.999998 0.999995
vt 0.999998 0.975896
vt 0.999999 0.951797
vt 0.999999 0.927697
vt 0.999999 0.903598
vt 0.999999 0.701797
vt 0.999999 0.499997
vt 0.999999 0.298196
vt 0.999999 0.072295
vt 0.999999 0.096395
vt 0.999999 0.048196
vt 1.000000 0.750000
vt 1.000000 0.750000
vt 0.000000 0.749661
vt 0.000000 0.499996
vt 0.000000 0.499997
vt 0.000000 0.749997
vt 0.000000 0.250330
vt 0.000000 0.249997
vt 0.000000 0.499998
vt 0.000000 0.749664
vt 0.000000 0.250333
vt 0.000000 0.999993
vt 0.000000 0.746647
vt 0.000000 0.999995
vt 0.000000 0.499994
vt 0.000000 0.253341
vt 0.000000 -0.000006
vt 0.000000 -0.000005
vt 0.000000 -0.000003
vt 0.000000 -0.000002
vt 0.000000 0.999998
vt 0.000000 0.999997
vt -4.969190 1.000001
vt -5.218856 1.000001
vt -5.218856 1.000000
vt -4.968855 1.000000
vt -5.468520 1.000001
vt -5.468856 1.000000
vt -5.218856 1.000000
vt -4.969190 1.000000
vt -5.468522 1.000000
vt -4.718854 1.000001
vt -4.972202 1.000001
vt -4.718855 1.000001
vt -5.218855 1.000001
vt -5.465507 1.000001
vt -5.718854 1.000001
vt -5.718855 1.000001
vt -5.718856 1.000000
vt -5.718856 1.000000
vt -5.718857 0.999999
vt -5.465509 1.000000
vt -5.218856 1.000000
vt -4.972203 1.000000
vt -4.718856 1.000000
vt -4.718856 0.999999
vt -4.718855 1.000000
vt -5.468522 0.000000
vt -5.218857 0.000000
vt -5.218856 0.000000
vt -5.468856 0.000000
vt -4.969191 0.000000
vt -4.968855 0.000000
vt -5.218855 0.000000
vt -5.468520 0.000000
vt -4.969190 0.000000
vt -5.718858 0.000000
vt -5.465510 0.000000
vt -5.218857 0.000000
vt -4.972204 0.000000
vt -4.718856 0.000000
vt -4.718855 0.000000
vt -4.718855 0.000000
vt -4.718854 0.000000
vt -4.972201 0.000000
vt -5.465508 0.000000
vt -5.718856 0.000000
vt -5.718854 0.000000
vt -5.718857 0.000000
vt -5.420657 0.298198
vt -5.420657 0.500000
vt -5.218856 0.500000
vt -5.218856 0.298198
vt -5.420657 0.701801
vt -5.218857 0.701801
vt -5.017055 0.500000
vt -5.017055 0.298198
vt -5.017055 0.701801
vt -5.622459 0.096397
vt -5.622459 0.298198
vt -5.420658 0.096397
vt -5.622459 0.500000
vt -5.622459 0.701801
vt -5.622459 0.903602
vt -5.420658 0.903602
vt -5.218856 0.903602
vt -5.017056 0.903602
vt -4.815254 0.903602
vt -4.815254 0.701801
vt -4.815254 0.500000
vt -4.815254 0.298198
vt -5.017056 0.096397
vt -4.815254 0.096397
vt -5.218856 0.096397
vt -5.420655 0.298198
vt -5.218853 0.298198
vt -5.218853 0.500000
vt -5.420655 0.500000
vt -5.017052 0.298198
vt -5.017052 0.499999
vt -5.218853 0.701801
vt -5.420655 0.701801
vt -5.017052 0.701801
vt -5.622457 0.096397
vt -5.420655 0.096397
vt -5.622457 0.298198
vt -5.218853 0.096397
vt -5.017052 0.096397
vt -4.815250 0.096397
vt -4.815250 0.298198
vt -4.815250 0.499999
vt -4.815250 0.701801
vt -4.815250 0.903602
vt -5.017052 0.903602
vt -5.218853 0.903602
vt -5.420655 0.903602
vt -5.622457 0.701801
vt -5.622457 0.903602
vt -5.622457 0.500000
vt 0.999983 0.737939
vt 0.999982 0.499988
vt 0.999981 0.499988
vt 0.999983 0.725889
vt 0.999980 0.262037
vt 0.999980 0.274087
vt 0.999981 0.499988
vt 0.999982 0.713839
vt 0.999980 0.286136
vt 0.999985 0.999990
vt 0.999983 0.749989
vt 0.999984 0.975890
vt 0.999982 0.499989
vt 0.999981 0.249988
vt 0.999979 -0.000012
vt 0.999979 0.024086
vt 0.999979 0.048185
vt 0.999978 0.072284
vt 0.999978 0.096383
vt 0.999979 0.298185
vt 0.999981 0.499987
vt 0.999982 0.701789
vt 0.999983 0.927691
vt 0.999983 0.903591
vt 0.999984 0.951790
vt 0.000000 0.262378
vt 0.000000 0.499994
vt 0.000000 0.499994
vt 0.000000 0.274093
vt 0.000000 0.737609
vt 0.000000 0.725894
vt 0.000000 0.499994
vt 0.000000 0.286143
vt 0.000000 0.713844
vt 0.000000 0.253341
vt 0.000000 0.024093
vt 0.000000 0.499994
vt 0.000000 0.975894
vt 0.000000 0.951794
vt 0.000000 0.927695
vt 0.000000 0.903595
vt 0.000000 0.701795
vt 0.000000 0.298193
vt 0.000000 0.072293
vt 0.000000 0.096392
vt 0.000000 0.048193
vt -4.981241 1.000000
vt -5.218857 1.000000
vt -5.218858 1.000000
vt -4.992957 1.000000
vt -5.456473 1.000000
vt -5.444758 1.000000
vt -5.218858 1.000000
vt -5.005007 1.000000
vt -5.432709 1.000000
vt -4.742956 0.999999
vt -5.694758 1.000000
vt -5.670660 1.000000
vt -5.646560 1.000000
vt -5.622461 1.000000
vt -5.420660 1.000000
vt -5.218859 1.000000
vt -5.017057 1.000000
vt -4.791156 1.000000
vt -4.815255 1.000000
vt -4.767056 0.999999
vt -5.456470 0.000000
vt -5.218854 0.000000
vt -5.444755 0.000000
vt -4.981239 0.000000
vt -4.992953 0.000000
vt -5.432705 0.000000
vt -5.005003 0.000000
vt -5.694756 0.000000
vt -4.742954 0.000000
vt -4.767053 0.000000
vt -4.791152 0.000000
vt -4.815252 0.000000
vt -5.017053 0.000000
vt -5.218854 0.000000
vt -5.420655 0.000000
vt -5.646556 0.000000
vt -5.622456 0.000000
vt -5.670656 0.000000
vt -5.456470 1.000001
vt -5.218854 1.000001
vt -5.218855 1.000001
vt -5.444755 1.000001
vt -4.981239 1.000001
vt -4.992954 1.000001
vt -5.218855 1.000001
vt -5.432706 1.000001
vt -5.005004 1.000001
vt -5.465508 1.000001
vt -5.694756 1.000001
vt -4.742954 1.000001
vt -4.767055 1.000001
vt -4.791154 1.000001
vt -4.815254 1.000001
vt -5.017055 1.000001
vt -5.218856 1.000001
vt -5.420657 1.000001
vt -5.646557 1.000001
vt -5.622457 1.000001
vt -5.670656 1.000001
vt -4.981241 0.000000
vt -5.218858 0.000000
vt -4.992956 0.000000
vt -5.456473 0.000000
vt -5.444758 0.000000
vt -5.005006 0.000000
vt -5.432709 0.000000
vt -4.972203 0.000000
vt -4.742956 0.000000
vt -5.694759 0.000000
vt -5.670660 0.000000
vt -5.646560 0.000000
vt -5.622460 0.000000
vt -5.420659 0.000000
vt -5.017056 0.000000
vt -4.791156 0.000000
vt -4.815255 0.000000
vt -4.767056 0.000000
vt 0.000000 2.429243
vt 0.000000 2.191628
vt 0.000000 2.191619
vt 0.000000 2.417518
vt 0.000000 1.954013
vt 0.000000 1.965720
vt 0.000000 2.191609
vt 0.000000 2.405458
vt 0.000000 1.977761
vt 0.000000 2.438288
vt 0.000000 2.667529
vt 0.000000 2.191634
vt 0.000000 1.944983
vt 0.000000 1.715730
vt 0.000000 1.739821
vt 0.000000 1.763912
vt 0.000000 1.788002
vt 0.000000 1.989801
vt 0.000000 2.191599
vt 0.000000 2.393398
vt 0.000000 2.619307
vt 0.000000 2.595196
vt 0.000000 2.643418
vt 0.999996 1.953754
vt 0.999996 2.191705
vt 0.999996 2.191707
vt 0.999996 1.965806
vt 0.999996 2.429656
vt 0.999996 2.417609
vt 0.999996 2.191710
vt 0.999996 1.977858
vt 0.999997 2.405561
vt 0.999995 1.691702
vt 0.999996 1.941703
vt 0.999996 1.715803
vt 0.999996 2.191703
vt 0.999996 2.441704
vt 0.999996 2.691704
vt 0.999997 2.667607
vt 0.999997 2.643510
vt 0.999997 2.619413
vt 0.999997 2.595316
vt 0.999997 2.393514
vt 0.999997 2.191712
vt 0.999997 1.989909
vt 0.999996 1.764006
vt 0.999996 1.788107
vt 0.999996 1.739905
vt 1.000014 1.942033
vt 1.000013 2.191695
vt 1.000009 2.191678
vt 1.000009 1.941680
vt 1.000012 2.441359
vt 1.000008 2.441677
vt 1.000005 2.191659
vt 1.000005 1.941660
vt 1.000004 2.441658
vt 1.000020 1.691725
vt 1.000017 1.945060
vt 1.000015 1.691704
vt 1.000016 2.191708
vt 1.000015 2.438359
vt 1.000016 2.691711
vt 1.000012 2.691694
vt 1.000008 2.691676
vt 1.000004 2.691658
vt 1.000000 2.691640
vt 1.000000 2.441640
vt 1.000000 1.941640
vt 1.000005 1.691661
vt 1.000010 1.691682
vt 0.000000 2.441305
vt 0.000000 2.191641
vt 0.000000 2.441639
vt 0.000000 1.941976
vt 0.000000 1.941640
vt 0.000000 2.191638
vt 0.000000 1.941974
vt 0.000000 2.691639
vt 0.000000 2.191640
vt 0.000000 1.944989
vt 0.000000 1.691643
vt 0.000000 1.691642
vt 0.000000 1.691641
vt -4.968855 1.000001
vt -5.218855 1.000001
vt -5.218855 1.000002
vt -4.968854 1.000002
vt -5.468855 1.000001
vt -5.468854 1.000002
vt -5.218854 1.000002
vt -4.969189 1.000002
vt -5.468519 1.000002
vt -4.718856 1.000001
vt -4.968857 1.000001
vt -4.718855 1.000001
vt -5.218856 1.000001
vt -5.468857 1.000001
vt -5.718856 1.000001
vt -5.718856 1.000002
vt -5.718855 1.000002
vt -5.718855 1.000002
vt -5.718853 1.000003
vt -5.465507 1.000003
vt -5.218854 1.000002
vt -4.972201 1.000002
vt -4.718854 1.000002
vt -4.718853 1.000002
vt -4.718855 1.000002
vt -5.468523 0.000000
vt -5.218856 0.000000
vt -5.468856 0.000000
vt -4.969192 0.000000
vt -4.968856 0.000000
vt -5.468519 0.000000
vt -4.969189 0.000000
vt -5.718859 0.000000
vt -5.465511 0.000000
vt -5.718858 0.000000
vt -5.218859 0.000000
vt -4.972206 0.000000
vt -4.718860 0.000000
vt -4.718858 0.000000
vt -4.718856 0.000000
vt -4.718851 0.000000
vt -4.972200 0.000000
vt -5.218853 0.000000
vt -5.465506 0.000000
vt -5.718854 0.000000
vt -5.718852 0.000000
vt -5.718856 0.000000
vt -5.420656 1.989837
vt -5.420656 2.191639
vt -5.218855 2.191639
vt -5.218855 1.989838
vt -5.420656 2.393440
vt -5.218855 2.393440
vt -5.017054 2.191639
vt -5.017054 1.989838
vt -5.017054 2.393440
vt -5.622458 1.788036
vt -5.622458 1.989837
vt -5.420657 1.788036
vt -5.622458 2.191639
vt -5.622458 2.393440
vt -5.622458 2.595241
vt -5.420657 2.595241
vt -5.218856 2.595241
vt -5.017054 2.595241
vt -4.815253 2.595242
vt -4.815253 2.393440
vt -4.815253 2.191639
vt -4.815253 1.989838
vt -5.017054 1.788036
vt -4.815252 1.788037
vt -5.218855 1.788036
vt -5.420656 1.989839
vt -5.218855 1.989839
vt -5.218855 2.191640
vt -5.420655 2.191640
vt -5.017054 1.989839
vt -5.017054 2.191640
vt -5.218854 2.393442
vt -5.420655 2.393441
vt -5.017054 2.393442
vt -5.622457 1.788038
vt -5.420656 1.788038
vt -5.622457 1.989839
vt -5.218856 1.788038
vt -5.017055 1.788038
vt -4.815254 1.788038
vt -4.815254 1.989840
vt -4.815253 2.191641
vt -4.815253 2.393442
vt -4.815253 2.595243
vt -5.017054 2.595243
vt -5.218854 2.595243
vt -5.420655 2.595242
vt -5.622456 2.393441
vt -5.622456 2.595242
vt -5.622457 2.191640
vt 1.000017 2.429329
vt 1.000018 2.191715
vt 1.000018 2.191719
vt 1.000017 2.417618
vt 1.000019 1.954103
vt 1.000020 1.965821
vt 1.000019 2.191720
vt 1.000018 2.405570
vt 1.000020 1.977871
vt 1.000015 2.438360
vt 1.000016 2.667614
vt 1.000016 2.191708
vt 1.000017 1.945060
vt 1.000021 1.715824
vt 1.000021 1.739923
vt 1.000022 1.764022
vt 1.000022 1.788121
vt 1.000021 1.989921
vt 1.000019 2.191721
vt 1.000018 2.393522
vt 1.000016 2.619419
vt 1.000016 2.595322
vt 1.000016 2.643517
vt 0.000000 1.954026
vt 0.000000 1.965740
vt 0.000000 2.429255
vt 0.000000 2.417539
vt 0.000000 1.977789
vt 0.000000 2.405488
vt 0.000000 1.944989
vt 0.000000 1.715742
vt 0.000000 2.438292
vt 0.000000 2.667539
vt 0.000000 2.619339
vt 0.000000 2.595238
vt 0.000000 2.393438
vt 0.000000 1.763940
vt 0.000000 1.788038
vt 0.000000 1.739841
vt -4.981238 1.000003
vt -5.218854 1.000003
vt -5.218854 1.000003
vt -4.992953 1.000003
vt -5.456470 1.000003
vt -5.444755 1.000003
vt -5.005002 1.000003
vt -5.432704 1.000003
vt -4.742953 1.000003
vt -5.694755 1.000003
vt -5.670656 1.000003
vt -5.646557 1.000003
vt -5.622457 1.000003
vt -5.420656 1.000003
vt -5.218854 1.000003
vt -5.017053 1.000003
vt -4.791152 1.000003
vt -4.815251 1.000003
vt -4.767052 1.000003
vt -5.456468 0.000000
vt -5.218853 0.000000
vt -5.444753 0.000000
vt -4.981236 0.000000
vt -4.992952 0.000000
vt -5.218852 0.000000
vt -5.432703 0.000000
vt -5.005001 0.000000
vt -5.694753 0.000000
vt -4.742951 0.000000
vt -4.767051 0.000000
vt -4.791151 0.000000
vt -4.815250 0.000000
vt -5.017051 0.000000
vt -5.420653 0.000000
vt -5.646554 0.000000
vt -5.622454 0.000000
vt -5.670654 0.000000
vt -5.456800 0.999997
vt -5.218850 0.999997
vt -5.218851 0.999997
vt -5.444751 0.999997
vt -4.980900 0.999997
vt -4.992949 0.999997
vt -5.218850 0.999997
vt -5.432702 0.999997
vt -5.005000 0.999998
vt -5.718850 0.999996
vt -5.468850 0.999997
vt -5.694750 0.999997
vt -5.218850 0.999997
vt -4.968850 0.999997
vt -4.718850 0.999997
vt -4.742950 0.999997
vt -4.767049 0.999997
vt -4.791149 0.999998
vt -4.815249 0.999998
vt -5.017050 0.999998
vt -5.218851 0.999997
vt -5.420652 0.999997
vt -5.646553 0.999997
vt -5.622453 0.999997
vt -5.670651 0.999997
vt -4.981244 0.000000
vt -5.218859 0.000000
vt -4.992959 0.000000
vt -5.456475 0.000000
vt -5.444760 0.000000
vt -5.005008 0.000000
vt -5.432710 0.000000
vt -4.972206 0.000000
vt -4.742959 0.000000
vt -5.218858 0.000000
vt -5.694761 0.000000
vt -5.670661 0.000000
vt -5.646561 0.000000
vt -5.622461 0.000000
vt -5.420660 0.000000
vt -5.017058 0.000000
vt -4.791158 0.000000
vt -4.815257 0.000000
vt -4.767058 0.000000
s 0
f 2627/5095/228 2628/5096/228 2631/5097/228 2630/5098/228
f 2628/5096/229 2629/5099/229 2632/5100/229 2631/5097/229
f 2630/5098/230 2631/5097/230 2634/5101/230 2633/5102/230
f 2631/5097/231 2632/5100/231 2635/5103/231 2634/5101/231
f 2031/5104/232 2135/5105/232 2627/5095/232 2194/5106/232
f 2135/5105/233 2136/5107/233 2628/5096/233 2627/5095/233
f 2136/5107/234 2137/5108/234 2629/5099/234 2628/5096/234
f 2137/5108/235 2032/5109/235 2189/5110/235 2629/5099/235
f 2629/5099/236 2189/5110/236 2190/5111/236 2632/5100/236
f 2632/5100/237 2190/5111/237 2191/5112/237 2635/5103/237
f 2635/5103/238 2191/5112/238 2040/5113/238 2173/5114/238
f 2634/5101/239 2635/5103/239 2173/5114/239 2172/5115/239
f 2633/5102/240 2634/5101/240 2172/5115/240 2171/5116/240
f 2192/5117/241 2633/5102/241 2171/5116/241 2039/5118/241
f 2193/5119/242 2630/5098/242 2633/5102/242 2192/5117/242
f 2194/5106/243 2627/5095/243 2630/5098/243 2193/5119/243
f 2636/5120/244 2637/5121/244 2640/5122/244 2639/5123/244
f 2637/5121/245 2638/5124/245 2641/5125/245 2640/5122/245
f 2639/5123/246 2640/5122/246 2643/5122/246 2642/5126/246
f 2640/5122/247 2641/5125/247 2644/5127/247 2643/5122/247
f 2033/5128/248 2141/5129/248 2636/5120/248 2188/5130/248
f 2141/5129/249 2142/5131/249 2637/5121/249 2636/5120/249
f 2142/5131/250 2143/5132/250 2638/5124/250 2637/5121/250
f 2143/5132/251 2034/5133/251 2183/5134/251 2638/5124/251
f 2638/5124/252 2183/5134/252 2184/5135/252 2641/5125/252
f 2641/5125/253 2184/5135/253 2185/5136/253 2644/5127/253
f 2644/5127/254 2185/5136/254 2042/5137/254 2179/5138/254
f 2643/5122/255 2644/5127/255 2179/5138/255 2178/5139/255
f 2642/5126/256 2643/5122/256 2178/5139/256 2177/5140/256
f 2186/5141/257 2642/5126/257 2177/5140/257 2041/5142/257
f 2187/5143/258 2639/5123/258 2642/5126/258 2186/5141/258
f 2188/5130/259 2636/5120/259 2639/5123/259 2187/5143/259
f 2645/5144/260 2646/5145/260 2649/5146/260 2648/5147/260
f 2646/5145/261 2647/5148/261 2650/5149/261 2649/5146/261
f 2648/5147/262 2649/5146/262 2652/5150/262 2651/5151/262
f 2649/5146/263 2650/5149/263 2653/5152/263 2652/5150/263
f 2028/5128/264 2129/5153/264 2645/5144/264 2152/5154/264
f 2129/5153/265 2130/5155/265 2646/5145/265 2645/5144/265
f 2130/5155/266 2131/5156/266 2647/5148/266 2646/5145/266
f 2131/5156/267 2030/5133/267 2147/5157/267 2647/5148/267
f 2647/5148/268 2147/5157/268 2148/5158/268 2650/5149/268
f 2650/5149/269 2148/5158/269 2149/5159/269 2653/5152/269
f 2653/5152/270 2149/5159/270 2034/5133/270 2143/5132/270
f 2652/5150/271 2653/5152/271 2143/5132/271 2142/5131/271
f 2651/5151/272 2652/5150/272 2142/5131/272 2141/5129/272
f 2150/5160/273 2651/5151/273 2141/5129/273 2033/5128/273
f 2151/5161/274 2648/5147/274 2651/5151/274 2150/5160/274
f 2152/5154/275 2645/5144/275 2648/5147/275 2151/5161/275
f 2654/5162/276 2655/5163/276 2658/5164/276 2657/5165/276
f 2655/5163/277 2656/5166/277 2659/5167/277 2658/5164/277
f 2657/5165/278 2658/5164/278 2661/5168/278 2660/5169/278
f 2658/5164/279 2659/5167/279 2662/5170/279 2661/5168/279
f 2029/5171/280 2123/5105/280 2654/5162/280 2158/5172/280
f 2123/5105/281 2124/5107/281 2655/5163/281 2654/5162/281
f 2124/5107/282 2125/5173/282 2656/5166/282 2655/5163/282
f 2125/5173/283 2027/5174/283 2153/5175/283 2656/5166/283
f 2656/5166/284 2153/5175/284 2154/5176/284 2659/5167/284
f 2659/5167/285 2154/5176/285 2155/5177/285 2662/5170/285
f 2662/5170/286 2155/5177/286 2032/5109/286 2137/5108/286
f 2661/5168/287 2662/5170/287 2137/5108/287 2136/5107/287
f 2660/5169/288 2661/5168/288 2136/5107/288 2135/5105/288
f 2156/5178/289 2660/5169/289 2135/5105/289 2031/5104/289
f 2157/5179/290 2657/5165/290 2660/5169/290 2156/5178/290
f 2158/5172/291 2654/5162/291 2657/5165/291 2157/5179/291
f 2663/5180/292 2664/5181/292 2667/5182/292 2666/5183/292
f 2664/5181/293 2665/5184/293 2668/5185/293 2667/5182/293
f 2666/5183/294 2667/5182/294 2670/5186/294 2669/5187/294
f 2667/5182/295 2668/5185/295 2671/5188/295 2670/5186/295
f 2030/5133/296 2132/5189/296 2663/5180/296 2147/5157/296
f 2132/5189/297 2133/5190/297 2664/5181/297 2663/5180/297
f 2133/5190/298 2134/5191/298 2665/5184/298 2664/5181/298
f 2134/5191/299 2029/5171/299 2158/5172/299 2665/5184/299
f 2665/5184/300 2158/5172/300 2157/5179/300 2668/5185/300
f 2668/5185/301 2157/5179/301 2156/5178/301 2671/5188/301
f 2671/5188/302 2156/5178/302 2031/5104/302 2146/5192/302
f 2670/5186/303 2671/5188/303 2146/5192/303 2145/5190/303
f 2669/5187/304 2670/5186/304 2145/5190/304 2144/5193/304
f 2149/5159/305 2669/5187/305 2144/5193/305 2034/5133/305
f 2148/5158/306 2666/5183/306 2669/5187/306 2149/5159/306
f 2147/5157/307 2663/5180/307 2666/5183/307 2148/5158/307
f 2672/5194/308 2673/5195/308 2676/5196/308 2675/5197/308
f 2673/5195/309 2674/5198/309 2677/5199/309 2676/5196/309
f 2675/5197/310 2676/5196/310 2679/5200/310 2678/5201/310
f 2676/5196/311 2677/5199/311 2680/5202/311 2679/5200/311
f 2027/5174/312 2126/5203/312 2672/5194/312 2153/5175/312
f 2126/5203/313 2127/5204/313 2673/5195/313 2672/5194/313
f 2127/5204/314 2128/5205/314 2674/5198/314 2673/5195/314
f 2128/5205/315 2028/5128/315 2152/5154/315 2674/5198/315
f 2674/5198/316 2152/5154/316 2151/5161/316 2677/5199/316
f 2677/5199/317 2151/5161/317 2150/5160/317 2680/5202/317
f 2680/5202/318 2150/5160/318 2033/5128/318 2140/5206/318
f 2679/5200/319 2680/5202/319 2140/5206/319 2139/5207/319
f 2678/5201/320 2679/5200/320 2139/5207/320 2138/5208/320
f 2155/5177/321 2678/5201/321 2138/5208/321 2032/5109/321
f 2154/5176/322 2675/5197/322 2678/5201/322 2155/5177/322
f 2153/5175/323 2672/5194/323 2675/5197/323 2154/5176/323
f 2681/5209/324 2682/5210/324 2685/5211/324 2684/5212/324
f 2682/5210/325 2683/5213/325 2686/5214/325 2685/5211/325
f 2684/5212/326 2685/5211/326 2688/5215/326 2687/5216/326
f 2685/5211/327 2686/5214/327 2689/5217/327 2688/5215/327
f 2036/5218/328 2161/5219/328 2681/5209/328 2162/5220/328
f 2161/5219/329 2160/5221/329 2682/5210/329 2681/5209/329
f 2160/5221/330 2159/5222/330 2683/5213/330 2682/5210/330
f 2159/5222/331 2035/5223/331 2170/5224/331 2683/5213/331
f 2683/5213/332 2170/5224/332 2169/5225/332 2686/5214/332
f 2686/5214/333 2169/5225/333 2168/5226/333 2689/5217/333
f 2689/5217/334 2168/5226/334 2038/5227/334 2167/5228/334
f 2688/5215/335 2689/5217/335 2167/5228/335 2166/5229/335
f 2687/5216/336 2688/5215/336 2166/5229/336 2165/5230/336
f 2164/5231/337 2687/5216/337 2165/5230/337 2037/5232/337
f 2163/5233/338 2684/5212/338 2687/5216/338 2164/5231/338
f 2162/5220/339 2681/5209/339 2684/5212/339 2163/5233/339
f 2690/5234/340 2691/5212/340 2694/5235/340 2693/5236/340
f 2691/5212/341 2692/5216/341 2695/5237/341 2694/5235/341
f 2693/5236/342 2694/5235/342 2697/5214/342 2696/5213/342
f 2694/5235/343 2695/5237/343 2698/5238/343 2697/5214/343
f 2040/5218/344 2174/5220/344 2690/5234/344 2173/5219/344
f 2174/5220/345 2175/5233/345 2691/5212/345 2690/5234/345
f 2175/5233/346 2176/5231/346 2692/5216/346 2691/5212/346
f 2176/5231/347 2041/5232/347 2177/5230/347 2692/5216/347
f 2692/5216/348 2177/5230/348 2178/5229/348 2695/5237/348
f 2695/5237/349 2178/5229/349 2179/5228/349 2698/5238/349
f 2698/5238/350 2179/5228/350 2042/5227/350 2180/5226/350
f 2697/5214/351 2698/5238/351 2180/5226/351 2181/5225/351
f 2696/5213/352 2697/5214/352 2181/5225/352 2182/5224/352
f 2171/5222/353 2696/5213/353 2182/5224/353 2039/5223/353
f 2172/5221/354 2693/5236/354 2696/5213/354 2171/5222/354
f 2173/5219/355 2690/5234/355 2693/5236/355 2172/5221/355
f 2699/5239/356 2700/5240/356 2703/5241/356 2702/5242/356
f 2700/5240/357 2701/5243/357 2704/5244/357 2703/5241/357
f 2702/5242/358 2703/5241/358 2706/5245/358 2705/5246/358
f 2703/5241/359 2704/5244/359 2707/5247/359 2706/5245/359
f 2030/5133/360 2131/5248/360 2699/5239/360 2200/5249/360
f 2131/5248/361 2130/5131/361 2700/5240/361 2699/5239/361
f 2130/5131/362 2129/5129/362 2701/5243/362 2700/5240/362
f 2129/5129/363 2028/5128/363 2195/5250/363 2701/5243/363
f 2701/5243/364 2195/5250/364 2196/5143/364 2704/5244/364
f 2704/5244/365 2196/5143/365 2197/5251/365 2707/5247/365
f 2707/5247/366 2197/5251/366 2037/5252/366 2165/5253/366
f 2706/5245/367 2707/5247/367 2165/5253/367 2166/5245/367
f 2705/5246/368 2706/5245/368 2166/5245/368 2167/5254/368
f 2198/5255/369 2705/5246/369 2167/5254/369 2038/5256/369
f 2199/5135/370 2702/5242/370 2705/5246/370 2198/5255/370
f 2200/5249/371 2699/5239/371 2702/5242/371 2199/5135/371
f 2708/5099/372 2709/5257/372 2712/5258/372 2711/5259/372
f 2709/5257/373 2710/5095/373 2713/5260/373 2712/5258/373
f 2711/5259/374 2712/5258/374 2715/5261/374 2714/5262/374
f 2712/5258/375 2713/5260/375 2716/5263/375 2715/5261/375
f 2027/5174/376 2125/5264/376 2708/5099/376 2206/5265/376
f 2125/5264/377 2124/5107/377 2709/5257/377 2708/5099/377
f 2124/5107/378 2123/5266/378 2710/5095/378 2709/5257/378
f 2123/5266/379 2029/5171/379 2201/5267/379 2710/5095/379
f 2710/5095/380 2201/5267/380 2202/5268/380 2713/5260/380
f 2713/5260/381 2202/5268/381 2203/5269/381 2716/5263/381
f 2716/5263/382 2203/5269/382 2035/5270/382 2159/5271/382
f 2715/5261/383 2716/5263/383 2159/5271/383 2160/5272/383
f 2714/5262/384 2715/5261/384 2160/5272/384 2161/5273/384
f 2204/5274/385 2714/5262/385 2161/5273/385 2036/5275/385
f 2205/5276/386 2711/5259/386 2714/5262/386 2204/5274/386
f 2206/5265/387 2708/5099/387 2711/5259/387 2205/5276/387
f 2717/5277/388 2718/5278/388 2721/5279/388 2720/5280/388
f 2718/5278/389 2719/5281/389 2722/5282/389 2721/5279/389
f 2720/5280/390 2721/5279/390 2724/5283/390 2723/5284/390
f 2721/5279/391 2722/5282/391 2725/5285/391 2724/5283/391
f 2034/5133/392 2144/5193/392 2717/5277/392 2183/5286/392
f 2144/5193/393 2145/5190/393 2718/5278/393 2717/5277/393
f 2145/5190/394 2146/5192/394 2719/5281/394 2718/5278/394
f 2146/5192/395 2031/5104/395 2194/5287/395 2719/5281/395
f 2719/5281/396 2194/5287/396 2193/5288/396 2722/5282/396
f 2722/5282/397 2193/5288/397 2192/5289/397 2725/5285/397
f 2725/5285/398 2192/5289/398 2039/5290/398 2182/5291/398
f 2724/5283/399 2725/5285/399 2182/5291/399 2181/5283/399
f 2723/5284/400 2724/5283/400 2181/5283/400 2180/5292/400
f 2185/5293/401 2723/5284/401 2180/5292/401 2042/5294/401
f 2184/5295/402 2720/5280/402 2723/5284/402 2185/5293/402
f 2183/5286/403 2717/5277/403 2720/5280/403 2184/5295/403
f 2726/5296/404 2727/5297/404 2730/5298/404 2729/5299/404
f 2727/5297/405 2728/5300/405 2731/5301/405 2730/5298/405
f 2729/5299/406 2730/5298/406 2733/5302/406 2732/5303/406
f 2730/5298/407 2731/5301/407 2734/5304/407 2733/5302/407
f 2032/5109/408 2138/5208/408 2726/5296/408 2189/5305/408
f 2138/5208/409 2139/5207/409 2727/5297/409 2726/5296/409
f 2139/5207/410 2140/5206/410 2728/5300/410 2727/5297/410
f 2140/5206/411 2033/5128/411 2188/5306/411 2728/5300/411
f 2728/5300/412 2188/5306/412 2187/5307/412 2731/5301/412
f 2731/5301/413 2187/5307/413 2186/5308/413 2734/5304/413
f 2734/5304/414 2186/5308/414 2041/5309/414 2176/5310/414
f 2733/5302/415 2734/5304/415 2176/5310/415 2175/5311/415
f 2732/5303/416 2733/5302/416 2175/5311/416 2174/5312/416
f 2191/5313/417 2732/5303/417 2174/5312/417 2040/5314/417
f 2190/5315/418 2729/5299/418 2732/5303/418 2191/5313/418
f 2189/5305/419 2726/5296/419 2729/5299/419 2190/5315/419
f 2735/5316/420 2736/5317/420 2739/5283/420 2738/5318/420
f 2736/5317/421 2737/5319/421 2740/5320/421 2739/5283/421
f 2738/5318/422 2739/5283/422 2742/5321/422 2741/5322/422
f 2739/5283/423 2740/5320/423 2743/5323/423 2742/5321/423
f 2029/5171/424 2134/5324/424 2735/5316/424 2201/5325/424
f 2134/5324/425 2133/5326/425 2736/5317/425 2735/5316/425
f 2133/5326/426 2132/5327/426 2737/5319/426 2736/5317/426
f 2132/5327/427 2030/5133/427 2200/5286/427 2737/5319/427
f 2737/5319/428 2200/5286/428 2199/5295/428 2740/5320/428
f 2740/5320/429 2199/5295/429 2198/5328/429 2743/5323/429
f 2743/5323/430 2198/5328/430 2038/5329/430 2168/5330/430
f 2742/5321/431 2743/5323/431 2168/5330/431 2169/5331/431
f 2741/5322/432 2742/5321/432 2169/5331/432 2170/5332/432
f 2203/5333/433 2741/5322/433 2170/5332/433 2035/5334/433
f 2202/5335/434 2738/5318/434 2741/5322/434 2203/5333/434
f 2201/5325/435 2735/5316/435 2738/5318/435 2202/5335/435
f 2744/5300/436 2745/5297/436 2748/5302/436 2747/5301/436
f 2745/5297/437 2746/5336/437 2749/5299/437 2748/5302/437
f 2747/5301/438 2748/5302/438 2751/5337/438 2750/5338/438
f 2748/5302/439 2749/5299/439 2752/5339/439 2751/5337/439
f 2028/5128/440 2128/5340/440 2744/5300/440 2195/5306/440
f 2128/5340/441 2127/5204/441 2745/5297/441 2744/5300/441
f 2127/5204/442 2126/5208/442 2746/5336/442 2745/5297/442
f 2126/5208/443 2027/5174/443 2206/5341/443 2746/5336/443
f 2746/5336/444 2206/5341/444 2205/5342/444 2749/5299/444
f 2749/5299/445 2205/5342/445 2204/5343/445 2752/5339/445
f 2752/5339/446 2204/5343/446 2036/5344/446 2162/5345/446
f 2751/5337/447 2752/5339/447 2162/5345/447 2163/5337/447
f 2750/5338/448 2751/5337/448 2163/5337/448 2164/5310/448
f 2197/5346/449 2750/5338/449 2164/5310/449 2037/5347/449
f 2196/5307/450 2747/5301/450 2750/5338/450 2197/5346/450
f 2195/5306/451 2744/5300/451 2747/5301/451 2196/5307/451
f 2753/5348/228 2754/5349/228 2757/5349/228 2756/5350/228
f 2754/5349/229 2755/5351/229 2758/5352/229 2757/5349/229
f 2756/5350/230 2757/5349/230 2760/5349/230 2759/5353/230
f 2757/5349/231 2758/5352/231 2761/5354/231 2760/5349/231
f 2047/5355/232 2219/5356/232 2753/5348/232 2278/5357/232
f 2219/5356/233 2220/5358/233 2754/5349/233 2753/5348/233
f 2220/5358/234 2221/5359/234 2755/5351/234 2754/5349/234
f 2221/5359/235 2048/5360/235 2273/5361/235 2755/5351/235
f 2755/5351/236 2273/5361/236 2274/5362/236 2758/5352/236
f 2758/5352/237 2274/5362/237 2275/5363/237 2761/5354/237
f 2761/5354/238 2275/5363/238 2056/5364/238 2257/5365/238
f 2760/5349/239 2761/5354/239 2257/5365/239 2256/5349/239
f 2759/5353/240 2760/5349/240 2256/5349/240 2255/5366/240
f 2276/5367/241 2759/5353/241 2255/5366/241 2055/5368/241
f 2277/5369/242 2756/5350/242 2759/5353/242 2276/5367/242
f 2278/5357/243 2753/5348/243 2756/5350/243 2277/5369/243
f 2762/5370/244 2763/5371/244 2766/5372/244 2765/5373/244
f 2763/5371/245 2764/5374/245 2767/5375/245 2766/5372/245
f 2765/5373/246 2766/5372/246 2769/5371/246 2768/5376/246
f 2766/5372/247 2767/5375/247 2770/5377/247 2769/5371/247
f 2049/5378/248 2225/5379/248 2762/5370/248 2272/5380/248
f 2225/5379/249 2226/5371/249 2763/5371/249 2762/5370/249
f 2226/5371/250 2227/5381/250 2764/5374/250 2763/5371/250
f 2227/5381/251 2050/5382/251 2267/5383/251 2764/5374/251
f 2764/5374/252 2267/5383/252 2268/5384/252 2767/5375/252
f 2767/5375/253 2268/5384/253 2269/5385/253 2770/5377/253
f 2770/5377/254 2269/5385/254 2058/5386/254 2263/5387/254
f 2769/5371/255 2770/5377/255 2263/5387/255 2262/5388/255
f 2768/5376/256 2769/5371/256 2262/5388/256 2261/5389/256
f 2270/5390/257 2768/5376/257 2261/5389/257 2057/5391/257
f 2271/5392/258 2765/5373/258 2768/5376/258 2270/5390/258
f 2272/5380/259 2762/5370/259 2765/5373/259 2271/5392/259
f 2771/5393/452 2772/5394/452 2775/5388/452 2774/5395/452
f 2772/5394/453 2773/5396/453 2776/5397/453 2775/5388/453
f 2774/5395/262 2775/5388/262 2778/5398/262 2777/5399/262
f 2775/5388/263 2776/5397/263 2779/5400/263 2778/5398/263
f 2044/5401/264 2213/5402/264 2771/5393/264 2236/5403/264
f 2213/5402/265 2214/5394/265 2772/5394/265 2771/5393/265
f 2214/5394/266 2215/5404/266 2773/5396/266 2772/5394/266
f 2215/5404/267 2046/5405/267 2231/5406/267 2773/5396/267
f 2773/5396/268 2231/5406/268 2232/5407/268 2776/5397/268
f 2776/5397/269 2232/5407/269 2233/5407/269 2779/5400/269
f 2779/5400/270 2233/5407/270 2050/5382/270 2227/5381/270
f 2778/5398/271 2779/5400/271 2227/5381/271 2226/5371/271
f 2777/5399/272 2778/5398/272 2226/5371/272 2225/5379/272
f 2234/5408/454 2777/5399/454 2225/5379/454 2049/5378/454
f 2235/5409/274 2774/5395/274 2777/5399/274 2234/5408/274
f 2236/5403/275 2771/5393/275 2774/5395/275 2235/5409/275
f 2780/5410/455 2781/5411/455 2784/5411/455 2783/5412/455
f 2781/5411/277 2782/5413/277 2785/5414/277 2784/5411/277
f 2783/5412/278 2784/5411/278 2787/5358/278 2786/5415/278
f 2784/5411/279 2785/5414/279 2788/5416/279 2787/5358/279
f 2045/5417/280 2207/5418/280 2780/5410/280 2242/5355/280
f 2207/5418/281 2208/5411/281 2781/5411/281 2780/5410/281
f 2208/5411/282 2209/5419/282 2782/5413/282 2781/5411/282
f 2209/5419/283 2043/5420/283 2237/5421/283 2782/5413/283
f 2782/5413/284 2237/5421/284 2238/5421/284 2785/5414/284
f 2785/5414/285 2238/5421/285 2239/5422/285 2788/5416/285
f 2788/5416/286 2239/5422/286 2048/5360/286 2221/5359/286
f 2787/5358/287 2788/5416/287 2221/5359/287 2220/5358/287
f 2786/5415/288 2787/5358/288 2220/5358/288 2219/5356/288
f 2240/5355/289 2786/5415/289 2219/5356/289 2047/5355/289
f 2241/5355/290 2783/5412/290 2786/5415/290 2240/5355/290
f 2242/5355/291 2780/5410/291 2783/5412/291 2241/5355/291
f 2789/5423/292 2790/5424/292 2793/5425/292 2792/5426/292
f 2790/5424/293 2791/5427/293 2794/5428/293 2793/5425/293
f 2792/5426/294 2793/5425/294 2796/5429/294 2795/5430/294
f 2793/5425/295 2794/5428/295 2797/5431/295 2796/5429/295
f 2046/5432/296 2216/5433/296 2789/5423/296 2231/5434/296
f 2216/5433/297 2217/5435/297 2790/5424/297 2789/5423/297
f 2217/5435/298 2218/5436/298 2791/5427/298 2790/5424/298
f 2218/5436/299 2045/5437/299 2242/5438/299 2791/5427/299
f 2791/5427/300 2242/5438/300 2241/5439/300 2794/5428/300
f 2794/5428/301 2241/5439/301 2240/5440/301 2797/5431/301
f 2797/5431/302 2240/5440/302 2047/5441/302 2230/5442/302
f 2796/5429/303 2797/5431/303 2230/5442/303 2229/5443/303
f 2795/5430/304 2796/5429/304 2229/5443/304 2228/5444/304
f 2233/5445/456 2795/5430/456 2228/5444/456 2050/5446/456
f 2232/5447/306 2792/5426/306 2795/5430/306 2233/5445/306
f 2231/5434/307 2789/5423/307 2792/5426/307 2232/5447/307
f 2798/5448/308 2799/5449/308 2802/5449/308 2801/5450/308
f 2799/5449/309 2800/5451/309 2803/5452/309 2802/5449/309
f 2801/5450/310 2802/5449/310 2805/5453/310 2804/5454/310
f 2802/5449/311 2803/5452/311 2806/5455/311 2805/5453/311
f 2043/5109/312 2210/5456/312 2798/5448/312 2237/5457/312
f 2210/5456/313 2211/5458/313 2799/5449/313 2798/5448/313
f 2211/5458/314 2212/5459/314 2800/5451/314 2799/5449/314
f 2212/5459/457 2044/5460/457 2236/5461/457 2800/5451/457
f 2800/5451/316 2236/5461/316 2235/5461/316 2803/5452/316
f 2803/5452/317 2235/5461/317 2234/5462/317 2806/5455/317
f 2806/5455/318 2234/5462/318 2049/5461/318 2224/5463/318
f 2805/5453/319 2806/5455/319 2224/5463/319 2223/5449/319
f 2804/5454/320 2805/5453/320 2223/5449/320 2222/5464/320
f 2239/5465/458 2804/5454/458 2222/5464/458 2048/5466/458
f 2238/5467/322 2801/5450/322 2804/5454/322 2239/5465/322
f 2237/5457/323 2798/5448/323 2801/5450/323 2238/5467/323
f 2807/5468/324 2808/5469/324 2811/5470/324 2810/5471/324
f 2808/5469/325 2809/5472/325 2812/5473/325 2811/5470/325
f 2810/5471/326 2811/5470/326 2814/5474/326 2813/5475/326
f 2811/5470/327 2812/5473/327 2815/5476/327 2814/5474/327
f 2052/5477/328 2245/5478/328 2807/5468/328 2246/5479/328
f 2245/5478/329 2244/5480/329 2808/5469/329 2807/5468/329
f 2244/5480/330 2243/5481/330 2809/5472/330 2808/5469/330
f 2243/5481/331 2051/5482/331 2254/5483/331 2809/5472/331
f 2809/5472/332 2254/5483/332 2253/5484/332 2812/5473/332
f 2812/5473/333 2253/5484/333 2252/5485/333 2815/5476/333
f 2815/5476/334 2252/5485/334 2054/5486/334 2251/5487/334
f 2814/5474/335 2815/5476/335 2251/5487/335 2250/5488/335
f 2813/5475/336 2814/5474/336 2250/5488/336 2249/5489/336
f 2248/5490/337 2813/5475/337 2249/5489/337 2053/5491/337
f 2247/5492/338 2810/5471/338 2813/5475/338 2248/5490/338
f 2246/5479/339 2807/5468/339 2810/5471/339 2247/5492/339
f 2816/5493/340 2817/5471/340 2820/5470/340 2819/5494/340
f 2817/5471/341 2818/5495/341 2821/5474/341 2820/5470/341
f 2819/5494/342 2820/5470/342 2823/5496/342 2822/5497/342
f 2820/5470/343 2821/5474/343 2824/5498/343 2823/5496/343
f 2056/5499/344 2258/5500/344 2816/5493/344 2257/5501/344
f 2258/5500/345 2259/5502/345 2817/5471/345 2816/5493/345
f 2259/5502/346 2260/5490/346 2818/5495/346 2817/5471/346
f 2260/5490/347 2057/5491/347 2261/5489/347 2818/5495/347
f 2818/5495/348 2261/5489/348 2262/5488/348 2821/5474/348
f 2821/5474/349 2262/5488/349 2263/5487/349 2824/5498/349
f 2824/5498/350 2263/5487/350 2058/5486/350 2264/5485/350
f 2823/5496/351 2824/5498/351 2264/5485/351 2265/5484/351
f 2822/5497/352 2823/5496/352 2265/5484/352 2266/5483/352
f 2255/5503/353 2822/5497/353 2266/5483/353 2055/5482/353
f 2256/5504/354 2819/5494/354 2822/5497/354 2255/5503/354
f 2257/5501/355 2816/5493/355 2819/5494/355 2256/5504/355
f 2825/5505/356 2826/5394/356 2829/5506/356 2828/5507/356
f 2826/5394/357 2827/5508/357 2830/5509/357 2829/5506/357
f 2828/5507/358 2829/5506/358 2832/5510/358 2831/5511/358
f 2829/5506/359 2830/5509/359 2833/5512/359 2832/5510/359
f 2046/5405/360 2215/5513/360 2825/5505/360 2284/5514/360
f 2215/5513/361 2214/5515/361 2826/5394/361 2825/5505/361
f 2214/5515/362 2213/5516/362 2827/5508/362 2826/5394/362
f 2213/5516/363 2044/5401/363 2279/5517/363 2827/5508/363
f 2827/5508/364 2279/5517/364 2280/5518/364 2830/5509/364
f 2830/5509/365 2280/5518/365 2281/5519/365 2833/5512/365
f 2833/5512/366 2281/5519/366 2053/5520/366 2249/5521/366
f 2832/5510/367 2833/5512/367 2249/5521/367 2250/5510/367
f 2831/5511/368 2832/5510/368 2250/5510/368 2251/5522/368
f 2282/5523/369 2831/5511/369 2251/5522/369 2054/5524/369
f 2283/5525/370 2828/5507/370 2831/5511/370 2282/5523/370
f 2284/5514/371 2825/5505/371 2828/5507/371 2283/5525/371
f 2834/5526/372 2835/5411/372 2838/5358/372 2837/5527/372
f 2835/5411/373 2836/5528/373 2839/5529/373 2838/5358/373
f 2837/5527/374 2838/5358/374 2841/5358/374 2840/5530/374
f 2838/5358/375 2839/5529/375 2842/5531/375 2841/5358/375
f 2043/5420/376 2209/5532/376 2834/5526/376 2290/5533/376
f 2209/5532/377 2208/5358/377 2835/5411/377 2834/5526/377
f 2208/5358/378 2207/5534/378 2836/5528/378 2835/5411/378
f 2207/5534/379 2045/5417/379 2285/5357/379 2836/5528/379
f 2836/5528/380 2285/5357/380 2286/5535/380 2839/5529/380
f 2839/5529/381 2286/5535/381 2287/5536/381 2842/5531/381
f 2842/5531/382 2287/5536/382 2051/5537/382 2243/5538/382
f 2841/5358/383 2842/5531/383 2243/5538/383 2244/5358/383
f 2840/5530/384 2841/5358/384 2244/5358/384 2245/5365/384
f 2288/5363/385 2840/5530/385 2245/5365/385 2052/5539/385
f 2289/5540/386 2837/5527/386 2840/5530/386 2288/5363/386
f 2290/5533/387 2834/5526/387 2837/5527/387 2289/5540/387
f 2843/5541/388 2844/5542/388 2847/5543/388 2846/5544/388
f 2844/5542/389 2845/5545/389 2848/5546/389 2847/5543/389
f 2846/5544/390 2847/5543/390 2850/5547/390 2849/5548/390
f 2847/5543/391 2848/5546/391 2851/5549/391 2850/5547/391
f 2050/5446/392 2228/5444/392 2843/5541/392 2267/5550/392
f 2228/5444/393 2229/5443/393 2844/5542/393 2843/5541/393
f 2229/5443/394 2230/5442/394 2845/5545/394 2844/5542/394
f 2230/5442/395 2047/5441/395 2278/5551/395 2845/5545/395
f 2845/5545/396 2278/5551/396 2277/5552/396 2848/5546/396
f 2848/5546/397 2277/5552/397 2276/5553/397 2851/5549/397
f 2851/5549/398 2276/5553/398 2055/5554/398 2266/5555/398
f 2850/5547/399 2851/5549/399 2266/5555/399 2265/5556/399
f 2849/5548/400 2850/5547/400 2265/5556/400 2264/5557/400
f 2269/5558/401 2849/5548/401 2264/5557/401 2058/5559/401
f 2268/5560/402 2846/5544/402 2849/5548/402 2269/5558/402
f 2267/5550/403 2843/5541/403 2846/5544/403 2268/5560/403
f 2852/5561/404 2853/5458/404 2856/5562/404 2855/5563/404
f 2853/5458/405 2854/5564/405 2857/5565/405 2856/5562/405
f 2855/5563/406 2856/5562/406 2859/5302/406 2858/5566/406
f 2856/5562/407 2857/5565/407 2860/5338/407 2859/5302/407
f 2048/5466/408 2222/5464/408 2852/5561/408 2273/5567/408
f 2222/5464/409 2223/5449/409 2853/5458/409 2852/5561/409
f 2223/5449/410 2224/5463/410 2854/5564/410 2853/5458/410
f 2224/5463/411 2049/5461/411 2272/5568/411 2854/5564/411
f 2854/5564/412 2272/5568/412 2271/5569/412 2857/5565/412
f 2857/5565/413 2271/5569/413 2270/5570/413 2860/5338/413
f 2860/5338/414 2270/5570/414 2057/5571/414 2260/5572/414
f 2859/5302/415 2860/5338/415 2260/5572/415 2259/5573/415
f 2858/5566/416 2859/5302/416 2259/5573/416 2258/5574/416
f 2275/5575/417 2858/5566/417 2258/5574/417 2056/5576/417
f 2274/5577/418 2855/5563/418 2858/5566/418 2275/5575/418
f 2273/5567/419 2852/5561/419 2855/5563/419 2274/5577/419
f 2861/5578/420 2862/5579/420 2865/5580/420 2864/5581/420
f 2862/5579/421 2863/5582/421 2866/5583/421 2865/5580/421
f 2864/5581/422 2865/5580/422 2868/5584/422 2867/5585/422
f 2865/5580/423 2866/5583/423 2869/5586/423 2868/5584/423
f 2045/5437/459 2218/5587/459 2861/5578/459 2285/5588/459
f 2218/5587/425 2217/5589/425 2862/5579/425 2861/5578/425
f 2217/5589/426 2216/5590/426 2863/5582/426 2862/5579/426
f 2216/5590/427 2046/5432/427 2284/5591/427 2863/5582/427
f 2863/5582/428 2284/5591/428 2283/5592/428 2866/5583/428
f 2866/5583/429 2283/5592/429 2282/5593/429 2869/5586/429
f 2869/5586/430 2282/5593/430 2054/5594/430 2252/5595/430
f 2868/5584/431 2869/5586/431 2252/5595/431 2253/5596/431
f 2867/5585/432 2868/5584/432 2253/5596/432 2254/5597/432
f 2287/5598/433 2867/5585/433 2254/5597/433 2051/5599/433
f 2286/5600/434 2864/5581/434 2867/5585/434 2287/5598/434
f 2285/5588/435 2861/5578/435 2864/5581/435 2286/5600/435
f 2870/5601/436 2871/5562/436 2874/5302/436 2873/5602/436
f 2871/5562/437 2872/5603/437 2875/5604/437 2874/5302/437
f 2873/5602/438 2874/5302/438 2877/5573/438 2876/5605/438
f 2874/5302/439 2875/5604/439 2878/5606/439 2877/5573/439
f 2044/5460/440 2212/5459/440 2870/5601/440 2279/5607/440
f 2212/5459/441 2211/5449/441 2871/5562/441 2870/5601/441
f 2211/5449/442 2210/5608/442 2872/5603/442 2871/5562/442
f 2210/5608/460 2043/5109/460 2290/5609/460 2872/5603/460
f 2872/5603/444 2290/5609/444 2289/5610/444 2875/5604/444
f 2875/5604/445 2289/5610/445 2288/5611/445 2878/5606/445
f 2878/5606/446 2288/5611/446 2052/5612/446 2246/5613/446
f 2877/5573/447 2878/5606/447 2246/5613/447 2247/5337/447
f 2876/5605/448 2877/5573/448 2247/5337/448 2248/5614/448
f 2281/5615/449 2876/5605/449 2248/5614/449 2053/5616/449
f 2280/5617/450 2873/5602/450 2876/5605/450 2281/5615/450
f 2279/5607/451 2870/5601/451 2873/5602/451 2280/5617/451
f 2879/5618/228 2880/5619/228 2883/5620/228 2882/5621/228
f 2880/5619/229 2881/5622/229 2884/5623/229 2883/5620/229
f 2882/5621/230 2883/5620/230 2886/5624/230 2885/5625/230
f 2883/5620/231 2884/5623/231 2887/5626/231 2886/5624/231
f 2063/5627/232 2303/5628/232 2879/5618/232 2362/5629/232
f 2303/5628/233 2304/5630/233 2880/5619/233 2879/5618/233
f 2304/5630/234 2305/5631/234 2881/5622/234 2880/5619/234
f 2305/5631/235 2064/5109/235 2357/5632/235 2881/5622/235
f 2881/5622/236 2357/5632/236 2358/5633/236 2884/5623/236
f 2884/5623/237 2358/5633/237 2359/5634/237 2887/5626/237
f 2887/5626/238 2359/5634/238 2072/5635/238 2341/5636/238
f 2886/5624/239 2887/5626/239 2341/5636/239 2340/5637/239
f 2885/5625/240 2886/5624/240 2340/5637/240 2339/5638/240
f 2360/5639/241 2885/5625/241 2339/5638/241 2071/5640/241
f 2361/5641/242 2882/5621/242 2885/5625/242 2360/5639/242
f 2362/5629/243 2879/5618/243 2882/5621/243 2361/5641/243
f 2888/5642/244 2889/5643/244 2892/5644/244 2891/5645/244
f 2889/5643/245 2890/5646/245 2893/5647/245 2892/5644/245
f 2891/5645/246 2892/5644/246 2895/5648/246 2894/5649/246
f 2892/5644/247 2893/5647/247 2896/5650/247 2895/5648/247
f 2065/5460/248 2309/5651/248 2888/5642/248 2356/5652/248
f 2309/5651/249 2310/5653/249 2889/5643/249 2888/5642/249
f 2310/5653/250 2311/5654/250 2890/5646/250 2889/5643/250
f 2311/5654/251 2066/5655/251 2351/5656/251 2890/5646/251
f 2890/5646/252 2351/5656/252 2352/5657/252 2893/5647/252
f 2893/5647/253 2352/5657/253 2353/5658/253 2896/5650/253
f 2896/5650/254 2353/5658/254 2074/5659/254 2347/5660/254
f 2895/5648/255 2896/5650/255 2347/5660/255 2346/5661/255
f 2894/5649/256 2895/5648/256 2346/5661/256 2345/5662/256
f 2354/5663/257 2894/5649/257 2345/5662/257 2073/5664/257
f 2355/5665/258 2891/5645/258 2894/5649/258 2354/5663/258
f 2356/5652/259 2888/5642/259 2891/5645/259 2355/5665/259
f 2897/5666/452 2898/5241/452 2901/5667/452 2900/5666/452
f 2898/5241/261 2899/5668/261 2902/5669/261 2901/5667/261
f 2900/5666/262 2901/5667/262 2904/5670/262 2903/5671/262
f 2901/5667/263 2902/5669/263 2905/5672/263 2904/5670/263
f 2060/5461/264 2297/5673/264 2897/5666/264 2320/5461/264
f 2297/5673/265 2298/5241/265 2898/5241/265 2897/5666/265
f 2298/5241/266 2299/5668/266 2899/5668/266 2898/5241/266
f 2299/5668/267 2062/5674/267 2315/5674/267 2899/5668/267
f 2899/5668/461 2315/5674/461 2316/5674/461 2902/5669/461
f 2902/5669/462 2316/5674/462 2317/5674/462 2905/5672/462
f 2905/5672/270 2317/5674/270 2066/5655/270 2311/5654/270
f 2904/5670/271 2905/5672/271 2311/5654/271 2310/5653/271
f 2903/5671/272 2904/5670/272 2310/5653/272 2309/5651/272
f 2318/5461/273 2903/5671/273 2309/5651/273 2065/5460/273
f 2319/5461/274 2900/5666/274 2903/5671/274 2318/5461/274
f 2320/5461/463 2897/5666/463 2900/5666/463 2319/5461/463
f 2906/5675/455 2907/5676/455 2910/5677/455 2909/5678/455
f 2907/5676/277 2908/5679/277 2911/5680/277 2910/5677/277
f 2909/5678/278 2910/5677/278 2913/5681/278 2912/5682/278
f 2910/5677/279 2911/5680/279 2914/5683/279 2913/5681/279
f 2061/5684/280 2291/5685/280 2906/5675/280 2326/5686/280
f 2291/5685/281 2292/5687/281 2907/5676/281 2906/5675/281
f 2292/5687/282 2293/5688/282 2908/5679/282 2907/5676/282
f 2293/5688/283 2059/5689/283 2321/5690/283 2908/5679/283
f 2908/5679/284 2321/5690/284 2322/5691/284 2911/5680/284
f 2911/5680/285 2322/5691/285 2323/5692/285 2914/5683/285
f 2914/5683/286 2323/5692/286 2064/5109/286 2305/5631/286
f 2913/5681/287 2914/5683/287 2305/5631/287 2304/5630/287
f 2912/5682/288 2913/5681/288 2304/5630/288 2303/5628/288
f 2324/5627/289 2912/5682/289 2303/5628/289 2063/5627/289
f 2325/5693/290 2909/5678/290 2912/5682/290 2324/5627/290
f 2326/5686/291 2906/5675/291 2909/5678/291 2325/5693/291
f 2915/5694/464 2916/5695/464 2919/5696/464 2918/5697/464
f 2916/5695/293 2917/5698/293 2920/5699/293 2919/5696/293
f 2918/5697/294 2919/5696/294 2922/5700/294 2921/5701/294
f 2919/5696/295 2920/5699/295 2923/5702/295 2922/5700/295
f 2062/5703/296 2300/5704/296 2915/5694/296 2315/5705/296
f 2300/5704/297 2301/5706/297 2916/5695/297 2915/5694/297
f 2301/5706/298 2302/5707/298 2917/5698/298 2916/5695/298
f 2302/5707/299 2061/5708/299 2326/5709/299 2917/5698/299
f 2917/5698/300 2326/5709/300 2325/5710/300 2920/5699/300
f 2920/5699/301 2325/5710/301 2324/5711/301 2923/5702/301
f 2923/5702/302 2324/5711/302 2063/5712/302 2314/5713/302
f 2922/5700/303 2923/5702/303 2314/5713/303 2313/5714/303
f 2921/5701/304 2922/5700/304 2313/5714/304 2312/5715/304
f 2317/5716/305 2921/5701/305 2312/5715/305 2066/5717/305
f 2316/5718/306 2918/5697/306 2921/5701/306 2317/5716/306
f 2315/5705/465 2915/5694/465 2918/5697/465 2316/5718/465
f 2924/5719/308 2925/5720/308 2928/5720/308 2927/5721/308
f 2925/5720/466 2926/5722/466 2929/5723/466 2928/5720/466
f 2927/5721/310 2928/5720/310 2931/5720/310 2930/5719/310
f 2928/5720/311 2929/5723/311 2932/5722/311 2931/5720/311
f 2059/5724/312 2294/5725/312 2924/5719/312 2321/5726/312
f 2294/5725/313 2295/5720/313 2925/5720/313 2924/5719/313
f 2295/5720/314 2296/5727/314 2926/5722/314 2925/5720/314
f 2296/5727/315 2060/5728/315 2320/5729/315 2926/5722/315
f 2926/5722/467 2320/5729/467 2319/5730/467 2929/5723/467
f 2929/5723/317 2319/5730/317 2318/5731/317 2932/5722/317
f 2932/5722/318 2318/5731/318 2065/5731/318 2308/5732/318
f 2931/5720/319 2932/5722/319 2308/5732/319 2307/5733/319
f 2930/5719/320 2931/5720/320 2307/5733/320 2306/5734/320
f 2323/5726/321 2930/5719/321 2306/5734/321 2064/5726/321
f 2322/5726/468 2927/5721/468 2930/5719/468 2323/5726/468
f 2321/5726/469 2924/5719/469 2927/5721/469 2322/5726/469
f 2933/5735/324 2934/5736/324 2937/5737/324 2936/5738/324
f 2934/5736/325 2935/5739/325 2938/5740/325 2937/5737/325
f 2936/5738/326 2937/5737/326 2940/5741/326 2939/5742/326
f 2937/5737/327 2938/5740/327 2941/5743/327 2940/5741/327
f 2068/5744/328 2329/5745/328 2933/5735/328 2330/5746/328
f 2329/5745/329 2328/5747/329 2934/5736/329 2933/5735/329
f 2328/5747/330 2327/5748/330 2935/5739/330 2934/5736/330
f 2327/5748/331 2067/5749/331 2338/5750/331 2935/5739/331
f 2935/5739/332 2338/5750/332 2337/5751/332 2938/5740/332
f 2938/5740/333 2337/5751/333 2336/5752/333 2941/5743/333
f 2941/5743/334 2336/5752/334 2070/5753/334 2335/5754/334
f 2940/5741/335 2941/5743/335 2335/5754/335 2334/5755/335
f 2939/5742/336 2940/5741/336 2334/5755/336 2333/5756/336
f 2332/5757/337 2939/5742/337 2333/5756/337 2069/5758/337
f 2331/5759/338 2936/5738/338 2939/5742/338 2332/5757/338
f 2330/5746/339 2933/5735/339 2936/5738/339 2331/5759/339
f 2942/5760/340 2943/5761/340 2946/5762/340 2945/5763/340
f 2943/5761/341 2944/5764/341 2947/5765/341 2946/5762/341
f 2945/5763/342 2946/5762/342 2949/5766/342 2948/5767/342
f 2946/5762/343 2947/5765/343 2950/5768/343 2949/5766/343
f 2072/5769/344 2342/5770/344 2942/5760/344 2341/5771/344
f 2342/5770/345 2343/5772/345 2943/5761/345 2942/5760/345
f 2343/5772/346 2344/5773/346 2944/5764/346 2943/5761/346
f 2344/5773/347 2073/5774/347 2345/5775/347 2944/5764/347
f 2944/5764/348 2345/5775/348 2346/5776/348 2947/5765/348
f 2947/5765/349 2346/5776/349 2347/5777/349 2950/5768/349
f 2950/5768/350 2347/5777/350 2074/5778/350 2348/5779/350
f 2949/5766/351 2950/5768/351 2348/5779/351 2349/5780/351
f 2948/5767/352 2949/5766/352 2349/5780/352 2350/5781/352
f 2339/5782/353 2948/5767/353 2350/5781/353 2071/5783/353
f 2340/5784/354 2945/5763/354 2948/5767/354 2339/5782/354
f 2341/5771/355 2942/5760/355 2945/5763/355 2340/5784/355
f 2951/5785/356 2952/5786/356 2955/5787/356 2954/5788/356
f 2952/5786/357 2953/5789/357 2956/5790/357 2955/5787/357
f 2954/5788/358 2955/5787/358 2958/5791/358 2957/5792/358
f 2955/5787/359 2956/5790/359 2959/5793/359 2958/5791/359
f 2062/5794/360 2299/5795/360 2951/5785/360 2368/5796/360
f 2299/5795/361 2298/5797/361 2952/5786/361 2951/5785/361
f 2298/5797/362 2297/5798/362 2953/5789/362 2952/5786/362
f 2297/5798/363 2060/5799/363 2363/5800/363 2953/5789/363
f 2953/5789/364 2363/5800/364 2364/5801/364 2956/5790/364
f 2956/5790/365 2364/5801/365 2365/5802/365 2959/5793/365
f 2959/5793/366 2365/5802/366 2069/5803/366 2333/5804/366
f 2958/5791/367 2959/5793/367 2333/5804/367 2334/5805/367
f 2957/5792/368 2958/5791/368 2334/5805/368 2335/5806/368
f 2366/5807/369 2957/5792/369 2335/5806/369 2070/5808/369
f 2367/5809/370 2954/5788/370 2957/5792/370 2366/5807/370
f 2368/5796/371 2951/5785/371 2954/5788/371 2367/5809/371
f 2960/5810/372 2961/5620/372 2964/5676/372 2963/5811/372
f 2961/5620/373 2962/5812/373 2965/5813/373 2964/5676/373
f 2963/5811/374 2964/5676/374 2967/5814/374 2966/5815/374
f 2964/5676/375 2965/5813/375 2968/5816/375 2967/5814/375
f 2059/5689/376 2293/5688/376 2960/5810/376 2374/5817/376
f 2293/5688/377 2292/5687/377 2961/5620/377 2960/5810/377
f 2292/5687/378 2291/5818/378 2962/5812/378 2961/5620/378
f 2291/5818/470 2061/5684/470 2369/5819/470 2962/5812/470
f 2962/5812/380 2369/5819/380 2370/5820/380 2965/5813/380
f 2965/5813/381 2370/5820/381 2371/5639/381 2968/5816/381
f 2968/5816/382 2371/5639/382 2067/5821/382 2327/5822/382
f 2967/5814/383 2968/5816/383 2327/5822/383 2328/5677/383
f 2966/5815/384 2967/5814/384 2328/5677/384 2329/5823/384
f 2372/5824/385 2966/5815/385 2329/5823/385 2068/5825/385
f 2373/5826/386 2963/5811/386 2966/5815/386 2372/5824/386
f 2374/5817/387 2960/5810/387 2963/5811/387 2373/5826/387
f 2969/5827/388 2970/5714/388 2973/5828/388 2972/5829/388
f 2970/5714/389 2971/5830/389 2974/5831/389 2973/5828/389
f 2972/5829/390 2973/5828/390 2976/5832/390 2975/5833/390
f 2973/5828/391 2974/5831/391 2977/5834/391 2976/5832/391
f 2066/5717/392 2312/5715/392 2969/5827/392 2351/5835/392
f 2312/5715/393 2313/5714/393 2970/5714/393 2969/5827/393
f 2313/5714/394 2314/5713/394 2971/5830/394 2970/5714/394
f 2314/5713/395 2063/5712/395 2362/5836/395 2971/5830/395
f 2971/5830/396 2362/5836/396 2361/5837/396 2974/5831/396
f 2974/5831/397 2361/5837/397 2360/5838/397 2977/5834/397
f 2977/5834/398 2360/5838/398 2071/5839/398 2350/5840/398
f 2976/5832/399 2977/5834/399 2350/5840/399 2349/5841/399
f 2975/5833/400 2976/5832/400 2349/5841/400 2348/5842/400
f 2353/5843/401 2975/5833/401 2348/5842/401 2074/5844/401
f 2352/5845/402 2972/5829/402 2975/5833/402 2353/5843/402
f 2351/5835/403 2969/5827/403 2972/5829/403 2352/5845/403
f 2978/5846/404 2979/5733/404 2982/5733/404 2981/5847/404
f 2979/5733/405 2980/5848/405 2983/5849/405 2982/5733/405
f 2981/5847/406 2982/5733/406 2985/5733/406 2984/5850/406
f 2982/5733/407 2983/5849/407 2986/5851/407 2985/5733/407
f 2064/5726/408 2306/5734/408 2978/5846/408 2357/5852/408
f 2306/5734/409 2307/5733/409 2979/5733/409 2978/5846/409
f 2307/5733/410 2308/5732/410 2980/5848/410 2979/5733/410
f 2308/5732/411 2065/5731/411 2356/5853/411 2980/5848/411
f 2980/5848/412 2356/5853/412 2355/5854/412 2983/5849/412
f 2983/5849/413 2355/5854/413 2354/5855/413 2986/5851/413
f 2986/5851/414 2354/5855/414 2073/5856/414 2344/5857/414
f 2985/5733/415 2986/5851/415 2344/5857/415 2343/5858/415
f 2984/5850/416 2985/5733/416 2343/5858/416 2342/5859/416
f 2359/5860/417 2984/5850/417 2342/5859/417 2072/5861/417
f 2358/5862/418 2981/5847/418 2984/5850/418 2359/5860/418
f 2357/5852/419 2978/5846/419 2981/5847/419 2358/5862/419
f 2987/5863/420 2988/5864/420 2991/5865/420 2990/5866/420
f 2988/5864/421 2989/5867/421 2992/5868/421 2991/5865/421
f 2990/5866/422 2991/5865/422 2994/5869/422 2993/5870/422
f 2991/5865/423 2992/5868/423 2995/5871/423 2994/5869/423
f 2061/5872/424 2302/5873/424 2987/5863/424 2369/5874/424
f 2302/5873/425 2301/5875/425 2988/5864/425 2987/5863/425
f 2301/5875/426 2300/5876/426 2989/5867/426 2988/5864/426
f 2300/5876/471 2062/5877/471 2368/5878/471 2989/5867/471
f 2989/5867/428 2368/5878/428 2367/5879/428 2992/5868/428
f 2992/5868/429 2367/5879/429 2366/5880/429 2995/5871/429
f 2995/5871/430 2366/5880/430 2070/5881/430 2336/5882/430
f 2994/5869/431 2995/5871/431 2336/5882/431 2337/5883/431
f 2993/5870/432 2994/5869/432 2337/5883/432 2338/5884/432
f 2371/5885/433 2993/5870/433 2338/5884/433 2067/5886/433
f 2370/5887/434 2990/5866/434 2993/5870/434 2371/5885/434
f 2369/5874/435 2987/5863/435 2990/5866/435 2370/5887/435
f 2996/5888/436 2997/5733/436 3000/5858/436 2999/5889/436
f 2997/5733/437 2998/5890/437 3001/5847/437 3000/5858/437
f 2999/5889/438 3000/5858/438 3003/5733/438 3002/5891/438
f 3000/5858/439 3001/5847/439 3004/5892/439 3003/5733/439
f 2060/5728/440 2296/5893/440 2996/5888/440 2363/5894/440
f 2296/5893/441 2295/5858/441 2997/5733/441 2996/5888/441
f 2295/5858/442 2294/5895/442 2998/5890/442 2997/5733/442
f 2294/5895/460 2059/5724/460 2374/5852/460 2998/5890/460
f 2998/5890/444 2374/5852/444 2373/5896/444 3001/5847/444
f 3001/5847/445 2373/5896/445 2372/5897/445 3004/5892/445
f 3004/5892/446 2372/5897/446 2068/5898/446 2330/5899/446
f 3003/5733/447 3004/5892/447 2330/5899/447 2331/5900/447
f 3002/5891/448 3003/5733/448 2331/5900/448 2332/5857/448
f 2365/5901/449 3002/5891/449 2332/5857/449 2069/5902/449
f 2364/5903/450 2999/5889/450 3002/5891/450 2365/5901/450
f 2363/5894/451 2996/5888/451 2999/5889/451 2364/5903/451
f 3005/5904/228 3006/5905/228 3009/5906/228 3008/5907/228
f 3006/5905/229 3007/5908/229 3010/5909/229 3009/5906/229
f 3008/5907/230 3009/5906/230 3012/5910/230 3011/5911/230
f 3009/5906/231 3010/5909/231 3013/5912/231 3012/5910/231
f 2079/5355/232 2387/5356/232 3005/5904/232 2446/5913/232
f 2387/5356/233 2388/5914/233 3006/5905/233 3005/5904/233
f 2388/5914/234 2389/5915/234 3007/5908/234 3006/5905/234
f 2389/5915/235 2080/5360/235 2441/5916/235 3007/5908/235
f 3007/5908/236 2441/5916/236 2442/5917/236 3010/5909/236
f 3010/5909/237 2442/5917/237 2443/5918/237 3013/5912/237
f 3013/5912/238 2443/5918/238 2088/5919/238 2425/5920/238
f 3012/5910/239 3013/5912/239 2425/5920/239 2424/5921/239
f 3011/5911/240 3012/5910/240 2424/5921/240 2423/5922/240
f 2444/5923/241 3011/5911/241 2423/5922/241 2087/5924/241
f 2445/5925/242 3008/5907/242 3011/5911/242 2444/5923/242
f 2446/5913/243 3005/5904/243 3008/5907/243 2445/5925/243
f 3014/5926/244 3015/5927/244 3018/5928/244 3017/5929/244
f 3015/5927/245 3016/5930/245 3019/5931/245 3018/5928/245
f 3017/5929/246 3018/5928/246 3021/5932/246 3020/5933/246
f 3018/5928/247 3019/5931/247 3022/5934/247 3021/5932/247
f 2081/5378/248 2393/5935/248 3014/5926/248 2440/5936/248
f 2393/5935/249 2394/5937/249 3015/5927/249 3014/5926/249
f 2394/5937/250 2395/5938/250 3016/5930/250 3015/5927/250
f 2395/5938/251 2082/5382/251 2435/5939/251 3016/5930/251
f 3016/5930/252 2435/5939/252 2436/5940/252 3019/5931/252
f 3019/5931/253 2436/5940/253 2437/5941/253 3022/5934/253
f 3022/5934/254 2437/5941/254 2090/5942/254 2431/5943/254
f 3021/5932/255 3022/5934/255 2431/5943/255 2430/5944/255
f 3020/5933/256 3021/5932/256 2430/5944/256 2429/5945/256
f 2438/5946/257 3020/5933/257 2429/5945/257 2089/5947/257
f 2439/5948/258 3017/5929/258 3020/5933/258 2438/5946/258
f 2440/5936/259 3014/5926/259 3017/5929/259 2439/5948/259
f 3023/5949/452 3024/5950/452 3027/5951/452 3026/5952/452
f 3024/5950/261 3025/5953/261 3028/5954/261 3027/5951/261
f 3026/5952/262 3027/5951/262 3030/5955/262 3029/5956/262
f 3027/5951/263 3028/5954/263 3031/5957/263 3030/5955/263
f 2076/5958/264 2381/5959/264 3023/5949/264 2404/5960/264
f 2381/5959/265 2382/5961/265 3024/5950/265 3023/5949/265
f 2382/5961/266 2383/5962/266 3025/5953/266 3024/5950/266
f 2383/5962/267 2078/5963/267 2399/5964/267 3025/5953/267
f 3025/5953/461 2399/5964/461 2400/5965/461 3028/5954/461
f 3028/5954/462 2400/5965/462 2401/5966/462 3031/5957/462
f 3031/5957/270 2401/5966/270 2082/5382/270 2395/5938/270
f 3030/5955/271 3031/5957/271 2395/5938/271 2394/5937/271
f 3029/5956/272 3030/5955/272 2394/5937/272 2393/5935/272
f 2402/5967/273 3029/5956/273 2393/5935/273 2081/5378/273
f 2403/5968/274 3026/5952/274 3029/5956/274 2402/5967/274
f 2404/5960/463 3023/5949/463 3026/5952/463 2403/5968/463
f 3032/5969/455 3033/5970/455 3036/5411/455 3035/5971/455
f 3033/5970/472 3034/5972/472 3037/5973/472 3036/5411/472
f 3035/5971/278 3036/5411/278 3039/5358/278 3038/5410/278
f 3036/5411/279 3037/5973/279 3040/5974/279 3039/5358/279
f 2077/5975/280 2375/5976/280 3032/5969/280 2410/5977/280
f 2375/5976/281 2376/5978/281 3033/5970/281 3032/5969/281
f 2376/5978/282 2377/5359/282 3034/5972/282 3033/5970/282
f 2377/5359/283 2075/5979/283 2405/5980/283 3034/5972/283
f 3034/5972/473 2405/5980/473 2406/5981/473 3037/5973/473
f 3037/5973/474 2406/5981/474 2407/5982/474 3040/5974/474
f 3040/5974/286 2407/5982/286 2080/5360/286 2389/5915/286
f 3039/5358/287 3040/5974/287 2389/5915/287 2388/5914/287
f 3038/5410/288 3039/5358/288 2388/5914/288 2387/5356/288
f 2408/5417/289 3038/5410/289 2387/5356/289 2079/5355/289
f 2409/5983/290 3035/5971/290 3038/5410/290 2408/5417/290
f 2410/5977/291 3032/5969/291 3035/5971/291 2409/5983/291
f 3041/5984/475 3042/5985/475 3045/5986/475 3044/5987/475
f 3042/5985/476 3043/5988/476 3046/5989/476 3045/5986/476
f 3044/5987/294 3045/5986/294 3048/5990/294 3047/5991/294
f 3045/5986/295 3046/5989/295 3049/5992/295 3048/5990/295
f 2078/5993/296 2384/5994/296 3041/5984/296 2399/5995/296
f 2384/5994/297 2385/5996/297 3042/5985/297 3041/5984/297
f 2385/5996/298 2386/5997/298 3043/5988/298 3042/5985/298
f 2386/5997/299 2077/5998/299 2410/5999/299 3043/5988/299
f 3043/5988/300 2410/5999/300 2409/6000/300 3046/5989/300
f 3046/5989/477 2409/6000/477 2408/6001/477 3049/5992/477
f 3049/5992/478 2408/6001/478 2079/6002/478 2398/6003/478
f 3048/5990/303 3049/5992/303 2398/6003/303 2397/6004/303
f 3047/5991/304 3048/5990/304 2397/6004/304 2396/6005/304
f 2401/6006/456 3047/5991/456 2396/6005/456 2082/6007/456
f 2400/6008/306 3044/5987/306 3047/5991/306 2401/6006/306
f 2399/5995/465 3041/5984/465 3044/5987/465 2400/6008/465
f 3050/6009/308 3051/6010/308 3054/5900/308 3053/5721/308
f 3051/6010/309 3052/6011/309 3055/6012/309 3054/5900/309
f 3053/5721/310 3054/5900/310 3057/6013/310 3056/6014/310
f 3054/5900/311 3055/6012/311 3058/6015/311 3057/6013/311
f 2075/6016/312 2378/6017/312 3050/6009/312 2405/6018/312
f 2378/6017/313 2379/6019/313 3051/6010/313 3050/6009/313
f 2379/6019/314 2380/6020/314 3052/6011/314 3051/6010/314
f 2380/6020/315 2076/6021/315 2404/6022/315 3052/6011/315
f 3052/6011/467 2404/6022/467 2403/6023/467 3055/6012/467
f 3055/6012/317 2403/6023/317 2402/6024/317 3058/6015/317
f 3058/6015/318 2402/6024/318 2081/6025/318 2392/6026/318
f 3057/6013/319 3058/6015/319 2392/6026/319 2391/6027/319
f 3056/6014/320 3057/6013/320 2391/6027/320 2390/6028/320
f 2407/6029/321 3056/6014/321 2390/6028/321 2080/6030/321
f 2406/5726/468 3053/5721/468 3056/6014/468 2407/6029/468
f 2405/6018/323 3050/6009/323 3053/5721/323 2406/5726/323
f 3059/6031/324 3060/6032/324 3063/6033/324 3062/6034/324
f 3060/6032/325 3061/6035/325 3064/6036/325 3063/6033/325
f 3062/6034/326 3063/6033/326 3066/6037/326 3065/6038/326
f 3063/6033/327 3064/6036/327 3067/6039/327 3066/6037/327
f 2084/6040/328 2413/6041/328 3059/6031/328 2414/6042/328
f 2413/6041/329 2412/6043/329 3060/6032/329 3059/6031/329
f 2412/6043/330 2411/6044/330 3061/6035/330 3060/6032/330
f 2411/6044/331 2083/6045/331 2422/6046/331 3061/6035/331
f 3061/6035/332 2422/6046/332 2421/6047/332 3064/6036/332
f 3064/6036/333 2421/6047/333 2420/6048/333 3067/6039/333
f 3067/6039/334 2420/6048/334 2086/6049/334 2419/6050/334
f 3066/6037/335 3067/6039/335 2419/6050/335 2418/6051/335
f 3065/6038/336 3066/6037/336 2418/6051/336 2417/6052/336
f 2416/6053/337 3065/6038/337 2417/6052/337 2085/6054/337
f 2415/6055/338 3062/6034/338 3065/6038/338 2416/6053/338
f 2414/6042/339 3059/6031/339 3062/6034/339 2415/6055/339
f 3068/6056/340 3069/6057/340 3072/6058/340 3071/6059/340
f 3069/6057/341 3070/6060/341 3073/6061/341 3072/6058/341
f 3071/6059/342 3072/6058/342 3075/6062/342 3074/6063/342
f 3072/6058/343 3073/6061/343 3076/6064/343 3075/6062/343
f 2088/6065/344 2426/6066/344 3068/6056/344 2425/6067/344
f 2426/6066/345 2427/6068/345 3069/6057/345 3068/6056/345
f 2427/6068/346 2428/6069/346 3070/6060/346 3069/6057/346
f 2428/6069/347 2089/6070/347 2429/6071/347 3070/6060/347
f 3070/6060/348 2429/6071/348 2430/6072/348 3073/6061/348
f 3073/6061/349 2430/6072/349 2431/6073/349 3076/6064/349
f 3076/6064/350 2431/6073/350 2090/6074/350 2432/6075/350
f 3075/6062/351 3076/6064/351 2432/6075/351 2433/6076/351
f 3074/6063/352 3075/6062/352 2433/6076/352 2434/6077/352
f 2423/6044/353 3074/6063/353 2434/6077/353 2087/6078/353
f 2424/6079/354 3071/6059/354 3074/6063/354 2423/6044/354
f 2425/6067/355 3068/6056/355 3071/6059/355 2424/6079/355
f 3077/6080/356 3078/6081/356 3081/6082/356 3080/6083/356
f 3078/6081/357 3079/6084/357 3082/6085/357 3081/6082/357
f 3080/6083/358 3081/6082/358 3084/6086/358 3083/6087/358
f 3081/6082/359 3082/6085/359 3085/6088/359 3084/6086/359
f 2078/5963/479 2383/6089/479 3077/6080/479 2452/6090/479
f 2383/6089/361 2382/5961/361 3078/6081/361 3077/6080/361
f 2382/5961/362 2381/5959/362 3079/6084/362 3078/6081/362
f 2381/5959/363 2076/5958/363 2447/6091/363 3079/6084/363
f 3079/6084/364 2447/6091/364 2448/6092/364 3082/6085/364
f 3082/6085/365 2448/6092/365 2449/6093/365 3085/6088/365
f 3085/6088/366 2449/6093/366 2085/6094/366 2417/6095/366
f 3084/6086/367 3085/6088/367 2417/6095/367 2418/6096/367
f 3083/6087/368 3084/6086/368 2418/6096/368 2419/6097/368
f 2450/6098/369 3083/6087/369 2419/6097/369 2086/6099/369
f 2451/6100/370 3080/6083/370 3083/6087/370 2450/6098/370
f 2452/6090/371 3077/6080/371 3080/6083/371 2451/6100/371
f 3086/6101/372 3087/5970/372 3090/5970/372 3089/6102/372
f 3087/5970/373 3088/6103/373 3091/6104/373 3090/5970/373
f 3089/6102/374 3090/5970/374 3093/5970/374 3092/6105/374
f 3090/5970/375 3091/6104/375 3094/6106/375 3093/5970/375
f 2075/5979/376 2377/6107/376 3086/6101/376 2458/6108/376
f 2377/6107/377 2376/5970/377 3087/5970/377 3086/6101/377
f 2376/5970/378 2375/5976/378 3088/6103/378 3087/5970/378
f 2375/5976/470 2077/5975/470 2453/6109/470 3088/6103/470
f 3088/6103/380 2453/6109/380 2454/6110/380 3091/6104/380
f 3091/6104/381 2454/6110/381 2455/6111/381 3094/6106/381
f 3094/6106/382 2455/6111/382 2083/6112/382 2411/6113/382
f 3093/5970/383 3094/6106/383 2411/6113/383 2412/5970/383
f 3092/6105/384 3093/5970/384 2412/5970/384 2413/6114/384
f 2456/6115/385 3092/6105/385 2413/6114/385 2084/6116/385
f 2457/6117/386 3089/6102/386 3092/6105/386 2456/6115/386
f 2458/6108/387 3086/6101/387 3089/6102/387 2457/6117/387
f 3095/6118/388 3096/6119/388 3099/6120/388 3098/6121/388
f 3096/6119/389 3097/6122/389 3100/6123/389 3099/6120/389
f 3098/6121/390 3099/6120/390 3102/6120/390 3101/6124/390
f 3099/6120/391 3100/6123/391 3103/6125/391 3102/6120/391
f 2082/6007/392 2396/6005/392 3095/6118/392 2435/6126/392
f 2396/6005/393 2397/6004/393 3096/6119/393 3095/6118/393
f 2397/6004/394 2398/6003/394 3097/6122/394 3096/6119/394
f 2398/6003/395 2079/6002/395 2446/6127/395 3097/6122/395
f 3097/6122/396 2446/6127/396 2445/6128/396 3100/6123/396
f 3100/6123/397 2445/6128/397 2444/6129/397 3103/6125/397
f 3103/6125/398 2444/6129/398 2087/6130/398 2434/6131/398
f 3102/6120/399 3103/6125/399 2434/6131/399 2433/6132/399
f 3101/6124/400 3102/6120/400 2433/6132/400 2432/6133/400
f 2437/6134/401 3101/6124/401 2432/6133/401 2090/6135/401
f 2436/6136/402 3098/6121/402 3101/6124/402 2437/6134/402
f 2435/6126/403 3095/6118/403 3098/6121/403 2436/6136/403
f 3104/6137/404 3105/6138/404 3108/6138/404 3107/6139/404
f 3105/6138/405 3106/6140/405 3109/6141/405 3108/6138/405
f 3107/6139/406 3108/6138/406 3111/6138/406 3110/6142/406
f 3108/6138/407 3109/6141/407 3112/6143/407 3111/6138/407
f 2080/6030/408 2390/6028/408 3104/6137/408 2441/6144/408
f 2390/6028/409 2391/6027/409 3105/6138/409 3104/6137/409
f 2391/6027/410 2392/6026/410 3106/6140/410 3105/6138/410
f 2392/6026/411 2081/6025/411 2440/6145/411 3106/6140/411
f 3106/6140/412 2440/6145/412 2439/6146/412 3109/6141/412
f 3109/6141/413 2439/6146/413 2438/6147/413 3112/6143/413
f 3112/6143/414 2438/6147/414 2089/6148/414 2428/6149/414
f 3111/6138/415 3112/6143/415 2428/6149/415 2427/6027/415
f 3110/6142/416 3111/6138/416 2427/6027/416 2426/6150/416
f 2443/6151/417 3110/6142/417 2426/6150/417 2088/6152/417
f 2442/6153/418 3107/6139/418 3110/6142/418 2443/6151/418
f 2441/6144/419 3104/6137/419 3107/6139/419 2442/6153/419
f 3113/6154/420 3114/6155/420 3117/6156/420 3116/6157/420
f 3114/6155/421 3115/6158/421 3118/6159/421 3117/6156/421
f 3116/6157/422 3117/6156/422 3120/6160/422 3119/6161/422
f 3117/6156/423 3118/6159/423 3121/6162/423 3120/6160/423
f 2077/5998/459 2386/5997/459 3113/6154/459 2453/6163/459
f 2386/5997/425 2385/5996/425 3114/6155/425 3113/6154/425
f 2385/5996/426 2384/6164/426 3115/6158/426 3114/6155/426
f 2384/6164/471 2078/5993/471 2452/6165/471 3115/6158/471
f 3115/6158/428 2452/6165/428 2451/6166/428 3118/6159/428
f 3118/6159/429 2451/6166/429 2450/6167/429 3121/6162/429
f 3121/6162/430 2450/6167/430 2086/6168/430 2420/6169/430
f 3120/6160/431 3121/6162/431 2420/6169/431 2421/6170/431
f 3119/6161/432 3120/6160/432 2421/6170/432 2422/6171/432
f 2455/6172/433 3119/6161/433 2422/6171/433 2083/6173/433
f 2454/6174/434 3116/6157/434 3119/6161/434 2455/6172/434
f 2453/6163/435 3113/6154/435 3116/6157/435 2454/6174/435
f 3122/6175/436 3123/6176/436 3126/6177/436 3125/6178/436
f 3123/6176/437 3124/6179/437 3127/6180/437 3126/6177/437
f 3125/6178/438 3126/6177/438 3129/6177/438 3128/6181/438
f 3126/6177/439 3127/6180/439 3130/6182/439 3129/6177/439
f 2076/6021/440 2380/6183/440 3122/6175/440 2447/6184/440
f 2380/6183/441 2379/6185/441 3123/6176/441 3122/6175/441
f 2379/6185/442 2378/6017/442 3124/6179/442 3123/6176/442
f 2378/6017/460 2075/6016/460 2458/6186/460 3124/6179/460
f 3124/6179/444 2458/6186/444 2457/6187/444 3127/6180/444
f 3127/6180/445 2457/6187/445 2456/6188/445 3130/6182/445
f 3130/6182/446 2456/6188/446 2084/6189/446 2414/6190/446
f 3129/6177/447 3130/6182/447 2414/6190/447 2415/6191/447
f 3128/6181/448 3129/6177/448 2415/6191/448 2416/6192/448
f 2449/6193/449 3128/6181/449 2416/6192/449 2085/6194/449
f 2448/6195/450 3125/6178/450 3128/6181/450 2449/6193/450
f 2447/6184/451 3122/6175/451 3125/6178/451 2448/6195/451
f 3131/6196/228 3132/6197/228 3135/6198/228 3134/6199/228
f 3132/6197/229 3133/6200/229 3136/6201/229 3135/6198/229
f 3134/6199/230 3135/6198/230 3138/6202/230 3137/6203/230
f 3135/6198/231 3136/6201/231 3139/6204/231 3138/6202/231
f 2095/5627/232 2471/6205/232 3131/6196/232 2530/6206/232
f 2471/6205/233 2472/6207/233 3132/6197/233 3131/6196/233
f 2472/6207/234 2473/6208/234 3133/6200/234 3132/6197/234
f 2473/6208/235 2096/5109/235 2525/6209/235 3133/6200/235
f 3133/6200/236 2525/6209/236 2526/6210/236 3136/6201/236
f 3136/6201/237 2526/6210/237 2527/6211/237 3139/6204/237
f 3139/6204/238 2527/6211/238 2104/6212/238 2509/6213/238
f 3138/6202/239 3139/6204/239 2509/6213/239 2508/6214/239
f 3137/6203/240 3138/6202/240 2508/6214/240 2507/6215/240
f 2528/6216/241 3137/6203/241 2507/6215/241 2103/6217/241
f 2529/6218/242 3134/6199/242 3137/6203/242 2528/6216/242
f 2530/6206/243 3131/6196/243 3134/6199/243 2529/6218/243
f 3140/6219/244 3141/6220/244 3144/6221/244 3143/6222/244
f 3141/6220/245 3142/6223/245 3145/6224/245 3144/6221/245
f 3143/6222/246 3144/6221/246 3147/6225/246 3146/6226/246
f 3144/6221/247 3145/6224/247 3148/6227/247 3147/6225/247
f 2097/6228/248 2477/6229/248 3140/6219/248 2524/6230/248
f 2477/6229/249 2478/6231/249 3141/6220/249 3140/6219/249
f 2478/6231/250 2479/6232/250 3142/6223/250 3141/6220/250
f 2479/6232/251 2098/6233/251 2519/6234/251 3142/6223/251
f 3142/6223/252 2519/6234/252 2520/6235/252 3145/6224/252
f 3145/6224/253 2520/6235/253 2521/6236/253 3148/6227/253
f 3148/6227/254 2521/6236/254 2106/6237/254 2515/6238/254
f 3147/6225/255 3148/6227/255 2515/6238/255 2514/6239/255
f 3146/6226/256 3147/6225/256 2514/6239/256 2513/6240/256
f 2522/6241/257 3146/6226/257 2513/6240/257 2105/6242/257
f 2523/6243/258 3143/6222/258 3146/6226/258 2522/6241/258
f 2524/6230/259 3140/6219/259 3143/6222/259 2523/6243/259
f 3149/5666/480 3150/5122/480 3153/5122/480 3152/5666/480
f 3150/5122/453 3151/6244/453 3154/6244/453 3153/5122/453
f 3152/5666/262 3153/5122/262 3156/5122/262 3155/5666/262
f 3153/5122/263 3154/6244/263 3157/6244/263 3156/5122/263
f 2092/5461/264 2465/5673/264 3149/5666/264 2488/5461/264
f 2465/5673/265 2466/5241/265 3150/5122/265 3149/5666/265
f 2466/5241/266 2467/6245/266 3151/6244/266 3150/5122/266
f 2467/6245/267 2094/5674/267 2483/5674/267 3151/6244/267
f 3151/6244/268 2483/5674/268 2484/5674/268 3154/6244/268
f 3154/6244/269 2484/5674/269 2485/5674/269 3157/6244/269
f 3157/6244/481 2485/5674/481 2098/5674/481 2479/6245/481
f 3156/5122/271 3157/6244/271 2479/6245/271 2478/5241/271
f 3155/5666/482 3156/5122/482 2478/5241/482 2477/5673/482
f 2486/5461/273 3155/5666/273 2477/5673/273 2097/5461/273
f 2487/5461/274 3152/5666/274 3155/5666/274 2486/5461/274
f 2488/5461/275 3149/5666/275 3152/5666/275 2487/5461/275
f 3158/6246/483 3159/6247/483 3162/6248/483 3161/6249/483
f 3159/6247/472 3160/6250/472 3163/6251/472 3162/6248/472
f 3161/6249/278 3162/6248/278 3165/6252/278 3164/6253/278
f 3162/6248/279 3163/6251/279 3166/6254/279 3165/6252/279
f 2093/6255/484 2459/6256/484 3158/6246/484 2494/6257/484
f 2459/6256/281 2460/6258/281 3159/6247/281 3158/6246/281
f 2460/6258/282 2461/6259/282 3160/6250/282 3159/6247/282
f 2461/6259/485 2091/6260/485 2489/6261/485 3160/6250/485
f 3160/6250/284 2489/6261/284 2490/6262/284 3163/6251/284
f 3163/6251/285 2490/6262/285 2491/6263/285 3166/6254/285
f 3166/6254/486 2491/6263/486 2096/5109/486 2473/6208/486
f 3165/6252/287 3166/6254/287 2473/6208/287 2472/6207/287
f 3164/6253/288 3165/6252/288 2472/6207/288 2471/6205/288
f 2492/6264/289 3164/6253/289 2471/6205/289 2095/5627/289
f 2493/6265/487 3161/6249/487 3164/6253/487 2492/6264/487
f 2494/6257/488 3158/6246/488 3161/6249/488 2493/6265/488
f 3167/6266/292 3168/6267/292 3171/6268/292 3170/6269/292
f 3168/6267/293 3169/6270/293 3172/6271/293 3171/6268/293
f 3170/6269/294 3171/6268/294 3174/6272/294 3173/6273/294
f 3171/6268/295 3172/6271/295 3175/6274/295 3174/6272/295
f 2094/6275/296 2468/6276/296 3167/6266/296 2483/6277/296
f 2468/6276/297 2469/6278/297 3168/6267/297 3167/6266/297
f 2469/6278/298 2470/6279/298 3169/6270/298 3168/6267/298
f 2470/6279/489 2093/6280/489 2494/6281/489 3169/6270/489
f 3169/6270/300 2494/6281/300 2493/6282/300 3172/6271/300
f 3172/6271/477 2493/6282/477 2492/6283/477 3175/6274/477
f 3175/6274/302 2492/6283/302 2095/6284/302 2482/6285/302
f 3174/6272/303 3175/6274/303 2482/6285/303 2481/6286/303
f 3173/6273/304 3174/6272/304 2481/6286/304 2480/6287/304
f 2485/6288/456 3173/6273/456 2480/6287/456 2098/6289/456
f 2484/6290/306 3170/6269/306 3173/6273/306 2485/6288/306
f 2483/6277/307 3167/6266/307 3170/6269/307 2484/6290/307
f 3176/6291/308 3177/6292/308 3180/6293/308 3179/6294/308
f 3177/6292/466 3178/6295/466 3181/6296/466 3180/6293/466
f 3179/6294/310 3180/6293/310 3183/6297/310 3182/6298/310
f 3180/6293/311 3181/6296/311 3184/6299/311 3183/6297/311
f 2091/6300/490 2462/6301/490 3176/6291/490 2489/6300/490
f 2462/6301/313 2463/6302/313 3177/6292/313 3176/6291/313
f 2463/6302/314 2464/6303/314 3178/6295/314 3177/6292/314
f 2464/6303/315 2092/6304/315 2488/6304/315 3178/6295/315
f 3178/6295/467 2488/6304/467 2487/6305/467 3181/6296/467
f 3181/6296/317 2487/6305/317 2486/6306/317 3184/6299/317
f 3184/6299/318 2486/6306/318 2097/6307/318 2476/6308/318
f 3183/6297/319 3184/6299/319 2476/6308/319 2475/6297/319
f 3182/6298/320 3183/6297/320 2475/6297/320 2474/6309/320
f 2491/6310/321 3182/6298/321 2474/6309/321 2096/6311/321
f 2490/6312/468 3179/6294/468 3182/6298/468 2491/6310/468
f 2489/6300/469 3176/6291/469 3179/6294/469 2490/6312/469
f 3185/6313/324 3186/6314/324 3189/6315/324 3188/6316/324
f 3186/6314/325 3187/6317/325 3190/6318/325 3189/6315/325
f 3188/6316/326 3189/6315/326 3192/6319/326 3191/6320/326
f 3189/6315/327 3190/6318/327 3193/6321/327 3192/6319/327
f 2100/6322/328 2497/6323/328 3185/6313/328 2498/6324/328
f 2497/6323/329 2496/6325/329 3186/6314/329 3185/6313/329
f 2496/6325/330 2495/6326/330 3187/6317/330 3186/6314/330
f 2495/6326/331 2099/6327/331 2506/6328/331 3187/6317/331
f 3187/6317/332 2506/6328/332 2505/6329/332 3190/6318/332
f 3190/6318/333 2505/6329/333 2504/6330/333 3193/6321/333
f 3193/6321/334 2504/6330/334 2102/6331/334 2503/6332/334
f 3192/6319/335 3193/6321/335 2503/6332/335 2502/6333/335
f 3191/6320/336 3192/6319/336 2502/6333/336 2501/6334/336
f 2500/6335/337 3191/6320/337 2501/6334/337 2101/6336/337
f 2499/6337/338 3188/6316/338 3191/6320/338 2500/6335/338
f 2498/6324/339 3185/6313/339 3188/6316/339 2499/6337/339
f 3194/6338/340 3195/6339/340 3198/6340/340 3197/6341/340
f 3195/6339/341 3196/6342/341 3199/6343/341 3198/6340/341
f 3197/6341/342 3198/6340/342 3201/6344/342 3200/6345/342
f 3198/6340/343 3199/6343/343 3202/6346/343 3201/6344/343
f 2104/6347/344 2510/6348/344 3194/6338/344 2509/6349/344
f 2510/6348/345 2511/6350/345 3195/6339/345 3194/6338/345
f 2511/6350/346 2512/6351/346 3196/6342/346 3195/6339/346
f 2512/6351/347 2105/6352/347 2513/6353/347 3196/6342/347
f 3196/6342/348 2513/6353/348 2514/6354/348 3199/6343/348
f 3199/6343/349 2514/6354/349 2515/6355/349 3202/6346/349
f 3202/6346/350 2515/6355/350 2106/6356/350 2516/6357/350
f 3201/6344/351 3202/6346/351 2516/6357/351 2517/6358/351
f 3200/6345/352 3201/6344/352 2517/6358/352 2518/6359/352
f 2507/6360/353 3200/6345/353 2518/6359/353 2103/6361/353
f 2508/6362/354 3197/6341/354 3200/6345/354 2507/6360/354
f 2509/6349/355 3194/6338/355 3197/6341/355 2508/6362/355
f 3203/6363/491 3204/6364/491 3207/6365/491 3206/6366/491
f 3204/6364/492 3205/6367/492 3208/6368/492 3207/6365/492
f 3206/6366/358 3207/6365/358 3210/6369/358 3209/6370/358
f 3207/6365/359 3208/6368/359 3211/6371/359 3210/6369/359
f 2094/6372/360 2467/6373/360 3203/6363/360 2536/6374/360
f 2467/6373/361 2466/6375/361 3204/6364/361 3203/6363/361
f 2466/6375/362 2465/6376/362 3205/6367/362 3204/6364/362
f 2465/6376/363 2092/6377/363 2531/6378/363 3205/6367/363
f 3205/6367/364 2531/6378/364 2532/6379/364 3208/6368/364
f 3208/6368/365 2532/6379/365 2533/6380/365 3211/6371/365
f 3211/6371/366 2533/6380/366 2101/6381/366 2501/6382/366
f 3210/6369/367 3211/6371/367 2501/6382/367 2502/6383/367
f 3209/6370/368 3210/6369/368 2502/6383/368 2503/6384/368
f 2534/6385/369 3209/6370/369 2503/6384/369 2102/6386/369
f 2535/6387/370 3206/6366/370 3209/6370/370 2534/6385/370
f 2536/6374/371 3203/6363/371 3206/6366/371 2535/6387/371
f 3212/6388/372 3213/6389/372 3216/6390/372 3215/6391/372
f 3213/6389/373 3214/6392/373 3217/6393/373 3216/6390/373
f 3215/6391/374 3216/6390/374 3219/6394/374 3218/6395/374
f 3216/6390/375 3217/6393/375 3220/6396/375 3219/6394/375
f 2091/6260/493 2461/6397/493 3212/6388/493 2542/6398/493
f 2461/6397/377 2460/6399/377 3213/6389/377 3212/6388/377
f 2460/6399/378 2459/6256/378 3214/6392/378 3213/6389/378
f 2459/6256/470 2093/6255/470 2537/6400/470 3214/6392/470
f 3214/6392/380 2537/6400/380 2538/6401/380 3217/6393/380
f 3217/6393/381 2538/6401/381 2539/6402/381 3220/6396/381
f 3220/6396/382 2539/6402/382 2099/6403/382 2495/6404/382
f 3219/6394/383 3220/6396/383 2495/6404/383 2496/6394/383
f 3218/6395/384 3219/6394/384 2496/6394/384 2497/6405/384
f 2540/6406/385 3218/6395/385 2497/6405/385 2100/6407/385
f 2541/6408/386 3215/6391/386 3218/6395/386 2540/6406/386
f 2542/6398/387 3212/6388/387 3215/6391/387 2541/6408/387
f 3221/6409/388 3222/6410/388 3225/6411/388 3224/6412/388
f 3222/6410/389 3223/6413/389 3226/6414/389 3225/6411/389
f 3224/6412/390 3225/6411/390 3228/6415/390 3227/6416/390
f 3225/6411/391 3226/6414/391 3229/6417/391 3228/6415/391
f 2098/6289/392 2480/6287/392 3221/6409/392 2519/6418/392
f 2480/6287/393 2481/6286/393 3222/6410/393 3221/6409/393
f 2481/6286/394 2482/6285/394 3223/6413/394 3222/6410/394
f 2482/6285/395 2095/6284/395 2530/6419/395 3223/6413/395
f 3223/6413/396 2530/6419/396 2529/6420/396 3226/6414/396
f 3226/6414/397 2529/6420/397 2528/6421/397 3229/6417/397
f 3229/6417/398 2528/6421/398 2103/6422/398 2518/6423/398
f 3228/6415/399 3229/6417/399 2518/6423/399 2517/6424/399
f 3227/6416/400 3228/6415/400 2517/6424/400 2516/6425/400
f 2521/6426/401 3227/6416/401 2516/6425/401 2106/6427/401
f 2520/6428/402 3224/6412/402 3227/6416/402 2521/6426/402
f 2519/6418/403 3221/6409/403 3224/6412/403 2520/6428/403
f 3230/6429/404 3231/6430/404 3234/6430/404 3233/6431/404
f 3231/6430/405 3232/6432/405 3235/6433/405 3234/6430/405
f 3233/6431/406 3234/6430/406 3237/6430/406 3236/6434/406
f 3234/6430/407 3235/6433/407 3238/6435/407 3237/6430/407
f 2096/6311/408 2474/6309/408 3230/6429/408 2525/6436/408
f 2474/6309/409 2475/6297/409 3231/6430/409 3230/6429/409
f 2475/6297/410 2476/6308/410 3232/6432/410 3231/6430/410
f 2476/6308/411 2097/6307/411 2524/6437/411 3232/6432/411
f 3232/6432/412 2524/6437/412 2523/6438/412 3235/6433/412
f 3235/6433/413 2523/6438/413 2522/6439/413 3238/6435/413
f 3238/6435/414 2522/6439/414 2105/6440/414 2512/6441/414
f 3237/6430/415 3238/6435/415 2512/6441/415 2511/6442/415
f 3236/6434/416 3237/6430/416 2511/6442/416 2510/6443/416
f 2527/6444/417 3236/6434/417 2510/6443/417 2104/6445/417
f 2526/6446/418 3233/6431/418 3236/6434/418 2527/6444/418
f 2525/6436/419 3230/6429/419 3233/6431/419 2526/6446/419
f 3239/6447/420 3240/6448/420 3243/6449/420 3242/6450/420
f 3240/6448/421 3241/6451/421 3244/6452/421 3243/6449/421
f 3242/6450/422 3243/6449/422 3246/6453/422 3245/6454/422
f 3243/6449/423 3244/6452/423 3247/6455/423 3246/6453/423
f 2093/6280/424 2470/6456/424 3239/6447/424 2537/6457/424
f 2470/6456/425 2469/6278/425 3240/6448/425 3239/6447/425
f 2469/6278/426 2468/6276/426 3241/6451/426 3240/6448/426
f 2468/6276/427 2094/6275/427 2536/6458/427 3241/6451/427
f 3241/6451/428 2536/6458/428 2535/6459/428 3244/6452/428
f 3244/6452/429 2535/6459/429 2534/6460/429 3247/6455/429
f 3247/6455/430 2534/6460/430 2102/6461/430 2504/6462/430
f 3246/6453/431 3247/6455/431 2504/6462/431 2505/6463/431
f 3245/6454/432 3246/6453/432 2505/6463/432 2506/6464/432
f 2539/6465/433 3245/6454/433 2506/6464/433 2099/6466/433
f 2538/6467/434 3242/6450/434 3245/6454/434 2539/6465/434
f 2537/6457/435 3239/6447/435 3242/6450/435 2538/6467/435
f 3248/6468/436 3249/6302/436 3252/6469/436 3251/6470/436
f 3249/6302/437 3250/6471/437 3253/6472/437 3252/6469/437
f 3251/6470/438 3252/6469/438 3255/6302/438 3254/6473/438
f 3252/6469/439 3253/6472/439 3256/6474/439 3255/6302/439
f 2092/6304/440 2464/6475/440 3248/6468/440 2531/6476/440
f 2464/6475/441 2463/6302/441 3249/6302/441 3248/6468/441
f 2463/6302/442 2462/6301/442 3250/6471/442 3249/6302/442
f 2462/6301/443 2091/6300/443 2542/6477/443 3250/6471/443
f 3250/6471/444 2542/6477/444 2541/6478/444 3253/6472/444
f 3253/6472/445 2541/6478/445 2540/6479/445 3256/6474/445
f 3256/6474/446 2540/6479/446 2100/6480/446 2498/6481/446
f 3255/6302/447 3256/6474/447 2498/6481/447 2499/6469/447
f 3254/6473/448 3255/6302/448 2499/6469/448 2500/6482/448
f 2533/6483/449 3254/6473/449 2500/6482/449 2101/6484/449
f 2532/6485/450 3251/6470/450 3254/6473/450 2533/6483/450
f 2531/6476/451 3248/6468/451 3251/6470/451 2532/6485/451
f 3257/6486/228 3258/6487/228 3261/6488/228 3260/6489/228
f 3258/6487/229 3259/6490/229 3262/6491/229 3261/6488/229
f 3260/6489/230 3261/6488/230 3264/6492/230 3263/6493/230
f 3261/6488/231 3262/6491/231 3265/6494/231 3264/6492/231
f 2111/5355/232 2555/6495/232 3257/6486/232 2614/6496/232
f 2555/6495/233 2556/6497/233 3258/6487/233 3257/6486/233
f 2556/6497/234 2557/6498/234 3259/6490/234 3258/6487/234
f 2557/6498/235 2112/5360/235 2609/6499/235 3259/6490/235
f 3259/6490/236 2609/6499/236 2610/6500/236 3262/6491/236
f 3262/6491/237 2610/6500/237 2611/6501/237 3265/6494/237
f 3265/6494/238 2611/6501/238 2120/6502/238 2593/6503/238
f 3264/6492/239 3265/6494/239 2593/6503/239 2592/6504/239
f 3263/6493/240 3264/6492/240 2592/6504/240 2591/6505/240
f 2612/6506/241 3263/6493/241 2591/6505/241 2119/6507/241
f 2613/6508/242 3260/6489/242 3263/6493/242 2612/6506/242
f 2614/6496/243 3257/6486/243 3260/6489/243 2613/6508/243
f 3266/6509/244 3267/6510/244 3270/6511/244 3269/6512/244
f 3267/6510/245 3268/6513/245 3271/6514/245 3270/6511/245
f 3269/6512/246 3270/6511/246 3273/6515/246 3272/6516/246
f 3270/6511/247 3271/6514/247 3274/6517/247 3273/6515/247
f 2113/6518/248 2561/6519/248 3266/6509/248 2608/6520/248
f 2561/6519/249 2562/6521/249 3267/6510/249 3266/6509/249
f 2562/6521/250 2563/6522/250 3268/6513/250 3267/6510/250
f 2563/6522/251 2114/6523/251 2603/6524/251 3268/6513/251
f 3268/6513/252 2603/6524/252 2604/6525/252 3271/6514/252
f 3271/6514/253 2604/6525/253 2605/6526/253 3274/6517/253
f 3274/6517/254 2605/6526/254 2122/6527/254 2599/6528/254
f 3273/6515/255 3274/6517/255 2599/6528/255 2598/6529/255
f 3272/6516/256 3273/6515/256 2598/6529/256 2597/6530/256
f 2606/6531/257 3272/6516/257 2597/6530/257 2121/6532/257
f 2607/6533/258 3269/6512/258 3272/6516/258 2606/6531/258
f 2608/6520/259 3266/6509/259 3269/6512/259 2607/6533/259
f 3275/6534/480 3276/6535/480 3279/6536/480 3278/6537/480
f 3276/6535/494 3277/6538/494 3280/6539/494 3279/6536/494
f 3278/6537/262 3279/6536/262 3282/6540/262 3281/6541/262
f 3279/6536/263 3280/6539/263 3283/6542/263 3282/6540/263
f 2108/6543/264 2549/6544/264 3275/6534/264 2572/6545/264
f 2549/6544/265 2550/6546/265 3276/6535/265 3275/6534/265
f 2550/6546/266 2551/6547/266 3277/6538/266 3276/6535/266
f 2551/6547/267 2110/6548/267 2567/6549/267 3277/6538/267
f 3277/6538/268 2567/6549/268 2568/6550/268 3280/6539/268
f 3280/6539/269 2568/6550/269 2569/6551/269 3283/6542/269
f 3283/6542/270 2569/6551/270 2114/6552/270 2563/6553/270
f 3282/6540/271 3283/6542/271 2563/6553/271 2562/5398/271
f 3281/6541/272 3282/6540/272 2562/5398/272 2561/6554/272
f 2570/6555/273 3281/6541/273 2561/6554/273 2113/5409/273
f 2571/6556/274 3278/6537/274 3281/6541/274 2570/6555/274
f 2572/6545/275 3275/6534/275 3278/6537/275 2571/6556/275
f 3284/6557/483 3285/6558/483 3288/5358/483 3287/6559/483
f 3285/6558/472 3286/6560/472 3289/6561/472 3288/5358/472
f 3287/6559/278 3288/5358/278 3291/6562/278 3290/5969/278
f 3288/5358/279 3289/6561/279 3292/6563/279 3291/6562/279
f 2109/6564/484 2543/5418/484 3284/6557/484 2578/5417/484
f 2543/5418/281 2544/6565/281 3285/6558/281 3284/6557/281
f 2544/6565/282 2545/6566/282 3286/6560/282 3285/6558/282
f 2545/6566/485 2107/6567/485 2573/6568/485 3286/6560/485
f 3286/6560/284 2573/6568/284 2574/6569/284 3289/6561/284
f 3289/6561/474 2574/6569/474 2575/5981/474 3292/6563/474
f 3292/6563/486 2575/5981/486 2112/5360/486 2557/6498/486
f 3291/6562/287 3292/6563/287 2557/6498/287 2556/6497/287
f 3290/5969/288 3291/6562/288 2556/6497/288 2555/6495/288
f 2576/5355/289 3290/5969/289 2555/6495/289 2111/5355/289
f 2577/5355/487 3287/6559/487 3290/5969/487 2576/5355/487
f 2578/5417/488 3284/6557/488 3287/6559/488 2577/5355/488
f 3293/6570/475 3294/6571/475 3297/6572/475 3296/6573/475
f 3294/6571/476 3295/6574/476 3298/6575/476 3297/6572/476
f 3296/6573/294 3297/6572/294 3300/6576/294 3299/6577/294
f 3297/6572/295 3298/6575/295 3301/6578/295 3300/6576/295
f 2110/6579/296 2552/6580/296 3293/6570/296 2567/6581/296
f 2552/6580/297 2553/6582/297 3294/6571/297 3293/6570/297
f 2553/6582/298 2554/6583/298 3295/6574/298 3294/6571/298
f 2554/6583/489 2109/6584/489 2578/6585/489 3295/6574/489
f 3295/6574/300 2578/6585/300 2577/6586/300 3298/6575/300
f 3298/6575/477 2577/6586/477 2576/6587/477 3301/6578/477
f 3301/6578/478 2576/6587/478 2111/6588/478 2566/6589/478
f 3300/6576/303 3301/6578/303 2566/6589/303 2565/6590/303
f 3299/6577/304 3300/6576/304 2565/6590/304 2564/6591/304
f 2569/6592/456 3299/6577/456 2564/6591/456 2114/6593/456
f 2568/6594/306 3296/6573/306 3299/6577/306 2569/6592/306
f 2567/6581/307 3293/6570/307 3296/6573/307 2568/6594/307
f 3302/6595/308 3303/6469/308 3306/6596/308 3305/6597/308
f 3303/6469/466 3304/6598/466 3307/6599/466 3306/6596/466
f 3305/6597/310 3306/6596/310 3309/6430/310 3308/6600/310
f 3306/6596/311 3307/6599/311 3310/6601/311 3309/6430/311
f 2107/6602/490 2546/6603/490 3302/6595/490 2573/6604/490
f 2546/6603/313 2547/6605/313 3303/6469/313 3302/6595/313
f 2547/6605/314 2548/6606/314 3304/6598/314 3303/6469/314
f 2548/6606/315 2108/6607/315 2572/6608/315 3304/6598/315
f 3304/6598/467 2572/6608/467 2571/6609/467 3307/6599/467
f 3307/6599/317 2571/6609/317 2570/6307/317 3310/6601/317
f 3310/6601/318 2570/6307/318 2113/6610/318 2560/6611/318
f 3309/6430/319 3310/6601/319 2560/6611/319 2559/6612/319
f 3308/6600/320 3309/6430/320 2559/6612/320 2558/6613/320
f 2575/6614/458 3308/6600/458 2558/6613/458 2112/6615/458
f 2574/6616/468 3305/6597/468 3308/6600/468 2575/6614/468
f 2573/6604/469 3302/6595/469 3305/6597/469 2574/6616/469
f 3311/6617/324 3312/6618/324 3315/6619/324 3314/6620/324
f 3312/6618/325 3313/6621/325 3316/6622/325 3315/6619/325
f 3314/6620/326 3315/6619/326 3318/6623/326 3317/6624/326
f 3315/6619/327 3316/6622/327 3319/6625/327 3318/6623/327
f 2116/6626/328 2581/6627/328 3311/6617/328 2582/6628/328
f 2581/6627/329 2580/6629/329 3312/6618/329 3311/6617/329
f 2580/6629/330 2579/6630/330 3313/6621/330 3312/6618/330
f 2579/6630/331 2115/6631/331 2590/6632/331 3313/6621/331
f 3313/6621/332 2590/6632/332 2589/6633/332 3316/6622/332
f 3316/6622/333 2589/6633/333 2588/6634/333 3319/6625/333
f 3319/6625/334 2588/6634/334 2118/6635/334 2587/6636/334
f 3318/6623/335 3319/6625/335 2587/6636/335 2586/6637/335
f 3317/6624/336 3318/6623/336 2586/6637/336 2585/6638/336
f 2584/6639/337 3317/6624/337 2585/6638/337 2117/6640/337
f 2583/6641/338 3314/6620/338 3317/6624/338 2584/6639/338
f 2582/6628/339 3311/6617/339 3314/6620/339 2583/6641/339
f 3320/6642/340 3321/6643/340 3324/6644/340 3323/6645/340
f 3321/6643/341 3322/6646/341 3325/6647/341 3324/6644/341
f 3323/6645/342 3324/6644/342 3327/6648/342 3326/6649/342
f 3324/6644/343 3325/6647/343 3328/6650/343 3327/6648/343
f 2120/6651/344 2594/6652/344 3320/6642/344 2593/6653/344
f 2594/6652/345 2595/6654/345 3321/6643/345 3320/6642/345
f 2595/6654/346 2596/6655/346 3322/6646/346 3321/6643/346
f 2596/6655/347 2121/6656/347 2597/6657/347 3322/6646/347
f 3322/6646/348 2597/6657/348 2598/6658/348 3325/6647/348
f 3325/6647/349 2598/6658/349 2599/6659/349 3328/6650/349
f 3328/6650/350 2599/6659/350 2122/6660/350 2600/6661/350
f 3327/6648/351 3328/6650/351 2600/6661/351 2601/6662/351
f 3326/6649/352 3327/6648/352 2601/6662/352 2602/6663/352
f 2591/6664/353 3326/6649/353 2602/6663/353 2119/6665/353
f 2592/6666/354 3323/6645/354 3326/6649/354 2591/6664/354
f 2593/6653/355 3320/6642/355 3323/6645/355 2592/6666/355
f 3329/6667/491 3330/6668/491 3333/6669/491 3332/6670/491
f 3330/6668/492 3331/6671/492 3334/6672/492 3333/6669/492
f 3332/6670/358 3333/6669/358 3336/6673/358 3335/6674/358
f 3333/6669/359 3334/6672/359 3337/6675/359 3336/6673/359
f 2110/6548/360 2551/6676/360 3329/6667/360 2620/6677/360
f 2551/6676/361 2550/6678/361 3330/6668/361 3329/6667/361
f 2550/6678/362 2549/6679/362 3331/6671/362 3330/6668/362
f 2549/6679/363 2108/6543/363 2615/6680/363 3331/6671/363
f 3331/6671/364 2615/6680/364 2616/6681/364 3334/6672/364
f 3334/6672/365 2616/6681/365 2617/6682/365 3337/6675/365
f 3337/6675/366 2617/6682/366 2117/6683/366 2585/6684/366
f 3336/6673/367 3337/6675/367 2585/6684/367 2586/6685/367
f 3335/6674/368 3336/6673/368 2586/6685/368 2587/6686/368
f 2618/6687/369 3335/6674/369 2587/6686/369 2118/6688/369
f 2619/6689/370 3332/6670/370 3335/6674/370 2618/6687/370
f 2620/6677/371 3329/6667/371 3332/6670/371 2619/6689/371
f 3338/6690/372 3339/5914/372 3342/5411/372 3341/6691/372
f 3339/5914/373 3340/6692/373 3343/6693/373 3342/5411/373
f 3341/6691/374 3342/5411/374 3345/5978/374 3344/6694/374
f 3342/5411/375 3343/6693/375 3346/6695/375 3345/5978/375
f 2107/6567/493 2545/6696/493 3338/6690/493 2626/6697/493
f 2545/6696/377 2544/6558/377 3339/5914/377 3338/6690/377
f 2544/6558/378 2543/6698/378 3340/6692/378 3339/5914/378
f 2543/6698/470 2109/6564/470 2621/6699/470 3340/6692/470
f 3340/6692/380 2621/6699/380 2622/6110/380 3343/6693/380
f 3343/6693/381 2622/6110/381 2623/6700/381 3346/6695/381
f 3346/6695/382 2623/6700/382 2115/6701/382 2579/6702/382
f 3345/5978/383 3346/6695/383 2579/6702/383 2580/6562/383
f 3344/6694/384 3345/5978/384 2580/6562/384 2581/5365/384
f 2624/6703/385 3344/6694/385 2581/5365/385 2116/6704/385
f 2625/6705/386 3341/6691/386 3344/6694/386 2624/6703/386
f 2626/6697/387 3338/6690/387 3341/6691/387 2625/6705/387
f 3347/6706/388 3348/6707/388 3351/6708/388 3350/6709/388
f 3348/6707/389 3349/6710/389 3352/6711/389 3351/6708/389
f 3350/6709/390 3351/6708/390 3354/6708/390 3353/6712/390
f 3351/6708/391 3352/6711/391 3355/6713/391 3354/6708/391
f 2114/6593/392 2564/6591/392 3347/6706/392 2603/6714/392
f 2564/6591/393 2565/6590/393 3348/6707/393 3347/6706/393
f 2565/6590/394 2566/6589/394 3349/6710/394 3348/6707/394
f 2566/6589/395 2111/6588/395 2614/6715/395 3349/6710/395
f 3349/6710/396 2614/6715/396 2613/6716/396 3352/6711/396
f 3352/6711/397 2613/6716/397 2612/6717/397 3355/6713/397
f 3355/6713/398 2612/6717/398 2119/6718/398 2602/6719/398
f 3354/6708/399 3355/6713/399 2602/6719/399 2601/6720/399
f 3353/6712/400 3354/6708/400 2601/6720/400 2600/6721/400
f 2605/6722/401 3353/6712/401 2600/6721/401 2122/6723/401
f 2604/6724/402 3350/6709/402 3353/6712/402 2605/6722/402
f 2603/6714/403 3347/6706/403 3350/6709/403 2604/6724/403
f 3356/6725/404 3357/6726/404 3360/6726/404 3359/6727/404
f 3357/6726/405 3358/6728/405 3361/6729/405 3360/6726/405
f 3359/6727/406 3360/6726/406 3363/6730/406 3362/6731/406
f 3360/6726/407 3361/6729/407 3364/6732/407 3363/6730/407
f 2112/6615/408 2558/6613/408 3356/6725/408 2609/6733/408
f 2558/6613/409 2559/6612/409 3357/6726/409 3356/6725/409
f 2559/6612/410 2560/6611/410 3358/6728/410 3357/6726/410
f 2560/6611/411 2113/6610/411 2608/6734/411 3358/6728/411
f 3358/6728/412 2608/6734/412 2607/6735/412 3361/6729/412
f 3361/6729/413 2607/6735/413 2606/6736/413 3364/6732/413
f 3364/6732/414 2606/6736/414 2121/6737/414 2596/6738/414
f 3363/6730/415 3364/6732/415 2596/6738/415 2595/6730/415
f 3362/6731/416 3363/6730/416 2595/6730/416 2594/6739/416
f 2611/6740/417 3362/6731/417 2594/6739/417 2120/6741/417
f 2610/6742/418 3359/6727/418 3362/6731/418 2611/6740/418
f 2609/6733/419 3356/6725/419 3359/6727/419 2610/6742/419
f 3365/6743/420 3366/6744/420 3369/6745/420 3368/6746/420
f 3366/6744/421 3367/6747/421 3370/6748/421 3369/6745/421
f 3368/6746/422 3369/6745/422 3372/6749/422 3371/6750/422
f 3369/6745/423 3370/6748/423 3373/6751/423 3372/6749/423
f 2109/6752/459 2554/6753/459 3365/6743/459 2621/6754/459
f 2554/6753/425 2553/6755/425 3366/6744/425 3365/6743/425
f 2553/6755/426 2552/6756/426 3367/6747/426 3366/6744/426
f 2552/6756/427 2110/6757/427 2620/6758/427 3367/6747/427
f 3367/6747/428 2620/6758/428 2619/6759/428 3370/6748/428
f 3370/6748/429 2619/6759/429 2618/6760/429 3373/6751/429
f 3373/6751/430 2618/6760/430 2118/6761/430 2588/6762/430
f 3372/6749/431 3373/6751/431 2588/6762/431 2589/6763/431
f 3371/6750/432 3372/6749/432 2589/6763/432 2590/6764/432
f 2623/6765/433 3371/6750/433 2590/6764/433 2115/6766/433
f 2622/6767/434 3368/6746/434 3371/6750/434 2623/6765/434
f 2621/6754/435 3365/6743/435 3368/6746/435 2622/6767/435
f 3374/6768/436 3375/6769/436 3378/6769/436 3377/6770/436
f 3375/6769/437 3376/6771/437 3379/6772/437 3378/6769/437
f 3377/6770/438 3378/6769/438 3381/6769/438 3380/6773/438
f 3378/6769/439 3379/6772/439 3382/6774/439 3381/6769/439
f 2108/6607/440 2548/6775/440 3374/6768/440 2615/6776/440
f 2548/6775/441 2547/6777/441 3375/6769/441 3374/6768/441
f 2547/6777/442 2546/6603/442 3376/6771/442 3375/6769/442
f 2546/6603/443 2107/6602/443 2626/6778/443 3376/6771/443
f 3376/6771/444 2626/6778/444 2625/6779/444 3379/6772/444
f 3379/6772/445 2625/6779/445 2624/6780/445 3382/6774/445
f 3382/6774/446 2624/6780/446 2116/6781/446 2582/6782/446
f 3381/6769/447 3382/6774/447 2582/6782/447 2583/6769/447
f 3380/6773/448 3381/6769/448 2583/6769/448 2584/6783/448
f 2617/6784/449 3380/6773/449 2584/6783/449 2117/6785/449
f 2616/6786/450 3377/6770/450 3380/6773/450 2617/6784/450
f 2615/6776/451 3374/6768/451 3377/6770/451 2616/6786/451
o Plane.001
v 31.855148 0.847137 4.306469
v 35.178322 0.847137 4.306469
v 31.855148 0.847137 2.306469
v 35.178322 0.847137 2.306469
vn -0.0000 1.0000 -0.0000
vt 0.000000 0.000000
vt 1.000000 0.000000
vt 1.000000 1.000000
vt 0.000000 1.000000
s 0
usemtl Material.001
f 3383/6787/495 3384/6788/495 3386/6789/495 3385/6790/495
o dining_painting
v 20.235889 2.769594 2.320290
v 20.235889 6.872549 2.320290
v 20.235889 2.769594 1.908974
v 20.235889 6.872549 1.908974
v 29.977583 2.769594 2.320290
v 29.977583 6.872549 2.320290
v 29.977583 2.769594 1.908974
v 29.977583 6.872549 1.908974
v 20.503313 2.960362 2.320290
v 20.503313 6.681781 2.320290
v 29.686279 6.681781 2.320290
v 29.686279 2.960362 2.320290
v 20.503313 2.960362 2.129930
v 20.503313 6.681781 2.129930
v 29.686279 6.681781 2.129930
v 29.686279 2.960362 2.129930
vn -1.0000 -0.0000 -0.0000
vn -0.0000 -0.0000 -1.0000
vn 1.0000 -0.0000 -0.0000
vn -0.0000 -0.0000 1.0000
vn -0.0000 -1.0000 -0.0000
vn -0.0000 1.0000 -0.0000
vt 0.243565 0.075258
vt 0.756434 0.075259
vt 0.756434 0.126673
vt 0.243565 0.126673
vt 0.243565 -0.233856
vt 0.756435 -0.233856
vt 0.756435 0.983856
vt 0.243565 0.983856
vt 0.243566 0.623327
vt 0.756436 0.623327
vt 0.756435 0.674742
vt 0.243566 0.674741
vt 0.267411 0.075258
vt 0.732588 0.075259
vt -0.358856 0.623325
vt 0.858855 0.623327
vt 0.858855 0.674742
vt -0.358856 0.674740
vt 0.141144 0.623325
vt 1.358855 0.623327
vt 1.358855 0.674742
vt 0.141144 0.674740
vt 0.822442 0.674741
vt -0.325428 0.674740
vt 1.325427 0.674742
vt 0.177557 0.674740
vt 0.732589 0.674742
vt 0.267412 0.674741
vt 0.267411 0.302557
vt 0.732589 0.302557
vt 0.732589 1.450428
vt 0.267411 1.450428
s 0
usemtl dining_painting
f 3387/6791/496 3388/6792/496 3390/6793/496 3389/6794/496
f 3389/6795/497 3390/6796/497 3394/6797/497 3393/6798/497
f 3393/6799/498 3394/6800/498 3392/6801/498 3391/6802/498
f 3388/6792/499 3387/6791/499 3395/6803/499 3396/6804/499
f 3389/6805/500 3393/6806/500 3391/6807/500 3387/6808/500
f 3394/6809/501 3390/6810/501 3388/6811/501 3392/6812/501
f 3396/6804/498 3395/6803/498 3399/6803/498 3400/6804/498
f 3387/6808/499 3391/6807/499 3398/6813/499 3395/6814/499
f 3392/6812/499 3388/6811/499 3396/6815/499 3397/6816/499
f 3391/6802/499 3392/6801/499 3397/6817/499 3398/6818/499
f 3402/6819/499 3401/6820/499 3400/6821/499 3399/6822/499
f 3397/6816/500 3396/6815/500 3400/6815/500 3401/6816/500
f 3398/6818/496 3397/6817/496 3401/6817/496 3402/6818/496
f 3395/6814/501 3398/6813/501 3402/6813/501 3399/6814/501
o kitchen
v 37.950241 0.830541 23.207077
v 50.296036 0.830541 23.207077
v 37.950241 0.830541 -2.613772
v 50.296036 0.830541 -2.613772
vn -0.0000 1.0000 -0.0000
vt 0.000000 0.000000
vt 1.248339 0.000000
vt 1.248339 1.000000
vt 0.000000 1.000000
s 0
f 3403/6823/502 3404/6824/502 3406/6825/502 3405/6826/502
o storage
v 47.536560 0.809370 23.070847
v 47.536560 3.510822 23.070847
v 38.135841 0.809370 -2.254042
v 38.135841 3.510822 -2.254042
v 47.530716 3.510822 -2.256475
v 47.530716 0.809370 -2.256475
v 49.530716 6.539646 -4.256474
v 49.536560 6.539646 23.070847
v 38.135849 6.539646 -4.254040
v 47.536560 6.539646 23.070847
v 47.536560 8.321123 23.070847
v 38.135841 6.539646 -2.254042
v 38.135841 8.321123 -2.254042
v 47.530716 8.321123 -2.256475
v 47.530716 6.539646 -2.256475
v 49.536560 3.710821 23.070847
v 49.530716 3.710821 -4.256474
v 38.135849 3.710821 -4.254040
v 47.530716 3.710821 -2.256475
v 47.536560 3.710821 23.070847
v 38.135841 3.710821 -2.254042
v 47.336555 3.510822 23.070892
v 47.330711 3.510822 -2.256430
v 47.336555 3.710821 23.070892
v 47.330711 3.710821 -2.256430
v 38.135895 3.510822 -2.054041
v 38.135895 3.710821 -2.054041
v 47.530769 3.510822 -2.056475
v 47.530769 3.710821 -2.056475
v 44.399094 8.321123 -2.255665
v 41.267471 8.321123 -2.254852
v 44.399094 6.539646 -2.255665
v 41.267471 6.539646 -2.254852
v 47.535591 8.321123 18.849627
v 47.534615 8.321123 14.628406
v 47.533638 8.321123 10.407186
v 47.532669 8.321123 6.185965
v 47.531693 8.321123 1.964743
v 47.531693 6.539646 1.964743
v 47.532669 6.539646 6.185965
v 47.533638 6.539646 10.407184
v 47.534615 6.539646 14.628405
v 47.535591 6.539646 18.849627
v 40.928055 6.750740 -2.254765
v 40.928055 8.110029 -2.254765
v 38.475258 8.110029 -2.254129
v 38.475258 6.750740 -2.254129
v 44.059677 6.750740 -2.255577
v 44.059677 8.110029 -2.255577
v 41.606880 8.110029 -2.254940
v 41.606880 6.750740 -2.254940
v 47.191307 6.750740 -2.256388
v 47.191307 8.110029 -2.256388
v 44.738510 8.110029 -2.255753
v 44.738510 6.750740 -2.255753
v 47.631775 6.750740 2.304159
v 47.632584 6.750740 5.846548
v 47.632584 8.110029 5.846550
v 47.631775 8.110029 2.304159
v 47.635666 6.750740 19.189041
v 47.636475 6.750740 22.731430
v 47.636475 8.110029 22.731430
v 47.635666 8.110029 19.189041
v 47.634697 6.750740 14.967820
v 47.635506 6.750740 18.510212
v 47.635506 8.110029 18.510212
v 47.634697 8.110029 14.967821
v 47.633720 6.750740 10.746599
v 47.634529 6.750740 14.288990
v 47.634529 8.110029 14.288991
v 47.633720 8.110029 10.746600
v 47.632744 6.750740 6.525379
v 47.633553 6.750740 10.067769
v 47.633553 8.110029 10.067770
v 47.632744 8.110029 6.525381
v 47.630798 6.750740 -1.917061
v 47.631607 6.750740 1.625328
v 47.631607 8.110029 1.625328
v 47.630798 8.110029 -1.917061
v 38.475227 6.750740 -2.354130
v 38.475227 8.110029 -2.354130
v 40.928024 8.110029 -2.354763
v 40.928024 6.750740 -2.354763
v 44.059647 8.110029 -2.355577
v 44.059647 6.750740 -2.355577
v 41.606850 6.750740 -2.354940
v 41.606850 8.110029 -2.354940
v 47.191277 6.750740 -2.356388
v 47.191277 8.110029 -2.356388
v 44.738480 6.750740 -2.355753
v 44.738480 8.110029 -2.355753
v 40.715263 6.883059 -2.254709
v 40.715263 7.977713 -2.254709
v 38.687981 7.977713 -2.254183
v 38.687981 6.883059 -2.254183
v 43.846893 6.883059 -2.255522
v 43.846893 7.977713 -2.255522
v 41.819611 7.977713 -2.254993
v 41.819611 6.883059 -2.254993
v 46.978516 6.883059 -2.256332
v 46.978516 7.977713 -2.256332
v 44.951233 7.977713 -2.255808
v 44.951233 6.883059 -2.255808
v 47.531830 6.889406 2.527121
v 47.532532 6.889406 5.623589
v 47.532532 7.971361 5.623590
v 47.531830 7.971361 2.527121
v 47.535721 6.889406 19.412001
v 47.536430 6.889406 22.508471
v 47.536430 7.971361 22.508471
v 47.535721 7.971361 19.412001
v 47.534752 6.889406 15.190780
v 47.535454 6.889406 18.287251
v 47.535454 7.971361 18.287251
v 47.534752 7.971361 15.190781
v 47.533775 6.889406 10.969560
v 47.534477 6.889406 14.066031
v 47.534477 7.971361 14.066031
v 47.533775 7.971361 10.969561
v 47.532799 6.889406 6.748339
v 47.533508 6.889406 9.844809
v 47.533508 7.971361 9.844810
v 47.532799 7.971361 6.748341
v 47.530853 6.889406 -1.694099
v 47.531555 6.889406 1.402367
v 47.531555 7.971361 1.402367
v 47.530853 7.971361 -1.694099
v 47.536560 2.160095 23.070847
v 47.535103 3.510822 16.739016
v 47.533638 3.510822 10.407184
v 47.532181 3.510822 4.075354
v 47.532181 0.809370 4.075354
v 47.533638 0.809370 10.407186
v 47.535103 0.809370 16.739016
v 47.530716 2.160095 -2.256475
v 47.535103 2.160095 16.739016
v 47.533638 2.160095 10.407184
v 47.532181 2.160095 4.075354
v 45.181999 3.510822 -2.255867
v 42.833282 3.510822 -2.255259
v 40.484558 3.510822 -2.254650
v 45.181999 0.809370 -2.255867
v 42.833282 0.809370 -2.255259
v 40.484558 0.809370 -2.254650
v 47.632103 1.008222 3.755623
v 47.632103 1.961245 3.755623
v 47.630791 1.961245 -1.936743
v 47.630791 1.008222 -1.936743
v 47.633568 1.008222 10.087455
v 47.633568 1.961245 10.087453
v 47.632248 1.961245 4.395084
v 47.632248 1.008222 4.395084
v 47.632103 2.358948 3.755623
v 47.632103 3.311970 3.755623
v 47.630791 3.311970 -1.936743
v 47.630791 2.358948 -1.936743
v 47.636490 3.311970 22.751116
v 47.635170 3.311970 17.058746
v 47.635170 2.358948 17.058746
v 47.636490 2.358948 22.751116
v 47.633568 2.358948 10.087453
v 47.633568 3.311970 10.087453
v 47.632248 3.311970 4.395084
v 47.632248 2.358948 4.395084
v 47.636490 1.008222 22.751116
v 47.636490 1.961245 22.751116
v 47.635170 1.961245 17.058746
v 47.635170 1.008222 17.058746
v 47.532066 1.127192 3.564331
v 47.532066 1.842273 3.564331
v 47.530830 1.842273 -1.745453
v 47.530830 1.127192 -1.745453
v 47.533524 1.127192 9.896162
v 47.533524 1.842273 9.896161
v 47.532295 1.842273 4.586378
v 47.532295 1.127192 4.586378
v 47.532066 2.477918 3.564331
v 47.532066 3.192999 3.564331
v 47.530830 3.192999 -1.745453
v 47.530830 2.477918 -1.745453
v 47.536446 3.192999 22.559822
v 47.535217 3.192999 17.250038
v 47.535217 2.477918 17.250038
v 47.536446 2.477918 22.559822
v 47.533524 2.477918 9.896161
v 47.533524 3.192999 9.896161
v 47.532295 3.192999 4.586378
v 47.532295 2.477918 4.586378
v 47.536446 1.127192 22.559822
v 47.536446 1.842273 22.559822
v 47.535217 1.842273 17.250038
v 47.535217 1.127192 17.250038
v 40.263008 0.947161 -2.354593
v 40.263008 3.373031 -2.354593
v 38.357391 3.373031 -2.354097
v 38.357391 0.947161 -2.354097
v 42.611732 0.947161 -2.355202
v 42.611732 3.373031 -2.355202
v 40.706108 3.373031 -2.354706
v 40.706108 0.947161 -2.354706
v 44.960449 0.947161 -2.355810
v 44.960449 3.373031 -2.355810
v 43.054832 3.373031 -2.355316
v 43.054832 0.947161 -2.355316
v 47.309166 0.947161 -2.356419
v 47.309166 3.373031 -2.356419
v 45.403549 3.373031 -2.355925
v 45.403549 0.947161 -2.355925
v 40.086037 1.057221 -2.254547
v 40.086037 3.262970 -2.254547
v 38.534363 3.262970 -2.254145
v 38.534363 1.057221 -2.254145
v 42.434769 1.057221 -2.255156
v 42.434769 3.262970 -2.255156
v 40.883080 3.262970 -2.254753
v 40.883080 1.057221 -2.254753
v 44.783485 1.057221 -2.255764
v 44.783485 3.262970 -2.255764
v 43.231804 3.262970 -2.255362
v 43.231804 1.057221 -2.255362
v 47.132202 1.057221 -2.256372
v 47.132202 3.262970 -2.256372
v 45.580521 3.262970 -2.255970
v 45.580521 1.057221 -2.255970
v 49.532204 3.710821 4.283722
v 47.532204 3.710821 4.159298
v 47.332199 3.510822 4.159344
v 47.332199 3.710821 4.159344
v 49.530830 3.710821 -2.010553
v 47.530830 3.710821 -1.781607
v 47.330826 3.510822 -1.781561
v 47.330826 3.710821 -1.781561
v 49.485420 3.601199 3.801575
v 47.686577 3.601199 3.696373
v 49.484261 3.601199 -1.520334
v 47.685425 3.601199 -1.326756
v 49.336182 3.539990 3.595640
v 47.769020 3.539990 3.490440
v 49.335022 3.539990 -1.359949
v 47.767868 3.539990 -1.166370
v 49.535110 3.710821 16.808472
v 49.533653 3.710821 10.546097
v 47.535110 3.710821 16.766996
v 47.533661 3.710821 10.463146
v 47.335106 3.510822 16.767042
v 47.333649 3.510822 10.463193
v 47.335106 3.710821 16.767042
v 47.333649 3.710821 10.463193
v 49.574463 3.531018 2.563063
v 49.574463 3.999615 2.563063
v 49.569160 3.531018 2.596510
v 49.569160 3.999615 2.596510
v 49.553787 3.531018 2.626682
v 49.553787 3.999615 2.626682
v 49.529839 3.531018 2.650631
v 49.529839 3.999615 2.650631
v 49.499664 3.531018 2.666002
v 49.499664 3.999615 2.666002
v 49.466217 3.531018 2.671295
v 49.466217 3.999615 2.671295
v 49.432770 3.531018 2.666002
v 49.432770 3.999615 2.666002
v 49.402603 3.531018 2.650631
v 49.402603 3.999615 2.650631
v 49.378662 3.531018 2.626682
v 49.378662 3.999615 2.626682
v 49.363281 3.531018 2.596510
v 49.363281 3.999615 2.596510
v 49.357986 3.531018 2.563063
v 49.357986 3.999615 2.563063
v 49.363281 3.531018 2.529615
v 49.363281 3.999615 2.529615
v 49.378662 3.531018 2.499443
v 49.378662 3.999615 2.499443
v 49.402603 3.531018 2.475494
v 49.402603 3.999615 2.475494
v 49.432770 3.531018 2.460123
v 49.432770 3.999615 2.460123
v 49.466217 3.531018 2.454821
v 49.466217 3.999615 2.454821
v 49.499664 3.531018 2.460123
v 49.499664 3.999615 2.460123
v 49.529839 3.531018 2.475494
v 49.529839 3.999615 2.475494
v 49.553787 3.531018 2.499443
v 49.553787 3.999615 2.499443
v 49.569160 3.531018 2.529615
v 49.569160 3.999615 2.529615
v 49.498482 5.357893 2.563063
v 49.498482 3.942091 2.563063
v 49.496910 5.357893 2.573027
v 49.496910 3.942091 2.573027
v 49.492325 5.357893 2.582027
v 49.492325 3.942091 2.582027
v 49.485184 5.357893 2.589165
v 49.485184 3.942091 2.589165
v 49.476196 5.357893 2.593744
v 49.476196 3.942091 2.593744
v 49.466217 5.357893 2.595327
v 49.466217 3.942091 2.595327
v 49.456253 5.357893 2.593744
v 49.456253 3.942091 2.593744
v 49.447266 5.357893 2.589165
v 49.447266 3.942091 2.589165
v 49.440125 5.357893 2.582027
v 49.440125 3.942091 2.582027
v 49.435539 5.357893 2.573027
v 49.435539 3.942091 2.573027
v 49.433968 5.357893 2.563063
v 49.433968 3.942091 2.563063
v 49.435539 5.357893 2.553099
v 49.435539 3.942091 2.553099
v 49.440125 5.357893 2.544096
v 49.440125 3.942091 2.544096
v 49.447266 5.357893 2.536961
v 49.447266 3.942091 2.536961
v 49.456253 5.357893 2.532381
v 49.456253 3.942091 2.532381
v 49.466217 5.357893 2.530798
v 49.466217 3.942091 2.530798
v 49.476196 5.357893 2.532381
v 49.476196 3.942091 2.532381
v 49.485184 5.357893 2.536961
v 49.485184 3.942091 2.536961
v 49.492325 5.357893 2.544096
v 49.492325 3.942091 2.544096
v 49.496910 5.357893 2.553099
v 49.496910 3.942091 2.553099
v 49.461655 5.477591 2.563063
v 49.460129 5.477200 2.573027
v 49.455688 5.476063 2.582027
v 49.448776 5.474293 2.589165
v 49.440056 5.472063 2.593744
v 49.430397 5.469589 2.595327
v 49.420746 5.467115 2.593744
v 49.412025 5.464888 2.589165
v 49.405113 5.463116 2.582027
v 49.400673 5.461981 2.573027
v 49.399147 5.461590 2.563063
v 49.400673 5.461981 2.553099
v 49.405113 5.463116 2.544096
v 49.412025 5.464888 2.536961
v 49.420746 5.467115 2.532381
v 49.430397 5.469589 2.530798
v 49.440056 5.472063 2.532381
v 49.448776 5.474293 2.536961
v 49.455688 5.476063 2.544096
v 49.460129 5.477200 2.553099
v 49.396294 5.584417 2.563063
v 49.394905 5.583658 2.573027
v 49.390884 5.581455 2.582027
v 49.384628 5.578026 2.589165
v 49.376732 5.573706 2.593744
v 49.367996 5.568916 2.595327
v 49.359253 5.564123 2.593744
v 49.351372 5.559801 2.589165
v 49.345100 5.556372 2.582027
v 49.341080 5.554169 2.573027
v 49.339706 5.553411 2.563063
v 49.341080 5.554169 2.553099
v 49.345100 5.556372 2.544096
v 49.351372 5.559801 2.536961
v 49.359253 5.564123 2.532381
v 49.367996 5.568916 2.530798
v 49.376732 5.573706 2.532381
v 49.384628 5.578026 2.536961
v 49.390884 5.581455 2.544096
v 49.394905 5.583658 2.553099
v 49.306473 5.671694 2.563063
v 49.305313 5.670614 2.573027
v 49.301971 5.667486 2.582027
v 49.296761 5.662611 2.589165
v 49.290192 5.656467 2.593744
v 49.282913 5.649660 2.595327
v 49.275627 5.642847 2.593744
v 49.269051 5.636707 2.589165
v 49.263840 5.631830 2.582027
v 49.260498 5.628700 2.573027
v 49.259346 5.627625 2.563063
v 49.260498 5.628700 2.553099
v 49.263840 5.631830 2.544096
v 49.269051 5.636707 2.536961
v 49.275627 5.642847 2.532381
v 49.282913 5.649660 2.530798
v 49.290192 5.656467 2.532381
v 49.296761 5.662611 2.536961
v 49.301971 5.667486 2.544096
v 49.305313 5.670614 2.553099
v 49.197823 5.733969 2.563063
v 49.196968 5.732637 2.573027
v 49.194504 5.728777 2.582027
v 49.190659 5.722761 2.589165
v 49.185814 5.715181 2.593744
v 49.180458 5.706781 2.595327
v 49.175079 5.698376 2.593744
v 49.170242 5.690796 2.589165
v 49.166405 5.684780 2.582027
v 49.163940 5.680918 2.573027
v 49.163086 5.679588 2.563063
v 49.163940 5.680918 2.553099
v 49.166405 5.684780 2.544096
v 49.170242 5.690796 2.536961
v 49.175079 5.698376 2.532381
v 49.180458 5.706781 2.530798
v 49.185814 5.715181 2.532381
v 49.190659 5.722761 2.536961
v 49.194504 5.728777 2.544096
v 49.196968 5.732637 2.553099
v 49.077118 5.767353 2.563063
v 49.076622 5.765852 2.573027
v 49.075188 5.761499 2.582027
v 49.072952 5.754721 2.589165
v 49.070145 5.746176 2.593744
v 49.067039 5.736708 2.595327
v 49.063919 5.727234 2.593744
v 49.061104 5.718691 2.589165
v 49.058884 5.711908 2.582027
v 49.057449 5.707556 2.573027
v 49.056961 5.706057 2.563063
v 49.057449 5.707556 2.553099
v 49.058884 5.711908 2.544096
v 49.061111 5.718691 2.536961
v 49.063919 5.727234 2.532381
v 49.067039 5.736708 2.530798
v 49.070145 5.746176 2.532381
v 49.072952 5.754721 2.536961
v 49.075188 5.761499 2.544096
v 49.076622 5.765852 2.553099
v 48.951897 5.769758 2.563063
v 48.951790 5.768181 2.573027
v 48.951492 5.763609 2.582027
v 48.951004 5.756491 2.589165
v 48.950401 5.747515 2.593744
v 48.949745 5.737570 2.595327
v 48.949066 5.727621 2.593744
v 48.948471 5.718647 2.589165
v 48.947990 5.711525 2.582027
v 48.947678 5.706951 2.573027
v 48.947578 5.705379 2.563063
v 48.947678 5.706951 2.553099
v 48.947990 5.711525 2.544096
v 48.948471 5.718647 2.536961
v 48.949066 5.727621 2.532381
v 48.949745 5.737570 2.530798
v 48.950401 5.747515 2.532381
v 48.951004 5.756491 2.536961
v 48.951492 5.763609 2.544096
v 48.951790 5.768181 2.553099
v 48.830002 5.741035 2.563063
v 48.830292 5.739481 2.573027
v 48.831131 5.734974 2.582027
v 48.832428 5.727959 2.589165
v 48.834076 5.719116 2.593744
v 48.835899 5.709316 2.595327
v 48.837708 5.699511 2.593744
v 48.839348 5.690668 2.589165
v 48.840660 5.683653 2.582027
v 48.841492 5.679142 2.573027
v 48.841782 5.677595 2.563063
v 48.841492 5.679142 2.553099
v 48.840660 5.683653 2.544096
v 48.839348 5.690668 2.536961
v 48.837708 5.699511 2.532381
v 48.835899 5.709316 2.530798
v 48.834076 5.719116 2.532381
v 48.832428 5.727959 2.536961
v 48.831131 5.734974 2.544096
v 48.830292 5.739481 2.553099
v 48.719032 5.682978 2.563063
v 48.719696 5.681541 2.573027
v 48.721626 5.677385 2.582027
v 48.724632 5.670912 2.589165
v 48.728409 5.662750 2.593744
v 48.732605 5.653711 2.595327
v 48.736801 5.644663 2.593744
v 48.740578 5.636503 2.589165
v 48.743591 5.630030 2.582027
v 48.745514 5.625868 2.573027
v 48.746185 5.624441 2.563063
v 48.745514 5.625868 2.553099
v 48.743591 5.630030 2.544096
v 48.740578 5.636503 2.536961
v 48.736801 5.644663 2.532381
v 48.732605 5.653711 2.530798
v 48.728409 5.662750 2.532381
v 48.724632 5.670912 2.536961
v 48.721626 5.677385 2.544096
v 48.719696 5.681541 2.553099
v 48.625938 5.599213 2.563063
v 48.626930 5.597986 2.573027
v 48.629829 5.594439 2.582027
v 48.634346 5.588909 2.589165
v 48.640038 5.581945 2.593744
v 48.646339 5.574224 2.595327
v 48.652649 5.566502 2.593744
v 48.658325 5.559534 2.589165
v 48.662849 5.554010 2.582027
v 48.665756 5.550453 2.573027
v 48.666748 5.549238 2.563063
v 48.665756 5.550453 2.553099
v 48.662849 5.554010 2.544096
v 48.658325 5.559534 2.536961
v 48.652649 5.566502 2.532381
v 48.646339 5.574224 2.530798
v 48.640038 5.581945 2.532381
v 48.634346 5.588909 2.536961
v 48.629829 5.594439 2.544096
v 48.626930 5.597986 2.553099
v 48.556519 5.494974 2.563063
v 48.557793 5.494036 2.573027
v 48.561478 5.491320 2.582027
v 48.567215 5.487080 2.589165
v 48.574455 5.481743 2.593744
v 48.582474 5.475830 2.595327
v 48.590500 5.469912 2.593744
v 48.597740 5.464571 2.589165
v 48.603493 5.460342 2.582027
v 48.607178 5.457615 2.573027
v 48.608452 5.456684 2.563063
v 48.607178 5.457615 2.553099
v 48.603493 5.460342 2.544096
v 48.597740 5.464571 2.536961
v 48.590500 5.469912 2.532381
v 48.582474 5.475830 2.530798
v 48.574455 5.481743 2.532381
v 48.567215 5.487080 2.536961
v 48.561478 5.491320 2.544096
v 48.557793 5.494036 2.553099
v 48.515114 5.376780 2.563063
v 48.516579 5.376184 2.573027
v 48.520836 5.374466 2.582027
v 48.527443 5.371784 2.589165
v 48.535782 5.368410 2.593744
v 48.545021 5.364672 2.595327
v 48.554260 5.360928 2.593744
v 48.562584 5.357548 2.589165
v 48.569214 5.354877 2.582027
v 48.573463 5.353149 2.573027
v 48.574921 5.352564 2.563063
v 48.573463 5.353149 2.553099
v 48.569214 5.354877 2.544096
v 48.562584 5.357548 2.536961
v 48.554260 5.360928 2.532381
v 48.545021 5.364672 2.530798
v 48.535782 5.368410 2.532381
v 48.527443 5.371784 2.536961
v 48.520836 5.374466 2.544096
v 48.516579 5.376184 2.553099
v 48.504318 5.252008 2.563063
v 48.505882 5.251797 2.573027
v 48.510429 5.251184 2.582027
v 48.517509 5.250225 2.589165
v 48.526413 5.249023 2.593744
v 48.536285 5.247692 2.595327
v 48.546181 5.246361 2.593744
v 48.555084 5.245152 2.589165
v 48.562164 5.244207 2.582027
v 48.566711 5.243586 2.573027
v 48.568260 5.243382 2.563063
v 48.566711 5.243586 2.553099
v 48.562164 5.244207 2.544096
v 48.555084 5.245152 2.536961
v 48.546181 5.246361 2.532381
v 48.536285 5.247692 2.530798
v 48.526413 5.249023 2.532381
v 48.517509 5.250225 2.536961
v 48.510429 5.251184 2.544096
v 48.505882 5.251797 2.553099
v 49.462120 3.905973 3.062483
v 49.462120 3.905973 2.869398
v 49.462120 3.871006 2.633423
v 49.462120 3.871006 2.948450
v 49.503685 3.857500 2.633423
v 49.503685 3.857500 2.948450
v 49.529373 3.822144 2.633423
v 49.529373 3.822144 2.948450
v 49.529373 3.778440 2.633423
v 49.529373 3.778440 2.948450
v 49.503685 3.743086 2.633423
v 49.503685 3.743086 2.948450
v 49.462120 3.729580 2.633423
v 49.462120 3.729580 2.948450
v 49.420547 3.743086 2.633423
v 49.420547 3.743086 2.948450
v 49.394859 3.778440 2.633423
v 49.394859 3.778440 2.948450
v 49.394859 3.822144 2.633423
v 49.394859 3.822144 2.948450
v 49.420547 3.857500 2.633423
v 49.420547 3.857500 2.948450
v 49.524246 3.885789 2.869398
v 49.524246 3.885789 3.062483
v 49.562630 3.832948 2.869398
v 49.562630 3.832948 3.062483
v 49.562630 3.767633 2.869398
v 49.562630 3.767633 3.062483
v 49.524246 3.714797 2.869398
v 49.524246 3.714797 3.062483
v 49.462120 3.694613 2.869398
v 49.462120 3.694613 3.062483
v 49.400002 3.714797 2.869398
v 49.400002 3.714797 3.062483
v 49.361610 3.767633 2.869398
v 49.361610 3.767633 3.062483
v 49.361610 3.832948 2.869398
v 49.361610 3.832948 3.062483
v 49.400002 3.885789 2.869398
v 49.400002 3.885789 3.062483
v 49.462128 3.654085 3.026480
v 49.462128 3.946497 3.026480
v 49.474808 3.946497 3.022358
v 49.474808 3.654085 3.022358
v 49.482651 3.946497 3.011570
v 49.482651 3.654085 3.011570
v 49.482651 3.946497 2.998234
v 49.482651 3.654085 2.998234
v 49.474808 3.946497 2.987446
v 49.474808 3.654085 2.987446
v 49.462128 3.946497 2.983322
v 49.462128 3.654085 2.983322
v 49.449440 3.946497 2.987446
v 49.449440 3.654085 2.987446
v 49.441605 3.946497 2.998234
v 49.441605 3.654085 2.998234
v 49.441605 3.946497 3.011570
v 49.441605 3.654085 3.011570
v 49.449440 3.946497 3.022358
v 49.449440 3.654085 3.022358
v 49.315926 3.800290 3.026480
v 49.608330 3.800290 3.026480
v 49.608330 3.787612 3.022358
v 49.315926 3.787612 3.022358
v 49.608330 3.779770 3.011570
v 49.315926 3.779770 3.011570
v 49.608330 3.779770 2.998234
v 49.315926 3.779770 2.998234
v 49.608330 3.787612 2.987446
v 49.315926 3.787612 2.987446
v 49.608330 3.800290 2.983322
v 49.315926 3.800290 2.983322
v 49.608330 3.812980 2.987446
v 49.315926 3.812980 2.987446
v 49.608330 3.820809 2.998234
v 49.315926 3.820809 2.998234
v 49.608330 3.820809 3.011570
v 49.315926 3.820809 3.011570
v 49.608330 3.812980 3.022358
v 49.315926 3.812980 3.022358
v 49.574463 3.531018 -0.403957
v 49.574463 3.999615 -0.403957
v 49.569160 3.531018 -0.370512
v 49.569160 3.999615 -0.370512
v 49.553787 3.531018 -0.340338
v 49.553787 3.999615 -0.340338
v 49.529839 3.531018 -0.316391
v 49.529839 3.999615 -0.316391
v 49.499664 3.531018 -0.301020
v 49.499664 3.999615 -0.301020
v 49.466217 3.531018 -0.295727
v 49.466217 3.999615 -0.295727
v 49.432770 3.531018 -0.301020
v 49.432770 3.999615 -0.301020
v 49.402603 3.531018 -0.316391
v 49.402603 3.999615 -0.316391
v 49.378662 3.531018 -0.340338
v 49.378662 3.999615 -0.340338
v 49.363281 3.531018 -0.370512
v 49.363281 3.999615 -0.370512
v 49.357986 3.531018 -0.403957
v 49.357986 3.999615 -0.403957
v 49.363281 3.531018 -0.437405
v 49.363281 3.999615 -0.437405
v 49.378662 3.531018 -0.467577
v 49.378662 3.999615 -0.467577
v 49.402603 3.531018 -0.491526
v 49.402603 3.999615 -0.491526
v 49.432770 3.531018 -0.506897
v 49.432770 3.999615 -0.506897
v 49.466217 3.531018 -0.512201
v 49.466217 3.999615 -0.512201
v 49.499664 3.531018 -0.506897
v 49.499664 3.999615 -0.506897
v 49.529839 3.531018 -0.491526
v 49.529839 3.999615 -0.491526
v 49.553787 3.531018 -0.467577
v 49.553787 3.999615 -0.467577
v 49.569160 3.531018 -0.437405
v 49.569160 3.999615 -0.437405
v 49.498482 5.357893 -0.403957
v 49.498482 3.942091 -0.403957
v 49.496910 5.357893 -0.393993
v 49.496910 3.942091 -0.393993
v 49.492325 5.357893 -0.384993
v 49.492325 3.942091 -0.384993
v 49.485184 5.357893 -0.377855
v 49.485184 3.942091 -0.377855
v 49.476196 5.357893 -0.373278
v 49.476196 3.942091 -0.373278
v 49.466217 5.357893 -0.371693
v 49.466217 3.942091 -0.371693
v 49.456253 5.357893 -0.373278
v 49.456253 3.942091 -0.373278
v 49.447266 5.357893 -0.377855
v 49.447266 3.942091 -0.377855
v 49.440125 5.357893 -0.384993
v 49.440125 3.942091 -0.384993
v 49.435539 5.357893 -0.393993
v 49.435539 3.942091 -0.393993
v 49.433968 5.357893 -0.403957
v 49.433968 3.942091 -0.403957
v 49.435539 5.357893 -0.413923
v 49.435539 3.942091 -0.413923
v 49.440125 5.357893 -0.422924
v 49.440125 3.942091 -0.422924
v 49.447266 5.357893 -0.430061
v 49.447266 3.942091 -0.430061
v 49.456253 5.357893 -0.434639
v 49.456253 3.942091 -0.434639
v 49.466217 5.357893 -0.436224
v 49.466217 3.942091 -0.436224
v 49.476196 5.357893 -0.434639
v 49.476196 3.942091 -0.434639
v 49.485184 5.357893 -0.430061
v 49.485184 3.942091 -0.430061
v 49.492325 5.357893 -0.422924
v 49.492325 3.942091 -0.422924
v 49.496910 5.357893 -0.413923
v 49.496910 3.942091 -0.413923
v 49.461655 5.477591 -0.403957
v 49.460129 5.477200 -0.393993
v 49.455688 5.476063 -0.384993
v 49.448776 5.474293 -0.377855
v 49.440056 5.472063 -0.373278
v 49.430397 5.469589 -0.371693
v 49.420746 5.467115 -0.373278
v 49.412025 5.464888 -0.377855
v 49.405113 5.463116 -0.384993
v 49.400673 5.461981 -0.393993
v 49.399147 5.461590 -0.403957
v 49.400673 5.461981 -0.413923
v 49.405113 5.463116 -0.422924
v 49.412025 5.464888 -0.430061
v 49.420746 5.467115 -0.434639
v 49.430397 5.469589 -0.436224
v 49.440056 5.472063 -0.434639
v 49.448776 5.474293 -0.430061
v 49.455688 5.476063 -0.422924
v 49.460129 5.477200 -0.413923
v 49.396294 5.584417 -0.403957
v 49.394905 5.583658 -0.393993
v 49.390884 5.581455 -0.384993
v 49.384628 5.578026 -0.377855
v 49.376732 5.573706 -0.373278
v 49.367996 5.568916 -0.371693
v 49.359253 5.564123 -0.373278
v 49.351372 5.559801 -0.377855
v 49.345100 5.556372 -0.384993
v 49.341080 5.554169 -0.393993
v 49.339706 5.553411 -0.403957
v 49.341080 5.554169 -0.413923
v 49.345100 5.556372 -0.422924
v 49.351372 5.559801 -0.430061
v 49.359253 5.564123 -0.434639
v 49.367996 5.568916 -0.436224
v 49.376732 5.573706 -0.434639
v 49.384628 5.578026 -0.430061
v 49.390884 5.581455 -0.422924
v 49.394905 5.583658 -0.413923
v 49.306473 5.671694 -0.403957
v 49.305313 5.670614 -0.393993
v 49.301971 5.667486 -0.384993
v 49.296761 5.662611 -0.377855
v 49.290192 5.656467 -0.373278
v 49.282913 5.649660 -0.371693
v 49.275627 5.642847 -0.373278
v 49.269051 5.636707 -0.377855
v 49.263840 5.631830 -0.384993
v 49.260498 5.628700 -0.393993
v 49.259346 5.627625 -0.403957
v 49.260498 5.628700 -0.413923
v 49.263840 5.631830 -0.422924
v 49.269051 5.636707 -0.430061
v 49.275627 5.642847 -0.434639
v 49.282913 5.649660 -0.436224
v 49.290192 5.656467 -0.434639
v 49.296761 5.662611 -0.430061
v 49.301971 5.667486 -0.422924
v 49.305313 5.670614 -0.413923
v 49.197823 5.733969 -0.403957
v 49.196968 5.732637 -0.393993
v 49.194504 5.728777 -0.384993
v 49.190659 5.722761 -0.377855
v 49.185814 5.715181 -0.373278
v 49.180458 5.706781 -0.371693
v 49.175079 5.698376 -0.373278
v 49.170242 5.690796 -0.377855
v 49.166405 5.684780 -0.384993
v 49.163940 5.680918 -0.393993
v 49.163086 5.679588 -0.403957
v 49.163940 5.680918 -0.413923
v 49.166405 5.684780 -0.422924
v 49.170242 5.690796 -0.430061
v 49.175079 5.698376 -0.434639
v 49.180458 5.706781 -0.436224
v 49.185814 5.715181 -0.434639
v 49.190659 5.722761 -0.430061
v 49.194504 5.728777 -0.422924
v 49.196968 5.732637 -0.413923
v 49.077118 5.767353 -0.403957
v 49.076622 5.765852 -0.393993
v 49.075188 5.761499 -0.384993
v 49.072952 5.754721 -0.377855
v 49.070145 5.746176 -0.373278
v 49.067039 5.736708 -0.371693
v 49.063919 5.727234 -0.373278
v 49.061104 5.718691 -0.377855
v 49.058884 5.711908 -0.384993
v 49.057449 5.707556 -0.393993
v 49.056961 5.706057 -0.403957
v 49.057449 5.707556 -0.413923
v 49.058884 5.711908 -0.422924
v 49.061111 5.718691 -0.430061
v 49.063919 5.727234 -0.434639
v 49.067039 5.736708 -0.436224
v 49.070145 5.746176 -0.434639
v 49.072952 5.754721 -0.430061
v 49.075188 5.761499 -0.422924
v 49.076622 5.765852 -0.413923
v 48.951897 5.769758 -0.403957
v 48.951790 5.768181 -0.393993
v 48.951492 5.763609 -0.384993
v 48.951004 5.756491 -0.377855
v 48.950401 5.747515 -0.373278
v 48.949745 5.737570 -0.371693
v 48.949066 5.727621 -0.373278
v 48.948471 5.718647 -0.377855
v 48.947990 5.711525 -0.384993
v 48.947678 5.706951 -0.393993
v 48.947578 5.705379 -0.403957
v 48.947678 5.706951 -0.413923
v 48.947990 5.711525 -0.422924
v 48.948471 5.718647 -0.430061
v 48.949066 5.727621 -0.434639
v 48.949745 5.737570 -0.436224
v 48.950401 5.747515 -0.434639
v 48.951004 5.756491 -0.430061
v 48.951492 5.763609 -0.422924
v 48.951790 5.768181 -0.413923
v 48.830002 5.741035 -0.403957
v 48.830292 5.739481 -0.393993
v 48.831131 5.734974 -0.384993
v 48.832428 5.727959 -0.377855
v 48.834076 5.719116 -0.373278
v 48.835899 5.709316 -0.371693
v 48.837708 5.699511 -0.373278
v 48.839348 5.690668 -0.377855
v 48.840660 5.683653 -0.384993
v 48.841492 5.679142 -0.393993
v 48.841782 5.677595 -0.403957
v 48.841492 5.679142 -0.413923
v 48.840660 5.683653 -0.422924
v 48.839348 5.690668 -0.430061
v 48.837708 5.699511 -0.434639
v 48.835899 5.709316 -0.436224
v 48.834076 5.719116 -0.434639
v 48.832428 5.727959 -0.430061
v 48.831131 5.734974 -0.422924
v 48.830292 5.739481 -0.413923
v 48.719032 5.682978 -0.403957
v 48.719696 5.681541 -0.393993
v 48.721626 5.677385 -0.384993
v 48.724632 5.670912 -0.377855
v 48.728409 5.662750 -0.373278
v 48.732605 5.653711 -0.371693
v 48.736801 5.644663 -0.373278
v 48.740578 5.636503 -0.377855
v 48.743591 5.630030 -0.384993
v 48.745514 5.625868 -0.393993
v 48.746185 5.624441 -0.403957
v 48.745514 5.625868 -0.413923
v 48.743591 5.630030 -0.422924
v 48.740578 5.636503 -0.430061
v 48.736801 5.644663 -0.434639
v 48.732605 5.653711 -0.436224
v 48.728409 5.662750 -0.434639
v 48.724632 5.670912 -0.430061
v 48.721626 5.677385 -0.422924
v 48.719696 5.681541 -0.413923
v 48.625938 5.599213 -0.403957
v 48.626930 5.597986 -0.393993
v 48.629829 5.594439 -0.384993
v 48.634346 5.588909 -0.377855
v 48.640038 5.581945 -0.373278
v 48.646339 5.574224 -0.371693
v 48.652649 5.566502 -0.373278
v 48.658325 5.559534 -0.377855
v 48.662849 5.554010 -0.384993
v 48.665756 5.550453 -0.393993
v 48.666748 5.549238 -0.403957
v 48.665756 5.550453 -0.413923
v 48.662849 5.554010 -0.422924
v 48.658325 5.559534 -0.430061
v 48.652649 5.566502 -0.434639
v 48.646339 5.574224 -0.436224
v 48.640038 5.581945 -0.434639
v 48.634346 5.588909 -0.430061
v 48.629829 5.594439 -0.422924
v 48.626930 5.597986 -0.413923
v 48.556519 5.494974 -0.403957
v 48.557793 5.494036 -0.393993
v 48.561478 5.491320 -0.384993
v 48.567215 5.487080 -0.377855
v 48.574455 5.481743 -0.373278
v 48.582474 5.475830 -0.371693
v 48.590500 5.469912 -0.373278
v 48.597740 5.464571 -0.377855
v 48.603493 5.460342 -0.384993
v 48.607178 5.457615 -0.393993
v 48.608452 5.456684 -0.403957
v 48.607178 5.457615 -0.413923
v 48.603493 5.460342 -0.422924
v 48.597740 5.464571 -0.430061
v 48.590500 5.469912 -0.434639
v 48.582474 5.475830 -0.436224
v 48.574455 5.481743 -0.434639
v 48.567215 5.487080 -0.430061
v 48.561478 5.491320 -0.422924
v 48.557793 5.494036 -0.413923
v 48.515114 5.376780 -0.403957
v 48.516579 5.376184 -0.393993
v 48.520836 5.374466 -0.384993
v 48.527443 5.371784 -0.377855
v 48.535782 5.368410 -0.373278
v 48.545021 5.364672 -0.371693
v 48.554260 5.360928 -0.373278
v 48.562584 5.357548 -0.377855
v 48.569214 5.354877 -0.384993
v 48.573463 5.353149 -0.393993
v 48.574921 5.352564 -0.403957
v 48.573463 5.353149 -0.413923
v 48.569214 5.354877 -0.422924
v 48.562584 5.357548 -0.430061
v 48.554260 5.360928 -0.434639
v 48.545021 5.364672 -0.436224
v 48.535782 5.368410 -0.434639
v 48.527443 5.371784 -0.430061
v 48.520836 5.374466 -0.422924
v 48.516579 5.376184 -0.413923
v 48.504318 5.252008 -0.403957
v 48.505882 5.251797 -0.393993
v 48.510429 5.251184 -0.384993
v 48.517509 5.250225 -0.377855
v 48.526413 5.249023 -0.373278
v 48.536285 5.247692 -0.371693
v 48.546181 5.246361 -0.373278
v 48.555084 5.245152 -0.377855
v 48.562164 5.244207 -0.384993
v 48.566711 5.243586 -0.393993
v 48.568260 5.243382 -0.403957
v 48.566711 5.243586 -0.413923
v 48.562164 5.244207 -0.422924
v 48.555084 5.245152 -0.430061
v 48.546181 5.246361 -0.434639
v 48.536285 5.247692 -0.436224
v 48.526413 5.249023 -0.434639
v 48.517509 5.250225 -0.430061
v 48.510429 5.251184 -0.422924
v 48.505882 5.251797 -0.413923
v 49.462120 3.905973 0.095461
v 49.462120 3.905973 -0.097622
v 49.462120 3.871006 -0.333597
v 49.462120 3.871006 -0.018572
v 49.503685 3.857500 -0.333597
v 49.503685 3.857500 -0.018572
v 49.529373 3.822144 -0.333597
v 49.529373 3.822144 -0.018572
v 49.529373 3.778440 -0.333597
v 49.529373 3.778440 -0.018572
v 49.503685 3.743086 -0.333597
v 49.503685 3.743086 -0.018572
v 49.462120 3.729580 -0.333597
v 49.462120 3.729580 -0.018572
v 49.420547 3.743086 -0.333597
v 49.420547 3.743086 -0.018572
v 49.394859 3.778440 -0.333597
v 49.394859 3.778440 -0.018572
v 49.394859 3.822144 -0.333597
v 49.394859 3.822144 -0.018572
v 49.420547 3.857500 -0.333597
v 49.420547 3.857500 -0.018572
v 49.524246 3.885789 -0.097622
v 49.524246 3.885789 0.095461
v 49.562630 3.832948 -0.097622
v 49.562630 3.832948 0.095461
v 49.562630 3.767633 -0.097622
v 49.562630 3.767633 0.095461
v 49.524246 3.714797 -0.097622
v 49.524246 3.714797 0.095461
v 49.462120 3.694613 -0.097622
v 49.462120 3.694613 0.095461
v 49.400002 3.714797 -0.097622
v 49.400002 3.714797 0.095461
v 49.361610 3.767633 -0.097622
v 49.361610 3.767633 0.095461
v 49.361610 3.832948 -0.097622
v 49.361610 3.832948 0.095461
v 49.400002 3.885789 -0.097622
v 49.400002 3.885789 0.095461
v 49.462128 3.654085 0.059460
v 49.462128 3.946497 0.059460
v 49.474808 3.946497 0.055336
v 49.474808 3.654085 0.055336
v 49.482651 3.946497 0.044548
v 49.482651 3.654085 0.044548
v 49.482651 3.946497 0.031212
v 49.482651 3.654085 0.031212
v 49.474808 3.946497 0.020424
v 49.474808 3.654085 0.020424
v 49.462128 3.946497 0.016302
v 49.462128 3.654085 0.016302
v 49.449440 3.946497 0.020424
v 49.449440 3.654085 0.020424
v 49.441605 3.946497 0.031212
v 49.441605 3.654085 0.031212
v 49.441605 3.946497 0.044548
v 49.441605 3.654085 0.044548
v 49.449440 3.946497 0.055336
v 49.449440 3.654085 0.055336
v 49.315926 3.800290 0.059460
v 49.608330 3.800290 0.059460
v 49.608330 3.787612 0.055336
v 49.315926 3.787612 0.055336
v 49.608330 3.779770 0.044548
v 49.315926 3.779770 0.044548
v 49.608330 3.779770 0.031212
v 49.315926 3.779770 0.031212
v 49.608330 3.787612 0.020424
v 49.315926 3.787612 0.020424
v 49.608330 3.800290 0.016302
v 49.315926 3.800290 0.016302
v 49.608330 3.812980 0.020424
v 49.315926 3.812980 0.020424
v 49.608330 3.820809 0.031212
v 49.315926 3.820809 0.031212
v 49.608330 3.820809 0.044548
v 49.315926 3.820809 0.044548
v 49.608330 3.812980 0.055336
v 49.315926 3.812980 0.055336
vn -1.0000 -0.0000 0.0002
vn -0.0000 -1.0000 -0.0000
vn -0.0000 1.0000 -0.0000
vn 0.0003 -0.0000 1.0000
vn 1.0000 -0.0000 -0.0003
vn -0.9037 0.4281 0.0002
vn -0.9593 -0.0000 -0.2824
vn -0.9037 -0.4281 0.0002
vn -0.9592 -0.0000 0.2828
vn -1.0000 -0.0000 0.0003
vn 0.4256 -0.0000 0.9049
vn 0.0002 0.6029 0.7978
vn -0.4252 -0.0000 0.9051
vn 0.0002 -0.6029 0.7978
vn 0.0002 0.6030 0.7978
vn -0.8111 -0.5849 0.0002
vn -0.9124 -0.0000 0.4094
vn -0.8111 0.5849 0.0002
vn -0.9125 -0.0000 -0.4091
vn -0.9125 -0.0000 -0.4090
vn -0.9123 -0.0000 0.4094
vn -0.9545 -0.0000 -0.2983
vn -0.8934 -0.4493 0.0002
vn -0.9543 -0.0000 0.2987
vn -0.8934 0.4493 0.0002
vn -0.9544 -0.0000 0.2987
vn -0.8861 -0.0000 0.4634
vn -0.7655 0.6434 0.0002
vn -0.7655 -0.6434 0.0002
vn -0.8863 -0.0000 -0.4631
vn -0.4112 -0.0000 0.9115
vn 0.0002 -0.5874 0.8093
vn 0.4116 -0.0000 0.9114
vn 0.0002 0.5874 0.8093
vn 0.0002 -0.5873 0.8093
vn 0.0002 0.5873 0.8093
vn 0.4921 -0.0000 0.8705
vn 0.0002 0.6725 0.7401
vn -0.4918 -0.0000 0.8707
vn 0.0002 -0.6725 0.7401
vn 0.5787 0.8155 -0.0001
vn 0.0418 0.9305 0.3638
vn 0.0136 0.9744 -0.2245
vn 0.0248 0.9745 0.2232
vn -0.9201 0.3917 0.0002
vn -0.3795 0.9252 0.0001
vn 0.5961 0.8029 -0.0001
vn 0.0180 0.9576 -0.2875
vn 1.0000 -0.0000 -0.0000
vn 0.9511 -0.0000 0.3090
vn 0.8091 -0.0000 0.5877
vn 0.5878 -0.0000 0.8090
vn 0.3089 -0.0000 0.9511
vn -0.0000 -0.0000 1.0000
vn -0.3089 -0.0000 0.9511
vn -0.5878 -0.0000 0.8090
vn -0.8090 -0.0000 0.5878
vn -0.9511 -0.0000 0.3090
vn -1.0000 -0.0000 -0.0000
vn -0.9511 -0.0000 -0.3090
vn -0.8090 -0.0000 -0.5878
vn -0.5878 -0.0000 -0.8090
vn -0.3090 -0.0000 -0.9511
vn -0.0000 -0.0000 -1.0000
vn 0.3091 -0.0000 -0.9510
vn 0.5878 -0.0000 -0.8090
vn 0.8091 -0.0000 -0.5877
vn 0.9511 -0.0000 -0.3090
vn -0.9888 -0.1495 -0.0000
vn -0.5637 0.8260 -0.0000
vn -0.5362 0.8259 -0.1742
vn -0.9413 -0.1427 -0.3059
vn -0.4560 0.8260 -0.3314
vn -0.8031 -0.1228 -0.5830
vn -0.3313 0.8259 -0.4561
vn -0.5870 -0.0912 -0.8045
vn -0.1742 0.8260 -0.5361
vn -0.3140 -0.0502 -0.9481
vn 0.0001 0.8259 -0.5639
vn -0.0096 -0.0029 -0.9999
vn 0.1743 0.8260 -0.5360
vn 0.2967 0.0465 -0.9538
vn 0.3314 0.8259 -0.4561
vn 0.5740 0.0929 -0.8136
vn 0.4560 0.8260 -0.3314
vn 0.7950 0.1312 -0.5922
vn 0.5362 0.8259 -0.1742
vn 0.9372 0.1564 -0.3117
vn 0.5636 0.8260 -0.0000
vn 0.9863 0.1652 -0.0000
vn 0.5362 0.8259 0.1742
vn 0.9372 0.1565 0.3117
vn 0.4560 0.8260 0.3314
vn 0.7950 0.1312 0.5922
vn 0.3314 0.8259 0.4561
vn 0.5740 0.0929 0.8136
vn 0.1743 0.8260 0.5360
vn 0.2967 0.0465 0.9538
vn 0.0001 0.8259 0.5639
vn -0.0096 -0.0029 0.9999
vn -0.1742 0.8260 0.5361
vn -0.3140 -0.0502 0.9481
vn -0.3313 0.8259 0.4561
vn -0.5870 -0.0912 0.8045
vn -0.4560 0.8260 0.3314
vn -0.8031 -0.1228 0.5830
vn -0.5362 0.8259 0.1742
vn -0.9413 -0.1427 0.3059
vn -0.7427 -0.3399 -0.5769
vn -0.8670 -0.3970 -0.3012
vn -0.7427 -0.3399 0.5769
vn -0.8670 -0.3970 0.3012
vn -0.7397 -0.6024 0.3000
vn -0.6357 -0.5155 0.5745
vn 0.5322 0.2544 -0.8075
vn 0.2770 0.1320 -0.9518
vn 0.7317 0.3522 0.5835
vn 0.8571 0.4151 0.3050
vn -0.5457 -0.2496 0.8000
vn -0.2929 -0.1337 0.9467
vn -0.0088 -0.0022 -1.0000
vn -0.2929 -0.1337 -0.9467
vn 0.8997 0.4366 -0.0000
vn 0.8571 0.4151 -0.3050
vn -0.0088 -0.0023 1.0000
vn 0.2770 0.1319 0.9518
vn -0.9092 -0.4165 -0.0000
vn -0.5457 -0.2497 -0.8000
vn 0.7317 0.3522 -0.5835
vn 0.5322 0.2544 0.8075
vn -0.0104 -0.0040 0.9999
vn -0.2535 -0.2025 0.9459
vn -0.1980 -0.2617 0.9446
vn -0.0109 -0.0083 0.9999
vn 0.6216 0.5236 0.5826
vn 0.7276 0.6149 0.3040
vn -0.0104 -0.0040 -0.9999
vn -0.2535 -0.2026 -0.9459
vn -0.7748 -0.6322 -0.0000
vn 0.4520 0.3795 0.8072
vn 0.2341 0.1974 -0.9520
vn 0.2342 0.1974 0.9519
vn 0.4520 0.3795 -0.8072
vn 0.6216 0.5236 -0.5826
vn -0.7397 -0.6024 -0.3000
vn 0.7276 0.6150 -0.3040
vn -0.6358 -0.5155 -0.5745
vn -0.4692 -0.3784 0.7979
vn 0.7634 0.6460 -0.0000
vn -0.4692 -0.3784 -0.7979
vn 0.4720 0.6620 0.5822
vn 0.3432 0.4800 0.8074
vn 0.2137 0.5487 0.8083
vn 0.2932 0.7581 0.5825
vn 0.5521 0.7767 -0.3033
vn 0.4720 0.6621 -0.5821
vn -0.4896 -0.6593 -0.5706
vn -0.5665 -0.7686 -0.2971
vn -0.3632 -0.4855 0.7952
vn 0.5790 0.8153 -0.0000
vn -0.3633 -0.4856 -0.7952
vn -0.4896 -0.6593 0.5706
vn 0.5521 0.7767 0.3033
vn -0.1979 -0.2618 -0.9446
vn -0.5665 -0.7686 0.2971
vn -0.0109 -0.0085 -0.9999
vn -0.5920 -0.8059 -0.0000
vn 0.1767 0.2484 -0.9524
vn 0.1767 0.2485 0.9524
vn 0.3431 0.4799 -0.8074
vn 0.3421 0.8895 -0.3029
vn 0.3583 0.9336 -0.0000
vn 0.1163 0.9932 -0.0000
vn 0.1119 0.9464 -0.3032
vn 0.1096 0.2819 -0.9532
vn -0.0088 -0.0146 -0.9999
vn 0.1096 0.2819 0.9532
vn 0.2137 0.5487 -0.8083
vn -0.0088 -0.0145 0.9999
vn 0.2932 0.7581 -0.5825
vn -0.3602 -0.8858 -0.2926
vn -0.3751 -0.9270 -0.0000
vn -0.1277 -0.3071 0.9431
vn -0.3130 -0.7630 -0.5655
vn -0.2331 -0.5645 0.7918
vn -0.2331 -0.5646 -0.7918
vn -0.3130 -0.7631 0.5655
vn 0.3421 0.8895 0.3029
vn -0.1277 -0.3072 -0.9430
vn -0.3602 -0.8858 0.2925
vn 0.0382 0.2977 -0.9539
vn 0.0728 0.5828 -0.8094
vn -0.0712 0.5831 -0.8093
vn -0.0339 0.2981 -0.9539
vn -0.0855 -0.6085 -0.7889
vn -0.1161 -0.8195 -0.5612
vn -0.1161 -0.8195 0.5612
vn -0.0855 -0.6085 0.7890
vn 0.1119 0.9463 0.3032
vn -0.0461 -0.3329 -0.9418
vn -0.1344 -0.9479 0.2888
vn 0.0978 0.8064 0.5832
vn -0.0030 -0.0197 -0.9998
vn -0.1402 -0.9901 -0.0000
vn 0.0728 0.5828 0.8094
vn 0.0382 0.2976 0.9539
vn -0.0030 -0.0196 0.9998
vn 0.0978 0.8064 -0.5832
vn -0.1344 -0.9479 -0.2889
vn -0.0461 -0.3329 0.9418
vn 0.0693 -0.6108 -0.7888
vn 0.0405 -0.3338 -0.9418
vn 0.1230 -0.3095 -0.9429
vn 0.2184 -0.5710 -0.7913
vn 0.0049 -0.0195 0.9998
vn -0.0339 0.2981 0.9539
vn -0.1027 0.8059 -0.5830
vn 0.0978 -0.9525 -0.2886
vn 0.0997 -0.9950 -0.0000
vn 0.0405 -0.3338 0.9418
vn -0.1244 0.9448 -0.3031
vn 0.0886 -0.8231 -0.5610
vn 0.0693 -0.6108 0.7888
vn -0.1325 0.9912 -0.0000
vn 0.0886 -0.8231 0.5610
vn -0.1244 0.9448 0.3031
vn 0.0978 -0.9524 0.2886
vn -0.1027 0.8059 0.5830
vn 0.0049 -0.0196 -0.9998
vn -0.0712 0.5830 0.8093
vn 0.3360 -0.9419 -0.0000
vn 0.3251 -0.8994 -0.2923
vn 0.5351 -0.7909 -0.2968
vn 0.5567 -0.8307 -0.0000
vn 0.3251 -0.8994 0.2923
vn 0.2873 -0.7734 0.5650
vn -0.2980 0.7565 0.5822
vn -0.3543 0.8848 0.3026
vn 0.0110 -0.0140 -0.9998
vn -0.2121 0.5494 0.8082
vn -0.1053 0.2836 -0.9532
vn -0.1053 0.2836 0.9532
vn -0.2121 0.5494 -0.8082
vn 0.0110 -0.0139 0.9998
vn -0.2980 0.7565 -0.5822
vn 0.1230 -0.3093 0.9430
vn -0.3543 0.8848 -0.3027
vn 0.2873 -0.7734 -0.5651
vn 0.2184 -0.5710 0.7914
vn -0.3741 0.9274 -0.0000
vn -0.4765 0.6591 0.5819
vn -0.3419 0.4811 0.8073
vn -0.4510 0.3811 0.8071
vn -0.6254 0.5190 0.5827
vn 0.1945 -0.2648 0.9445
vn 0.0134 -0.0068 0.9999
vn -0.5633 0.7686 -0.3033
vn -0.4765 0.6591 -0.5819
vn 0.4670 -0.6757 -0.5704
vn 0.3507 -0.4950 0.7950
vn -0.5932 0.8051 -0.0000
vn 0.3507 -0.4950 -0.7950
vn 0.4670 -0.6757 0.5703
vn -0.5632 0.7686 0.3033
vn 0.1945 -0.2648 -0.9445
vn 0.5351 -0.7909 0.2968
vn 0.0134 -0.0068 -0.9999
vn -0.1727 0.2515 -0.9523
vn -0.1727 0.2516 0.9523
vn -0.3419 0.4811 -0.8073
vn -0.7369 0.6037 -0.3043
vn -0.7751 0.6318 -0.0000
vn -0.9078 0.4194 -0.0000
vn -0.8639 0.4010 -0.3047
vn -0.2305 0.2020 -0.9519
vn 0.0130 -0.0011 -0.9999
vn -0.2305 0.2020 0.9519
vn -0.4510 0.3812 -0.8071
vn 0.0130 -0.0011 0.9999
vn -0.6254 0.5190 -0.5827
vn 0.7140 -0.6325 -0.3001
vn 0.7460 -0.6659 -0.0000
vn 0.2514 -0.2055 0.9458
vn 0.6175 -0.5372 -0.5745
vn 0.4596 -0.3903 0.7977
vn 0.4596 -0.3903 -0.7978
vn 0.6176 -0.5373 0.5744
vn -0.7369 0.6036 0.3043
vn 0.2514 -0.2056 -0.9458
vn 0.7140 -0.6325 0.3001
vn -0.2741 0.1380 -0.9517
vn -0.5314 0.2561 -0.8075
vn -0.5782 0.1146 -0.8078
vn -0.3002 0.0642 -0.9517
vn 0.5394 -0.2634 -0.7998
vn 0.7300 -0.3663 -0.5769
vn 0.7301 -0.3663 0.5769
vn 0.5394 -0.2634 0.7998
vn -0.8639 0.4010 0.3047
vn 0.2919 -0.1362 -0.9467
vn 0.8491 -0.4334 0.3019
vn -0.7346 0.3461 0.5836
vn 0.0112 0.0024 -0.9999
vn 0.8895 -0.4570 -0.0000
vn -0.5314 0.2561 0.8075
vn -0.2741 0.1380 0.9518
vn 0.0112 0.0024 0.9999
vn -0.7346 0.3461 -0.5836
vn 0.8491 -0.4334 -0.3019
vn 0.2919 -0.1362 0.9467
vn 0.5864 -0.1216 -0.8009
vn 0.3151 -0.0606 -0.9471
vn 0.2998 -0.0237 -0.9537
vn 0.5841 -0.0477 -0.8103
vn 0.0090 0.0038 1.0000
vn -0.3002 0.0642 0.9517
vn -0.7973 0.1519 -0.5842
vn 0.9306 -0.2058 -0.3028
vn 0.9760 -0.2176 -0.0000
vn 0.3151 -0.0606 0.9471
vn -0.9361 0.1739 -0.3056
vn 0.7974 -0.1723 -0.5783
vn 0.5864 -0.1216 0.8009
vn -0.9834 0.1813 -0.0000
vn 0.7974 -0.1723 0.5783
vn -0.9362 0.1739 0.3056
vn 0.9306 -0.2057 0.3028
vn -0.7973 0.1519 0.5842
vn 0.0090 0.0037 -1.0000
vn -0.5782 0.1146 0.8078
vn 0.1337 0.9910 -0.0000
vn 0.9480 -0.0812 0.3077
vn 0.8070 -0.0679 0.5867
vn -0.8202 0.0523 0.5698
vn -0.9533 0.0591 0.2963
vn -0.0171 0.0010 -0.9999
vn 0.9963 -0.0859 -0.0000
vn -0.6074 0.0403 0.7934
vn -0.3312 0.0230 -0.9433
vn -0.3312 0.0230 0.9433
vn -0.6074 0.0403 -0.7934
vn -0.0171 0.0010 0.9999
vn -0.8202 0.0523 -0.5698
vn 0.9480 -0.0813 -0.3077
vn 0.2998 -0.0237 0.9537
vn -0.9533 0.0591 -0.2963
vn 0.8070 -0.0679 -0.5867
vn 0.5841 -0.0478 0.8103
vn -0.9981 0.0612 -0.0000
vn 0.5500 0.8352 -0.0000
vn 0.9449 0.3273 -0.0000
vn -0.8090 -0.5878 -0.0000
vn 0.9449 -0.3273 -0.0000
vn -0.3090 -0.9511 -0.0000
vn 0.5499 -0.8352 -0.0000
vn 0.3090 -0.9511 -0.0000
vn 0.8090 -0.5878 -0.0000
vn -0.5499 -0.8352 -0.0000
vn -0.9449 -0.3273 -0.0000
vn -0.3091 0.9510 -0.0000
vn 0.8090 0.5877 -0.0000
vn -0.9449 0.3273 -0.0000
vn 0.3090 0.9511 -0.0000
vn -0.5500 0.8352 -0.0000
vn -0.8090 0.5877 -0.0000
vn 0.0002 -0.0000 -1.0000
vn 0.9510 -0.0000 -0.3092
vn 0.9510 -0.0000 0.3092
vn 0.0002 -0.0000 1.0000
vn -0.0000 0.9614 -0.2751
vn -0.0000 0.9614 0.2751
vn -0.0000 0.6172 -0.7868
vn -0.0000 -0.0001 -1.0000
vn -0.0000 -0.6170 -0.7870
vn -0.0000 -0.9614 -0.2753
vn 1.0000 -0.0000 -0.0001
vn -0.0000 -0.9614 0.2753
vn -0.0000 0.6172 0.7868
vn -0.0000 -0.0001 1.0000
vn -0.0000 -0.6170 0.7870
vn -0.8031 -0.1228 -0.5831
vn 0.9863 0.1653 -0.0000
vn 0.9372 0.1564 0.3117
vn -0.8031 -0.1229 0.5830
vn 0.2770 0.1319 -0.9518
vn -0.0088 -0.0022 1.0000
vn -0.9092 -0.4164 -0.0000
vn -0.5457 -0.2496 -0.8000
vn -0.2535 -0.2026 0.9459
vn -0.1980 -0.2618 0.9446
vn -0.0109 -0.0085 0.9999
vn 0.7276 0.6150 0.3040
vn -0.7748 -0.6321 -0.0000
vn 0.4521 0.3795 0.8072
vn 0.2341 0.1973 -0.9520
vn 0.4520 0.3795 -0.8073
vn -0.6358 -0.5156 -0.5744
vn 0.4720 0.6621 -0.5822
vn -0.3633 -0.4855 -0.7952
vn -0.4896 -0.6594 0.5706
vn -0.0109 -0.0084 -0.9999
vn 0.1767 0.2485 -0.9524
vn 0.1767 0.2484 0.9524
vn 0.3584 0.9336 -0.0000
vn 0.1119 0.9463 -0.3032
vn 0.1096 0.2818 0.9532
vn -0.0088 -0.0147 0.9999
vn -0.1277 -0.3072 0.9430
vn -0.2331 -0.5646 0.7918
vn -0.1277 -0.3071 -0.9431
vn 0.0382 0.2975 -0.9539
vn -0.0339 0.2980 -0.9540
vn 0.0728 0.5828 0.8093
vn -0.0030 -0.0198 0.9998
vn -0.1343 -0.9479 -0.2888
vn -0.0461 -0.3330 0.9418
vn 0.1230 -0.3094 -0.9429
vn 0.0978 -0.9524 -0.2886
vn 0.0693 -0.6108 0.7887
vn 0.0978 -0.9525 0.2886
vn 0.0049 -0.0195 -0.9998
vn -0.2980 0.7565 0.5821
vn -0.3543 0.8848 0.3027
vn -0.1053 0.2835 0.9532
vn -0.2121 0.5494 -0.8081
vn 0.0110 -0.0140 0.9998
vn 0.1230 -0.3094 0.9430
vn 0.2184 -0.5710 0.7913
vn -0.3740 0.9274 -0.0000
vn -0.3419 0.4812 0.8072
vn -0.4510 0.3812 0.8071
vn 0.0134 -0.0069 0.9999
vn -0.4765 0.6591 -0.5818
vn 0.3508 -0.4949 0.7950
vn -0.5932 0.8050 -0.0000
vn 0.3507 -0.4949 -0.7950
vn 0.4670 -0.6757 0.5704
vn -0.5633 0.7686 0.3033
vn 0.1945 -0.2649 -0.9445
vn 0.5352 -0.7909 0.2968
vn -0.1727 0.2516 -0.9523
vn -0.1727 0.2515 0.9523
vn -0.3419 0.4811 -0.8072
vn -0.2305 0.2021 0.9519
vn -0.4509 0.3812 -0.8070
vn 0.2514 -0.2056 0.9458
vn 0.4597 -0.3903 0.7977
vn -0.2741 0.1380 -0.9518
vn -0.5314 0.2561 -0.8074
vn 0.5393 -0.2634 -0.7998
vn 0.7300 -0.3663 0.5769
vn 0.0112 0.0025 0.9999
vn 0.5841 -0.0478 -0.8103
vn -0.7973 0.1520 -0.5841
vn 0.9306 -0.2057 -0.3028
vn 0.9306 -0.2058 0.3028
vn 0.0090 0.0038 -1.0000
vn 0.9480 -0.0812 -0.3077
vn -0.3090 0.9510 -0.0000
vn 0.8090 0.5878 -0.0000
vn -0.8090 0.5878 -0.0000
vt 8.326233 -7.272285
vt 8.749660 -7.272285
vt 8.749660 -9.227768
vt 8.326233 -9.227776
vt 8.326218 -4.940376
vt 8.749666 -4.940392
vt 8.749665 -6.895885
vt 8.326218 -6.895866
vt 34.224380 -10.153341
vt 38.421360 -10.154283
vt 37.695312 -9.419434
vt 36.505207 -9.420247
vt 35.315102 -9.421061
vt 34.125000 -9.421875
vt 38.430290 -10.154286
vt 38.434204 -0.090969
vt 37.696426 -0.091139
vt 37.695915 -1.645571
vt 37.695404 -3.200003
vt 37.694893 -4.754436
vt 37.694382 -6.308868
vt 37.693871 -7.863300
vt 37.693359 -9.417733
vt 1.974673 -9.325194
vt 1.974673 -10.152323
vt 1.974672 -9.415919
vt 1.974672 -9.241035
vt 1.974665 0.502241
vt 1.974665 0.502241
vt 1.975586 0.503174
vt 1.974609 0.501953
vt 9.737705 -2.410011
vt 9.737705 -0.088425
vt 9.856148 -0.088409
vt 9.856148 -2.410006
vt 1.974672 -9.415918
vt 1.974673 -9.241034
vt 9.737686 0.502239
vt 9.737694 0.502238
vt 9.856110 0.502238
vt 9.856110 0.502241
vt 1.975658 0.503242
vt 1.974618 0.501942
vt 3.893192 0.502240
vt 3.893192 0.502240
vt 4.698098 0.502240
vt 4.698097 0.502240
vt 12.461121 0.502238
vt 11.656218 0.502238
vt 11.656217 0.502238
vt 12.461119 0.502238
vt -66.296379 -56.145630
vt -64.473473 -55.538254
vt -70.704529 -60.058525
vt -72.546944 -60.660103
vt -214.569733 -6.570718
vt -212.746857 -5.963372
vt -232.715088 -6.466664
vt -234.557541 -7.068280
vt -177.501526 -18.964453
vt -175.678528 -18.357096
vt -192.212402 -19.864614
vt -194.054749 -20.466219
vt -140.433060 -31.358170
vt -138.610214 -30.750818
vt -151.709808 -33.262562
vt -153.552124 -33.864162
vt -103.364685 -43.751884
vt -101.541809 -43.144543
vt -111.207138 -46.660538
vt -113.049446 -47.262096
vt -29.228029 -68.539368
vt -27.405165 -67.932022
vt -30.201782 -73.456421
vt -32.044243 -74.058044
vt 11.531219 0.502238
vt 12.586124 0.502238
vt 12.461120 0.502237
vt 11.656223 0.502238
vt 12.586090 0.502237
vt 12.586090 0.502236
vt 12.461121 0.502236
vt 12.461121 0.502239
vt 12.586112 0.502237
vt 11.531214 0.502238
vt 12.461124 0.502238
vt 11.531242 0.502237
vt 11.531242 0.502235
vt 11.656235 0.502237
vt 11.531219 0.502238
vt 12.586124 0.502237
vt 11.656223 0.502238
vt 12.586105 0.502235
vt 12.586105 0.502236
vt 12.461105 0.502237
vt 12.586117 0.502237
vt 11.531219 0.502238
vt 12.461131 0.502238
vt 11.531235 0.502237
vt 11.656227 0.502237
vt 11.656227 0.502239
vt 11.531219 0.502238
vt 12.586124 0.502238
vt 12.461120 0.502238
vt 11.656223 0.502239
vt 12.586105 0.502239
vt 12.586105 0.502238
vt 12.461105 0.502239
vt 12.586117 0.502237
vt 11.531219 0.502238
vt 12.461131 0.502238
vt 11.531235 0.502239
vt -59.896271 -50.035912
vt -54.758957 -49.983547
vt -56.388123 -50.869629
vt -60.702545 -50.912651
vt -80.460907 -48.606091
vt -93.433388 -55.255417
vt -92.115997 -54.528229
vt -82.217018 -49.454964
vt -67.618317 -56.666214
vt -67.588654 -58.229446
vt -66.371376 -57.223236
vt -66.400673 -55.909912
vt -53.852951 -68.383736
vt -46.274235 -60.157158
vt -46.953285 -61.070988
vt -52.735088 -67.348167
vt -190.434875 -5.647171
vt -185.296875 -5.594771
vt -189.606567 -5.697091
vt -193.920959 -5.740130
vt -224.293442 -0.329714
vt -259.884766 -0.365083
vt -255.887207 -0.421619
vt -228.729736 -0.394873
vt -220.775269 -5.663325
vt -220.745926 -7.226583
vt -216.847672 -7.003894
vt -216.877457 -5.690703
vt -220.304504 -13.493377
vt -190.106796 -11.880797
vt -193.466141 -12.010906
vt -216.506500 -13.241564
vt -157.799133 -16.744318
vt -152.662292 -16.691975
vt -156.301575 -16.990223
vt -160.615967 -17.033264
vt -188.335297 -12.398804
vt -218.271912 -14.087663
vt -214.944397 -13.948272
vt -192.101532 -12.659891
vt -182.485596 -18.414005
vt -182.455917 -19.977238
vt -179.228165 -19.558632
vt -179.257584 -18.245422
vt -178.691605 -27.215965
vt -154.148682 -23.949890
vt -156.837952 -24.275938
vt -175.563568 -26.768215
vt -125.166443 -27.841774
vt -120.029114 -27.789400
vt -122.998108 -28.283541
vt -127.312866 -28.326645
vt -152.377289 -24.467911
vt -176.659149 -27.810253
vt -174.001663 -27.474934
vt -155.473434 -24.924921
vt -144.197418 -31.164886
vt -144.168076 -32.728180
vt -141.610245 -32.113625
vt -141.639648 -30.800407
vt -137.078568 -40.938507
vt -118.190598 -36.018997
vt -120.209358 -36.540855
vt -134.620422 -40.294777
vt -92.531647 -38.939053
vt -87.394440 -38.886681
vt -89.693451 -39.576759
vt -94.007568 -39.619705
vt -116.419022 -36.536987
vt -135.046204 -41.532825
vt -133.058777 -41.001579
vt -118.845108 -37.189911
vt -105.908043 -43.915649
vt -105.878357 -45.478874
vt -103.991127 -44.668579
vt -104.020294 -43.355270
vt -95.465820 -54.661121
vt -82.232483 -48.088120
vt -83.581375 -48.805908
vt -93.677826 -53.821472
vt -27.262207 -61.133602
vt -22.124840 -61.081245
vt -23.083839 -62.163139
vt -27.398186 -62.206192
vt -44.502743 -60.675186
vt -51.820518 -68.977997
vt -51.173180 -68.054886
vt -45.588768 -61.719944
vt -29.329201 -69.417160
vt -29.299568 -70.980377
vt -28.752129 -69.778122
vt -28.781647 -68.464996
vt -12.240085 -82.106323
vt -10.316092 -72.226242
vt -10.325096 -73.336021
vt -11.792295 -80.874878
vt 11.734560 0.502238
vt 12.382765 0.502238
vt 11.734562 0.502238
vt 11.734562 0.502238
vt 12.382765 0.502238
vt 12.382767 0.502237
vt 11.734564 0.502238
vt 11.734562 0.502238
vt 12.382765 0.502237
vt 12.382767 0.502237
vt 11.734564 0.502237
vt 11.656214 0.502238
vt 12.461123 0.502238
vt 12.461126 0.502238
vt 11.656216 0.502238
vt 12.461113 0.502238
vt 11.656211 0.502238
vt 11.656212 0.502238
vt 4.698098 0.502240
vt 4.698098 0.502240
vt 3.893192 0.502241
vt 3.893192 0.502241
vt 11.656214 0.502238
vt 12.461123 0.502238
vt 12.461126 0.502238
vt 11.656216 0.502238
vt 12.461121 0.502238
vt 11.656218 0.502239
vt 11.656217 0.502239
vt 12.461119 0.502238
vt 4.698098 0.502240
vt 4.698098 0.502240
vt 3.893192 0.502240
vt 3.893192 0.502240
vt 12.461123 0.502237
vt 12.461126 0.502237
vt 11.656210 0.502238
vt 12.461132 0.502238
vt 12.382767 0.502238
vt 11.734566 0.502238
vt 11.056351 0.502235
vt 11.056351 0.502239
vt 10.978027 0.502237
vt 10.978027 0.502241
vt 12.461117 0.502237
vt 11.656212 0.502238
vt 10.251465 0.502239
vt 10.251465 0.502237
vt 10.329849 0.502239
vt 10.329834 0.502241
vt 11.656218 0.502238
vt 12.382765 0.502237
vt 11.734570 0.502238
vt 11.056412 0.502235
vt 11.056381 0.502234
vt 10.978058 0.502237
vt 10.978043 0.502235
vt 12.461121 0.502238
vt 12.382771 0.502238
vt 10.251526 0.502243
vt 10.251480 0.502243
vt 10.329834 0.502239
vt 10.329865 0.502237
vt 11.656210 0.502238
vt 12.461132 0.502238
vt 12.382767 0.502238
vt 11.734566 0.502238
vt 11.056335 0.502239
vt 11.056351 0.502237
vt 10.977997 0.502237
vt 10.978058 0.502243
vt 12.461119 0.502237
vt 11.656218 0.502238
vt 11.734566 0.502238
vt 12.382763 0.502237
vt 10.251556 0.502241
vt 10.251511 0.502239
vt 10.329895 0.502245
vt -53.908447 -46.168007
vt -49.934845 -46.025333
vt -50.984161 -46.613586
vt -54.458893 -46.737663
vt -80.410828 -49.983067
vt -90.111176 -55.114449
vt -89.267860 -54.630325
vt -81.546410 -50.545986
vt -59.556503 -51.179352
vt -59.967224 -52.363892
vt -59.140549 -51.710785
vt -58.783829 -50.674759
vt -54.739784 -66.761986
vt -48.759308 -60.542862
vt -49.223457 -61.137894
vt -53.983490 -66.088226
vt -172.546387 -5.258792
vt -168.573486 -5.116125
vt -171.382202 -5.189461
vt -174.858032 -5.313716
vt -226.923553 -0.923007
vt -253.882309 -1.007843
vt -251.278656 -1.038544
vt -229.819794 -0.971095
vt -195.453979 -5.223922
vt -195.865295 -6.408448
vt -193.277557 -6.270086
vt -192.920502 -5.234017
vt -218.511032 -12.655367
vt -195.272125 -11.482800
vt -197.496765 -11.562989
vt -215.994019 -12.496395
vt -142.886047 -15.486014
vt -138.912720 -15.343374
vt -141.282227 -15.545411
vt -144.756714 -15.669598
vt -190.295441 -13.188027
vt -212.939438 -14.534482
vt -210.775818 -14.436489
vt -192.751373 -13.364815
vt -161.479309 -16.712849
vt -161.891052 -17.897457
vt -159.743500 -17.630375
vt -159.386383 -16.594276
vt -177.568100 -26.182003
vt -158.643890 -23.747818
vt -160.428391 -23.956705
vt -175.491486 -25.894360
vt -113.226624 -25.713263
vt -109.253052 -25.570576
vt -111.182678 -25.901371
vt -114.657288 -26.025524
vt -153.667221 -25.453041
vt -171.996750 -28.061138
vt -170.273056 -27.834419
vt -155.683060 -25.758535
vt -127.504730 -28.201706
vt -127.915421 -29.386208
vt -126.208145 -28.990425
vt -125.851593 -27.954384
vt -136.625336 -39.708645
vt -122.015724 -36.012833
vt -123.360077 -36.350418
vt -134.988831 -39.292305
vt -83.568115 -35.940701
vt -79.594452 -35.798016
vt -81.083740 -36.257446
vt -84.558594 -36.381668
vt -117.039162 -37.718113
vt -131.053986 -41.587811
vt -129.770828 -41.232483
vt -118.614769 -38.152290
vt -93.531586 -39.690948
vt -93.942322 -40.875458
vt -92.675217 -40.350952
vt -92.318512 -39.314896
vt -95.682518 -53.235283
vt -85.387512 -48.277847
vt -86.291748 -48.744129
vt -94.486145 -52.690254
vt -24.249023 -56.395290
vt -20.275543 -56.252769
vt -20.884491 -56.969574
vt -24.359497 -57.093792
vt -43.782639 -62.248104
vt -49.168381 -68.641129
vt -48.765175 -68.028252
vt -44.478043 -62.939716
vt -25.582573 -62.668198
vt -25.993271 -63.852676
vt -25.606659 -63.070969
vt -25.249947 -62.034958
vt -13.796975 -80.288635
vt -12.131134 -72.807899
vt -12.155109 -73.531586
vt -13.480805 -79.486115
vt 9.126068 -7.272270
vt 9.549502 -7.272270
vt 9.549503 -9.227760
vt 9.126070 -9.227768
vt 9.549512 -0.276623
vt 9.549501 -2.232110
vt 9.126068 -2.232109
vt 9.126068 -0.276620
vt 9.126070 -4.940399
vt 9.549508 -4.940395
vt 9.549508 -6.895882
vt 9.126068 -6.895889
vt 8.326227 -0.276615
vt 8.749672 -0.276617
vt 8.749671 -2.232107
vt 8.326227 -2.232101
vt -126.473999 39.648140
vt -153.087097 47.750984
vt -153.357758 47.750793
vt -126.740234 39.647957
vt -129.994873 39.645721
vt -157.336792 47.748077
vt -157.607468 47.747890
vt -130.261108 39.645542
vt -133.515762 39.643314
vt -161.586456 47.745155
vt -161.857117 47.744972
vt -133.782043 39.643143
vt -137.036667 39.640915
vt -165.836136 47.742264
vt -166.106796 47.742081
vt -137.302917 39.640732
vt 8.138035 -7.084076
vt 8.937866 -7.084076
vt 8.820112 -7.201817
vt 8.255776 -7.201813
vt 8.246162 -7.084045
vt 8.246181 -9.415985
vt 8.128420 -9.298172
vt 8.128416 -7.201782
vt 8.937859 -9.415943
vt 8.138029 -9.415943
vt 8.255781 -9.298195
vt 8.820113 -9.298191
vt 7.446398 -9.415894
vt 7.446383 -7.084076
vt 7.564128 -7.201843
vt 7.564129 -9.298187
vt 8.138026 -4.752180
vt 8.937869 -4.752188
vt 8.820116 -4.869926
vt 8.255781 -4.869925
vt 8.246197 -4.752167
vt 8.246164 -7.084061
vt 8.128428 -6.966293
vt 8.128403 -4.869904
vt 8.937868 -7.084072
vt 8.138025 -7.084061
vt 8.255775 -6.966309
vt 8.820117 -6.966312
vt 7.446384 -7.084091
vt 7.446389 -4.752182
vt 7.564153 -4.869919
vt 7.564135 -6.966339
vt 8.937868 -7.084068
vt 9.737703 -7.084072
vt 9.619949 -7.201817
vt 9.055614 -7.201813
vt 9.046024 -7.084091
vt 9.046043 -9.415970
vt 8.928307 -9.298248
vt 8.928288 -7.201813
vt 9.737698 -9.415939
vt 8.937866 -9.415947
vt 9.055618 -9.298195
vt 9.619951 -9.298183
vt 8.246185 -9.415955
vt 8.246185 -7.084076
vt 8.363903 -7.201813
vt 8.363914 -9.298187
vt 9.046059 -0.088428
vt 9.046043 -2.420307
vt 8.928314 -2.302563
vt 8.928310 -0.206165
vt 9.737703 -2.420313
vt 8.937876 -2.420308
vt 9.055614 -2.302548
vt 9.619946 -2.302552
vt 8.246181 -2.420319
vt 8.246166 -0.088409
vt 8.363945 -0.206154
vt 8.363934 -2.302536
vt 8.937878 -0.088423
vt 9.737711 -0.088429
vt 9.619961 -0.206171
vt 9.055613 -0.206166
vt 8.937874 -4.752193
vt 9.737707 -4.752197
vt 9.619955 -4.869938
vt 9.055609 -4.869928
vt 9.046051 -4.752197
vt 9.046078 -7.084076
vt 8.928303 -6.966339
vt 8.928291 -4.869949
vt 9.737700 -7.084064
vt 8.937872 -7.084068
vt 9.055611 -6.966305
vt 9.619943 -6.966305
vt 8.246174 -7.084045
vt 8.246159 -4.752167
vt 8.363907 -4.869873
vt 8.363907 -6.966278
vt 8.138032 -0.088416
vt 8.937868 -0.088423
vt 8.820118 -0.206164
vt 8.255777 -0.206159
vt 8.246174 -0.088418
vt 8.246187 -2.420306
vt 8.128426 -2.302538
vt 8.128405 -0.206155
vt 8.937870 -2.420306
vt 8.138027 -2.420299
vt 8.255777 -2.302541
vt 8.820119 -2.302545
vt 7.446381 -2.420296
vt 7.446406 -0.088417
vt 7.564134 -0.206161
vt 7.564157 -2.302551
vt 8.255781 -7.201820
vt 8.820111 -7.201824
vt 8.749664 -7.272274
vt 8.326228 -7.272278
vt 7.154068 -7.201752
vt 7.154076 -9.298126
vt 7.083641 -9.227783
vt 7.083614 -7.272156
vt 6.589685 -9.298187
vt 6.589684 -7.201843
vt 6.660116 -7.272308
vt 6.660135 -9.227814
vt 8.255775 -4.869907
vt 8.820054 -4.869919
vt 8.749676 -4.940365
vt 8.326212 -4.940361
vt 7.153999 -4.869888
vt 7.154030 -6.966263
vt 7.083557 -6.895813
vt 7.083561 -4.940369
vt 8.820112 -6.966312
vt 8.255777 -6.966312
vt 8.326223 -6.895866
vt 8.749668 -6.895870
vt 6.589682 -6.966339
vt 6.589678 -4.869934
vt 6.660110 -4.940369
vt 6.660135 -6.895874
vt 9.055614 -7.201801
vt 9.619947 -7.201809
vt 9.549500 -7.272266
vt 9.126066 -7.272266
vt 7.953903 -7.201752
vt 7.953934 -9.298187
vt 7.883484 -9.227753
vt 7.883484 -7.272247
vt 9.619950 -9.298172
vt 9.055620 -9.298164
vt 9.126066 -9.227722
vt 9.549495 -9.227715
vt 7.389606 -9.298218
vt 7.389606 -7.201782
vt 7.460056 -7.272308
vt 7.460045 -9.227753
vt 7.953903 -0.206151
vt 7.953888 -2.302537
vt 7.883484 -2.232097
vt 7.883476 -0.276616
vt 9.619934 -2.302525
vt 9.055615 -2.302521
vt 9.126067 -2.232080
vt 9.549504 -2.232088
vt 7.389503 -2.302551
vt 7.389530 -0.206169
vt 7.459980 -0.276627
vt 7.459961 -2.232117
vt 9.055622 -4.869934
vt 9.619960 -4.869934
vt 9.549487 -4.940388
vt 9.126063 -4.940392
vt 7.953926 -4.869904
vt 7.953941 -6.966293
vt 7.883446 -6.895844
vt 7.883453 -4.940353
vt 9.619962 -6.966320
vt 9.055612 -6.966312
vt 9.126064 -6.895874
vt 9.549498 -6.895870
vt 7.389519 -6.966278
vt 7.389519 -4.869934
vt 7.459915 -4.940369
vt 7.459957 -6.895844
vt 7.154007 -0.206145
vt 7.154003 -2.302527
vt 7.083553 -2.232097
vt 7.083557 -0.276616
vt 8.820119 -2.302540
vt 8.255775 -2.302534
vt 8.326227 -2.232099
vt 8.749664 -2.232098
vt 6.589668 -2.302521
vt 6.589685 -0.206146
vt 6.660118 -0.276611
vt 6.660141 -2.232109
vt -125.197479 38.736485
vt -158.207825 48.660019
vt -156.563263 48.153824
vt -126.919800 39.242615
vt -129.437744 40.510689
vt -129.443466 40.510674
vt -127.780258 40.004501
vt -127.776215 40.004681
vt -154.218445 48.662750
vt -122.035454 38.738651
vt -123.638351 39.244854
vt -152.537613 48.156555
vt -97.281250 30.586731
vt -96.408203 30.587494
vt -98.153076 31.093536
vt -98.861694 31.093079
vt -128.636444 38.734131
vt -162.539337 48.657036
vt -160.849213 48.150864
vt -130.404327 39.240234
vt -133.035843 40.508121
vt -133.041916 40.508221
vt -131.333206 40.002075
vt -131.328537 40.002068
vt -158.550034 48.659790
vt -125.474472 38.736290
vt -127.122940 39.242489
vt -156.823669 48.153625
vt -99.986694 30.584900
vt -99.113403 30.585449
vt -100.904663 31.091766
vt -101.612793 31.091156
vt -132.075424 38.731770
vt -166.870956 48.654091
vt -165.135330 48.147953
vt -133.888779 39.237831
vt -136.634735 40.505779
vt -136.639847 40.505577
vt -134.885559 39.999462
vt -134.881561 39.999645
vt -162.881592 48.656822
vt -128.913467 38.733944
vt -130.607452 39.240101
vt -161.109833 48.150730
vt -102.691772 30.582764
vt -101.818970 30.583527
vt -103.655151 31.089661
vt -104.363281 31.088959
vt -135.514435 38.729424
vt -171.202484 48.651115
vt -169.421356 48.145012
vt -137.373352 39.235466
vt -140.232819 40.503208
vt -140.238556 40.503197
vt -138.439758 39.997391
vt -138.435104 39.997387
vt -167.213120 48.653843
vt -132.352432 38.731583
vt -134.091873 39.237690
vt -165.395767 48.147766
vt -105.397705 30.580841
vt -104.525635 30.581818
vt -106.406738 31.087738
vt -107.115479 31.087311
vt -126.643349 39.242805
vt -156.229340 48.154053
vt -154.918579 47.749710
vt -128.016876 39.647083
vt -116.249771 36.498962
vt -116.276901 36.498943
vt -114.946136 36.094574
vt -114.924469 36.094704
vt -152.871506 48.156326
vt -123.914757 39.244652
vt -125.197334 39.649006
vt -151.526138 47.752022
vt -87.336670 27.587250
vt -86.647339 27.587830
vt -88.039185 27.992004
vt -88.601074 27.991669
vt -130.127869 39.240417
vt -160.515381 48.151112
vt -159.168274 47.746799
vt -131.537781 39.644669
vt -119.488235 36.496964
vt -119.514969 36.496826
vt -118.148209 36.092602
vt -118.125824 36.092522
vt -157.157532 48.153381
vt -127.399307 39.242268
vt -128.718185 39.646584
vt -155.775864 47.749130
vt -89.773804 27.585846
vt -89.083740 27.586182
vt -90.512451 27.990540
vt -91.074219 27.990173
vt -133.612381 39.238029
vt -164.801437 48.148178
vt -163.418015 47.743904
vt -135.058685 39.642265
vt -122.725754 36.494740
vt -122.752533 36.494621
vt -121.349030 36.090302
vt -121.327393 36.090427
vt -161.443680 48.150475
vt -130.883850 39.239887
vt -132.239105 39.644176
vt -160.025589 47.746235
vt -92.209473 27.584045
vt -91.520020 27.584564
vt -92.984741 27.988800
vt -93.546265 27.988373
vt -137.096909 39.235653
vt -169.087479 48.145256
vt -167.667633 47.740993
vt -138.579529 39.639854
vt -125.963486 36.492538
vt -125.990677 36.492523
vt -124.550735 36.088219
vt -124.529099 36.088352
vt -165.729752 48.147560
vt -134.368378 39.237511
vt -135.759995 39.641769
vt -164.275299 47.743336
vt -94.645386 27.582306
vt -93.955811 27.582825
vt -95.457031 27.987000
vt -96.018677 27.986603
vt 0.000000 0.000000
vt 1.974672 -4.731532
vt 1.974672 -7.053116
vt 1.974672 -7.053115
vt 1.974672 -4.731531
vt 9.737708 -9.241102
vt 9.737707 -7.053184
vt 9.856148 -7.053200
vt 9.856148 -9.241129
vt 1.974672 -4.700827
vt 1.974672 -7.007137
vt 9.737709 -9.415985
vt 9.856148 -9.416016
vt 1.974672 -7.223589
vt 1.974672 -9.073509
vt 1.974673 -9.141884
vt 1.974673 -9.070733
vt 1.974673 -9.071265
vt 1.974673 -9.133568
vt 1.974672 -7.184705
vt 1.974672 -7.223589
vt 1.974673 -9.073510
vt 1.974673 -9.144661
vt 1.974672 -7.007136
vt 1.974673 -9.325195
vt 1.974673 -9.144661
vt 1.974672 -7.184704
vt 1.974672 -7.260557
vt 1.974673 -9.085607
vt 1.974672 -9.014438
vt 1.974672 -7.299424
vt 1.974671 -7.184703
vt 1.974673 -9.144663
vt 1.974674 -9.085608
vt 1.974671 -7.260558
vt 1.974672 -9.073508
vt 1.974672 -7.223589
vt 1.974672 -7.299422
vt 1.974672 -9.014434
vt 1.974672 -7.215097
vt 1.974672 -7.176213
vt 1.974672 -7.178571
vt 1.974672 -7.212403
vt 1.974672 -0.088208
vt 1.974672 -2.394518
vt 1.974672 -2.409949
vt 1.974672 -0.088365
vt 1.974672 -2.409947
vt 1.974672 -0.088364
vt 9.737705 -4.731597
vt 9.856148 -4.731603
vt 0.875334 0.713323
vt 0.875326 0.830474
vt 0.875325 0.830473
vt 0.875333 0.713322
vt 0.813318 0.713325
vt 0.813318 0.830470
vt 0.813318 0.830471
vt 0.760563 0.713347
vt 0.760563 0.830497
vt 0.760562 0.830497
vt 0.760565 0.713348
vt 0.717254 0.713338
vt 0.717252 0.830491
vt 0.717251 0.830491
vt 0.717251 0.713338
vt 0.682926 0.713336
vt 0.682926 0.830486
vt 0.682924 0.830486
vt 0.682925 0.713336
vt 0.655881 0.713337
vt 0.655881 0.830485
vt 0.655881 0.830485
vt 0.655881 0.713337
vt 0.633940 0.713341
vt 0.633940 0.830488
vt 0.633940 0.830489
vt 0.633939 0.713340
vt 0.614320 0.713350
vt 0.614321 0.830499
vt 0.614323 0.830499
vt 0.614322 0.713349
vt 0.594148 0.713333
vt 0.594148 0.830482
vt 0.594146 0.830482
vt 0.594146 0.713330
vt 0.570356 0.713335
vt 0.570357 0.830485
vt 0.570357 0.830485
vt 0.570354 0.713337
vt 0.540472 0.713333
vt 0.540473 0.830483
vt 0.540474 0.830483
vt 0.502508 0.713346
vt 0.502505 0.830485
vt 0.502508 0.713346
vt 0.455295 0.713347
vt 0.455295 0.830497
vt 0.455295 0.830498
vt 0.455294 0.713346
vt 0.398523 0.713344
vt 0.398524 0.830492
vt 0.398523 0.830492
vt 0.398523 0.713343
vt 0.332931 0.713330
vt 0.332931 0.830479
vt 0.332931 0.830480
vt 0.332931 0.713331
vt 0.259924 0.713340
vt 0.259924 0.830490
vt 0.259924 0.830491
vt 0.259924 0.713341
vt 0.181899 0.713339
vt 0.181899 0.830486
vt 0.181900 0.830487
vt 0.181900 0.713339
vt 0.101475 0.713352
vt 0.101474 0.830501
vt 0.101474 0.830502
vt 0.101474 0.713354
vt 0.262450 -0.109522
vt 0.263722 -0.101495
vt 0.262449 -0.093467
vt 0.258760 -0.086226
vt 0.253013 -0.080478
vt 0.245771 -0.076789
vt 0.237744 -0.075517
vt 0.229717 -0.076789
vt 0.222475 -0.080478
vt 0.216730 -0.086226
vt 0.213039 -0.093467
vt 0.211768 -0.101495
vt 0.213039 -0.109522
vt 0.216730 -0.116763
vt 0.222475 -0.122511
vt 0.229717 -0.126200
vt 0.237744 -0.127470
vt 0.245771 -0.126200
vt 0.253013 -0.122511
vt 0.258760 -0.116763
vt 0.021707 0.713328
vt 0.021707 0.830481
vt 0.021707 0.830479
vt 0.021707 0.713329
vt -0.054522 0.713331
vt -0.054522 0.830483
vt -0.054522 0.713332
vt 0.763722 -0.101495
vt 0.762451 -0.109522
vt 0.758762 -0.116763
vt 0.753014 -0.122511
vt 0.745772 -0.126200
vt 0.737745 -0.127470
vt 0.729717 -0.126200
vt 0.722476 -0.122511
vt 0.716731 -0.116764
vt 0.713040 -0.109522
vt 0.711769 -0.101495
vt 0.713039 -0.093468
vt 0.716731 -0.086226
vt 0.722476 -0.080478
vt 0.729718 -0.076789
vt 0.737744 -0.075517
vt 0.745772 -0.076789
vt 0.753015 -0.080478
vt 0.758761 -0.086226
vt 0.762449 -0.093467
vt 0.887268 1.170097
vt 0.887266 0.816154
vt 0.887262 0.816158
vt 0.887268 1.170082
vt 0.825603 1.170586
vt 0.825420 0.816406
vt 0.825424 0.816408
vt 0.825600 1.170593
vt 0.772552 1.169968
vt 0.772589 0.815943
vt 0.772589 0.815939
vt 0.729136 1.170151
vt 0.729063 0.816257
vt 0.729060 0.816259
vt 0.729134 1.170155
vt 0.695035 1.170183
vt 0.694909 0.816363
vt 0.694911 0.816366
vt 0.695037 1.170187
vt 0.668041 1.170053
vt 0.668034 0.816117
vt 0.668037 0.816118
vt 0.668044 1.170052
vt 0.645897 1.170048
vt 0.645851 0.816089
vt 0.645850 0.816086
vt 0.626324 1.169853
vt 0.626315 0.815933
vt 0.626315 0.815937
vt 0.626324 1.169861
vt 0.606304 1.169876
vt 0.606297 0.815928
vt 0.606300 0.815929
vt 0.606300 1.169876
vt 0.582230 1.170097
vt 0.582212 0.816158
vt 0.582211 0.816166
vt 0.552505 1.170044
vt 0.552507 0.816101
vt 0.552507 0.816105
vt 0.552502 1.170059
vt 0.514400 1.169746
vt 0.514407 0.815622
vt 0.514412 0.815630
vt 0.467367 1.170410
vt 0.467484 0.816557
vt 0.467483 0.816547
vt 0.467367 1.170403
vt 0.410709 1.169884
vt 0.410618 0.815780
vt 0.410616 0.815784
vt 0.410710 1.169891
vt 0.344907 1.170021
vt 0.344847 0.816045
vt 0.344848 0.816049
vt 0.344907 1.170023
vt 0.271878 1.170069
vt 0.271884 0.816128
vt 0.271884 0.816128
vt 0.271878 1.170067
vt 0.193923 1.169842
vt 0.193918 0.815880
vt 0.193919 0.815872
vt 0.193923 1.169842
vt 0.113490 1.169983
vt 0.113493 0.816002
vt 0.113493 0.816000
vt 0.113491 1.169975
vt 0.245106 -0.103892
vt 0.245484 -0.101501
vt 0.245106 -0.099110
vt 0.244005 -0.096949
vt 0.242292 -0.095237
vt 0.240135 -0.094138
vt 0.237741 -0.093758
vt 0.235349 -0.094138
vt 0.233190 -0.095236
vt 0.231477 -0.096949
vt 0.230377 -0.099110
vt 0.230000 -0.101502
vt 0.230377 -0.103893
vt 0.231478 -0.106054
vt 0.233191 -0.107766
vt 0.235348 -0.108865
vt 0.237740 -0.109245
vt 0.240135 -0.108864
vt 0.242292 -0.107765
vt 0.244005 -0.106053
vt 0.033553 1.170097
vt 0.033554 0.816175
vt 0.033552 0.816174
vt 0.033551 1.170090
vt -0.042521 1.170074
vt -0.042521 0.816124
vt -0.042521 0.816116
vt -0.042521 1.170067
vt 0.796093 1.300400
vt 0.796131 1.300419
vt 0.803986 1.300411
vt 0.804031 1.300396
vt 0.020097 1.299583
vt 0.020054 1.299587
vt 0.024529 1.299587
vt 0.024531 1.299595
vt 0.636530 1.299303
vt 0.636507 1.299314
vt 0.638952 1.299309
vt 0.639028 1.299305
vt 0.546877 1.299706
vt 0.546906 1.299702
vt 0.539322 1.299679
vt 0.539375 1.299686
vt 0.203208 1.299177
vt 0.203184 1.299171
vt 0.200606 1.299179
vt 0.200681 1.299181
vt 0.666052 1.299419
vt 0.666059 1.299421
vt 0.672565 1.299423
vt 0.672701 1.299422
vt 0.601912 1.299118
vt 0.601906 1.299118
vt 0.597260 1.299126
vt 0.597252 1.299126
vt 0.374279 1.299379
vt 0.374289 1.299379
vt 0.367697 1.299392
vt 0.367833 1.299392
vt -0.061025 1.299072
vt -0.061034 1.299088
vt -0.056103 1.299072
vt -0.056109 1.299088
vt 0.738733 1.298679
vt 0.738760 1.298679
vt 0.746984 1.298698
vt 0.747076 1.298698
vt 0.628361 1.299423
vt 0.628330 1.299423
vt 0.628242 1.299427
vt 0.628275 1.299438
vt 0.862793 1.299744
vt 0.862801 1.299744
vt 0.869549 1.299759
vt 0.869560 1.299751
vt 0.502811 1.299545
vt 0.502844 1.299534
vt 0.494829 1.299561
vt 0.494928 1.299568
vt 0.111372 1.299370
vt 0.111343 1.299366
vt 0.111517 1.299351
vt 0.111545 1.299351
vt 0.647781 1.299375
vt 0.647771 1.299373
vt 0.652444 1.299379
vt 0.652561 1.299384
vt 0.579199 1.299202
vt 0.579199 1.299194
vt 0.572823 1.299194
vt 0.572840 1.299210
vt 0.292137 1.299449
vt 0.292127 1.299444
vt 0.287279 1.299438
vt 0.287393 1.299443
vt 0.696065 1.299532
vt 0.696089 1.299536
vt 0.703812 1.299530
vt 0.703936 1.299524
vt 0.618153 1.299339
vt 0.618120 1.299332
vt 0.615564 1.299332
vt 0.615562 1.299328
vt 0.445348 1.299557
vt 0.445374 1.299557
vt 0.437687 1.299553
vt 0.437818 1.299555
vt 0.022526 1.299461
vt 0.022501 1.299454
vt 0.025209 1.299446
vt 0.025208 1.299446
vt 0.299607 1.299220
vt 0.299057 1.299230
vt 0.290818 1.299226
vt 0.291572 1.299215
vt 0.556446 1.298946
vt 0.556391 1.298946
vt 0.543842 1.298962
vt 0.544033 1.298950
vt 0.658484 1.299269
vt 0.658270 1.299266
vt 0.668283 1.299273
vt 0.668729 1.299275
vt -0.065980 1.299095
vt -0.065983 1.299095
vt -0.057334 1.299080
vt -0.057359 1.299088
vt 0.514257 1.300171
vt 0.514130 1.300163
vt 0.501303 1.300159
vt 0.501642 1.300163
vt 0.642656 1.299340
vt 0.642438 1.299336
vt 0.649587 1.299334
vt 0.649977 1.299338
vt 0.456061 1.299322
vt 0.455880 1.299328
vt 0.443953 1.299320
vt 0.444388 1.299320
vt 0.634236 1.299564
vt 0.634056 1.299561
vt 0.637849 1.299570
vt 0.638113 1.299566
vt 0.383188 1.299608
vt 0.382971 1.299603
vt 0.372882 1.299597
vt 0.373333 1.299603
vt 0.628830 1.299553
vt 0.628706 1.299541
vt 0.628658 1.299545
vt 0.628777 1.299549
vt 0.854988 1.298798
vt 0.854977 1.298798
vt 0.866852 1.298798
vt 0.866901 1.298805
vt 0.298571 1.299415
vt 0.298357 1.299410
vt 0.290900 1.299416
vt 0.291286 1.299420
vt 0.620789 1.299454
vt 0.620733 1.299450
vt 0.616659 1.299446
vt 0.616669 1.299454
vt 0.785366 1.298954
vt 0.785309 1.298943
vt 0.798836 1.298946
vt 0.799023 1.298943
vt 0.206642 1.299290
vt 0.206468 1.299286
vt 0.202411 1.299276
vt 0.202669 1.299284
vt 0.606852 1.299400
vt 0.606848 1.299400
vt 0.598993 1.299393
vt 0.598969 1.299400
vt 0.727594 1.298695
vt 0.727465 1.298687
vt 0.741005 1.298679
vt 0.741344 1.298687
vt 0.112155 1.299393
vt 0.112048 1.299393
vt 0.112087 1.299400
vt 0.112196 1.299389
vt 0.586113 1.299545
vt 0.586109 1.299553
vt 0.575249 1.299553
vt 0.575293 1.299545
vt 0.686136 1.298920
vt 0.685948 1.298910
vt 0.698176 1.298922
vt 0.698605 1.298925
vt 0.500722 1.299644
vt 0.500002 1.299644
vt 0.484900 1.299637
vt 0.485895 1.299633
vt 0.618902 1.299187
vt 0.618797 1.299194
vt 0.613554 1.299191
vt 0.613602 1.299179
vt 0.791378 1.299496
vt 0.791168 1.299500
vt 0.808792 1.299519
vt 0.809166 1.299496
vt 0.208383 1.299158
vt 0.207944 1.299152
vt 0.203361 1.299154
vt 0.203905 1.299162
vt 0.600920 1.299423
vt 0.600916 1.299416
vt 0.590328 1.299416
vt 0.590286 1.299416
vt 0.730995 1.299137
vt 0.730597 1.299133
vt 0.747122 1.299129
vt 0.747784 1.299133
vt 0.113904 1.299511
vt 0.113635 1.299515
vt 0.113674 1.299511
vt 0.113951 1.299515
vt 0.577356 1.299408
vt 0.577314 1.299393
vt 0.562754 1.299393
vt 0.562853 1.299408
vt 0.688452 1.300066
vt 0.687922 1.300074
vt 0.701989 1.300081
vt 0.702817 1.300070
vt 0.022326 1.299286
vt 0.022230 1.299282
vt 0.028070 1.299274
vt 0.028111 1.299290
vt 0.551060 1.299339
vt 0.550856 1.299343
vt 0.534796 1.299339
vt 0.535185 1.299343
vt 0.660183 1.299100
vt 0.659598 1.299094
vt 0.670705 1.299092
vt 0.671564 1.299100
vt -0.060180 1.299545
vt -0.060178 1.299545
vt -0.048351 1.299553
vt -0.048393 1.299553
vt 0.512861 1.299297
vt 0.512459 1.299297
vt 0.497031 1.299282
vt 0.497706 1.299294
vt 0.643462 1.299531
vt 0.642907 1.299527
vt 0.650767 1.299522
vt 0.651526 1.299524
vt 0.455860 1.299505
vt 0.455323 1.299503
vt 0.441740 1.299503
vt 0.442575 1.299501
vt 0.634048 1.299496
vt 0.633598 1.299494
vt 0.637815 1.299500
vt 0.638373 1.299503
vt 0.383306 1.299414
vt 0.382721 1.299417
vt 0.371559 1.299406
vt 0.372419 1.299402
vt 0.628254 1.299290
vt 0.627970 1.299290
vt 0.627850 1.299286
vt 0.628139 1.299282
vt 0.863209 1.299011
vt 0.863163 1.299011
vt 0.879379 1.299011
vt 0.879482 1.299019
vt 0.531713 1.299393
vt 0.531643 1.299393
vt 0.516838 1.299385
vt 0.516853 1.299385
vt 0.647080 1.299371
vt 0.646124 1.299365
vt 0.652630 1.299357
vt 0.653780 1.299361
vt 0.447802 1.299042
vt 0.446879 1.299049
vt 0.434538 1.299046
vt 0.435753 1.299040
vt 0.633384 1.299417
vt 0.632573 1.299425
vt 0.635783 1.299402
vt 0.636701 1.299404
vt 0.378025 1.299533
vt 0.377032 1.299539
vt 0.367395 1.299532
vt 0.368647 1.299523
vt 0.624719 1.299763
vt 0.624158 1.299763
vt 0.623248 1.299770
vt 0.623811 1.299770
vt 0.894718 1.299255
vt 0.894638 1.299255
vt 0.913830 1.299248
vt 0.913975 1.299248
vt 0.298268 1.299482
vt 0.297320 1.299483
vt 0.290455 1.299500
vt 0.291595 1.299498
vt 0.611017 1.298512
vt 0.610764 1.298515
vt 0.604288 1.298515
vt 0.604471 1.298508
vt 0.814915 1.298992
vt 0.814518 1.298996
vt 0.833763 1.298992
vt 0.834351 1.298996
vt 0.210941 1.299282
vt 0.210146 1.299280
vt 0.206550 1.299280
vt 0.207447 1.299284
vt 0.578806 1.299461
vt 0.578785 1.299454
vt 0.565971 1.299446
vt 0.565937 1.299438
vt 0.745234 1.299129
vt 0.744518 1.299129
vt 0.760906 1.299129
vt 0.761900 1.299137
vt 0.118550 1.299541
vt 0.118005 1.299541
vt 0.118855 1.299534
vt 0.119401 1.299534
vt 0.545248 1.299347
vt 0.545174 1.299347
vt 0.528114 1.299347
vt 0.528255 1.299347
vt 0.699006 1.299454
vt 0.698089 1.299458
vt 0.710968 1.299471
vt 0.712173 1.299463
vt 0.030702 1.299309
vt 0.030473 1.299316
vt 0.037671 1.299320
vt 0.037833 1.299320
vt 0.528748 1.299217
vt 0.528357 1.299221
vt 0.511063 1.299213
vt 0.511650 1.299210
vt 0.668055 1.299281
vt 0.667064 1.299284
vt 0.676672 1.299279
vt 0.677922 1.299277
vt -0.038652 1.299217
vt -0.038661 1.299217
vt -0.024235 1.299225
vt -0.024275 1.299217
vt 0.615918 1.299515
vt 0.614382 1.299515
vt 0.610568 1.299521
vt 0.612094 1.299522
vt 0.768126 1.299564
vt 0.767181 1.299570
vt 0.780312 1.299568
vt 0.781487 1.299559
vt 0.131614 1.299362
vt 0.130712 1.299356
vt 0.134053 1.299358
vt 0.134933 1.299356
vt 0.484884 1.299286
vt 0.484808 1.299286
vt 0.467037 1.299294
vt 0.467180 1.299286
vt 0.714473 1.299514
vt 0.713265 1.299521
vt 0.722378 1.299517
vt 0.723816 1.299509
vt 0.052615 1.299343
vt 0.052147 1.299339
vt 0.061639 1.299339
vt 0.062024 1.299335
vt 0.491110 1.299332
vt 0.490604 1.299332
vt 0.474918 1.299332
vt 0.475599 1.299332
vt 0.678122 1.299431
vt 0.676795 1.299431
vt 0.682781 1.299437
vt 0.684304 1.299436
vt 0.007204 1.299324
vt 0.007144 1.299332
vt 0.023861 1.299332
vt 0.023867 1.299324
vt 0.480712 1.299269
vt 0.479769 1.299267
vt 0.467834 1.299267
vt 0.469006 1.299265
vt 0.650228 1.299314
vt 0.648909 1.299314
vt 0.652189 1.299316
vt 0.653647 1.299317
vt 0.435409 1.299304
vt 0.434195 1.299303
vt 0.425532 1.299313
vt 0.426979 1.299314
vt 0.628718 1.299568
vt 0.627530 1.299564
vt 0.627993 1.299565
vt 0.629245 1.299571
vt 0.371277 1.299228
vt 0.369949 1.299233
vt 0.363939 1.299228
vt 0.365463 1.299223
vt 0.612741 1.299568
vt 0.611815 1.299566
vt 0.608588 1.299572
vt 0.609488 1.299570
vt 0.955517 1.299255
vt 0.955444 1.299271
vt 0.975670 1.299271
vt 0.975822 1.299263
vt 0.297978 1.299558
vt 0.296662 1.299559
vt 0.293107 1.299580
vt 0.294563 1.299580
vt 0.588844 1.298794
vt 0.588341 1.298782
vt 0.579758 1.298794
vt 0.580168 1.298786
vt 0.854393 1.299606
vt 0.853870 1.299610
vt 0.871578 1.299614
vt 0.872280 1.299610
vt 0.217718 1.299263
vt 0.216538 1.299264
vt 0.215811 1.299274
vt 0.217052 1.299276
vt 0.741672 1.299428
vt 0.740418 1.299436
vt 0.740076 1.299431
vt 0.741379 1.299430
vt 0.368697 1.299390
vt 0.367148 1.299392
vt 0.365773 1.299399
vt 0.367426 1.299397
vt 0.585551 1.299683
vt 0.584264 1.299673
vt 0.576934 1.299683
vt 0.578144 1.299685
vt 1.027840 1.299332
vt 1.027813 1.299339
vt 1.046993 1.299347
vt 1.047081 1.299347
vt 0.303583 1.299511
vt 0.301973 1.299516
vt 0.303010 1.299520
vt 0.304673 1.299515
vt 0.541538 1.298790
vt 0.540751 1.298809
vt 0.528625 1.298817
vt 0.529301 1.298798
vt 0.897190 1.299351
vt 0.896706 1.299355
vt 0.910557 1.299347
vt 0.911175 1.299335
vt 0.233208 1.299447
vt 0.231682 1.299447
vt 0.235534 1.299457
vt 0.237050 1.299451
vt 0.460667 1.299286
vt 0.460503 1.299309
vt 0.443794 1.299301
vt 0.443907 1.299301
vt 0.791395 1.299454
vt 0.790386 1.299450
vt 0.798668 1.299450
vt 0.799835 1.299458
vt 0.160199 1.299440
vt 0.158937 1.299442
vt 0.166745 1.299435
vt 0.167933 1.299440
vt 0.415977 1.299484
vt 0.415964 1.299492
vt 0.399252 1.299469
vt 0.399330 1.299500
vt 0.728209 1.299301
vt 0.726863 1.299305
vt 0.731116 1.299294
vt 0.732603 1.299290
vt 0.100002 1.299698
vt 0.099244 1.299706
vt 0.112624 1.299698
vt 0.113271 1.299694
vt 0.451501 1.299328
vt 0.451039 1.299324
vt 0.438908 1.299343
vt 0.439503 1.299339
vt 0.683925 1.299351
vt 0.682389 1.299349
vt 0.683753 1.299359
vt 0.685391 1.299360
vt 0.079075 1.299286
vt 0.078917 1.299301
vt 0.097852 1.299324
vt 0.097950 1.299316
vt 0.460140 1.299578
vt 0.459154 1.299574
vt 0.451733 1.299572
vt 0.452872 1.299578
vt 0.647661 1.299237
vt 0.646059 1.299239
vt 0.644928 1.299241
vt 0.646582 1.299238
vt 0.424934 1.299422
vt 0.423585 1.299422
vt 0.419606 1.299424
vt 0.421093 1.299418
vt 1.087883 1.299614
vt 1.087978 1.299614
vt 1.102707 1.299629
vt 1.102650 1.299622
vt 0.163908 1.299465
vt 0.162998 1.299469
vt 0.180440 1.299477
vt 0.181210 1.299473
vt 0.420325 1.299549
vt 0.420056 1.299541
vt 0.411424 1.299538
vt 0.411783 1.299545
vt 0.688117 1.299518
vt 0.686589 1.299524
vt 0.683334 1.299510
vt 0.684864 1.299505
vt 0.147159 1.299347
vt 0.146927 1.299362
vt 0.167158 1.299339
vt 0.167331 1.299355
vt 0.438428 1.299547
vt 0.437620 1.299540
vt 0.434328 1.299538
vt 0.435216 1.299541
vt 0.642055 1.299244
vt 0.640399 1.299252
vt 0.634629 1.299231
vt 0.636235 1.299221
vt 0.413515 1.299358
vt 0.412269 1.299352
vt 0.412706 1.299348
vt 0.413999 1.299356
vt 0.596940 1.299395
vt 0.595295 1.299392
vt 0.586828 1.299407
vt 0.588371 1.299410
vt 0.366350 1.299339
vt 0.364824 1.299335
vt 0.368054 1.299328
vt 0.369581 1.299333
vt 0.546822 1.299139
vt 0.545400 1.299143
vt 0.533574 1.299145
vt 0.534855 1.299141
vt 1.074619 1.299553
vt 1.074680 1.299553
vt 1.091702 1.299561
vt 1.091690 1.299545
vt 0.311186 1.299485
vt 0.309528 1.299488
vt 0.315387 1.299494
vt 0.316996 1.299491
vt 0.480322 1.299721
vt 0.479396 1.299725
vt 0.463758 1.299717
vt 0.464546 1.299721
vt 0.932095 1.299538
vt 0.931797 1.299538
vt 0.941658 1.299538
vt 0.942043 1.299541
vt 0.253943 1.299067
vt 0.252301 1.299061
vt 0.261186 1.299072
vt 0.262728 1.299079
vt 0.397793 1.299461
vt 0.397560 1.299477
vt 0.379843 1.299469
vt 0.380024 1.299477
vt 0.816179 1.299637
vt 0.815359 1.299652
vt 0.819120 1.299656
vt 0.820023 1.299644
vt 0.200627 1.299749
vt 0.199211 1.299757
vt 0.212019 1.299749
vt 0.213296 1.299747
vt 0.375034 1.299759
vt 0.375095 1.299736
vt 0.360308 1.299744
vt 0.360294 1.299759
vt 0.403517 1.299141
vt 0.403237 1.299145
vt 0.403151 1.299137
vt 0.403442 1.299133
vt 0.323182 1.299602
vt 0.321676 1.299608
vt 0.331278 1.299613
vt 0.332645 1.299606
vt 0.437645 1.299232
vt 0.436805 1.299236
vt 0.419718 1.299229
vt 0.420408 1.299236
vt 0.953419 1.298935
vt 0.953308 1.298912
vt 0.960690 1.298920
vt 0.960854 1.298927
vt 0.278517 1.299786
vt 0.276993 1.299788
vt 0.289804 1.299793
vt 0.291146 1.299784
vt 0.374769 1.299591
vt 0.374542 1.299599
vt 0.357656 1.299591
vt 0.357832 1.299599
vt 0.837494 1.299683
vt 0.836950 1.299690
vt 0.838015 1.299686
vt 0.838593 1.299679
vt 0.240120 1.299259
vt 0.238802 1.299255
vt 0.255157 1.299267
vt 0.256278 1.299267
vt 0.366449 1.299507
vt 0.366554 1.299507
vt 0.353788 1.299522
vt 0.353720 1.299515
vt 0.753051 1.299271
vt 0.752047 1.299273
vt 0.748639 1.299265
vt 0.749619 1.299263
vt 0.212116 1.299622
vt 0.211276 1.299622
vt 0.230652 1.299641
vt 0.231338 1.299641
vt 0.401025 1.299335
vt 0.400950 1.299324
vt 0.394436 1.299343
vt 0.394571 1.299332
vt 0.689379 1.299309
vt 0.688058 1.299315
vt 0.681470 1.299320
vt 0.682709 1.299315
vt 0.177366 1.299103
vt 0.177135 1.299110
vt 0.196674 1.299095
vt 0.196849 1.299110
vt 0.419029 1.299675
vt 0.418497 1.299667
vt 0.417587 1.299664
vt 0.418148 1.299667
vt 0.632604 1.299580
vt 0.631097 1.299577
vt 0.621793 1.299582
vt 0.623164 1.299587
vt 0.403772 1.299448
vt 0.402788 1.299454
vt 0.406092 1.299452
vt 0.407054 1.299450
vt 0.574905 1.299599
vt 0.573383 1.299597
vt 0.561365 1.299603
vt 0.562705 1.299604
vt 0.367412 1.299459
vt 0.366093 1.299456
vt 0.372667 1.299464
vt 0.373905 1.299468
vt 0.510768 1.299274
vt 0.509457 1.299282
vt 0.494608 1.299271
vt 0.495730 1.299274
vt 0.397436 1.299530
vt 0.397341 1.299530
vt 0.386721 1.299522
vt 0.386787 1.299530
vt 0.621973 1.299300
vt 0.620794 1.299300
vt 0.609972 1.299292
vt 0.610964 1.299294
vt 0.395029 1.299347
vt 0.394366 1.299353
vt 0.398681 1.299343
vt 0.399284 1.299343
vt 0.555829 1.299597
vt 0.554634 1.299595
vt 0.541398 1.299587
vt 0.542376 1.299593
vt 0.369512 1.299225
vt 0.368528 1.299230
vt 0.376491 1.299226
vt 0.377346 1.299220
vt 0.488479 1.299217
vt 0.487476 1.299225
vt 0.472396 1.299225
vt 0.473191 1.299217
vt 1.083313 1.299294
vt 1.083416 1.299294
vt 1.095631 1.299286
vt 1.095577 1.299301
vt 0.335576 1.299126
vt 0.334398 1.299129
vt 0.345631 1.299131
vt 0.346623 1.299128
vt 0.424583 1.299812
vt 0.423962 1.299809
vt 0.408190 1.299805
vt 0.408669 1.299812
vt 0.965652 1.299534
vt 0.965675 1.299534
vt 0.971634 1.299545
vt 0.971661 1.299541
vt 0.299899 1.299553
vt 0.298697 1.299561
vt 0.312964 1.299566
vt 0.313944 1.299561
vt 0.380766 1.299004
vt 0.380596 1.299004
vt 0.366240 1.299011
vt 0.366364 1.299004
vt 0.854187 1.299416
vt 0.853886 1.299419
vt 0.854002 1.299431
vt 0.854309 1.299427
vt 0.266171 1.299767
vt 0.265155 1.299767
vt 0.282032 1.299782
vt 0.282837 1.299774
vt 0.373865 1.299217
vt 0.373960 1.299225
vt 0.363430 1.299225
vt 0.363365 1.299210
vt 0.763471 1.299530
vt 0.762798 1.299538
vt 0.758265 1.299545
vt 0.758881 1.299543
vt 0.230190 1.299023
vt 0.229558 1.299019
vt 0.247712 1.299015
vt 0.248195 1.299026
vt 0.391380 1.299381
vt 0.391416 1.299389
vt 0.386143 1.299381
vt 0.386166 1.299397
vt 0.688941 1.299182
vt 0.687950 1.299180
vt 0.679952 1.299179
vt 0.680814 1.299181
vt 0.176087 1.299774
vt 0.175918 1.299789
vt 0.192721 1.299782
vt 0.192846 1.299782
vt 0.547153 1.299526
vt 0.546807 1.299528
vt 0.539371 1.299555
vt 0.539579 1.299553
vt 0.866255 1.299290
vt 0.866133 1.299286
vt 0.866171 1.299282
vt 0.866299 1.299290
vt 0.275184 1.299381
vt 0.274543 1.299377
vt 0.288744 1.299370
vt 0.289200 1.299374
vt 0.386370 1.299538
vt 0.386435 1.299545
vt 0.378683 1.299538
vt 0.378645 1.299538
vt 0.772112 1.299150
vt 0.771734 1.299145
vt 0.767710 1.299150
vt 0.768024 1.299160
vt 0.227142 1.299309
vt 0.226758 1.299316
vt 0.241072 1.299309
vt 0.241339 1.299320
vt 0.389135 1.299660
vt 0.389193 1.299660
vt 0.385155 1.299664
vt 0.385136 1.299652
vt 0.689778 1.299609
vt 0.689172 1.299607
vt 0.681907 1.299603
vt 0.682381 1.299603
vt 0.161547 1.299622
vt 0.161442 1.299622
vt 0.174064 1.299622
vt 0.174134 1.299629
vt 0.392776 1.299301
vt 0.392658 1.299290
vt 0.392642 1.299305
vt 0.392760 1.299305
vt 0.614869 1.299314
vt 0.614117 1.299314
vt 0.604315 1.299306
vt 0.604881 1.299306
vt 0.387144 1.299425
vt 0.386778 1.299423
vt 0.390567 1.299425
vt 0.390870 1.299417
vt 0.545159 1.299236
vt 0.544395 1.299229
vt 0.532787 1.299215
vt 0.533343 1.299213
vt 0.369977 1.299333
vt 0.369375 1.299333
vt 0.376594 1.299320
vt 0.377063 1.299319
vt 0.482433 1.299545
vt 0.481812 1.299553
vt 0.469336 1.299564
vt 0.469780 1.299568
vt 1.072506 1.299194
vt 1.072567 1.299202
vt 1.081692 1.299179
vt 1.081665 1.299194
vt 0.344315 1.299605
vt 0.343561 1.299611
vt 0.353802 1.299614
vt 0.354370 1.299608
vt 0.430256 1.299091
vt 0.429878 1.299084
vt 0.417648 1.299080
vt 0.417904 1.299084
vt 0.969440 1.299637
vt 0.969494 1.299637
vt 0.974094 1.299629
vt 0.974098 1.299644
vt 0.312506 1.299820
vt 0.311733 1.299826
vt 0.324390 1.299835
vt 0.324955 1.299831
vt 0.788305 1.299389
vt 0.788282 1.299383
vt 0.787865 1.299381
vt 0.787876 1.299385
vt 0.366262 1.299417
vt 0.366002 1.299417
vt 0.370674 1.299423
vt 0.370842 1.299424
vt 0.490667 1.299511
vt 0.490389 1.299507
vt 0.482681 1.299492
vt 0.482849 1.299500
vt 1.060326 1.299507
vt 1.060349 1.299507
vt 1.065849 1.299500
vt 1.065826 1.299492
vt 0.344512 1.299580
vt 0.344168 1.299582
vt 0.350942 1.299599
vt 0.351155 1.299597
vt 0.446817 1.299820
vt 0.446655 1.299812
vt 0.439383 1.299786
vt 0.439478 1.299805
vt 0.967899 1.299095
vt 0.967934 1.299095
vt 0.970837 1.299103
vt 0.970825 1.299103
vt 0.312644 1.299459
vt 0.312291 1.299467
vt 0.320574 1.299438
vt 0.320787 1.299438
vt 0.417604 1.299416
vt 0.417557 1.299423
vt 0.411440 1.299446
vt 0.411461 1.299423
vt 0.873013 1.299583
vt 0.872982 1.299587
vt 0.873089 1.299587
vt 0.873127 1.299587
vt 0.269318 1.298889
vt 0.269026 1.298885
vt 0.278048 1.298885
vt 0.278220 1.298885
vt 0.400267 1.299088
vt 0.400297 1.299095
vt 0.395792 1.299095
vt 0.395777 1.299088
vt 0.780544 1.299385
vt 0.780396 1.299377
vt 0.777931 1.299381
vt 0.778030 1.299381
vt 0.213458 1.298912
vt 0.213284 1.298901
vt 0.222082 1.298927
vt 0.222182 1.298939
vt 0.391542 1.299408
vt 0.391581 1.299404
vt 0.389126 1.299404
vt 0.389112 1.299408
vt 0.694252 1.299565
vt 0.693992 1.299563
vt 0.689282 1.299565
vt 0.689448 1.299562
vt 0.143515 1.299255
vt 0.143466 1.299240
vt 0.151034 1.299255
vt 0.151059 1.299248
vt 0.386553 1.299259
vt 0.386526 1.299259
vt 0.386390 1.299255
vt 0.386420 1.299267
vt 0.615658 1.299417
vt 0.615318 1.299416
vt 0.608898 1.299421
vt 0.609109 1.299420
vt 0.379351 1.299189
vt 0.379213 1.299192
vt 0.381490 1.299192
vt 0.381586 1.299192
vt 0.553774 0.377436
vt 0.554148 0.379723
vt 0.555238 0.381755
vt 0.556937 0.383328
vt 0.559073 0.384290
vt 0.561444 0.384550
vt 0.563817 0.384076
vt 0.565957 0.382918
vt 0.567654 0.381192
vt 0.568745 0.379061
vt 0.569117 0.376739
vt 0.568745 0.374452
vt 0.567653 0.372419
vt 0.565957 0.370845
vt 0.563817 0.369883
vt 0.561445 0.369625
vt 0.559077 0.370100
vt 0.556938 0.371255
vt 0.555237 0.372982
vt 0.554148 0.375114
vt 0.193220 1.299740
vt 0.193192 1.299751
vt 0.195535 1.299736
vt 0.195543 1.299736
vt 0.397783 1.299438
vt 0.397795 1.299446
vt 0.397238 1.299427
vt 0.397234 1.299438
vt 0.704071 1.299457
vt 0.704042 1.299461
vt 0.702991 1.299464
vt 0.702997 1.299459
vt 0.124048 1.299385
vt 0.124041 1.299393
vt 0.126037 1.299347
vt 0.126039 1.299355
vt 0.384502 1.299160
vt 0.384503 1.299156
vt 0.384346 1.299156
vt 0.384345 1.299149
vt 0.627592 1.299394
vt 0.627544 1.299388
vt 0.626081 1.299401
vt 0.626098 1.299405
vt 0.371849 1.299244
vt 0.371838 1.299242
vt 0.372165 1.299242
vt 0.372168 1.299236
vt 0.562698 1.300034
vt 0.562642 1.300022
vt 0.560961 1.300034
vt 0.560983 1.300041
vt 0.356218 1.299522
vt 0.356187 1.299523
vt 0.357181 1.299520
vt 0.357194 1.299526
vt 0.509478 1.299065
vt 0.509436 1.299065
vt 0.507759 1.299088
vt 0.507771 1.299091
vt 1.046612 1.299667
vt 1.046616 1.299660
vt 1.048100 1.299675
vt 0.333022 1.299117
vt 0.332971 1.299111
vt 0.334599 1.299097
vt 0.334617 1.299101
vt 0.468824 1.300285
vt 0.468798 1.300274
vt 0.467237 1.300274
vt 0.467247 1.300278
vt 0.962578 1.299568
vt 0.962589 1.299572
vt 0.963398 1.299572
vt 0.963402 1.299576
vt 0.298672 1.299942
vt 0.298613 1.299942
vt 0.300738 1.299953
vt 0.300756 1.299944
vt 0.437998 1.299721
vt 0.437988 1.299706
vt 0.436741 1.299706
vt 0.436743 1.299713
vt 0.875084 1.299274
vt 0.875069 1.299267
vt 0.875111 1.299274
vt 0.875114 1.299278
vt 0.251734 1.299152
vt 0.251684 1.299156
vt 0.254065 1.299141
vt 0.254082 1.299145
vt 0.414772 1.299309
vt 0.414778 1.299301
vt 0.413841 1.299301
vt 0.413839 1.299301
vt 0.264911 0.233030
vt 0.250000 0.233030
vt 0.235091 0.233030
vt 0.225879 0.233030
vt 0.225879 0.233030
vt 0.235091 0.233030
vt 0.250000 0.233030
vt 0.264911 0.233030
vt 0.274123 0.233030
vt 0.274123 0.233030
vt 0.898760 0.767678
vt 0.883009 0.767678
vt 0.876614 0.764302
vt 0.892364 0.764302
vt 0.454008 0.741837
vt 0.485250 0.741838
vt 0.485250 0.758166
vt 0.454008 0.758166
vt 0.711888 0.764303
vt 0.670650 0.764303
vt 0.668207 0.755463
vt 0.709445 0.755463
vt 0.512386 0.731023
vt 0.537661 0.731023
vt 0.534010 0.744232
vt 0.508735 0.744232
vt 0.584172 0.755464
vt 0.533199 0.755464
vt 0.533199 0.744538
vt 0.584172 0.744538
vt 0.516592 0.730449
vt 0.526245 0.730449
vt 0.516684 0.735496
vt 0.507031 0.735495
vt 0.522239 0.744539
vt 0.481001 0.744540
vt 0.478557 0.735701
vt 0.519795 0.735701
vt 0.492968 0.735496
vt 0.483314 0.735496
vt 0.473756 0.730450
vt 0.483410 0.730449
vt 0.505154 0.735700
vt 0.489403 0.735700
vt 0.483008 0.732324
vt 0.498758 0.732323
vt 0.491265 0.744237
vt 0.465990 0.744237
vt 0.462338 0.731028
vt 0.487613 0.731027
vt 0.501241 0.732323
vt 0.516992 0.732323
vt 0.510595 0.735699
vt 0.494844 0.735699
vt 0.750000 0.266972
vt 0.764910 0.266972
vt 0.774123 0.266972
vt 0.774124 0.266972
vt 0.764911 0.266972
vt 0.750000 0.266972
vt 0.735091 0.266972
vt 0.725878 0.266972
vt 0.725879 0.266972
vt 0.735091 0.266972
vt 0.545990 0.758165
vt 0.514748 0.758166
vt 0.514748 0.741837
vt 0.545989 0.741837
vt 0.480204 0.735698
vt 0.521443 0.735698
vt 0.519000 0.744536
vt 0.477762 0.744536
vt 0.119049 0.764507
vt 0.128703 0.764507
vt 0.119140 0.769554
vt 0.109487 0.769554
vt 0.682291 0.768977
vt 0.657016 0.768977
vt 0.653364 0.755767
vt 0.678639 0.755766
vt 0.415827 0.744538
vt 0.466799 0.744539
vt 0.466799 0.755465
vt 0.415827 0.755464
vt 0.259976 0.233030
vt 0.250000 0.233030
vt 0.240024 0.233030
vt 0.233859 0.233030
vt 0.233858 0.233030
vt 0.240023 0.233030
vt 0.250000 0.233030
vt 0.259976 0.233030
vt 0.266141 0.233030
vt 0.266141 0.233030
vt 0.890513 0.769553
vt 0.880859 0.769553
vt 0.871301 0.764507
vt 0.880955 0.764507
vt 0.290555 0.755463
vt 0.331793 0.755463
vt 0.329350 0.764302
vt 0.288112 0.764302
vt 0.321361 0.755766
vt 0.346636 0.755766
vt 0.342986 0.768976
vt 0.317711 0.768976
vt 0.107638 0.764302
vt 0.123389 0.764302
vt 0.116992 0.767678
vt 0.101241 0.767679
vt 0.750000 0.266972
vt 0.759976 0.266972
vt 0.766141 0.266972
vt 0.740024 0.266972
vt 0.733858 0.266972
vt 0.253047 0.233028
vt 0.250006 0.233029
vt 0.246960 0.233028
vt 0.245081 0.233028
vt 0.245081 0.233030
vt 0.246960 0.233029
vt 0.250005 0.233029
vt 0.253047 0.233028
vt 0.254930 0.233028
vt 0.254930 0.233029
vt 0.474836 0.786606
vt 0.474839 0.713505
vt 0.476996 0.713507
vt 0.476995 0.786610
vt 0.473891 0.798008
vt 0.490672 0.737293
vt 0.491960 0.737751
vt 0.475178 0.798460
vt 0.433316 0.758663
vt 0.463008 0.742990
vt 0.461680 0.743800
vt 0.431988 0.759473
vt 0.568004 0.759498
vt 0.538306 0.743821
vt 0.536979 0.743012
vt 0.566676 0.758689
vt 0.524963 0.798470
vt 0.508181 0.737780
vt 0.509464 0.737322
vt 0.526247 0.798016
vt 0.750014 0.266975
vt 0.753057 0.266974
vt 0.754938 0.266975
vt 0.754939 0.266975
vt 0.753057 0.266975
vt 0.750015 0.266974
vt 0.746970 0.266974
vt 0.745090 0.266974
vt 0.745090 0.266975
vt 0.746971 0.266975
vt 0.522959 0.786545
vt 0.522955 0.713449
vt 0.525114 0.713448
vt 0.525114 0.786545
vt 0.051158 0.785640
vt 0.080855 0.769967
vt 0.079526 0.770776
vt 0.049829 0.786450
vt 0.708096 0.806234
vt 0.691317 0.745523
vt 0.692602 0.745062
vt 0.709379 0.805771
vt 0.950170 0.786451
vt 0.920465 0.770772
vt 0.919139 0.769963
vt 0.948842 0.785643
vt 0.290695 0.805756
vt 0.307482 0.745005
vt 0.308768 0.745461
vt 0.291981 0.806208
vt 0.214917 0.233025
vt 0.214916 0.233025
vt 0.214916 0.233025
vt 0.214917 0.233026
vt 0.214916 0.233025
vt 0.214916 0.233026
vt 0.214916 0.233025
vt 0.214916 0.233025
vt 0.214917 0.233025
vt 0.474839 0.755182
vt 0.476996 0.755184
vt 0.405993 0.817882
vt 0.422568 0.823767
vt 0.422962 0.825691
vt 0.406385 0.819806
vt 0.480387 0.730117
vt 0.452695 0.746995
vt 0.451279 0.747751
vt 0.478972 0.730874
vt 0.520072 0.732647
vt 0.492409 0.715761
vt 0.493571 0.716362
vt 0.521233 0.733249
vt 0.537335 0.681654
vt 0.553900 0.675754
vt 0.555189 0.677081
vt 0.538625 0.682980
vt 0.785107 0.266976
vt 0.785110 0.266977
vt 0.785108 0.266977
vt 0.785110 0.266978
vt 0.785107 0.266976
vt 0.785107 0.266977
vt 0.785106 0.266976
vt 0.785106 0.266977
vt 0.785106 0.266976
vt 0.522964 0.744873
vt 0.525118 0.744877
vt 0.094098 0.761631
vt 0.121796 0.744746
vt 0.122958 0.744143
vt 0.095260 0.761029
vt 0.773071 0.821293
vt 0.756506 0.827189
vt 0.756896 0.825265
vt 0.773466 0.819366
vt 0.903126 0.757908
vt 0.930796 0.774780
vt 0.929381 0.774023
vt 0.901711 0.757152
vt 0.278279 0.698228
vt 0.261707 0.692352
vt 0.263000 0.691022
vt 0.279570 0.696901
vt 0.875416 0.713409
vt 0.875404 0.830557
vt 0.875408 0.830555
vt 0.875416 0.713408
vt 0.813316 0.713289
vt 0.813314 0.830433
vt 0.813320 0.830431
vt 0.813322 0.713287
vt 0.760534 0.713303
vt 0.760536 0.830450
vt 0.760538 0.830454
vt 0.760534 0.713305
vt 0.717350 0.713343
vt 0.717346 0.830496
vt 0.717343 0.830496
vt 0.717347 0.713343
vt 0.682939 0.713341
vt 0.682939 0.830492
vt 0.682939 0.830492
vt 0.682938 0.713340
vt 0.655884 0.713340
vt 0.655883 0.830491
vt 0.655884 0.830492
vt 0.655884 0.713341
vt 0.633916 0.713329
vt 0.633920 0.830480
vt 0.633916 0.830482
vt 0.633915 0.713327
vt 0.614424 0.713333
vt 0.614422 0.830482
vt 0.614428 0.830484
vt 0.614426 0.713333
vt 0.593996 0.713257
vt 0.593996 0.830412
vt 0.593996 0.830408
vt 0.593996 0.713255
vt 0.570253 0.713419
vt 0.570257 0.830564
vt 0.570255 0.830564
vt 0.570250 0.713423
vt 0.540512 0.713335
vt 0.540516 0.830481
vt 0.540514 0.830482
vt 0.540512 0.713329
vt 0.502510 0.713385
vt 0.502502 0.830521
vt 0.502506 0.830526
vt 0.502508 0.713387
vt 0.455277 0.713345
vt 0.455282 0.830494
vt 0.455282 0.830500
vt 0.455280 0.713345
vt 0.398518 0.713320
vt 0.398516 0.830470
vt 0.398516 0.830467
vt 0.398517 0.713320
vt 0.332927 0.713343
vt 0.332926 0.830492
vt 0.332926 0.830492
vt 0.332927 0.713343
vt 0.259925 0.713336
vt 0.259924 0.830484
vt 0.259924 0.830484
vt 0.259925 0.713335
vt 0.181874 0.713330
vt 0.181875 0.830474
vt 0.181875 0.830477
vt 0.181875 0.713330
vt 0.101489 0.713274
vt 0.101489 0.830431
vt 0.101489 0.830427
vt 0.101489 0.713278
vt 0.262448 0.602563
vt 0.263721 0.610589
vt 0.262448 0.618617
vt 0.258759 0.625858
vt 0.253011 0.631606
vt 0.245770 0.635296
vt 0.237742 0.636568
vt 0.229716 0.635296
vt 0.222473 0.631606
vt 0.216729 0.625859
vt 0.213037 0.618618
vt 0.211767 0.610589
vt 0.213037 0.602562
vt 0.216729 0.595322
vt 0.222474 0.589575
vt 0.229716 0.585885
vt 0.237743 0.584615
vt 0.245770 0.585884
vt 0.253012 0.589574
vt 0.258759 0.595322
vt 0.021707 0.713364
vt 0.021707 0.830521
vt 0.021707 0.830517
vt -0.054525 0.713287
vt -0.054525 0.830441
vt -0.054525 0.830444
vt -0.054525 0.713293
vt 0.763725 0.610588
vt 0.762453 0.602563
vt 0.758765 0.595321
vt 0.753018 0.589573
vt 0.745775 0.585885
vt 0.737748 0.584614
vt 0.729721 0.585884
vt 0.722478 0.589573
vt 0.716735 0.595322
vt 0.713043 0.602562
vt 0.711770 0.610588
vt 0.713045 0.618618
vt 0.716734 0.625859
vt 0.722476 0.631605
vt 0.729720 0.635295
vt 0.737749 0.636568
vt 0.745774 0.635296
vt 0.753019 0.631606
vt 0.758764 0.625858
vt 0.762455 0.618617
vt 0.887756 1.172073
vt 0.887871 0.817505
vt 0.887878 0.817490
vt 0.887741 1.172073
vt 0.825737 1.169250
vt 0.825287 0.815247
vt 0.825287 0.815262
vt 0.825752 1.169250
vt 0.772545 1.170303
vt 0.772591 0.816414
vt 0.772583 0.816422
vt 0.772545 1.170288
vt 0.729408 1.169685
vt 0.729351 0.815830
vt 0.729359 0.815834
vt 0.729416 1.169685
vt 0.694948 1.170013
vt 0.694824 0.816210
vt 0.694827 0.816212
vt 0.694948 1.170017
vt 0.668173 1.169983
vt 0.668160 0.816118
vt 0.668163 0.816116
vt 0.668175 1.169983
vt 0.645874 1.169914
vt 0.645807 0.815830
vt 0.645809 0.815826
vt 0.645878 1.169914
vt 0.626328 1.171112
vt 0.626316 0.817047
vt 0.626308 0.817047
vt 0.626312 1.171127
vt 0.606064 1.170105
vt 0.606308 0.816223
vt 0.606293 0.816208
vt 0.606049 1.170090
vt 0.581985 1.171082
vt 0.581894 0.817398
vt 0.581902 0.817413
vt 0.581993 1.171066
vt 0.551895 1.173035
vt 0.552010 0.818680
vt 0.552017 0.818695
vt 0.551880 1.173035
vt 0.514938 1.170593
vt 0.515114 0.816757
vt 0.515121 0.816757
vt 0.514931 1.170609
vt 0.467281 1.168671
vt 0.467365 0.814728
vt 0.467369 0.814728
vt 0.467289 1.168655
vt 0.410686 1.170731
vt 0.410448 0.816456
vt 0.410448 0.816463
vt 0.410683 1.170746
vt 0.344917 1.170120
vt 0.344901 0.816197
vt 0.344902 0.816199
vt 0.344917 1.170124
vt 0.271908 1.170139
vt 0.271899 0.816142
vt 0.271899 0.816144
vt 0.271909 1.170139
vt 0.193838 1.170197
vt 0.193811 0.816547
vt 0.193812 0.816547
vt 0.193838 1.170181
vt 0.113363 1.171097
vt 0.113399 0.816887
vt 0.113397 0.816872
vt 0.113363 1.171082
vt 0.245114 0.608188
vt 0.245493 0.610579
vt 0.245114 0.612968
vt 0.244015 0.615132
vt 0.242299 0.616844
vt 0.240142 0.617942
vt 0.237749 0.618325
vt 0.235355 0.617943
vt 0.233200 0.616843
vt 0.231486 0.615134
vt 0.230386 0.612975
vt 0.230007 0.610579
vt 0.230385 0.608190
vt 0.231487 0.606029
vt 0.233199 0.604315
vt 0.235356 0.603215
vt 0.237748 0.602838
vt 0.240142 0.603216
vt 0.242303 0.604320
vt 0.244014 0.606030
vt 0.034009 1.171432
vt 0.034018 0.817337
vt 0.034016 0.817322
vt 0.034009 1.171448
vt -0.042599 1.172318
vt -0.042583 0.818329
vt -0.042582 0.818314
vt -0.042598 1.172272
vt 0.796616 1.295929
vt 0.796631 1.295914
vt 0.804504 1.295929
vt 0.804565 1.295929
vt 0.032002 1.300110
vt 0.031958 1.300079
vt 0.036434 1.300110
vt 0.036434 1.300079
vt 0.630013 1.300301
vt 0.629990 1.300316
vt 0.632439 1.300316
vt 0.632515 1.300316
vt 0.543373 1.298218
vt 0.543396 1.298187
vt 0.535820 1.298187
vt 0.535858 1.298157
vt 0.209662 1.299667
vt 0.209638 1.299667
vt 0.207064 1.299698
vt 0.207137 1.299683
vt 0.668951 1.299355
vt 0.668956 1.299355
vt 0.675465 1.299362
vt 0.675600 1.299358
vt 0.602242 1.299103
vt 0.602234 1.299103
vt 0.597603 1.299133
vt 0.597588 1.299133
vt 0.371445 1.299383
vt 0.371455 1.299381
vt 0.364861 1.299387
vt 0.364999 1.299395
vt -0.060444 1.299072
vt -0.060453 1.299088
vt -0.055521 1.299072
vt -0.055528 1.299088
vt 0.744888 1.298676
vt 0.744919 1.298676
vt 0.753136 1.298706
vt 0.753242 1.298706
vt 0.621857 1.298248
vt 0.621826 1.298248
vt 0.621727 1.298248
vt 0.621765 1.298264
vt 0.863174 1.298630
vt 0.863182 1.298645
vt 0.869942 1.298660
vt 0.869949 1.298645
vt 0.495705 1.297562
vt 0.495735 1.297562
vt 0.487717 1.297577
vt 0.487816 1.297607
vt 0.117308 1.299744
vt 0.117276 1.299759
vt 0.117452 1.299744
vt 0.117481 1.299744
vt 0.644900 1.299227
vt 0.644890 1.299223
vt 0.649560 1.299225
vt 0.649675 1.299225
vt 0.576607 1.295868
vt 0.576622 1.295883
vt 0.570244 1.295868
vt 0.570251 1.295853
vt 0.294933 1.299667
vt 0.294924 1.299665
vt 0.290073 1.299654
vt 0.290188 1.299658
vt 0.702366 1.298904
vt 0.702393 1.298912
vt 0.710121 1.298904
vt 0.710224 1.298874
vt 0.614258 1.298828
vt 0.614243 1.298859
vt 0.611671 1.298828
vt 0.438349 1.299438
vt 0.438374 1.299416
vt 0.430689 1.299423
vt 0.430815 1.299423
vt 0.025820 1.300446
vt 0.025795 1.300461
vt 0.028504 1.300461
vt 0.028502 1.300430
vt 0.315314 1.298876
vt 0.314765 1.298887
vt 0.306525 1.298880
vt 0.307280 1.298872
vt 0.543327 1.300369
vt 0.543289 1.300385
vt 0.530739 1.300400
vt 0.530937 1.300400
vt 0.666816 1.299383
vt 0.666602 1.299379
vt 0.676616 1.299385
vt 0.677059 1.299385
vt -0.064328 1.300201
vt -0.064331 1.300217
vt -0.055680 1.300156
vt -0.055705 1.300186
vt 0.490944 1.299065
vt 0.490822 1.299072
vt 0.477993 1.299072
vt 0.478340 1.299088
vt 0.633980 1.299179
vt 0.633760 1.299173
vt 0.640909 1.299171
vt 0.641298 1.299171
vt 0.434958 1.299675
vt 0.434772 1.299675
vt 0.422842 1.299660
vt 0.423281 1.299667
vt 0.612881 1.299576
vt 0.612698 1.299568
vt 0.616493 1.299591
vt 0.616753 1.299568
vt 0.374669 1.299404
vt 0.374451 1.299398
vt 0.364363 1.299395
vt 0.364812 1.299395
vt 0.605366 1.298073
vt 0.605244 1.298065
vt 0.605198 1.298080
vt 0.605316 1.298073
vt 0.857361 1.299896
vt 0.857353 1.299896
vt 0.869232 1.299911
vt 0.869286 1.299911
vt 0.307031 1.299601
vt 0.306818 1.299597
vt 0.299360 1.299599
vt 0.299745 1.299603
vt 0.606636 1.298019
vt 0.606575 1.297989
vt 0.602493 1.297974
vt 0.602509 1.298004
vt 0.797440 1.299911
vt 0.797371 1.299896
vt 0.810890 1.299896
vt 0.811073 1.299881
vt 0.227181 1.299965
vt 0.227006 1.299957
vt 0.222949 1.299942
vt 0.223210 1.299965
vt 0.605385 1.298340
vt 0.605354 1.298294
vt 0.597504 1.298294
vt 0.597488 1.298309
vt 0.750336 1.300179
vt 0.750206 1.300171
vt 0.763756 1.300171
vt 0.764091 1.300179
vt 0.133148 1.298286
vt 0.133041 1.298286
vt 0.133080 1.298294
vt 0.133189 1.298286
vt 0.585381 1.301727
vt 0.585373 1.301743
vt 0.574509 1.301727
vt 0.574570 1.301758
vt 0.706860 1.299706
vt 0.706676 1.299698
vt 0.718895 1.299698
vt 0.719334 1.299713
vt 0.413635 1.299957
vt 0.412914 1.299950
vt 0.397816 1.299950
vt 0.398808 1.299942
vt 0.587296 1.301483
vt 0.587181 1.301468
vt 0.581940 1.301483
vt 0.581985 1.301453
vt 0.820068 1.296219
vt 0.819878 1.296265
vt 0.837471 1.296249
vt 0.837860 1.296234
vt 0.249206 1.299843
vt 0.248765 1.299828
vt 0.244184 1.299843
vt 0.244726 1.299843
vt 0.595428 1.298294
vt 0.595413 1.298264
vt 0.584831 1.298294
vt 0.584793 1.298294
vt 0.778576 1.299797
vt 0.778179 1.299805
vt 0.794704 1.299805
vt 0.795357 1.299805
vt 0.161389 1.299515
vt 0.161119 1.299507
vt 0.161158 1.299500
vt 0.161435 1.299500
vt 0.572090 1.295029
vt 0.572044 1.294998
vt 0.557480 1.294983
vt 0.557571 1.295029
vt 0.729084 1.299088
vt 0.728554 1.299095
vt 0.742626 1.299095
vt 0.743446 1.299080
vt 0.052737 1.301590
vt 0.052642 1.301590
vt 0.058482 1.301575
vt 0.058524 1.301605
vt 0.519485 1.299347
vt 0.519272 1.299332
vt 0.503220 1.299347
vt 0.503593 1.299332
vt 0.675972 1.299318
vt 0.675388 1.299314
vt 0.686497 1.299316
vt 0.687356 1.299324
vt -0.055341 1.299561
vt -0.055338 1.299561
vt -0.043511 1.299561
vt -0.043553 1.299576
vt 0.462349 1.298332
vt 0.461952 1.298340
vt 0.446526 1.298332
vt 0.447201 1.298340
vt 0.627558 1.299408
vt 0.627005 1.299408
vt 0.634864 1.299400
vt 0.635624 1.299404
vt 0.413900 1.299522
vt 0.413361 1.299515
vt 0.399778 1.299507
vt 0.400616 1.299507
vt 0.591923 1.299229
vt 0.591476 1.299217
vt 0.595690 1.299240
vt 0.596247 1.299232
vt 0.367483 1.299540
vt 0.366900 1.299543
vt 0.355738 1.299534
vt 0.356597 1.299528
vt 0.578453 1.299606
vt 0.578171 1.299606
vt 0.578056 1.299614
vt 0.578331 1.299591
vt 0.868980 1.300110
vt 0.868919 1.300095
vt 0.885170 1.300125
vt 0.885254 1.300110
vt 0.511375 1.299347
vt 0.511322 1.299377
vt 0.496498 1.299332
vt 0.496536 1.299393
vt 0.623966 1.299238
vt 0.623010 1.299234
vt 0.629518 1.299229
vt 0.630666 1.299231
vt 0.383091 1.299599
vt 0.382170 1.299606
vt 0.369823 1.299595
vt 0.371042 1.299587
vt 0.568775 1.299625
vt 0.567961 1.299622
vt 0.571175 1.299610
vt 0.572090 1.299606
vt 0.355021 1.299728
vt 0.354030 1.299738
vt 0.344392 1.299728
vt 0.345644 1.299723
vt 0.538815 1.299782
vt 0.538250 1.299774
vt 0.537342 1.299797
vt 0.537903 1.299789
vt 0.905365 1.299255
vt 0.905289 1.299255
vt 0.924500 1.299286
vt 0.924637 1.299255
vt 0.321146 1.299444
vt 0.320198 1.299444
vt 0.313332 1.299459
vt 0.314472 1.299459
vt 0.544853 1.299789
vt 0.544594 1.299789
vt 0.538116 1.299805
vt 0.538307 1.299789
vt 0.876480 1.298996
vt 0.876083 1.299011
vt 0.895317 1.298965
vt 0.895905 1.298996
vt 0.273998 1.299511
vt 0.273204 1.299519
vt 0.269609 1.299522
vt 0.270506 1.299526
vt 0.565895 1.299469
vt 0.565857 1.299408
vt 0.553062 1.299438
vt 0.553009 1.299423
vt 0.829269 1.299698
vt 0.828560 1.299706
vt 0.844929 1.299683
vt 0.845936 1.299706
vt 0.202435 1.299522
vt 0.201892 1.299522
vt 0.202741 1.299515
vt 0.203287 1.299515
vt 0.533905 1.299362
vt 0.533829 1.299377
vt 0.516754 1.299332
vt 0.516907 1.299347
vt 0.762312 1.298954
vt 0.761398 1.298969
vt 0.774277 1.298977
vt 0.775486 1.298973
vt 0.093240 1.298492
vt 0.093012 1.298508
vt 0.100210 1.298492
vt 0.100370 1.298462
vt 0.463875 1.300095
vt 0.463478 1.300095
vt 0.446178 1.300095
vt 0.446774 1.300079
vt 0.690988 1.299221
vt 0.689997 1.299221
vt 0.699604 1.299219
vt 0.700855 1.299219
vt -0.027256 1.298141
vt -0.027265 1.298111
vt -0.012839 1.298172
vt -0.012879 1.298126
vt 0.524637 1.299473
vt 0.523108 1.299484
vt 0.519289 1.299488
vt 0.520817 1.299484
vt 0.886990 1.298607
vt 0.886028 1.298584
vt 0.899170 1.298599
vt 0.900337 1.298576
vt 0.251025 1.299599
vt 0.250126 1.299606
vt 0.253468 1.299599
vt 0.254348 1.299606
vt 0.463936 1.300339
vt 0.463860 1.300354
vt 0.446091 1.300369
vt 0.446236 1.300339
vt 0.795795 1.299004
vt 0.794590 1.299015
vt 0.803699 1.299004
vt 0.805138 1.298996
vt 0.155327 1.299332
vt 0.154857 1.299301
vt 0.164352 1.299362
vt 0.164737 1.299347
vt 0.386017 1.299316
vt 0.385513 1.299332
vt 0.369823 1.299316
vt 0.370514 1.299362
vt 0.706279 1.299418
vt 0.704951 1.299417
vt 0.710937 1.299423
vt 0.712460 1.299423
vt 0.027825 1.297165
vt 0.027763 1.297180
vt 0.044481 1.297165
vt 0.044488 1.297180
vt 0.358866 1.299278
vt 0.357925 1.299278
vt 0.345993 1.299278
vt 0.347160 1.299263
vt 0.622088 1.299301
vt 0.620768 1.299296
vt 0.624050 1.299302
vt 0.625508 1.299302
vt 0.352654 1.299202
vt 0.351436 1.299191
vt 0.342776 1.299210
vt 0.344222 1.299213
vt 0.546888 1.299244
vt 0.545702 1.299248
vt 0.546165 1.299248
vt 0.547421 1.299255
vt 0.343074 1.299325
vt 0.341746 1.299332
vt 0.335735 1.299325
vt 0.337260 1.299321
vt 0.491619 1.299561
vt 0.490696 1.299568
vt 0.487476 1.299576
vt 0.488377 1.299576
vt 0.974045 1.296036
vt 0.973953 1.296051
vt 0.994186 1.296036
vt 0.994339 1.296051
vt 0.326082 1.299562
vt 0.324765 1.299565
vt 0.321210 1.299584
vt 0.322666 1.299585
vt 0.483158 1.298416
vt 0.482670 1.298416
vt 0.474072 1.298386
vt 0.474483 1.298401
vt 0.957260 1.298843
vt 0.956711 1.298813
vt 0.974434 1.298828
vt 0.975121 1.298782
vt 0.298906 1.299309
vt 0.297727 1.299305
vt 0.296999 1.299320
vt 0.298242 1.299332
vt 0.825867 1.299133
vt 0.824614 1.299145
vt 0.824276 1.299145
vt 0.825579 1.299145
vt 0.337818 1.299430
vt 0.336269 1.299433
vt 0.334894 1.299439
vt 0.336548 1.299438
vt 0.446106 1.298988
vt 0.444832 1.298981
vt 0.437496 1.298981
vt 0.438705 1.298973
vt 1.053864 1.298309
vt 1.053833 1.298294
vt 1.073029 1.298294
vt 1.073090 1.298279
vt 0.334468 1.299415
vt 0.332858 1.299418
vt 0.333894 1.299423
vt 0.335557 1.299417
vt 0.414639 1.302612
vt 0.413849 1.302643
vt 0.401722 1.302643
vt 0.402405 1.302643
vt 1.022881 1.297821
vt 1.022369 1.297791
vt 1.036224 1.297791
vt 1.036865 1.297791
vt 0.324196 1.299263
vt 0.322671 1.299271
vt 0.326523 1.299271
vt 0.328038 1.299267
vt 0.435329 1.302505
vt 0.435150 1.302505
vt 0.418442 1.302490
vt 0.418545 1.302475
vt 0.930801 1.300156
vt 0.929783 1.300140
vt 0.938072 1.300148
vt 0.939224 1.300140
vt 0.299004 1.299690
vt 0.297735 1.299675
vt 0.305549 1.299683
vt 0.306733 1.299675
vt 0.389282 1.296265
vt 0.389256 1.296234
vt 0.372559 1.296280
vt 0.372631 1.296280
vt 0.818691 1.299030
vt 0.817348 1.299038
vt 0.821594 1.299015
vt 0.823084 1.299019
vt 0.227000 1.298553
vt 0.226243 1.298553
vt 0.239628 1.298569
vt 0.240268 1.298538
vt 0.324554 1.299362
vt 0.324093 1.299347
vt 0.311958 1.299362
vt 0.312557 1.299377
vt 0.714519 1.299375
vt 0.712984 1.299372
vt 0.714347 1.299383
vt 0.715985 1.299383
vt 0.105230 1.296066
vt 0.105072 1.296051
vt 0.124011 1.296112
vt 0.124106 1.296097
vt 0.321108 1.298996
vt 0.320124 1.299011
vt 0.312696 1.298988
vt 0.313839 1.299004
vt 0.616972 1.299279
vt 0.615371 1.299281
vt 0.614241 1.299285
vt 0.615894 1.299281
vt 0.333591 1.299591
vt 0.332244 1.299603
vt 0.328263 1.299595
vt 0.329752 1.299595
vt 1.100449 1.298538
vt 1.100540 1.298553
vt 1.115280 1.298569
vt 1.115219 1.298553
vt 0.272697 1.298630
vt 0.271790 1.298660
vt 0.289230 1.298645
vt 0.289995 1.298645
vt 0.314606 1.297943
vt 0.314335 1.297943
vt 0.305706 1.297943
vt 0.306065 1.297958
vt 0.716943 1.299390
vt 0.715414 1.299395
vt 0.712159 1.299381
vt 0.713690 1.299377
vt 0.168715 1.299362
vt 0.168484 1.299362
vt 0.188711 1.299347
vt 0.188889 1.299377
vt 0.315134 1.298790
vt 0.314333 1.298798
vt 0.311039 1.298790
vt 0.311924 1.298798
vt 0.613462 1.299440
vt 0.611805 1.299449
vt 0.606035 1.299426
vt 0.607641 1.299417
vt 0.329415 1.298862
vt 0.328170 1.298859
vt 0.328609 1.298859
vt 0.329901 1.298866
vt 0.513502 1.299156
vt 0.511860 1.299164
vt 0.503391 1.299175
vt 0.504932 1.299171
vt 0.337576 1.299247
vt 0.336051 1.299244
vt 0.339281 1.299237
vt 0.340807 1.299239
vt 0.424850 1.299629
vt 0.423424 1.299629
vt 0.411598 1.299629
vt 0.412876 1.299614
vt 1.094223 1.297440
vt 1.094269 1.297424
vt 1.111282 1.297424
vt 1.111267 1.297409
vt 0.339881 1.299427
vt 0.338223 1.299430
vt 0.344082 1.299438
vt 0.345691 1.299436
vt 0.374489 1.299744
vt 0.373558 1.299744
vt 0.357922 1.299728
vt 0.358711 1.299728
vt 1.040230 1.299942
vt 1.039948 1.299957
vt 1.049797 1.299957
vt 1.050194 1.299957
vt 0.337849 1.299484
vt 0.336204 1.299469
vt 0.345092 1.299492
vt 0.346632 1.299488
vt 0.377991 1.300537
vt 0.377754 1.300522
vt 0.360043 1.300552
vt 0.360226 1.300583
vt 0.939617 1.297966
vt 0.938789 1.297966
vt 0.942547 1.297974
vt 0.943462 1.297974
vt 0.325048 1.299164
vt 0.323633 1.299171
vt 0.336439 1.299156
vt 0.337717 1.299156
vt 0.353336 1.294373
vt 0.353394 1.294357
vt 0.338619 1.294388
vt 0.338589 1.294342
vt 0.353661 1.299744
vt 0.353374 1.299736
vt 0.353291 1.299744
vt 0.353580 1.299728
vt 0.346555 1.299423
vt 0.345050 1.299428
vt 0.354652 1.299436
vt 0.356019 1.299429
vt 0.373177 1.298782
vt 0.372341 1.298813
vt 0.355255 1.298798
vt 0.355949 1.298813
vt 1.023552 1.302338
vt 1.023445 1.302307
vt 1.030807 1.302307
vt 1.030998 1.302338
vt 0.344161 1.299320
vt 0.342639 1.299324
vt 0.355448 1.299320
vt 0.356793 1.299324
vt 0.363663 1.299576
vt 0.363449 1.299591
vt 0.346565 1.299622
vt 0.346722 1.299561
vt 0.925766 1.298538
vt 0.925217 1.298546
vt 0.926292 1.298553
vt 0.926865 1.298546
vt 0.329088 1.299492
vt 0.327772 1.299484
vt 0.344126 1.299492
vt 0.345247 1.299492
vt 0.356171 1.300629
vt 0.356277 1.300629
vt 0.343506 1.300629
vt 0.343441 1.300629
vt 0.819569 1.299091
vt 0.818556 1.299084
vt 0.815153 1.299076
vt 0.816135 1.299080
vt 0.279718 1.299545
vt 0.278875 1.299530
vt 0.298246 1.299515
vt 0.298935 1.299530
vt 0.336506 1.299377
vt 0.336430 1.299377
vt 0.329914 1.299393
vt 0.330055 1.299393
vt 0.712852 1.299171
vt 0.711528 1.299174
vt 0.704944 1.299185
vt 0.706180 1.299173
vt 0.189676 1.300217
vt 0.189445 1.300186
vt 0.208986 1.300217
vt 0.209158 1.300201
vt 0.331978 1.298798
vt 0.331446 1.298782
vt 0.330532 1.298775
vt 0.331093 1.298782
vt 0.609200 1.299480
vt 0.607691 1.299477
vt 0.598387 1.299482
vt 0.599758 1.299484
vt 0.338437 1.299759
vt 0.337454 1.299763
vt 0.340755 1.299755
vt 0.341718 1.299755
vt 0.510065 1.299419
vt 0.508551 1.299427
vt 0.496529 1.299423
vt 0.497871 1.299435
vt 0.344004 1.299385
vt 0.342685 1.299381
vt 0.349259 1.299391
vt 0.350496 1.299394
vt 0.424393 1.299591
vt 0.423080 1.299591
vt 0.408234 1.299599
vt 0.409351 1.299591
vt 0.396893 1.298431
vt 0.396801 1.298447
vt 0.386173 1.298431
vt 0.386242 1.298447
vt 0.605790 1.299284
vt 0.604612 1.299280
vt 0.593787 1.299269
vt 0.594781 1.299276
vt 0.352922 1.299595
vt 0.352264 1.299610
vt 0.356579 1.299610
vt 0.357180 1.299587
vt 0.513662 1.299240
vt 0.512472 1.299248
vt 0.499231 1.299225
vt 0.500206 1.299232
vt 0.353404 1.299397
vt 0.352419 1.299400
vt 0.360382 1.299397
vt 0.361237 1.299393
vt 0.439175 1.300560
vt 0.438168 1.300552
vt 0.423084 1.300529
vt 0.423882 1.300529
vt 1.088608 1.301514
vt 1.088699 1.301498
vt 1.100906 1.301498
vt 1.100845 1.301498
vt 0.351806 1.299004
vt 0.350626 1.299009
vt 0.361862 1.299015
vt 0.362854 1.299009
vt 0.392818 1.298447
vt 0.392204 1.298462
vt 0.376431 1.298431
vt 0.376904 1.298431
vt 0.999039 1.299103
vt 0.999069 1.299118
vt 1.005035 1.299133
vt 1.005066 1.299164
vt 0.342809 1.298862
vt 0.341606 1.298855
vt 0.355877 1.298882
vt 0.356853 1.298870
vt 0.376141 1.300110
vt 0.375961 1.300095
vt 0.361607 1.300095
vt 0.361732 1.300095
vt 0.906776 1.298843
vt 0.906479 1.298843
vt 0.906601 1.298859
vt 0.906891 1.298851
vt 0.317883 1.299042
vt 0.316870 1.299072
vt 0.333740 1.299057
vt 0.334547 1.299057
vt 0.369400 1.302521
vt 0.369484 1.302490
vt 0.358955 1.302475
vt 0.358891 1.302475
vt 0.806309 1.299103
vt 0.805630 1.299103
vt 0.801105 1.299126
vt 0.801720 1.299126
vt 0.264360 1.300858
vt 0.263725 1.300842
vt 0.281876 1.300827
vt 0.282368 1.300873
vt 0.359360 1.298477
vt 0.359390 1.298492
vt 0.354122 1.298492
vt 0.354145 1.298508
vt 0.705289 1.299259
vt 0.704299 1.299257
vt 0.696300 1.299257
vt 0.697162 1.299257
vt 0.180553 1.297623
vt 0.180376 1.297577
vt 0.197186 1.297577
vt 0.197309 1.297607
vt 0.540173 1.299690
vt 0.539825 1.299667
vt 0.532379 1.299683
vt 0.532593 1.299698
vt 0.890381 1.300369
vt 0.890274 1.300377
vt 0.890297 1.300346
vt 0.890434 1.300377
vt 0.299610 1.300156
vt 0.298965 1.300140
vt 0.313171 1.300148
vt 0.313625 1.300156
vt 0.384590 1.300613
vt 0.384663 1.300644
vt 0.376911 1.300644
vt 0.376869 1.300629
vt 0.794579 1.300087
vt 0.794189 1.300064
vt 0.790165 1.300072
vt 0.790485 1.300095
vt 0.241470 1.299789
vt 0.241081 1.299774
vt 0.255400 1.299789
vt 0.255667 1.299789
vt 0.376686 1.301102
vt 0.376743 1.301117
vt 0.372707 1.301102
vt 0.372677 1.301071
vt 0.698624 1.299662
vt 0.698017 1.299658
vt 0.690749 1.299646
vt 0.691226 1.299652
vt 0.163374 1.300720
vt 0.163271 1.300720
vt 0.175892 1.300720
vt 0.175966 1.300766
vt 0.369831 1.298248
vt 0.369717 1.298248
vt 0.369701 1.298264
vt 0.369812 1.298248
vt 0.606119 1.299330
vt 0.605367 1.299326
vt 0.595566 1.299318
vt 0.596131 1.299316
vt 0.365744 1.299736
vt 0.365379 1.299751
vt 0.369169 1.299759
vt 0.369473 1.299744
vt 0.523834 1.298973
vt 0.523071 1.298981
vt 0.511463 1.298950
vt 0.512024 1.298965
vt 0.361286 1.299328
vt 0.360685 1.299328
vt 0.367904 1.299316
vt 0.368374 1.299320
vt 0.459984 1.299820
vt 0.459354 1.299820
vt 0.446880 1.299835
vt 0.447323 1.299820
vt 1.076935 1.300293
vt 1.076981 1.300278
vt 1.086121 1.300278
vt 1.086121 1.300308
vt 0.353098 1.299376
vt 0.352344 1.299377
vt 0.362585 1.299379
vt 0.363153 1.299374
vt 0.417542 1.297638
vt 0.417187 1.297699
vt 0.404949 1.297653
vt 0.405209 1.297668
vt 0.985245 1.301575
vt 0.985291 1.301544
vt 0.989922 1.301590
vt 0.989906 1.301559
vt 0.334673 1.299210
vt 0.333904 1.299217
vt 0.346558 1.299225
vt 0.347122 1.299225
vt 0.789707 1.300049
vt 0.789680 1.300034
vt 0.789249 1.300026
vt 0.789280 1.300049
vt 0.363320 1.299431
vt 0.363061 1.299431
vt 0.367731 1.299433
vt 0.367901 1.299429
vt 0.483215 1.298401
vt 0.482933 1.298386
vt 0.475224 1.298355
vt 0.475395 1.298401
vt 1.061203 1.298370
vt 1.061234 1.298370
vt 1.066727 1.298355
vt 1.066711 1.298340
vt 0.347573 1.299448
vt 0.347229 1.299446
vt 0.354004 1.299467
vt 0.354218 1.299471
vt 0.443417 1.296402
vt 0.443256 1.296387
vt 0.435982 1.296371
vt 0.436073 1.296371
vt 0.972328 1.299149
vt 0.972336 1.299118
vt 0.975250 1.299149
vt 0.975220 1.299133
vt 0.319834 1.299042
vt 0.319475 1.299057
vt 0.327766 1.299034
vt 0.327980 1.299042
vt 0.417259 1.303848
vt 0.417210 1.303848
vt 0.411091 1.303848
vt 0.411110 1.303848
vt 0.880577 1.299210
vt 0.880539 1.299210
vt 0.880653 1.299225
vt 0.880676 1.299179
vt 0.277121 1.299301
vt 0.276823 1.299286
vt 0.285847 1.299286
vt 0.286016 1.299286
vt 0.399849 1.301285
vt 0.399883 1.301315
vt 0.395386 1.301331
vt 0.395370 1.301315
vt 0.787746 1.299881
vt 0.787605 1.299889
vt 0.785122 1.299858
vt 0.785240 1.299889
vt 0.218033 1.301804
vt 0.217854 1.301773
vt 0.226654 1.301819
vt 0.226751 1.301819
vt 0.388161 1.298416
vt 0.388187 1.298386
vt 0.385742 1.298401
vt 0.385727 1.298401
vt 0.697133 1.299551
vt 0.696873 1.299549
vt 0.692152 1.299534
vt 0.692322 1.299532
vt 0.143919 1.300369
vt 0.143873 1.300369
vt 0.151442 1.300369
vt 0.151464 1.300369
vt 0.379963 1.298080
vt 0.379936 1.298096
vt 0.379803 1.298096
vt 0.379818 1.298065
vt 0.612634 1.299385
vt 0.612291 1.299381
vt 0.605873 1.299395
vt 0.606084 1.299395
vt 0.372814 1.299461
vt 0.372677 1.299454
vt 0.374952 1.299446
vt 0.375050 1.299446
vt 0.553782 -0.308764
vt 0.554158 -0.306477
vt 0.555250 -0.304449
vt 0.556944 -0.302869
vt 0.559079 -0.301907
vt 0.561457 -0.301649
vt 0.563831 -0.302126
vt 0.565968 -0.303280
vt 0.567666 -0.305010
vt 0.568760 -0.307137
vt 0.569129 -0.309461
vt 0.568758 -0.311748
vt 0.567661 -0.313780
vt 0.565970 -0.315356
vt 0.563832 -0.316314
vt 0.561453 -0.316576
vt 0.559088 -0.316098
vt 0.556943 -0.314943
vt 0.555248 -0.313219
vt 0.554161 -0.311084
vt 0.193069 1.298218
vt 0.193043 1.298248
vt 0.195389 1.298264
vt 0.195395 1.298248
vt 0.398396 1.298950
vt 0.398399 1.298935
vt 0.397835 1.298889
vt 0.397823 1.298859
vt 0.703949 1.299229
vt 0.703918 1.299229
vt 0.702868 1.299232
vt 0.702875 1.299232
vt 0.123804 1.299438
vt 0.123796 1.299454
vt 0.125788 1.299377
vt 0.125790 1.299393
vt 0.384220 1.299545
vt 0.384216 1.299561
vt 0.384056 1.299545
vt 0.627434 1.299149
vt 0.627385 1.299141
vt 0.625923 1.299164
vt 0.625940 1.299160
vt 0.371668 1.299500
vt 0.371658 1.299492
vt 0.371990 1.299507
vt 0.371984 1.299469
vt 0.561558 1.298683
vt 0.561497 1.298668
vt 0.559826 1.298691
vt 0.559837 1.298691
vt 0.356090 1.299412
vt 0.356059 1.299414
vt 0.357050 1.299400
vt 0.357062 1.299406
vt 0.509060 1.298599
vt 0.509026 1.298584
vt 0.507351 1.298630
vt 0.507359 1.298615
vt 1.047302 1.300781
vt 1.047287 1.300781
vt 1.048782 1.300797
vt 1.048782 1.300781
vt 0.333201 1.299366
vt 0.333150 1.299356
vt 0.334776 1.299335
vt 0.334794 1.299341
vt 0.468040 1.298233
vt 0.468018 1.298248
vt 0.466457 1.298248
vt 0.466480 1.298294
vt 0.963364 1.299606
vt 0.963341 1.299561
vt 0.964172 1.299576
vt 0.964142 1.299561
vt 0.299051 1.299286
vt 0.298986 1.299263
vt 0.301113 1.299278
vt 0.301130 1.299271
vt 0.437527 1.296402
vt 0.437531 1.296402
vt 0.436275 1.296387
vt 0.436279 1.296402
vt 0.877205 1.300491
vt 0.877197 1.300522
vt 0.877228 1.300507
vt 0.877235 1.300507
vt 0.252270 1.299179
vt 0.252218 1.299164
vt 0.254601 1.299164
vt 0.254616 1.299164
vt 0.414989 1.298203
vt 0.415001 1.298203
vt 0.414059 1.298187
vt 0.414055 1.298187
vt 0.264911 0.233030
vt 0.250000 0.233030
vt 0.235091 0.233030
vt 0.225879 0.233030
vt 0.235091 0.233030
vt 0.250000 0.233030
vt 0.264911 0.233030
vt 0.274123 0.233030
vt 1.047100 0.767677
vt 1.031350 0.767677
vt 1.024955 0.764300
vt 1.040705 0.764301
vt -0.026067 0.741832
vt 0.005175 0.741832
vt 0.005175 0.758161
vt -0.026067 0.758161
vt 1.100280 0.764302
vt 1.059043 0.764302
vt 1.056599 0.755463
vt 1.097836 0.755463
vt 0.123994 0.731024
vt 0.149269 0.731023
vt 0.145618 0.744233
vt 0.120343 0.744234
vt 1.064249 0.755461
vt 1.013276 0.755462
vt 1.013276 0.744536
vt 1.064249 0.744535
vt 0.368246 0.730446
vt 0.377900 0.730446
vt 0.368339 0.735493
vt 0.358685 0.735492
vt 0.910630 0.744534
vt 0.869392 0.744534
vt 0.866949 0.735696
vt 0.908186 0.735695
vt 0.641317 0.735491
vt 0.631663 0.735491
vt 0.622105 0.730444
vt 0.631758 0.730444
vt 0.653497 0.735695
vt 0.637747 0.735695
vt 0.631351 0.732319
vt 0.647102 0.732319
vt 0.879653 0.744231
vt 0.854378 0.744232
vt 0.850727 0.731023
vt 0.876000 0.731021
vt 0.352897 0.732322
vt 0.368648 0.732322
vt 0.362250 0.735699
vt 0.346500 0.735700
vt 1.026069 0.758159
vt 0.994827 0.758159
vt 0.994827 0.741830
vt 1.026069 0.741830
vt 0.091810 0.735698
vt 0.133049 0.735698
vt 0.130606 0.744537
vt 0.089368 0.744537
vt -0.029295 0.764510
vt -0.019641 0.764510
vt -0.029204 0.769557
vt -0.038858 0.769557
vt 1.070682 0.768973
vt 1.045406 0.768973
vt 1.041754 0.755763
vt 1.067030 0.755763
vt -0.064247 0.744535
vt -0.013274 0.744536
vt -0.013274 0.755462
vt -0.064246 0.755461
vt 0.250000 0.233030
vt 0.233859 0.233030
vt 0.240023 0.233030
vt 0.250000 0.233030
vt 0.259976 0.233030
vt 0.266140 0.233030
vt 1.038859 0.769554
vt 1.029207 0.769555
vt 1.019649 0.764509
vt 1.029301 0.764508
vt -0.097836 0.755464
vt -0.056598 0.755464
vt -0.059041 0.764303
vt -0.100279 0.764303
vt -0.067031 0.755766
vt -0.041756 0.755767
vt -0.045406 0.768976
vt -0.070682 0.768976
vt -0.040706 0.764302
vt -0.024955 0.764302
vt -0.031352 0.767678
vt -0.047103 0.767678
vt 0.253017 0.233059
vt 0.249974 0.233056
vt 0.246928 0.233057
vt 0.245050 0.233056
vt 0.245052 0.233061
vt 0.246929 0.233059
vt 0.249974 0.233058
vt 0.253018 0.233057
vt 0.254895 0.233056
vt 0.254898 0.233057
vt -0.005203 0.785973
vt -0.005207 0.712868
vt -0.003048 0.712860
vt -0.003048 0.785965
vt 0.242092 0.716072
vt 0.258858 0.655350
vt 0.260147 0.655815
vt 0.243366 0.716530
vt 0.524557 0.702991
vt 0.554253 0.687317
vt 0.552925 0.688122
vt 0.523231 0.703802
vt 0.476669 0.703838
vt 0.446974 0.688164
vt 0.445648 0.687353
vt 0.475344 0.703026
vt 0.756023 0.716423
vt 0.739235 0.655724
vt 0.740524 0.655258
vt 0.757305 0.715973
vt 0.750031 0.266956
vt 0.753073 0.266956
vt 0.754948 0.266954
vt 0.754961 0.266957
vt 0.753075 0.266955
vt 0.750036 0.266955
vt 0.746979 0.266954
vt 0.745113 0.266956
vt 0.745102 0.266956
vt 0.746983 0.266955
vt 1.002895 0.786331
vt 1.002895 0.713242
vt 1.005051 0.713234
vt 1.005051 0.786339
vt 0.142480 0.729979
vt 0.172176 0.714314
vt 0.170848 0.715122
vt 0.141151 0.730789
vt 0.939190 0.723022
vt 0.922413 0.662323
vt 0.923698 0.661858
vt 0.940475 0.722557
vt 0.858837 0.730780
vt 0.829138 0.715097
vt 0.827810 0.714287
vt 0.857510 0.729969
vt 0.059059 0.723976
vt 0.075840 0.663216
vt 0.077127 0.663666
vt 0.060343 0.724434
vt 0.214901 0.233034
vt 0.214904 0.233037
vt 0.214902 0.233038
vt 0.214902 0.233036
vt 0.214901 0.233033
vt 0.214900 0.233037
vt 0.214899 0.233033
vt 0.214898 0.233031
vt 0.214901 0.233034
vt 0.214899 0.233034
vt -0.005096 0.754745
vt -0.002949 0.754761
vt 0.360250 0.593822
vt 0.376823 0.599712
vt 0.377216 0.601631
vt 0.360643 0.595753
vt 0.520343 0.708758
vt 0.492651 0.725636
vt 0.491235 0.726392
vt 0.518927 0.709516
vt 0.552914 0.749668
vt 0.525251 0.732782
vt 0.526411 0.733383
vt 0.554074 0.750270
vt 0.687216 0.835857
vt 0.703781 0.829964
vt 0.705070 0.831280
vt 0.688509 0.837193
vt 0.785027 0.266984
vt 0.785027 0.266981
vt 0.785021 0.266983
vt 0.785023 0.266982
vt 0.785032 0.266983
vt 0.785017 0.266981
vt 0.785027 0.266984
vt 0.785019 0.266983
vt 0.785027 0.266985
vt 1.002060 0.745720
vt 1.004211 0.745728
vt 0.061300 0.778648
vt 0.088997 0.761761
vt 0.090159 0.761159
vt 0.062461 0.778046
vt 0.818691 0.597450
vt 0.802128 0.603355
vt 0.802517 0.601425
vt 0.819084 0.595524
vt 0.863101 0.736501
vt 0.890771 0.753372
vt 0.889357 0.752614
vt 0.861685 0.735743
vt 0.127874 0.852909
vt 0.111305 0.847031
vt 0.112600 0.845699
vt 0.129169 0.851582
s 1
usemtl kitchen_tap
f 3655/7600/551 3656/7601/551 3658/7602/552 3657/7603/552
f 3657/7604/552 3658/7605/552 3660/7606/553 3659/7604/553
f 3659/7607/553 3660/7608/553 3662/7609/554 3661/7610/554
f 3661/7611/554 3662/7612/554 3664/7613/555 3663/7614/555
f 3663/7615/555 3664/7616/555 3666/7617/556 3665/7618/556
f 3665/7619/556 3666/7620/556 3668/7621/557 3667/7622/557
f 3667/7623/557 3668/7624/557 3670/7625/558 3669/7626/558
f 3669/7627/558 3670/7628/558 3672/7629/559 3671/7630/559
f 3671/7631/559 3672/7632/559 3674/7633/560 3673/7634/560
f 3673/7635/560 3674/7636/560 3676/7637/561 3675/7638/561
f 3675/7639/561 3676/7640/561 3678/7641/562 3677/7639/562
f 3677/7642/562 3678/7643/562 3680/7643/563 3679/7644/563
f 3679/7645/563 3680/7646/563 3682/7647/564 3681/7648/564
f 3681/7649/564 3682/7650/564 3684/7651/565 3683/7652/565
f 3683/7653/565 3684/7654/565 3686/7655/566 3685/7656/566
f 3685/7657/566 3686/7658/566 3688/7659/567 3687/7660/567
f 3687/7661/567 3688/7662/567 3690/7663/568 3689/7664/568
f 3689/7665/568 3690/7666/568 3692/7667/569 3691/7668/569
s 0
f 3658/7669/505 3656/7670/505 3694/7671/505 3692/7672/505 3690/7673/505 3688/7674/505 3686/7675/505 3684/7676/505 3682/7677/505 3680/7678/505 3678/7679/505 3676/7680/505 3674/7681/505 3672/7682/505 3670/7683/505 3668/7684/505 3666/7685/505 3664/7686/505 3662/7687/505 3660/7688/505
s 1
f 3691/7689/569 3692/7690/569 3694/7691/570 3693/7692/570
f 3693/7693/570 3694/7694/570 3656/7694/551 3655/7695/551
s 0
f 3655/7696/504 3657/7697/504 3659/7698/504 3661/7699/504 3663/7700/504 3665/7701/504 3667/7702/504 3669/7703/504 3671/7704/504 3673/7705/504 3675/7706/504 3677/7707/504 3679/7708/504 3681/7709/504 3683/7710/504 3685/7711/504 3687/7712/504 3689/7713/504 3691/7714/504 3693/7715/504
s 1
f 3695/7716/571 3696/7717/572 3698/7718/573 3697/7719/574
f 3697/7720/574 3698/7721/573 3700/7722/575 3699/7723/576
f 3699/7724/576 3700/7725/575 3702/7726/577 3701/7724/578
f 3701/7727/578 3702/7728/577 3704/7729/579 3703/7730/580
f 3703/7731/580 3704/7732/579 3706/7733/581 3705/7734/582
f 3705/7735/582 3706/7736/581 3708/7737/583 3707/7738/584
f 3707/7739/584 3708/7740/583 3710/7741/585 3709/7739/586
f 3709/7742/586 3710/7743/585 3712/7744/587 3711/7745/588
f 3711/7746/588 3712/7747/587 3714/7748/589 3713/7749/590
f 3713/7750/590 3714/7751/589 3716/7752/591 3715/7750/592
f 3715/7753/592 3716/7754/591 3718/7755/593 3717/7756/594
f 3717/7757/594 3718/7758/593 3720/7759/595 3719/7757/596
f 3719/7760/596 3720/7761/595 3722/7762/597 3721/7763/598
f 3721/7764/598 3722/7765/597 3724/7766/599 3723/7767/600
f 3723/7768/600 3724/7769/599 3726/7770/601 3725/7771/602
f 3725/7772/602 3726/7773/601 3728/7774/603 3727/7775/604
f 3727/7776/604 3728/7777/603 3730/7778/605 3729/7779/606
f 3729/7780/606 3730/7781/605 3732/7782/607 3731/7783/608
f 3698/7784/573 3696/7785/572 3734/7786/609 3732/7787/607 3730/7788/605 3728/7789/603 3726/7790/601 3724/7791/599 3722/7792/597 3720/7793/595 3718/7794/593 3716/7795/591 3714/7796/589 3712/7797/587 3710/7798/585 3708/7799/583 3706/7800/581 3704/7801/579 3702/7802/577 3700/7803/575
f 3731/7804/608 3732/7805/607 3734/7806/609 3733/7807/610
f 3733/7808/610 3734/7809/609 3696/7810/572 3695/7811/571
f 3697/7812/574 3699/7813/576 3737/7814/611 3736/7815/612
f 3753/7816/613 3754/7817/614 3774/7818/615 3773/7819/616
f 3707/7820/584 3709/7821/586 3742/7822/617 3741/7823/618
f 3717/7824/594 3719/7825/596 3747/7826/619 3746/7827/620
f 3727/7828/604 3729/7829/606 3752/7830/621 3751/7831/622
f 3703/7832/580 3705/7833/582 3740/7834/623 3739/7835/624
f 3713/7836/590 3715/7837/592 3745/7838/625 3744/7839/626
f 3723/7840/600 3725/7841/602 3750/7842/627 3749/7843/628
f 3733/7844/610 3695/7845/571 3735/7846/629 3754/7847/614
f 3699/7848/576 3701/7849/578 3738/7850/630 3737/7851/611
f 3709/7852/586 3711/7853/588 3743/7854/631 3742/7855/617
f 3695/7856/571 3697/7857/574 3736/7858/612 3735/7859/629
f 3719/7860/596 3721/7861/598 3748/7862/632 3747/7863/619
f 3729/7864/606 3731/7865/608 3753/7866/613 3752/7867/621
f 3705/7868/582 3707/7869/584 3741/7870/618 3740/7871/623
f 3715/7872/592 3717/7873/594 3746/7874/620 3745/7875/625
f 3725/7876/602 3727/7877/604 3751/7878/622 3750/7879/627
f 3701/7880/578 3703/7881/580 3739/7882/624 3738/7883/630
f 3711/7884/588 3713/7885/590 3744/7886/626 3743/7887/631
f 3721/7888/598 3723/7889/600 3749/7890/628 3748/7891/632
f 3731/7892/608 3733/7893/610 3754/7894/614 3753/7895/613
f 3770/7896/633 3771/7897/634 3791/7898/635 3790/7899/636
f 3746/7900/620 3747/7901/619 3767/7902/637 3766/7903/638
f 3739/7904/624 3740/7905/623 3760/7906/639 3759/7907/640
f 3754/7908/614 3735/7909/629 3755/7910/641 3774/7911/615
f 3747/7912/619 3748/7913/632 3768/7914/642 3767/7915/637
f 3740/7916/623 3741/7917/618 3761/7918/643 3760/7919/639
f 3748/7920/632 3749/7921/628 3769/7922/644 3768/7923/642
f 3741/7924/618 3742/7925/617 3762/7926/645 3761/7927/643
f 3749/7928/628 3750/7929/627 3770/7930/633 3769/7931/644
f 3742/7932/617 3743/7933/631 3763/7934/646 3762/7935/645
f 3735/7936/629 3736/7937/612 3756/7938/647 3755/7939/641
f 3750/7940/627 3751/7941/622 3771/7942/634 3770/7943/633
f 3743/7944/631 3744/7945/626 3764/7946/648 3763/7947/646
f 3736/7948/612 3737/7949/611 3757/7950/649 3756/7951/647
f 3751/7952/622 3752/7953/621 3772/7954/650 3771/7955/634
f 3744/7956/626 3745/7957/625 3765/7958/651 3764/7959/648
f 3737/7960/611 3738/7961/630 3758/7962/652 3757/7963/649
f 3752/7964/621 3753/7965/613 3773/7966/616 3772/7967/650
f 3745/7968/625 3746/7969/620 3766/7970/638 3765/7971/651
f 3738/7972/630 3739/7973/624 3759/7974/640 3758/7975/652
f 3787/7976/653 3788/7977/654 3808/7978/655 3807/7979/656
f 3763/7980/646 3764/7981/648 3784/7982/657 3783/7983/658
f 3756/7984/647 3757/7985/649 3777/7986/659 3776/7987/660
f 3771/7988/634 3772/7989/650 3792/7990/661 3791/7991/635
f 3764/7992/648 3765/7993/651 3785/7994/662 3784/7995/657
f 3757/7996/649 3758/7997/652 3778/7998/663 3777/7999/659
f 3772/8000/650 3773/8001/616 3793/8002/664 3792/8003/661
f 3765/8004/651 3766/8005/638 3786/8006/665 3785/8007/662
f 3758/8008/652 3759/8009/640 3779/8010/666 3778/8011/663
f 3773/8012/616 3774/8013/615 3794/8014/667 3793/8015/664
f 3766/8016/638 3767/8017/637 3787/8018/653 3786/8019/665
f 3759/8020/640 3760/8021/639 3780/8022/668 3779/8023/666
f 3774/8024/615 3755/8025/641 3775/8026/669 3794/8027/667
f 3767/8028/637 3768/8029/642 3788/8030/654 3787/8031/653
f 3760/8032/639 3761/8033/643 3781/8034/670 3780/8035/668
f 3768/8036/642 3769/8037/644 3789/8038/671 3788/8039/654
f 3761/8040/643 3762/8041/645 3782/8042/672 3781/8043/670
f 3769/8044/644 3770/8045/633 3790/8046/636 3789/8047/671
f 3762/8048/645 3763/8049/646 3783/8050/658 3782/8051/672
f 3755/8052/641 3756/8053/647 3776/8054/660 3775/8055/669
f 3804/8056/673 3805/8057/674 3825/8058/675 3824/8059/676
f 3780/8060/668 3781/8061/670 3801/8062/677 3800/8063/678
f 3788/8064/654 3789/8065/671 3809/8066/679 3808/8067/655
f 3781/8068/670 3782/8069/672 3802/8070/680 3801/8071/677
f 3789/8072/671 3790/8073/636 3810/8074/681 3809/8075/679
f 3782/8076/672 3783/8077/658 3803/8078/682 3802/8079/680
f 3775/8080/669 3776/8081/660 3796/8082/683 3795/8083/684
f 3790/8084/636 3791/8085/635 3811/8086/685 3810/8087/681
f 3783/8088/658 3784/8089/657 3804/8090/673 3803/8091/682
f 3776/8092/660 3777/8093/659 3797/8094/686 3796/8095/683
f 3791/8096/635 3792/8097/661 3812/8098/687 3811/8099/685
f 3784/8100/657 3785/8101/662 3805/8102/674 3804/8103/673
f 3777/8104/659 3778/8105/663 3798/8106/688 3797/8107/686
f 3792/8108/661 3793/8109/664 3813/8110/689 3812/8111/687
f 3785/8112/662 3786/8113/665 3806/8114/690 3805/8115/674
f 3778/8116/663 3779/8117/666 3799/8118/691 3798/8119/688
f 3793/8120/664 3794/8121/667 3814/8122/692 3813/8123/689
f 3786/8124/665 3787/8125/653 3807/8126/656 3806/8127/690
f 3779/8128/666 3780/8129/668 3800/8130/678 3799/8131/691
f 3794/8132/667 3775/8133/669 3795/8134/684 3814/8135/692
f 3821/8136/693 3822/8137/694 3842/8138/695 3841/8139/696
f 3797/8140/686 3798/8141/688 3818/8142/697 3817/8143/698
f 3812/8144/687 3813/8145/689 3833/8146/699 3832/8147/700
f 3805/8148/674 3806/8149/690 3826/8150/701 3825/8151/675
f 3798/8152/688 3799/8153/691 3819/8154/702 3818/8155/697
f 3813/8156/689 3814/8157/692 3834/8158/703 3833/8159/699
f 3806/8160/690 3807/8161/656 3827/8162/704 3826/8163/701
f 3799/8164/691 3800/8165/678 3820/8166/705 3819/8167/702
f 3814/8168/692 3795/8169/684 3815/8170/706 3834/8171/703
f 3807/8172/656 3808/8173/655 3828/8174/707 3827/8175/704
f 3800/8176/678 3801/8177/677 3821/8178/693 3820/8179/705
f 3808/8180/655 3809/8181/679 3829/8182/708 3828/8183/707
f 3801/8184/677 3802/8185/680 3822/8186/694 3821/8187/693
f 3809/8188/679 3810/8189/681 3830/8190/709 3829/8191/708
f 3802/8192/680 3803/8193/682 3823/8194/710 3822/8195/694
f 3795/8196/684 3796/8197/683 3816/8198/711 3815/8199/706
f 3810/8200/681 3811/8201/685 3831/8202/712 3830/8203/709
f 3803/8204/682 3804/8205/673 3824/8206/676 3823/8207/710
f 3796/8208/683 3797/8209/686 3817/8210/698 3816/8211/711
f 3811/8212/685 3812/8213/687 3832/8214/700 3831/8215/712
f 3838/8216/713 3839/8217/714 3859/8218/715 3858/8219/716
f 3829/8220/708 3830/8221/709 3850/8222/717 3849/8223/718
f 3822/8224/694 3823/8225/710 3843/8226/719 3842/8227/695
f 3815/8228/706 3816/8229/711 3836/8230/720 3835/8231/721
f 3830/8232/709 3831/8233/712 3851/8234/722 3850/8235/717
f 3823/8236/710 3824/8237/676 3844/8238/723 3843/8239/719
f 3816/8240/711 3817/8241/698 3837/8242/724 3836/8243/720
f 3831/8244/712 3832/8245/700 3852/8246/725 3851/8247/722
f 3824/8248/676 3825/8249/675 3845/8250/726 3844/8251/723
f 3817/8252/698 3818/8253/697 3838/8254/713 3837/8255/724
f 3832/8256/700 3833/8257/699 3853/8258/727 3852/8259/725
f 3825/8260/675 3826/8261/701 3846/8262/728 3845/8263/726
f 3818/8264/697 3819/8265/702 3839/8266/714 3838/8267/713
f 3833/8268/699 3834/8269/703 3854/8270/729 3853/8271/727
f 3826/8272/701 3827/8273/704 3847/8274/730 3846/8275/728
f 3819/8276/702 3820/8277/705 3840/8278/731 3839/8279/714
f 3834/8280/703 3815/8281/706 3835/8282/721 3854/8283/729
f 3827/8284/704 3828/8285/707 3848/8286/732 3847/8287/730
f 3820/8288/705 3821/8289/693 3841/8290/696 3840/8291/731
f 3828/8292/707 3829/8293/708 3849/8294/718 3848/8295/732
f 3855/8296/733 3856/8297/734 3876/8298/735 3875/8299/736
f 3853/8300/727 3854/8301/729 3874/8302/737 3873/8303/738
f 3846/8304/728 3847/8305/730 3867/8306/739 3866/8307/740
f 3839/8308/714 3840/8309/731 3860/8310/741 3859/8311/715
f 3854/8312/729 3835/8313/721 3855/8314/733 3874/8315/737
f 3847/8316/730 3848/8317/732 3868/8318/742 3867/8319/739
f 3840/8320/731 3841/8321/696 3861/8322/743 3860/8323/741
f 3848/8324/732 3849/8325/718 3869/8326/744 3868/8327/742
f 3841/8328/696 3842/8329/695 3862/8330/745 3861/8331/743
f 3849/8332/718 3850/8333/717 3870/8334/746 3869/8335/744
f 3842/8336/695 3843/8337/719 3863/8338/747 3862/8339/745
f 3835/8340/721 3836/8341/720 3856/8342/734 3855/8343/733
f 3850/8344/717 3851/8345/722 3871/8346/748 3870/8347/746
f 3843/8348/719 3844/8349/723 3864/8350/749 3863/8351/747
f 3836/8352/720 3837/8353/724 3857/8354/750 3856/8355/734
f 3851/8356/722 3852/8357/725 3872/8358/751 3871/8359/748
f 3844/8360/723 3845/8361/726 3865/8362/752 3864/8363/749
f 3837/8364/724 3838/8365/713 3858/8366/716 3857/8367/750
f 3852/8368/725 3853/8369/727 3873/8370/738 3872/8371/751
f 3845/8372/726 3846/8373/728 3866/8374/740 3865/8375/752
f 3887/8376/753 3888/8377/754 3908/8378/755 3907/8379/756
f 3870/8380/746 3871/8381/748 3891/8382/757 3890/8383/758
f 3863/8384/747 3864/8385/749 3884/8386/759 3883/8387/760
f 3856/8388/734 3857/8389/750 3877/8390/761 3876/8391/735
f 3871/8392/748 3872/8393/751 3892/8394/762 3891/8395/757
f 3864/8396/749 3865/8397/752 3885/8398/763 3884/8399/759
f 3857/8400/750 3858/8401/716 3878/8402/764 3877/8403/761
f 3872/8404/751 3873/8405/738 3893/8406/765 3892/8407/762
f 3865/8408/752 3866/8409/740 3886/8410/766 3885/8411/763
f 3858/8412/716 3859/8413/715 3879/8414/767 3878/8415/764
f 3873/8416/738 3874/8417/737 3894/8418/768 3893/8419/765
f 3866/8420/740 3867/8421/739 3887/8422/753 3886/8423/766
f 3859/8424/715 3860/8425/741 3880/8426/769 3879/8427/767
f 3874/8428/737 3855/8429/733 3875/8430/736 3894/8431/768
f 3867/8432/739 3868/8433/742 3888/8434/754 3887/8435/753
f 3860/8436/741 3861/8437/743 3881/8438/770 3880/8439/769
f 3868/8440/742 3869/8441/744 3889/8442/771 3888/8443/754
f 3861/8444/743 3862/8445/745 3882/8446/772 3881/8447/770
f 3869/8448/744 3870/8449/746 3890/8450/758 3889/8451/771
f 3862/8452/745 3863/8453/747 3883/8454/760 3882/8455/772
f 3904/8456/773 3905/8457/774 3925/8458/775 3924/8459/776
f 3880/8460/769 3881/8461/770 3901/8462/777 3900/8463/778
f 3888/8464/754 3889/8465/771 3909/8466/779 3908/8467/755
f 3881/8468/770 3882/8469/772 3902/8470/780 3901/8471/777
f 3889/8472/771 3890/8473/758 3910/8474/781 3909/8475/779
f 3882/8476/772 3883/8477/760 3903/8478/782 3902/8479/780
f 3875/8480/736 3876/8481/735 3896/8482/783 3895/8483/784
f 3890/8484/758 3891/8485/757 3911/8486/785 3910/8487/781
f 3883/8488/760 3884/8489/759 3904/8490/773 3903/8491/782
f 3876/8492/735 3877/8493/761 3897/8494/786 3896/8495/783
f 3891/8496/757 3892/8497/762 3912/8498/787 3911/8499/785
f 3884/8500/759 3885/8501/763 3905/8502/774 3904/8503/773
f 3877/8504/761 3878/8505/764 3898/8506/788 3897/8507/786
f 3892/8508/762 3893/8509/765 3913/8510/789 3912/8511/787
f 3885/8512/763 3886/8513/766 3906/8514/790 3905/8515/774
f 3878/8516/764 3879/8517/767 3899/8518/791 3898/8519/788
f 3893/8520/765 3894/8521/768 3914/8522/792 3913/8523/789
f 3886/8524/766 3887/8525/753 3907/8526/756 3906/8527/790
f 3879/8528/767 3880/8529/769 3900/8530/778 3899/8531/791
f 3894/8532/768 3875/8533/736 3895/8534/784 3914/8535/792
f 3921/8536/793 3922/8537/794 3942/8538/795 3941/8539/796
f 3897/8540/786 3898/8541/788 3918/8542/797 3917/8543/798
f 3912/8544/787 3913/8545/789 3933/8546/799 3932/8547/800
f 3905/8548/774 3906/8549/790 3926/8550/801 3925/8551/775
f 3898/8552/788 3899/8553/791 3919/8554/802 3918/8555/797
f 3913/8556/789 3914/8557/792 3934/8558/803 3933/8559/799
f 3906/8560/790 3907/8561/756 3927/8562/804 3926/8563/801
f 3899/8564/791 3900/8565/778 3920/8566/805 3919/8567/802
f 3914/8568/792 3895/8569/784 3915/8570/806 3934/8571/803
f 3907/8572/756 3908/8573/755 3928/8574/807 3927/8575/804
f 3900/8576/778 3901/8577/777 3921/8578/793 3920/8579/805
f 3908/8580/755 3909/8581/779 3929/8582/808 3928/8583/807
f 3901/8584/777 3902/8585/780 3922/8586/794 3921/8587/793
f 3909/8588/779 3910/8589/781 3930/8590/809 3929/8591/808
f 3902/8592/780 3903/8593/782 3923/8594/810 3922/8595/794
f 3895/8596/784 3896/8597/783 3916/8598/811 3915/8599/806
f 3910/8600/781 3911/8601/785 3931/8602/812 3930/8603/809
f 3903/8604/782 3904/8605/773 3924/8606/776 3923/8607/810
f 3896/8608/783 3897/8609/786 3917/8610/798 3916/8611/811
f 3911/8612/785 3912/8613/787 3932/8614/800 3931/8615/812
f 3938/8616/813 3939/8617/814 3959/8618/815 3958/8619/816
f 3929/8620/808 3930/8621/809 3950/8622/817 3949/8623/818
f 3922/8624/794 3923/8625/810 3943/8626/819 3942/8627/795
f 3915/8628/806 3916/8629/811 3936/8630/820 3935/8631/821
f 3930/8632/809 3931/8633/812 3951/8634/822 3950/8635/817
f 3923/8636/810 3924/8637/776 3944/8638/823 3943/8639/819
f 3916/8640/811 3917/8641/798 3937/8642/824 3936/8643/820
f 3931/8644/812 3932/8645/800 3952/8646/825 3951/8647/822
f 3924/8648/776 3925/8649/775 3945/8650/826 3944/8651/823
f 3917/8652/798 3918/8653/797 3938/8654/813 3937/8655/824
f 3932/8656/800 3933/8657/799 3953/8658/827 3952/8659/825
f 3925/8660/775 3926/8661/801 3946/8662/828 3945/8663/826
f 3918/8664/797 3919/8665/802 3939/8666/814 3938/8667/813
f 3933/8668/799 3934/8669/803 3954/8670/829 3953/8671/827
f 3926/8672/801 3927/8673/804 3947/8674/830 3946/8675/828
f 3919/8676/802 3920/8677/805 3940/8678/831 3939/8679/814
f 3934/8680/803 3915/8681/806 3935/8682/821 3954/8683/829
f 3927/8684/804 3928/8685/807 3948/8686/832 3947/8687/830
f 3920/8688/805 3921/8689/793 3941/8690/796 3940/8691/831
f 3928/8692/807 3929/8693/808 3949/8694/818 3948/8695/832
s 0
f 3955/8696/833 3956/8697/833 3957/8698/833 3958/8699/833 3959/8700/833 3960/8701/833 3961/8702/833 3962/8703/833 3963/8704/833 3964/8705/833 3965/8706/833 3966/8707/833 3967/8708/833 3968/8709/833 3969/8710/833 3970/8711/833 3971/8712/833 3972/8713/833 3973/8714/833 3974/8715/833
s 1
f 3953/8716/827 3954/8717/829 3974/8718/834 3973/8719/835
f 3946/8720/828 3947/8721/830 3967/8722/836 3966/8723/837
f 3939/8724/814 3940/8725/831 3960/8726/838 3959/8727/815
f 3954/8728/829 3935/8729/821 3955/8730/839 3974/8731/834
f 3947/8732/830 3948/8733/832 3968/8734/840 3967/8735/836
f 3940/8736/831 3941/8737/796 3961/8738/841 3960/8739/838
f 3948/8740/832 3949/8741/818 3969/8742/842 3968/8743/840
f 3941/8744/796 3942/8745/795 3962/8746/843 3961/8747/841
f 3949/8748/818 3950/8749/817 3970/8750/844 3969/8751/842
f 3942/8752/795 3943/8753/819 3963/8754/845 3962/8755/843
f 3935/8756/821 3936/8757/820 3956/8758/846 3955/8758/839
f 3950/8759/817 3951/8760/822 3971/8761/847 3970/8762/844
f 3943/8763/819 3944/8764/823 3964/8765/848 3963/8766/845
f 3936/8767/820 3937/8768/824 3957/8769/849 3956/8770/846
f 3951/8771/822 3952/8772/825 3972/8773/850 3971/8774/847
f 3944/8775/823 3945/8776/826 3965/8777/851 3964/8778/848
f 3937/8779/824 3938/8780/813 3958/8781/816 3957/8782/849
f 3952/8783/825 3953/8784/827 3973/8785/835 3972/8786/850
f 3945/8787/826 3946/8788/828 3966/8789/837 3965/8790/851
s 0
f 3998/8791/556 3975/8792/556 4014/8793/556 4012/8794/556 4010/8795/556 4008/8796/556 4006/8797/556 4004/8798/556 4002/8799/556 4000/8800/556
s 1
f 3977/8801/505 3978/8802/505 3980/8803/852 3979/8804/852
s 0
f 4009/8805/561 4010/8806/561 4012/8807/561 4011/8808/561
s 1
f 3979/8809/852 3980/8810/852 3982/8811/853 3981/8812/853
s 0
f 4007/8813/854 4008/8814/854 4010/8815/854 4009/8816/854
s 1
f 3981/8817/853 3982/8818/853 3984/8819/855 3983/8820/855
s 0
f 4005/8821/856 4006/8822/856 4008/8823/856 4007/8824/856
s 1
f 3983/8825/855 3984/8826/855 3986/8827/857 3985/8828/857
s 0
f 4003/8829/858 4004/8830/858 4006/8831/858 4005/8832/858
s 1
f 3985/8833/857 3986/8834/857 3988/8835/504 3987/8836/504
s 0
f 4001/8837/859 4002/8838/859 4004/8839/859 4003/8840/859
s 1
f 3987/8841/504 3988/8842/504 3990/8843/860 3989/8844/860
s 0
f 3976/8845/566 3997/8846/566 3999/8847/566 4001/8848/566 4003/8849/566 4005/8850/566 4007/8851/566 4009/8852/566 4011/8853/566 4013/8854/566
f 3999/8855/551 4000/8856/551 4002/8857/551 4001/8858/551
s 1
f 3989/8859/860 3990/8860/860 3992/8861/861 3991/8862/861
s 0
f 4013/8863/862 4014/8864/862 3975/8865/862 3976/8866/862
f 3997/8867/863 3998/8868/863 4000/8869/863 3999/8870/863
s 1
f 3991/8871/861 3992/8872/861 3994/8873/864 3993/8874/864
s 0
f 3980/8875/556 3978/8876/556 3996/8877/556 3994/8878/556 3992/8879/556 3990/8880/556 3988/8881/556 3986/8882/556 3984/8883/556 3982/8884/556
f 3976/8885/865 3975/8886/865 3998/8887/865 3997/8888/865
s 1
f 3993/8889/864 3994/8890/864 3996/8891/866 3995/8892/866
s 0
f 4011/8893/867 4012/8894/867 4014/8895/867 4013/8896/867
s 1
f 3995/8897/866 3996/8898/866 3978/8899/505 3977/8900/505
s 0
f 3977/8901/566 3979/8902/566 3981/8903/566 3983/8903/566 3985/8902/566 3987/8901/566 3989/8904/566 3991/8905/566 3993/8905/566 3995/8904/566
f 4018/8906/504 4015/8907/504 4034/8908/504 4032/8909/504 4030/8910/504 4028/8911/504 4026/8912/504 4024/8913/504 4022/8914/504 4020/8915/504
s 1
f 4029/8916/562 4030/8917/562 4032/8918/560 4031/8919/560
f 4027/8920/564 4028/8921/564 4030/8922/562 4029/8923/562
f 4025/8924/868 4026/8925/868 4028/8926/564 4027/8927/564
f 4023/8928/568 4024/8929/568 4026/8930/868 4025/8931/868
f 4021/8932/869 4022/8933/869 4024/8934/568 4023/8935/568
s 0
f 4016/8936/505 4017/8937/505 4019/8938/505 4021/8939/505 4023/8940/505 4025/8941/505 4027/8942/505 4029/8943/505 4031/8944/505 4033/8945/505
s 1
f 4019/8946/870 4020/8947/870 4022/8948/869 4021/8949/869
f 4033/8950/558 4034/8951/558 4015/8952/871 4016/8953/871
f 4017/8954/554 4018/8955/554 4020/8956/870 4019/8957/870
f 4016/8958/871 4015/8959/871 4018/8960/554 4017/8961/554
f 4031/8962/560 4032/8963/560 4034/8964/558 4033/8965/558
s 0
f 4038/8966/561 4035/8967/561 4054/8968/561 4052/8969/561 4050/8970/561 4048/8971/561 4046/8970/561 4044/8972/561 4042/8973/561 4040/8974/561
s 1
f 4049/8975/872 4050/8975/872 4052/8976/873 4051/8976/873
f 4047/8977/874 4048/8978/874 4050/8979/872 4049/8980/872
f 4045/8981/875 4046/8982/875 4048/8983/874 4047/8984/874
f 4043/8985/876 4044/8986/876 4046/8987/875 4045/8988/875
f 4041/8989/877 4042/8990/877 4044/8991/876 4043/8992/876
s 0
f 4036/8993/878 4037/8994/878 4039/8995/878 4041/8996/878 4043/8997/878 4045/8998/878 4047/8999/878 4049/9000/878 4051/9001/878 4053/8997/878
s 1
f 4039/9002/879 4040/9002/879 4042/9003/877 4041/9003/877
f 4053/9004/880 4054/9005/880 4035/9006/881 4036/9007/881
f 4037/9008/882 4038/9009/882 4040/9010/879 4039/9011/879
f 4036/9012/881 4035/9013/881 4038/9014/882 4037/9015/882
f 4051/9016/873 4052/9017/873 4054/9018/880 4053/9019/880
f 4055/9020/551 4056/9021/551 4058/9022/552 4057/9023/552
f 4057/9024/552 4058/9025/552 4060/9026/553 4059/9027/553
f 4059/9028/553 4060/9029/553 4062/9030/554 4061/9031/554
f 4061/9032/554 4062/9033/554 4064/9034/555 4063/9035/555
f 4063/9036/555 4064/9037/555 4066/9038/556 4065/9039/556
f 4065/9040/556 4066/9041/556 4068/9042/557 4067/9043/557
f 4067/9044/557 4068/9045/557 4070/9046/558 4069/9047/558
f 4069/9048/558 4070/9049/558 4072/9050/559 4071/9051/559
f 4071/9052/559 4072/9053/559 4074/9054/560 4073/9055/560
f 4073/9056/560 4074/9057/560 4076/9058/561 4075/9059/561
f 4075/9060/561 4076/9061/561 4078/9062/562 4077/9063/562
f 4077/9064/562 4078/9065/562 4080/9066/563 4079/9067/563
f 4079/9068/563 4080/9069/563 4082/9070/564 4081/9071/564
f 4081/9072/564 4082/9073/564 4084/9074/565 4083/9075/565
f 4083/9076/565 4084/9077/565 4086/9078/566 4085/9079/566
f 4085/9080/566 4086/9081/566 4088/9082/567 4087/9083/567
f 4087/9084/567 4088/9085/567 4090/9086/568 4089/9087/568
f 4089/9088/568 4090/9089/568 4092/9090/569 4091/9091/569
s 0
f 4058/9092/505 4056/9093/505 4094/9094/505 4092/9095/505 4090/9096/505 4088/9097/505 4086/9098/505 4084/9099/505 4082/9100/505 4080/9101/505 4078/9102/505 4076/9103/505 4074/9104/505 4072/9105/505 4070/9106/505 4068/9107/505 4066/9108/505 4064/9109/505 4062/9110/505 4060/9111/505
s 1
f 4091/9112/569 4092/9113/569 4094/9114/570 4093/9112/570
f 4093/9115/570 4094/9116/570 4056/9117/551 4055/9118/551
s 0
f 4055/9119/504 4057/9120/504 4059/9121/504 4061/9122/504 4063/9123/504 4065/9124/504 4067/9125/504 4069/9126/504 4071/9127/504 4073/9128/504 4075/9129/504 4077/9130/504 4079/9131/504 4081/9132/504 4083/9133/504 4085/9134/504 4087/9135/504 4089/9136/504 4091/9137/504 4093/9138/504
s 1
f 4095/9139/571 4096/9140/572 4098/9141/573 4097/9142/574
f 4097/9143/574 4098/9144/573 4100/9145/575 4099/9146/883
f 4099/9147/883 4100/9148/575 4102/9149/577 4101/9150/578
f 4101/9151/578 4102/9152/577 4104/9153/579 4103/9154/580
f 4103/9155/580 4104/9156/579 4106/9157/581 4105/9158/582
f 4105/9159/582 4106/9160/581 4108/9161/583 4107/9162/584
f 4107/9163/584 4108/9164/583 4110/9165/585 4109/9166/586
f 4109/9167/586 4110/9168/585 4112/9169/587 4111/9170/588
f 4111/9171/588 4112/9172/587 4114/9173/589 4113/9174/590
f 4113/9175/590 4114/9176/589 4116/9177/591 4115/9178/884
f 4115/9179/884 4116/9180/591 4118/9181/593 4117/9182/885
f 4117/9183/885 4118/9184/593 4120/9185/595 4119/9186/596
f 4119/9187/596 4120/9188/595 4122/9189/597 4121/9190/598
f 4121/9191/598 4122/9192/597 4124/9193/599 4123/9194/600
f 4123/9195/600 4124/9196/599 4126/9197/601 4125/9198/602
f 4125/9199/602 4126/9200/601 4128/9201/603 4127/9202/604
f 4127/9203/604 4128/9204/603 4130/9205/605 4129/9206/606
f 4129/9207/606 4130/9208/605 4132/9209/607 4131/9210/886
f 4098/9211/573 4096/9212/572 4134/9213/609 4132/9214/607 4130/9215/605 4128/9216/603 4126/9217/601 4124/9218/599 4122/9219/597 4120/9220/595 4118/9221/593 4116/9222/591 4114/9223/589 4112/9224/587 4110/9225/585 4108/9226/583 4106/9227/581 4104/9228/579 4102/9229/577 4100/9230/575
f 4131/9231/886 4132/9232/607 4134/9233/609 4133/9234/610
f 4133/9235/610 4134/9236/609 4096/9237/572 4095/9238/571
f 4097/9239/574 4099/9240/883 4137/9241/611 4136/9242/612
f 4153/9243/613 4154/9244/614 4174/9245/615 4173/9246/616
f 4107/9247/584 4109/9248/586 4142/9249/617 4141/9250/887
f 4117/9251/885 4119/9252/596 4147/9253/619 4146/9254/620
f 4127/9255/604 4129/9256/606 4152/9257/621 4151/9258/622
f 4103/9259/580 4105/9260/582 4140/9261/623 4139/9262/624
f 4113/9263/590 4115/9264/884 4145/9265/625 4144/9266/626
f 4123/9267/600 4125/9268/602 4150/9269/888 4149/9270/628
f 4133/9271/610 4095/9272/571 4135/9273/889 4154/9274/614
f 4099/9275/883 4101/9276/578 4138/9277/890 4137/9278/611
f 4109/9279/586 4111/9280/588 4143/9281/631 4142/9282/617
f 4095/9283/571 4097/9284/574 4136/9285/612 4135/9286/889
f 4119/9287/596 4121/9288/598 4148/9289/632 4147/9290/619
f 4129/9291/606 4131/9292/886 4153/9293/613 4152/9294/621
f 4105/9295/582 4107/9296/584 4141/9297/887 4140/9298/623
f 4115/9299/884 4117/9300/885 4146/9301/620 4145/9302/625
f 4125/9303/602 4127/9304/604 4151/9305/622 4150/9306/888
f 4101/9307/578 4103/9308/580 4139/9309/624 4138/9310/890
f 4111/9311/588 4113/9312/590 4144/9313/626 4143/9313/631
f 4121/9314/598 4123/9315/600 4149/9316/628 4148/9317/632
f 4131/9318/886 4133/9319/610 4154/9320/614 4153/9321/613
f 4170/9322/633 4171/9323/891 4191/9324/892 4190/9325/893
f 4146/9326/620 4147/9327/619 4167/9328/637 4166/9329/894
f 4139/9330/624 4140/9331/623 4160/9332/639 4159/9333/640
f 4154/9334/614 4135/9335/889 4155/9336/895 4174/9337/615
f 4147/9338/619 4148/9339/632 4168/9340/896 4167/9341/637
f 4140/9342/623 4141/9343/887 4161/9344/897 4160/9345/639
f 4148/9346/632 4149/9347/628 4169/9348/644 4168/9349/896
f 4141/9350/887 4142/9351/617 4162/9352/898 4161/9353/897
f 4149/9354/628 4150/9355/888 4170/9356/633 4169/9357/644
f 4142/9358/617 4143/9359/631 4163/9360/646 4162/9361/898
f 4135/9362/889 4136/9363/612 4156/9364/647 4155/9365/895
f 4150/9366/888 4151/9367/622 4171/9368/891 4170/9369/633
f 4143/9370/631 4144/9371/626 4164/9372/648 4163/9373/646
f 4136/9374/612 4137/9375/611 4157/9376/899 4156/9377/647
f 4151/9378/622 4152/9379/621 4172/9380/650 4171/9381/891
f 4144/9382/626 4145/9383/625 4165/9384/651 4164/9385/648
f 4137/9386/611 4138/9387/890 4158/9388/652 4157/9389/899
f 4152/9390/621 4153/9391/613 4173/9392/616 4172/9393/650
f 4145/9394/625 4146/9395/620 4166/9396/894 4165/9397/651
f 4138/9398/890 4139/9399/624 4159/9400/640 4158/9401/652
f 4187/9402/653 4188/9403/654 4208/9404/655 4207/9405/656
f 4163/9406/646 4164/9407/648 4184/9408/657 4183/9409/900
f 4156/9410/647 4157/9411/899 4177/9412/659 4176/9413/660
f 4171/9414/891 4172/9415/650 4192/9416/661 4191/9417/892
f 4164/9418/648 4165/9419/651 4185/9420/662 4184/9421/657
f 4157/9422/899 4158/9423/652 4178/9424/901 4177/9425/659
f 4172/9426/650 4173/9427/616 4193/9428/902 4192/9429/661
f 4165/9430/651 4166/9431/894 4186/9432/665 4185/9433/662
f 4158/9434/652 4159/9435/640 4179/9436/666 4178/9437/901
f 4173/9438/616 4174/9439/615 4194/9440/667 4193/9441/902
f 4166/9442/894 4167/9443/637 4187/9444/653 4186/9445/665
f 4159/9446/640 4160/9447/639 4180/9448/903 4179/9449/666
f 4174/9450/615 4155/9451/895 4175/9452/669 4194/9453/667
f 4167/9454/637 4168/9455/896 4188/9456/654 4187/9457/653
f 4160/9458/639 4161/9459/897 4181/9460/904 4180/9461/903
f 4168/9462/896 4169/9463/644 4189/9464/905 4188/9465/654
f 4161/9466/897 4162/9467/898 4182/9468/672 4181/9469/904
f 4169/9470/644 4170/9471/633 4190/9472/893 4189/9473/905
f 4162/9474/898 4163/9475/646 4183/9476/900 4182/9477/672
f 4155/9478/895 4156/9479/647 4176/9480/660 4175/9481/669
f 4204/9482/673 4205/9483/906 4225/9484/675 4224/9485/907
f 4180/9486/903 4181/9487/904 4201/9488/677 4200/9489/678
f 4188/9490/654 4189/9491/905 4209/9492/908 4208/9493/655
f 4181/9494/904 4182/9495/672 4202/9496/680 4201/9497/677
f 4189/9498/905 4190/9499/893 4210/9500/909 4209/9501/908
f 4182/9502/672 4183/9503/900 4203/9504/682 4202/9505/680
f 4175/9506/669 4176/9507/660 4196/9508/683 4195/9509/684
f 4190/9510/893 4191/9511/892 4211/9512/910 4210/9513/909
f 4183/9514/900 4184/9515/657 4204/9516/673 4203/9517/682
f 4176/9518/660 4177/9519/659 4197/9520/686 4196/9521/683
f 4191/9522/892 4192/9523/661 4212/9524/911 4211/9525/910
f 4184/9526/657 4185/9527/662 4205/9528/906 4204/9529/673
f 4177/9530/659 4178/9531/901 4198/9532/688 4197/9533/686
f 4192/9534/661 4193/9535/902 4213/9536/689 4212/9537/911
f 4185/9538/662 4186/9539/665 4206/9540/690 4205/9541/906
f 4178/9542/901 4179/9543/666 4199/9544/912 4198/9545/688
f 4193/9546/902 4194/9547/667 4214/9548/692 4213/9549/689
f 4186/9550/665 4187/9551/653 4207/9552/656 4206/9553/690
f 4179/9554/666 4180/9555/903 4200/9556/678 4199/9557/912
f 4194/9558/667 4175/9559/669 4195/9560/684 4214/9561/692
f 4221/9562/913 4222/9563/694 4242/9564/695 4241/9565/914
f 4197/9566/686 4198/9567/688 4218/9568/697 4217/9569/698
f 4212/9570/911 4213/9571/689 4233/9572/699 4232/9573/700
f 4205/9574/906 4206/9575/690 4226/9576/701 4225/9577/675
f 4198/9578/688 4199/9579/912 4219/9580/702 4218/9581/697
f 4213/9582/689 4214/9583/692 4234/9584/703 4233/9585/699
f 4206/9586/690 4207/9587/656 4227/9588/704 4226/9589/701
f 4199/9590/912 4200/9591/678 4220/9592/705 4219/9593/702
f 4214/9594/692 4195/9595/684 4215/9596/706 4234/9597/703
f 4207/9598/656 4208/9599/655 4228/9600/915 4227/9601/704
f 4200/9602/678 4201/9603/677 4221/9604/913 4220/9605/705
f 4208/9606/655 4209/9607/908 4229/9608/708 4228/9609/915
f 4201/9610/677 4202/9611/680 4222/9612/694 4221/9613/913
f 4209/9614/908 4210/9615/909 4230/9616/916 4229/9617/708
f 4202/9618/680 4203/9619/682 4223/9620/710 4222/9621/694
f 4195/9622/684 4196/9623/683 4216/9624/917 4215/9625/706
f 4210/9626/909 4211/9627/910 4231/9628/918 4230/9629/916
f 4203/9630/682 4204/9631/673 4224/9632/907 4223/9633/710
f 4196/9634/683 4197/9635/686 4217/9636/698 4216/9637/917
f 4211/9638/910 4212/9639/911 4232/9640/700 4231/9641/918
f 4238/9642/713 4239/9643/714 4259/9644/919 4258/9645/716
f 4229/9646/708 4230/9647/916 4250/9648/717 4249/9649/718
f 4222/9650/694 4223/9651/710 4243/9652/719 4242/9653/695
f 4215/9654/706 4216/9655/917 4236/9656/920 4235/9657/721
f 4230/9658/916 4231/9659/918 4251/9660/722 4250/9661/717
f 4223/9662/710 4224/9663/907 4244/9664/723 4243/9665/719
f 4216/9666/917 4217/9667/698 4237/9668/724 4236/9669/920
f 4231/9670/918 4232/9671/700 4252/9672/921 4251/9673/722
f 4224/9674/907 4225/9675/675 4245/9676/726 4244/9677/723
f 4217/9678/698 4218/9679/697 4238/9680/713 4237/9681/724
f 4232/9682/700 4233/9683/699 4253/9684/727 4252/9685/921
f 4225/9686/675 4226/9687/701 4246/9688/728 4245/9689/726
f 4218/9690/697 4219/9691/702 4239/9692/714 4238/9693/713
f 4233/9694/699 4234/9695/703 4254/9696/922 4253/9697/727
f 4226/9698/701 4227/9699/704 4247/9700/730 4246/9701/728
f 4219/9702/702 4220/9703/705 4240/9704/923 4239/9705/714
f 4234/9706/703 4215/9707/706 4235/9708/721 4254/9709/922
f 4227/9710/704 4228/9711/915 4248/9712/732 4247/9713/730
f 4220/9714/705 4221/9715/913 4241/9716/914 4240/9717/923
f 4228/9718/915 4229/9719/708 4249/9720/718 4248/9721/732
f 4255/9722/733 4256/9723/734 4276/9724/735 4275/9725/736
f 4253/9726/727 4254/9727/922 4274/9728/737 4273/9729/738
f 4246/9730/728 4247/9731/730 4267/9732/924 4266/9733/925
f 4239/9734/714 4240/9735/923 4260/9736/741 4259/9737/919
f 4254/9738/922 4235/9739/721 4255/9740/733 4274/9741/737
f 4247/9742/730 4248/9743/732 4268/9744/742 4267/9745/924
f 4240/9746/923 4241/9747/914 4261/9748/743 4260/9749/741
f 4248/9750/732 4249/9751/718 4269/9752/926 4268/9753/742
f 4241/9754/914 4242/9755/695 4262/9756/927 4261/9757/743
f 4249/9758/718 4250/9759/717 4270/9760/928 4269/9761/926
f 4242/9762/695 4243/9763/719 4263/9764/747 4262/9765/927
f 4235/9766/721 4236/9767/920 4256/9768/734 4255/9769/733
f 4250/9770/717 4251/9771/722 4271/9772/929 4270/9773/928
f 4243/9774/719 4244/9775/723 4264/9776/749 4263/9777/747
f 4236/9778/920 4237/9779/724 4257/9780/750 4256/9781/734
f 4251/9782/722 4252/9783/921 4272/9784/930 4271/9785/929
f 4244/9786/723 4245/9787/726 4265/9788/931 4264/9789/749
f 4237/9790/724 4238/9791/713 4258/9792/716 4257/9793/750
f 4252/9794/921 4253/9795/727 4273/9796/738 4272/9797/930
f 4245/9798/726 4246/9799/728 4266/9800/925 4265/9801/931
f 4287/9802/753 4288/9803/932 4308/9804/933 4307/9805/756
f 4270/9806/928 4271/9807/929 4291/9808/757 4290/9809/934
f 4263/9810/747 4264/9811/749 4284/9812/759 4283/9813/935
f 4256/9814/734 4257/9815/750 4277/9816/761 4276/9817/735
f 4271/9818/929 4272/9819/930 4292/9820/936 4291/9821/757
f 4264/9822/749 4265/9823/931 4285/9824/937 4284/9825/759
f 4257/9826/750 4258/9827/716 4278/9828/938 4277/9829/761
f 4272/9830/930 4273/9831/738 4293/9832/939 4292/9833/936
f 4265/9834/931 4266/9835/925 4286/9836/940 4285/9837/937
f 4258/9838/716 4259/9839/919 4279/9840/941 4278/9841/938
f 4273/9842/738 4274/9843/737 4294/9844/942 4293/9845/939
f 4266/9846/925 4267/9847/924 4287/9848/753 4286/9849/940
f 4259/9850/919 4260/9851/741 4280/9852/769 4279/9853/941
f 4274/9854/737 4255/9855/733 4275/9856/736 4294/9857/942
f 4267/9858/924 4268/9859/742 4288/9860/932 4287/9861/753
f 4260/9862/741 4261/9863/743 4281/9864/943 4280/9865/769
f 4268/9866/742 4269/9867/926 4289/9868/944 4288/9869/932
f 4261/9870/743 4262/9871/927 4282/9872/945 4281/9873/943
f 4269/9874/926 4270/9875/928 4290/9876/934 4289/9877/944
f 4262/9878/927 4263/9879/747 4283/9880/935 4282/9881/945
f 4304/9882/773 4305/9883/774 4325/9884/775 4324/9885/776
f 4280/9886/769 4281/9887/943 4301/9888/777 4300/9889/778
f 4288/9890/932 4289/9891/944 4309/9892/946 4308/9893/933
f 4281/9894/943 4282/9895/945 4302/9896/947 4301/9897/777
f 4289/9898/944 4290/9899/934 4310/9900/781 4309/9901/946
f 4282/9902/945 4283/9903/935 4303/9904/782 4302/9905/947
f 4275/9906/736 4276/9907/735 4296/9908/783 4295/9909/784
f 4290/9910/934 4291/9911/757 4311/9912/948 4310/9913/781
f 4283/9914/935 4284/9915/759 4304/9916/773 4303/9917/782
f 4276/9918/735 4277/9919/761 4297/9920/786 4296/9921/783
f 4291/9922/757 4292/9923/936 4312/9924/949 4311/9925/948
f 4284/9926/759 4285/9927/937 4305/9928/774 4304/9929/773
f 4277/9930/761 4278/9931/938 4298/9932/788 4297/9933/786
f 4292/9934/936 4293/9935/939 4313/9936/789 4312/9937/949
f 4285/9938/937 4286/9939/940 4306/9940/790 4305/9941/774
f 4278/9942/938 4279/9943/941 4299/9944/791 4298/9945/788
f 4293/9946/939 4294/9947/942 4314/9948/792 4313/9949/789
f 4286/9950/940 4287/9951/753 4307/9952/756 4306/9953/790
f 4279/9954/941 4280/9955/769 4300/9956/778 4299/9957/791
f 4294/9958/942 4275/9959/736 4295/9960/784 4314/9961/792
f 4321/9962/950 4322/9963/951 4342/9964/795 4341/9965/796
f 4297/9966/786 4298/9967/788 4318/9968/952 4317/9969/798
f 4312/9970/949 4313/9971/789 4333/9972/953 4332/9973/800
f 4305/9974/774 4306/9975/790 4326/9976/801 4325/9977/775
f 4298/9978/788 4299/9979/791 4319/9980/802 4318/9981/952
f 4313/9982/789 4314/9983/792 4334/9984/803 4333/9985/953
f 4306/9986/790 4307/9987/756 4327/9988/804 4326/9989/801
f 4299/9990/791 4300/9991/778 4320/9992/805 4319/9993/802
f 4314/9994/792 4295/9995/784 4315/9996/806 4334/9997/803
f 4307/9998/756 4308/9999/933 4328/10000/807 4327/10001/804
f 4300/10002/778 4301/10003/777 4321/10004/950 4320/10005/805
f 4308/10006/933 4309/10007/946 4329/10008/808 4328/10009/807
f 4301/10010/777 4302/10011/947 4322/10012/951 4321/10013/950
f 4309/10014/946 4310/10015/781 4330/10016/954 4329/10017/808
f 4302/10018/947 4303/10019/782 4323/10020/810 4322/10021/951
f 4295/10022/784 4296/10023/783 4316/10024/811 4315/10025/806
f 4310/10026/781 4311/10027/948 4331/10028/812 4330/10029/954
f 4303/10030/782 4304/10031/773 4324/10032/776 4323/10033/810
f 4296/10034/783 4297/10035/786 4317/10036/798 4316/10037/811
f 4311/10038/948 4312/10039/949 4332/10040/800 4331/10041/812
f 4338/10042/813 4339/10043/814 4359/10044/815 4358/10045/955
f 4329/10046/808 4330/10047/954 4350/10048/817 4349/10049/818
f 4322/10050/951 4323/10051/810 4343/10052/956 4342/10053/795
f 4315/10054/806 4316/10055/811 4336/10056/957 4335/10057/821
f 4330/10058/954 4331/10059/812 4351/10060/822 4350/10061/817
f 4323/10062/810 4324/10063/776 4344/10064/823 4343/10065/956
f 4316/10066/811 4317/10067/798 4337/10068/824 4336/10069/957
f 4331/10070/812 4332/10071/800 4352/10072/825 4351/10073/822
f 4324/10074/776 4325/10075/775 4345/10076/826 4344/10077/823
f 4317/10078/798 4318/10079/952 4338/10080/813 4337/10081/824
f 4332/10082/800 4333/10083/953 4353/10084/827 4352/10085/825
f 4325/10086/775 4326/10087/801 4346/10088/828 4345/10089/826
f 4318/10090/952 4319/10091/802 4339/10092/814 4338/10093/813
f 4333/10094/953 4334/10095/803 4354/10096/958 4353/10097/827
f 4326/10098/801 4327/10099/804 4347/10100/830 4346/10101/828
f 4319/10102/802 4320/10103/805 4340/10104/959 4339/10105/814
f 4334/10106/803 4315/10107/806 4335/10108/821 4354/10109/958
f 4327/10110/804 4328/10111/807 4348/10112/832 4347/10113/830
f 4320/10114/805 4321/10115/950 4341/10116/796 4340/10117/959
f 4328/10118/807 4329/10119/808 4349/10120/818 4348/10121/832
s 0
f 4355/10122/833 4356/10123/833 4357/10124/833 4358/10125/833 4359/10126/833 4360/10127/833 4361/10128/833 4362/10129/833 4363/10130/833 4364/10131/833 4365/10132/833 4366/10133/833 4367/10134/833 4368/10135/833 4369/10136/833 4370/10137/833 4371/10138/833 4372/10139/833 4373/10140/833 4374/10141/833
s 1
f 4353/10142/827 4354/10143/958 4374/10144/834 4373/10145/835
f 4346/10146/828 4347/10147/830 4367/10148/836 4366/10149/837
f 4339/10150/814 4340/10151/959 4360/10152/838 4359/10153/815
f 4354/10154/958 4335/10155/821 4355/10156/839 4374/10157/834
f 4347/10158/830 4348/10159/832 4368/10160/840 4367/10160/836
f 4340/10161/959 4341/10162/796 4361/10163/841 4360/10164/838
f 4348/10165/832 4349/10166/818 4369/10167/842 4368/10168/840
f 4341/10169/796 4342/10170/795 4362/10171/843 4361/10172/841
f 4349/10173/818 4350/10174/817 4370/10175/844 4369/10176/842
f 4342/10177/795 4343/10178/956 4363/10179/845 4362/10180/843
f 4335/10181/821 4336/10182/957 4356/10183/960 4355/10184/839
f 4350/10185/817 4351/10186/822 4371/10187/847 4370/10188/844
f 4343/10189/956 4344/10190/823 4364/10191/848 4363/10192/845
f 4336/10193/957 4337/10194/824 4357/10195/849 4356/10196/960
f 4351/10197/822 4352/10198/825 4372/10199/850 4371/10200/847
f 4344/10201/823 4345/10202/826 4365/10203/851 4364/10204/848
f 4337/10205/824 4338/10206/813 4358/10207/955 4357/10208/849
f 4352/10209/825 4353/10210/827 4373/10211/835 4372/10212/850
f 4345/10213/826 4346/10214/828 4366/10215/837 4365/10216/851
s 0
f 4398/10217/556 4375/10218/556 4414/10219/556 4412/8794/556 4410/10220/556 4408/10221/556 4406/10222/556 4404/10223/556 4402/10224/556 4400/8800/556
s 1
f 4377/10225/505 4378/10226/505 4380/10227/852 4379/10228/852
s 0
f 4409/10229/561 4410/10230/561 4412/10231/561 4411/10232/561
s 1
f 4379/10233/852 4380/10234/852 4382/10235/853 4381/10236/853
s 0
f 4407/10237/854 4408/10238/854 4410/10239/854 4409/10240/854
s 1
f 4381/10241/853 4382/10242/853 4384/10243/855 4383/10244/855
s 0
f 4405/10245/856 4406/10246/856 4408/10247/856 4407/10248/856
s 1
f 4383/10249/855 4384/10250/855 4386/10251/857 4385/10252/857
s 0
f 4403/10253/858 4404/10254/858 4406/10255/858 4405/10256/858
s 1
f 4385/10257/857 4386/10258/857 4388/10259/504 4387/10260/504
s 0
f 4401/10261/859 4402/10262/859 4404/10263/859 4403/10264/859
s 1
f 4387/10265/504 4388/10266/504 4390/10267/860 4389/10268/860
s 0
f 4376/8845/566 4397/8846/566 4399/8847/566 4401/8848/566 4403/8849/566 4405/8850/566 4407/8851/566 4409/8852/566 4411/8853/566 4413/8854/566
f 4399/10269/551 4400/10270/551 4402/10271/551 4401/10272/551
s 1
f 4389/10273/860 4390/10274/860 4392/10275/861 4391/10276/861
s 0
f 4413/10277/961 4414/10278/961 4375/10279/961 4376/10280/961
f 4397/10281/962 4398/10282/962 4400/10283/962 4399/10284/962
s 1
f 4391/10285/861 4392/10286/861 4394/10287/864 4393/10288/864
s 0
f 4380/8875/556 4378/10289/556 4396/8877/556 4394/10290/556 4392/8879/556 4390/10291/556 4388/10292/556 4386/10293/556 4384/8883/556 4382/10294/556
f 4376/10295/865 4375/10296/865 4398/10297/865 4397/10298/865
s 1
f 4393/10299/864 4394/10300/864 4396/10301/866 4395/10302/866
s 0
f 4411/10303/963 4412/10304/963 4414/10305/963 4413/10306/963
s 1
f 4395/10307/866 4396/10308/866 4378/10309/505 4377/10310/505
s 0
f 4377/8901/566 4379/8902/566 4381/8903/566 4383/8903/566 4385/8902/566 4387/8901/566 4389/8904/566 4391/8905/566 4393/8905/566 4395/8904/566
f 4418/10311/504 4415/10312/504 4434/10313/504 4432/10314/504 4430/10315/504 4428/10316/504 4426/10317/504 4424/10318/504 4422/10319/504 4420/10320/504
s 1
f 4429/10321/562 4430/10322/562 4432/10323/560 4431/10324/560
f 4427/10325/564 4428/10326/564 4430/10327/562 4429/10328/562
f 4425/10329/868 4426/10330/868 4428/10331/564 4427/10332/564
f 4423/10333/568 4424/10334/568 4426/10335/868 4425/10336/868
f 4421/10337/869 4422/10338/869 4424/10339/568 4423/10340/568
s 0
f 4416/10341/505 4417/10342/505 4419/10343/505 4421/10344/505 4423/10345/505 4425/10346/505 4427/10347/505 4429/10348/505 4431/10349/505 4433/10350/505
s 1
f 4419/10351/870 4420/10352/870 4422/10353/869 4421/10354/869
f 4433/10355/558 4434/10356/558 4415/10357/871 4416/10358/871
f 4417/10359/554 4418/10360/554 4420/10361/870 4419/10362/870
f 4416/10363/871 4415/10364/871 4418/10365/554 4417/10366/554
f 4431/10367/560 4432/10368/560 4434/10369/558 4433/10370/558
s 0
f 4438/10371/561 4435/10372/561 4454/10373/561 4452/10374/561 4450/10375/561 4448/10376/561 4446/10377/561 4444/10378/561 4442/10379/561 4440/10380/561
s 1
f 4449/10381/872 4450/10381/872 4452/10382/873 4451/10382/873
f 4447/10383/874 4448/10384/874 4450/10385/872 4449/10386/872
f 4445/10387/875 4446/10388/875 4448/10389/874 4447/10390/874
f 4443/10391/876 4444/10392/876 4446/10393/875 4445/10394/875
f 4441/10395/877 4442/10396/877 4444/10397/876 4443/10398/876
s 0
f 4436/10399/878 4437/10400/878 4439/10401/878 4441/10402/878 4443/10403/878 4445/10404/878 4447/10405/878 4449/10406/878 4451/10407/878 4453/10405/878
s 1
f 4439/10408/879 4440/10408/879 4442/10409/877 4441/10409/877
f 4453/10410/880 4454/10411/880 4435/10412/881 4436/10413/881
f 4437/10414/882 4438/10415/882 4440/10416/879 4439/10417/879
f 4436/10418/881 4435/10419/881 4438/10420/882 4437/10421/882
f 4451/10422/873 4452/10423/873 4454/10424/880 4453/10425/880
s 0
usemtl sink
f 3636/6853/543 3632/7551/543 3640/7562/543 3642/7563/543
f 3641/7564/544 3642/7565/544 3646/7566/544 3645/7567/544
f 3632/7551/545 3631/7559/545 3639/7568/545 3640/7569/545
f 3635/6850/546 3636/6853/546 3642/7570/546 3641/7571/546
f 3631/7572/547 3635/7573/547 3641/7574/547 3639/7575/547
f 3643/7576/505 3645/7577/505 3646/7578/505 3644/7579/505
f 3639/7580/548 3641/7581/548 3645/7582/548 3643/7583/548
f 3642/7584/549 3640/7585/549 3644/7586/549 3646/7587/549
f 3640/7588/550 3639/7589/550 3643/7590/550 3644/7591/550
usemtl Material.004
f 3575/6827/503 3576/6828/503 3577/6829/503 3578/6830/503
f 3579/6831/503 3580/6832/503 3581/6833/503 3582/6834/503
f 3415/6835/504 3413/6836/504 3421/6837/504 3438/6838/504 3439/6839/504 3418/6840/504
f 3413/6841/504 3414/6842/504 3416/6843/504 3449/6844/504 3448/6845/504 3447/6846/504 3446/6847/504 3445/6848/504 3421/6849/504
f 3635/6850/505 3423/6851/505 3425/6852/505 3636/6853/505
f 3423/6854/505 3424/6855/505 3427/6856/505 3425/6857/505
f 3651/6858/503 3428/6859/503 3430/6860/503 3653/6861/503
f 3636/6853/505 3425/6852/505 3431/6862/505 3638/6863/505
f 3432/6864/506 3434/6865/506 3435/6866/506 3433/6867/506
f 3425/6857/505 3427/6856/505 3433/6868/505 3435/6869/505
f 3457/6870/505 3454/6871/505 3491/6871/505 3492/6870/505
f 3451/6872/504 3452/6873/504 3487/6873/504 3488/6872/504
f 3460/6874/507 3461/6875/507 3496/6876/507 3497/6877/507
f 3510/6878/503 3511/6879/503 3512/6880/503 3513/6881/503
f 3514/6882/503 3515/6883/503 3516/6884/503 3517/6885/503
f 3518/6886/503 3519/6887/503 3520/6888/503 3521/6889/503
f 3522/6890/503 3523/6891/503 3524/6892/503 3525/6893/503
f 3526/6894/503 3527/6895/503 3528/6896/503 3529/6897/503
f 3530/6898/503 3531/6899/503 3532/6900/503 3533/6901/503
f 3439/6902/506 3437/6903/506 3451/6904/506 3450/6905/506
f 3437/6906/506 3419/6907/506 3452/6908/506 3451/6909/506
f 3419/6910/506 3418/6911/506 3453/6875/506 3452/6912/506
f 3418/6913/506 3439/6914/506 3450/6915/506 3453/6915/506
f 3438/6916/506 3436/6917/506 3455/6904/506 3454/6918/506
f 3436/6919/506 3437/6920/506 3456/6921/506 3455/6921/506
f 3437/6922/506 3439/6923/506 3457/6905/506 3456/6924/506
f 3439/6925/506 3438/6925/506 3454/6926/506 3457/6927/506
f 3421/6928/506 3420/6929/506 3459/6930/506 3458/6931/506
f 3420/6932/506 3436/6933/506 3460/6934/506 3459/6934/506
f 3436/6935/506 3438/6936/506 3461/6918/506 3460/6937/506
f 3438/6938/506 3421/6938/506 3458/6926/506 3461/6926/506
f 3445/6939/508 3446/6940/508 3463/6941/508 3462/6942/508
f 3446/6943/509 3443/6944/509 3464/6945/509 3463/6946/509
f 3443/6947/510 3444/6948/510 3465/6949/510 3464/6950/510
f 3444/6951/511 3445/6952/511 3462/6953/511 3465/6954/511
f 3449/6955/508 3416/6956/508 3467/6957/508 3466/6958/508
f 3416/6959/509 3417/6960/509 3468/6961/509 3467/6962/509
f 3417/6963/510 3440/6964/510 3469/6965/510 3468/6966/510
f 3440/6967/511 3449/6968/511 3466/6969/511 3469/6970/511
f 3448/6971/508 3449/6972/508 3471/6973/508 3470/6974/508
f 3449/6975/509 3440/6976/509 3472/6977/509 3471/6978/509
f 3440/6979/510 3441/6980/510 3473/6981/510 3472/6982/510
f 3441/6983/511 3448/6984/511 3470/6985/511 3473/6986/511
f 3447/6987/508 3448/6988/508 3475/6989/508 3474/6990/508
f 3448/6991/509 3441/6992/509 3476/6993/509 3475/6994/509
f 3441/6995/510 3442/6996/510 3477/6997/510 3476/6998/510
f 3442/6999/511 3447/7000/511 3474/7001/511 3477/7002/511
f 3446/7003/508 3447/7004/508 3479/7005/508 3478/7006/508
f 3447/7007/509 3442/7008/509 3480/7009/509 3479/7010/509
f 3442/7011/510 3443/7012/510 3481/7013/510 3480/7014/510
f 3443/7015/511 3446/7016/511 3478/7017/511 3481/7018/511
f 3421/7019/508 3445/7020/508 3483/7021/508 3482/7022/508
f 3445/7023/509 3444/7024/509 3484/7025/509 3483/7026/509
f 3444/7027/510 3420/7028/510 3485/7029/510 3484/7030/510
f 3420/7031/511 3421/7032/511 3482/7033/511 3485/7034/511
f 3498/7035/506 3499/7036/506 3500/7036/506 3501/7037/506
f 3502/7038/506 3503/7039/506 3504/7040/506 3505/7041/506
f 3506/7042/506 3507/7043/506 3508/7044/506 3509/7045/506
f 3458/7046/512 3459/7047/512 3495/7048/512 3494/7049/512
f 3452/7050/507 3453/7051/507 3486/7052/507 3487/7050/507
f 3455/7053/504 3456/7054/504 3493/7054/504 3490/7053/504
f 3461/7055/505 3458/7056/505 3494/7056/505 3496/7055/505
f 3450/7057/512 3451/7058/512 3488/7059/512 3489/7060/512
f 3456/7061/507 3457/7062/507 3492/7063/507 3493/7064/507
f 3459/7065/504 3460/7066/504 3497/7066/504 3495/7065/504
f 3453/7067/505 3450/7068/505 3489/7068/505 3486/7067/505
f 3454/7057/512 3455/7069/512 3490/7070/512 3491/7060/512
f 3489/7071/513 3488/7072/513 3499/7073/513 3498/7074/513
f 3488/7075/514 3487/7076/514 3500/7077/514 3499/7078/514
f 3487/7079/515 3486/7080/515 3501/7042/515 3500/7043/515
f 3486/7081/516 3489/7082/516 3498/7083/516 3501/7084/516
f 3491/7085/513 3490/6877/513 3503/7086/513 3502/7087/513
f 3490/7088/514 3493/7089/514 3504/7090/514 3503/7091/514
f 3493/7092/515 3492/6875/515 3505/7074/515 3504/7093/515
f 3492/7094/516 3491/7095/516 3502/7096/516 3505/7097/516
f 3494/7098/513 3495/7099/513 3507/7100/513 3506/7101/513
f 3495/7102/517 3497/7103/517 3508/7104/517 3507/7105/517
f 3497/7106/515 3496/7107/515 3509/7108/515 3508/7109/515
f 3496/7110/516 3494/7111/516 3506/7112/516 3509/7083/516
f 3462/7113/518 3463/7114/518 3511/7115/518 3510/7116/518
f 3463/7117/519 3464/7118/519 3512/7119/519 3511/7120/519
f 3464/7121/520 3465/7122/520 3513/7123/520 3512/7124/520
f 3465/7125/521 3462/7126/521 3510/7127/521 3513/7128/521
f 3466/7129/518 3467/7130/518 3515/7131/518 3514/7132/518
f 3467/7133/519 3468/7134/519 3516/7135/519 3515/7136/519
f 3468/7137/520 3469/7138/520 3517/7139/520 3516/7140/520
f 3469/7141/522 3466/7142/522 3514/7143/522 3517/7144/522
f 3470/7145/518 3471/7146/518 3519/7147/518 3518/7148/518
f 3471/7149/519 3472/7150/519 3520/7151/519 3519/7152/519
f 3472/7153/520 3473/7154/520 3521/7155/520 3520/7156/520
f 3473/7157/522 3470/7158/522 3518/7159/522 3521/7160/522
f 3474/7161/518 3475/7162/518 3523/7163/518 3522/7164/518
f 3475/7165/519 3476/7166/519 3524/7167/519 3523/7168/519
f 3476/7169/520 3477/7170/520 3525/7171/520 3524/7172/520
f 3477/7173/522 3474/7174/522 3522/7175/522 3525/7176/522
f 3478/7177/518 3479/7178/518 3527/7179/518 3526/7180/518
f 3479/7181/523 3480/7182/523 3528/7183/523 3527/7184/523
f 3480/7185/520 3481/7186/520 3529/7187/520 3528/7188/520
f 3481/7189/522 3478/7190/522 3526/7191/522 3529/7192/522
f 3482/7193/518 3483/7194/518 3531/7195/518 3530/7196/518
f 3483/7197/519 3484/7198/519 3532/7199/519 3531/7200/519
f 3484/7201/520 3485/7202/520 3533/7203/520 3532/7204/520
f 3485/7205/521 3482/7206/521 3530/7207/521 3533/7208/521
f 3583/7209/503 3584/7210/503 3585/7211/503 3586/7212/503
f 3587/7213/503 3588/7214/503 3589/7215/503 3590/7216/503
f 3591/7217/503 3592/7218/503 3593/7219/503 3594/7220/503
f 3595/7221/503 3596/7222/503 3597/7223/503 3598/7224/503
f 3615/7225/506 3616/7226/506 3617/7227/506 3618/7228/506
f 3619/7229/506 3620/7230/506 3621/7231/506 3622/7232/506
f 3623/7233/506 3624/7234/506 3625/7235/506 3626/7236/506
f 3627/7237/506 3628/7238/506 3629/7239/506 3630/7240/506
f 3538/7241/524 3544/7242/524 3552/7243/524 3551/7244/524
f 3544/7245/525 3541/7246/525 3553/7247/525 3552/7248/525
f 3541/7249/526 3412/7250/526 3554/7251/526 3553/7252/526
f 3412/7253/527 3538/7254/527 3551/7255/527 3554/7256/527
f 3539/7257/524 3543/7258/524 3556/7259/524 3555/7260/524
f 3543/7261/525 3544/7262/525 3557/7263/525 3556/7264/525
f 3544/7265/526 3538/7266/526 3558/7267/526 3557/7268/526
f 3538/7269/527 3539/7270/527 3555/7271/527 3558/7272/527
f 3544/7273/524 3537/7274/524 3560/7275/524 3559/7276/524
f 3537/7277/525 3411/7278/525 3561/7279/525 3560/7280/525
f 3411/7281/528 3541/7282/528 3562/7283/528 3561/7284/528
f 3541/7285/527 3544/7286/527 3559/7287/527 3562/7288/527
f 3408/7289/525 3535/7290/525 3564/7291/525 3563/7292/525
f 3535/7293/526 3542/7294/526 3565/7295/526 3564/7296/526
f 3542/7297/527 3534/7298/527 3566/7299/527 3565/7300/527
f 3534/7301/524 3408/7302/524 3563/7303/524 3566/7304/524
f 3543/7305/524 3536/7306/524 3568/7307/524 3567/7308/524
f 3536/7309/525 3537/7310/525 3569/7311/525 3568/7312/525
f 3537/7313/528 3544/7314/528 3570/7315/528 3569/7316/528
f 3544/7317/527 3543/7318/527 3567/7319/527 3570/7320/527
f 3407/7321/524 3534/7322/524 3572/7323/524 3571/7324/524
f 3534/7325/525 3542/7326/525 3573/7327/525 3572/7328/525
f 3542/7329/528 3540/7330/528 3574/7331/528 3573/7332/528
f 3540/7333/527 3407/7334/527 3571/7335/527 3574/7336/527
f 3551/7337/529 3552/7338/529 3576/7339/529 3575/7340/529
f 3552/7341/530 3553/7342/530 3577/7343/530 3576/7344/530
f 3554/7345/531 3551/7346/531 3575/7347/531 3578/7348/531
f 3555/7349/529 3556/7350/529 3580/7351/529 3579/7352/529
f 3556/7353/530 3557/7354/530 3581/7355/530 3580/7356/530
f 3557/7357/532 3558/7358/532 3582/7359/532 3581/7360/532
f 3558/7361/531 3555/7362/531 3579/7363/531 3582/7364/531
f 3559/7365/529 3560/7366/529 3584/7367/529 3583/7368/529
f 3560/7369/530 3561/7370/530 3585/7371/530 3584/7372/530
f 3561/7373/532 3562/7374/532 3586/7375/532 3585/7376/532
f 3562/7377/531 3559/7378/531 3583/7379/531 3586/7380/531
f 3563/7381/530 3564/7382/530 3588/7383/530 3587/7384/530
f 3564/7385/532 3565/7386/532 3589/7387/532 3588/7388/532
f 3565/7389/531 3566/7390/531 3590/7391/531 3589/7392/531
f 3567/7393/529 3568/7394/529 3592/7395/529 3591/7396/529
f 3568/7397/530 3569/7398/530 3593/7399/530 3592/7400/530
f 3569/7401/532 3570/7402/532 3594/7403/532 3593/7404/532
f 3570/7405/531 3567/7406/531 3591/7407/531 3594/7408/531
f 3572/7409/530 3573/7410/530 3597/7411/530 3596/7412/530
f 3573/7413/532 3574/7414/532 3598/7415/532 3597/7416/532
f 3574/7417/531 3571/7418/531 3595/7419/531 3598/7420/531
f 3550/7421/533 3547/7422/533 3600/7423/533 3599/7424/533
f 3547/7425/534 3410/7426/534 3601/7427/534 3600/7428/534
f 3410/7429/535 3409/7430/535 3602/7431/535 3601/7432/535
f 3409/7433/536 3550/7434/536 3599/7435/536 3602/7436/536
f 3549/7437/533 3546/7438/533 3604/7439/533 3603/7440/533
f 3546/7441/537 3547/7442/537 3605/7443/537 3604/7444/537
f 3547/7445/535 3550/7446/535 3606/7447/535 3605/7448/535
f 3550/7449/538 3549/7450/538 3603/7451/538 3606/7452/538
f 3548/7453/533 3545/7454/533 3608/7455/533 3607/7456/533
f 3545/7457/534 3546/7458/534 3609/7459/534 3608/7460/534
f 3546/7461/535 3549/7462/535 3610/7463/535 3609/7464/535
f 3549/7465/536 3548/7466/536 3607/7467/536 3610/7468/536
f 3412/7469/533 3411/7470/533 3612/7471/533 3611/7472/533
f 3411/7473/537 3545/7474/537 3613/7475/537 3612/7476/537
f 3545/7477/535 3548/7478/535 3614/7479/535 3613/7480/535
f 3548/7481/538 3412/7482/538 3611/7483/538 3614/7484/538
f 3599/7485/539 3600/7486/539 3616/7487/539 3615/7488/539
f 3600/7489/540 3601/7490/540 3617/7491/540 3616/7492/540
f 3601/7493/541 3602/7494/541 3618/7495/541 3617/7496/541
f 3602/7497/542 3599/7498/542 3615/7499/542 3618/7500/542
f 3603/7501/539 3604/7502/539 3620/7503/539 3619/7504/539
f 3604/7505/540 3605/7506/540 3621/7507/540 3620/7508/540
f 3605/7509/541 3606/7510/541 3622/7511/541 3621/7512/541
f 3606/7513/542 3603/7514/542 3619/7515/542 3622/7516/542
f 3607/7517/539 3608/7518/539 3624/7519/539 3623/7520/539
f 3608/7521/540 3609/7522/540 3625/7523/540 3624/7524/540
f 3609/7525/541 3610/7526/541 3626/7527/541 3625/7528/541
f 3610/7529/542 3607/7530/542 3623/7531/542 3626/7532/542
f 3611/7533/539 3612/7534/539 3628/7535/539 3627/7536/539
f 3612/7537/540 3613/7538/540 3629/7539/540 3628/7540/540
f 3613/7541/541 3614/7542/541 3630/7543/541 3629/7544/541
f 3614/7545/542 3611/7546/542 3627/7547/542 3630/7548/542
f 3553/7342/532 3554/7345/532 3578/6830/532 3577/7343/532
f 3410/7549/504 3411/7549/504 3434/6865/504 3432/6864/504
f 3563/7381/529 3587/7384/529 3590/7216/529 3566/7390/529
f 3572/7409/529 3596/7412/529 3595/7221/529 3571/7418/529
f 3650/7550/505 3632/7551/505 3634/7552/505 3654/7553/505
f 3637/7554/503 3633/7555/503 3634/7556/503 3638/7557/503
f 3648/7558/505 3631/7559/505 3632/7551/505 3650/7550/505
f 3429/7560/503 3637/7554/503 3638/7557/503 3431/7561/503
f 3632/7551/505 3636/6853/505 3638/6863/505 3634/7552/505
f 3422/7592/505 3647/7593/505 3649/7594/505 3426/7595/505
f 3426/7595/505 3649/7594/505 3653/7596/505 3430/7597/505
f 3633/7555/503 3652/7598/503 3654/7599/503 3634/7556/503
f 3537/7310/504 3536/7309/504 3652/7598/504 3633/7555/504
f 3411/7278/504 3537/7310/504 3633/7555/504 3637/7554/504 3429/7560/504
f 3415/6835/871 3424/6855/871 3423/6854/871 3413/6836/871
f 3413/6836/503 3423/6854/503 3422/7549/503 3414/6842/503
o kitchen_carpet
v 39.962841 0.836773 18.904688
v 46.666546 0.836773 18.904688
v 39.962841 0.836773 -1.024929
v 46.666546 0.836773 -1.024929
vn -0.0000 1.0000 -0.0000
vt 0.000000 -1.414018
vt 1.000000 -1.414018
vt 1.000000 1.558908
vt 0.000000 1.558908
s 0
usemtl Material.003
f 4455/10426/964 4456/10427/964 4458/10428/964 4457/10429/964
o toaster
v 44.973782 3.732607 -2.797269
v 44.973782 4.591161 -2.797269
v 44.973782 3.732607 -3.239243
v 44.973782 4.591161 -3.239243
v 45.856480 3.732607 -2.797269
v 45.856480 4.591161 -2.797269
v 45.856480 3.732607 -3.239243
v 45.856480 4.591161 -3.239243
v 44.918922 3.732607 -3.165581
v 44.918922 3.732607 -3.091918
v 44.918922 3.732607 -3.018256
v 44.918922 3.732607 -2.944594
v 44.918922 3.732607 -2.870932
v 44.918922 4.591161 -2.870932
v 44.918922 4.591161 -2.944594
v 44.918922 4.591161 -3.018256
v 44.918922 4.591161 -3.091918
v 44.918922 4.591161 -3.165581
v 45.913811 3.732607 -2.870932
v 45.913811 3.732607 -2.944594
v 45.913811 3.732607 -3.018256
v 45.913811 3.732607 -3.091918
v 45.913811 3.732607 -3.165581
v 45.913811 4.591161 -3.165581
v 45.913811 4.591161 -3.091918
v 45.913811 4.591161 -3.018256
v 45.913811 4.591161 -2.944594
v 45.913811 4.591161 -2.870932
v 45.754311 3.732607 -3.239243
v 45.077583 3.732607 -3.239243
v 45.077583 4.591161 -3.239243
v 45.754311 4.591161 -3.239243
v 45.077583 3.732607 -2.797269
v 45.754311 3.732607 -2.797269
v 45.754311 4.591161 -2.797269
v 45.077583 4.591161 -2.797269
v 45.077583 4.615308 -3.165581
v 45.754311 4.615308 -3.165581
v 45.077583 4.615308 -3.091918
v 45.754311 4.615308 -3.091918
v 45.077583 4.615308 -2.944594
v 45.754311 4.615308 -2.944594
v 45.077583 4.615308 -2.870932
v 45.754311 4.615308 -2.870932
v 45.754311 3.732607 -3.165581
v 45.077583 3.732607 -3.165581
v 45.754311 3.732607 -3.091918
v 45.077583 3.732607 -3.091918
v 45.754311 3.732607 -3.018256
v 45.077583 3.732607 -3.018256
v 45.754311 3.732607 -2.944594
v 45.077583 3.732607 -2.944594
v 45.754311 3.732607 -2.870932
v 45.077583 3.732607 -2.870932
v 45.077583 3.824463 -3.165581
v 45.754311 3.824463 -3.165581
v 45.077583 3.824463 -3.091918
v 45.754311 3.824463 -3.091918
v 45.077583 3.824463 -2.944594
v 45.754311 3.824463 -2.944594
v 45.077583 3.824463 -2.870932
v 45.754311 3.824463 -2.870932
v 45.069134 3.732607 -3.239243
v 45.069134 4.591161 -2.797269
v 45.064667 3.732607 -3.165581
v 45.064667 3.732607 -3.091918
v 45.064667 3.732607 -3.018256
v 45.064667 3.732607 -2.944594
v 45.064667 3.732607 -2.870932
v 45.069134 4.591161 -3.239243
v 45.069134 3.732607 -2.797269
v 45.064667 4.613343 -3.165581
v 45.064667 4.613343 -3.091918
v 45.064667 4.613343 -3.018256
v 45.064667 4.613343 -2.944594
v 45.064667 4.613343 -2.870932
v 45.761494 4.591161 -3.239243
v 45.761494 3.732607 -2.797269
v 45.765526 4.613610 -3.165581
v 45.765526 4.613610 -3.091918
v 45.765526 4.613610 -3.018256
v 45.765526 4.613610 -2.944594
v 45.765526 4.613610 -2.870932
v 45.761494 3.732607 -3.239243
v 45.761494 4.591161 -2.797269
v 45.765526 3.732607 -3.165581
v 45.765526 3.732607 -3.091918
v 45.765526 3.732607 -3.018256
v 45.765526 3.732607 -2.944594
v 45.765526 3.732607 -2.870932
v 44.931026 4.591161 -3.181834
v 45.901161 3.732607 -3.181834
v 44.931026 3.732607 -3.181834
v 45.901161 4.591161 -3.181834
v 45.077583 3.732607 -3.181834
v 45.754311 3.732607 -3.181834
v 45.754311 4.609980 -3.181834
v 45.077583 4.609980 -3.181834
v 45.065655 3.732607 -3.181834
v 45.065655 4.608449 -3.181834
v 45.764637 4.608657 -3.181834
v 45.764637 3.732607 -3.181834
v 44.926762 3.732607 -2.860408
v 45.905621 4.591161 -2.860408
v 44.926762 4.591161 -2.860408
v 45.905621 3.732607 -2.860408
v 45.754311 4.611858 -2.860408
v 45.077583 4.611858 -2.860408
v 45.077583 3.732607 -2.860408
v 45.754311 3.732607 -2.860408
v 45.065308 3.732607 -2.860408
v 45.065308 4.610174 -2.860408
v 45.764950 4.610403 -2.860408
v 45.764950 3.732607 -2.860408
v 45.064667 4.619523 -3.165581
v 45.077583 4.621489 -3.165581
v 45.754311 4.621489 -3.165581
v 45.064667 4.619523 -3.091918
v 45.077583 4.621489 -3.091918
v 45.754311 4.621489 -3.091918
v 45.064667 4.619523 -3.018256
v 45.077583 4.621489 -3.018256
v 45.754311 4.621489 -3.018256
v 45.064667 4.619523 -2.944594
v 45.077583 4.621489 -2.944594
v 45.754311 4.621489 -2.944594
v 45.064667 4.619523 -2.870932
v 45.077583 4.621489 -2.870932
v 45.754311 4.621489 -2.870932
v 45.754311 4.616161 -3.181834
v 45.077583 4.616161 -3.181834
v 45.065655 4.614629 -3.181834
v 45.765526 4.619791 -3.165581
v 45.765526 4.619791 -3.091918
v 45.765526 4.619791 -3.018256
v 45.765526 4.619791 -2.944594
v 45.765526 4.619791 -2.870932
v 45.764637 4.614838 -3.181834
v 45.754311 4.618039 -2.860408
v 45.077583 4.618039 -2.860408
v 45.065308 4.616354 -2.860408
v 45.764950 4.616584 -2.860408
vn -0.6093 -0.6503 -0.4537
vn -0.6195 0.5826 -0.5261
vn -0.3095 0.3668 -0.8773
vn -0.3017 -0.3951 -0.8677
vn -0.0000 -0.2389 -0.9711
vn 0.0304 0.4027 -0.9148
vn 0.3055 0.3661 -0.8790
vn 0.2975 -0.3948 -0.8692
vn 0.6022 -0.6463 0.4687
vn 0.6132 0.5764 0.5400
vn 0.3073 0.3654 0.8787
vn 0.2975 -0.3948 0.8692
vn -0.0000 -0.2384 0.9712
vn -0.0327 0.4027 0.9148
vn -0.3113 0.3661 0.8770
vn -0.3017 -0.3951 0.8677
vn -0.0000 -1.0000 -0.0000
vn -0.0000 -0.4477 0.8942
vn -0.0991 0.9685 0.2286
vn -0.6210 0.5810 0.5261
vn -0.0939 0.9693 -0.2273
vn -0.7475 0.5968 -0.2915
vn -0.1442 0.9843 -0.1020
vn -0.7584 0.6517 -0.0000
vn -0.1505 0.9886 -0.0000
vn -0.7480 0.5962 0.2917
vn -0.1462 0.9839 0.1028
vn 0.6022 -0.6463 -0.4687
vn 0.7117 -0.6497 -0.2672
vn 0.7071 -0.7071 -0.0000
vn 0.7117 -0.6497 0.2672
vn 0.6118 0.5780 -0.5401
vn 0.7456 0.5943 -0.3014
vn 0.7582 0.6520 -0.0000
vn 0.7461 0.5937 0.3016
vn -0.6093 -0.6503 0.4537
vn -0.7129 -0.6525 0.2568
vn -0.7071 -0.7071 -0.0000
vn -0.7129 -0.6525 -0.2568
vn -0.9982 -0.0000 0.0605
vn -0.0000 -0.0000 -1.0000
vn -1.0000 -0.0000 -0.0000
vn 0.9985 -0.0000 -0.0546
vn -0.0000 -0.0000 1.0000
vn 0.0991 0.9679 0.2312
vn 0.0385 0.9508 0.3073
vn 0.0160 0.3916 0.9200
vn 0.0328 0.4023 0.9149
vn -0.0383 0.9511 0.3066
vn -0.0159 0.3917 0.9200
vn -0.0000 -0.2429 0.9701
vn -0.0000 -0.4477 -0.8942
vn -0.0303 0.4031 -0.9147
vn -0.0147 0.3918 -0.9199
vn 0.0148 0.3916 -0.9200
vn -0.0000 -0.2429 -0.9701
vn -0.0000 1.0000 -0.0000
vn 1.0000 -0.0000 -0.0000
vn 0.0940 0.9687 -0.2299
vn 0.1435 0.9842 -0.1037
vn 0.1497 0.9887 -0.0000
vn 0.1455 0.9838 0.1044
vn -0.0355 0.9512 -0.3066
vn 0.0357 0.9510 -0.3073
vn -0.9982 -0.0000 -0.0605
vn 0.1324 0.9440 -0.3022
vn -0.0000 0.9502 -0.3115
vn -0.1329 0.9443 -0.3010
vn -0.1368 0.9438 0.3009
vn -0.0000 0.9502 0.3115
vn 0.1361 0.9435 0.3021
vn 0.9985 -0.0000 0.0546
vt 0.375000 0.217527
vt 0.618161 0.217527
vt 0.618161 0.250000
vt 0.375000 0.250000
vt 0.375000 0.473098
vt 0.618161 0.473098
vt 0.618161 0.500000
vt 0.375000 0.500000
vt 0.375000 0.713001
vt 0.614249 0.713711
vt 0.618161 0.750000
vt 0.375000 0.750000
vt 0.375000 0.972994
vt 0.618161 0.972994
vt 0.618161 1.000000
vt 0.375000 1.000000
vt 0.349076 0.714286
vt 0.388917 0.714286
vt 0.348098 0.750000
vt 0.849078 0.714286
vt 0.888317 0.714286
vt 0.875000 0.750000
vt 0.847994 0.750000
vt 0.848979 0.532473
vt 0.887108 0.532473
vt 0.890536 0.541667
vt 0.849258 0.541667
vt 0.890536 0.541667
vt 0.890536 0.583333
vt 0.849258 0.583333
vt 0.890536 0.583333
vt 0.890536 0.625000
vt 0.849258 0.625000
vt 0.890536 0.625000
vt 0.890536 0.666667
vt 0.849258 0.666667
vt 0.890536 0.666667
vt 0.890536 0.708333
vt 0.849258 0.708333
vt 0.348987 0.532473
vt 0.387654 0.532473
vt 0.391237 0.541667
vt 0.349239 0.541667
vt 0.391237 0.541667
vt 0.391237 0.583333
vt 0.349239 0.583333
vt 0.391237 0.583333
vt 0.391237 0.625000
vt 0.349239 0.625000
vt 0.391237 0.625000
vt 0.391237 0.666667
vt 0.349239 0.666667
vt 0.391237 0.666667
vt 0.391237 0.708333
vt 0.349239 0.708333
vt 0.375000 0.533642
vt 0.614947 0.532996
vt 0.618161 0.543166
vt 0.375000 0.543166
vt 0.375000 0.541667
vt 0.618161 0.541667
vt 0.618161 0.583333
vt 0.375000 0.583333
vt 0.618161 0.583333
vt 0.618161 0.625000
vt 0.375000 0.625000
vt 0.618161 0.666667
vt 0.375000 0.666667
vt 0.618161 0.708333
vt 0.375000 0.708333
vt 0.375000 0.035714
vt 0.618161 0.035714
vt 0.618161 0.041667
vt 0.375000 0.041667
vt 0.618161 0.083333
vt 0.375000 0.083333
vt 0.618161 0.125000
vt 0.375000 0.125000
vt 0.618161 0.166667
vt 0.375000 0.166667
vt 0.618161 0.208333
vt 0.375000 0.208333
vt 0.150742 0.666667
vt 0.154399 0.666667
vt 0.154399 0.708333
vt 0.150742 0.708333
vt 0.154399 0.666667
vt 0.346063 0.666667
vt 0.346063 0.708333
vt 0.154399 0.708333
vt 0.150742 0.625000
vt 0.154399 0.625000
vt 0.154399 0.666667
vt 0.154399 0.625000
vt 0.346063 0.625000
vt 0.346063 0.666667
vt 0.150742 0.583333
vt 0.154399 0.583333
vt 0.154399 0.625000
vt 0.154399 0.583333
vt 0.346063 0.583333
vt 0.346063 0.625000
vt 0.150742 0.541667
vt 0.154399 0.541667
vt 0.154399 0.583333
vt 0.154399 0.541667
vt 0.346063 0.541667
vt 0.151021 0.532473
vt 0.154399 0.532473
vt 0.346063 0.532473
vt 0.154399 0.541667
vt 0.848833 0.714109
vt 0.849013 0.708156
vt 0.845601 0.583333
vt 0.653937 0.583333
vt 0.848998 0.666667
vt 0.848998 0.625000
vt 0.650761 0.541667
vt 0.651013 0.532473
vt 0.651244 0.532650
vt 0.650977 0.541841
vt 0.653937 0.532473
vt 0.654065 0.532743
vt 0.651140 0.532743
vt 0.848998 0.708333
vt 0.848998 0.666667
vt 0.653937 0.583333
vt 0.653937 0.541667
vt 0.845601 0.532473
vt 0.845601 0.532753
vt 0.653937 0.532753
vt 0.845601 0.714286
vt 0.845464 0.714017
vt 0.848941 0.714018
vt 0.650924 0.714286
vt 0.653937 0.714286
vt 0.653937 0.750000
vt 0.651902 0.750000
vt 0.845601 0.750000
vt 0.653937 0.750000
vt 0.150922 0.714286
vt 0.154399 0.714286
vt 0.154399 0.750000
vt 0.152006 0.750000
vt 0.346063 0.714286
vt 0.346063 0.750000
vt 0.154399 0.750000
vt 0.375000 0.776902
vt 0.618161 0.776902
vt 0.618161 0.778937
vt 0.375000 0.778937
vt 0.375000 0.778937
vt 0.618161 0.778937
vt 0.618161 0.970601
vt 0.375000 0.970601
vt 0.375000 0.277006
vt 0.618161 0.277006
vt 0.618161 0.279399
vt 0.375000 0.279399
vt 0.375000 0.279399
vt 0.618161 0.279399
vt 0.618161 0.471063
vt 0.375000 0.471063
vt 0.653937 0.666667
vt 0.845601 0.666667
vt 0.845601 0.708333
vt 0.653937 0.708333
vt 0.845601 0.541667
vt 0.845601 0.583333
vt 0.845601 0.541667
vt 0.653937 0.708333
vt 0.845601 0.541667
vt 0.845601 0.583333
vt 0.845601 0.666667
vt 0.845601 0.708333
vt 0.845601 0.708333
vt 0.845601 0.666667
vt 0.618161 0.250000
vt 0.111683 0.714286
vt 0.125000 0.750000
vt 0.112892 0.532473
vt 0.109464 0.541667
vt 0.109464 0.583333
vt 0.109464 0.583333
vt 0.109464 0.625000
vt 0.109464 0.625000
vt 0.109464 0.666667
vt 0.109464 0.666667
vt 0.109464 0.708333
vt 0.845601 0.666667
vt 0.845601 0.708333
vt 0.650761 0.708333
vt 0.650761 0.666667
vt 0.651020 0.666667
vt 0.651020 0.708333
vt 0.848852 0.532741
vt 0.845474 0.532742
vt 0.845601 0.750000
vt 0.618161 0.970601
vt 0.625000 0.750000
vt 0.608763 0.541667
vt 0.608763 0.541667
vt 0.650761 0.583333
vt 0.608763 0.583333
vt 0.608763 0.583333
vt 0.650761 0.625000
vt 0.608763 0.625000
vt 0.608763 0.625000
vt 0.608763 0.666667
vt 0.608763 0.666667
vt 0.608763 0.708333
vt 0.346063 0.666667
vt 0.346063 0.708333
vt 0.346063 0.625000
vt 0.346063 0.583333
vt 0.346063 0.625000
vt 0.346063 0.541667
vt 0.346063 0.750000
vt 0.346063 0.500000
vt 0.348098 0.500000
vt 0.625000 0.500000
vt 0.651902 0.500000
vt 0.845601 0.500000
vt 0.847994 0.500000
vt 0.125000 0.500000
vt 0.152006 0.500000
vt 0.653937 0.500000
vt 0.845601 0.500000
vt 0.653937 0.500000
vt 0.154399 0.500000
vt 0.346063 0.500000
vt 0.154399 0.500000
vt 0.875000 0.500000
vt 0.618161 0.208333
vt 0.608763 0.708333
vt 0.109464 0.708333
vt 0.154399 0.708333
vt 0.154399 0.708333
vt 0.849020 0.541842
vt 0.848741 0.532648
vt 0.651062 0.714016
vt 0.654075 0.714016
vt 0.375000 0.000000
vt 0.618161 0.000000
vt 0.391237 0.708333
vt 0.375000 0.706834
vt 0.618161 0.706834
vt 0.654196 0.666667
vt 0.654196 0.708333
vt 0.651020 0.708333
vt 0.651020 0.625000
vt 0.654196 0.625000
vt 0.651020 0.666667
vt 0.653937 0.625000
vt 0.845601 0.625000
vt 0.651020 0.583333
vt 0.654196 0.583333
vt 0.651020 0.625000
vt 0.845601 0.625000
vt 0.653937 0.625000
vt 0.651020 0.541667
vt 0.654196 0.541667
vt 0.651020 0.583333
vt 0.651248 0.532742
vt 0.654172 0.532742
vt 0.654172 0.541935
vt 0.650995 0.541935
vt 0.845601 0.532753
vt 0.845601 0.541946
vt 0.653937 0.541946
vt 0.845341 0.666667
vt 0.845341 0.708333
vt 0.845341 0.625000
vt 0.848998 0.625000
vt 0.848998 0.666667
vt 0.845341 0.666667
vt 0.845341 0.583333
vt 0.848998 0.583333
vt 0.848998 0.625000
vt 0.845341 0.541667
vt 0.848998 0.541667
vt 0.845341 0.583333
vt 0.845365 0.532741
vt 0.848743 0.532741
vt 0.849023 0.541933
vt 0.845366 0.541934
vt 0.845359 0.708066
vt 0.849016 0.708067
vt 0.848835 0.714018
vt 0.845359 0.714019
vt 0.653937 0.708054
vt 0.845601 0.708053
vt 0.845601 0.714006
vt 0.653937 0.714006
vt 0.651002 0.708065
vt 0.654179 0.708065
vt 0.654178 0.714018
vt 0.651165 0.714017
vt 0.848998 0.625000
vt 0.650977 0.708158
vt 0.651161 0.714107
vt 0.653937 0.583333
vt 0.653937 0.714006
vt 0.845601 0.714006
vt 0.848998 0.583333
vt 0.848998 0.541667
vt 0.845601 0.541667
s 1
usemtl toaster
f 4551/10430/965 4549/10431/966 4462/10432/967 4461/10433/968
f 4542/10434/969 4535/10435/970 4466/10436/971 4465/10437/972
f 4564/10438/973 4562/10439/974 4464/10440/975 4463/10441/976
f 4529/10442/977 4522/10443/978 4460/10444/979 4459/10445/980
f 4572/10446/981 4564/10447/973 4463/10441/976 4536/10448/982
f 4570/10449/983 4563/10450/984 4460/10451/979 4522/10452/978
f 4558/10453/985 4549/10454/966 4476/10455/986 4530/10456/987
f 4530/10456/987 4476/10457/986 4475/10458/988 4531/10459/989
f 4531/10459/989 4475/10460/988 4474/10461/988 4532/10462/989
f 4532/10462/989 4474/10463/988 4473/10464/988 4533/10465/989
f 4533/10465/989 4473/10466/988 4472/10467/990 4534/10468/991
f 4560/10469/981 4550/10470/992 4481/10471/993 4544/10472/981
f 4544/10472/981 4481/10473/993 4480/10474/994 4545/10475/981
f 4545/10475/981 4480/10476/994 4479/10477/994 4546/10478/981
f 4546/10478/981 4479/10479/994 4478/10480/994 4547/10481/981
f 4547/10481/981 4478/10482/994 4477/10483/995 4548/10484/981
f 4550/10485/992 4552/10486/996 4482/10487/997 4481/10488/993
f 4481/10489/993 4482/10490/997 4483/10491/998 4480/10492/994
f 4480/10492/994 4483/10493/998 4484/10494/998 4479/10495/994
f 4479/10495/994 4484/10494/998 4485/10496/998 4478/10497/994
f 4478/10497/994 4485/10496/998 4486/10498/999 4477/10499/995
f 4561/10500/1000 4563/10501/984 4472/10502/990 4471/10503/1001
f 4471/10503/1001 4472/10502/990 4473/10504/988 4470/10505/1002
f 4470/10505/1002 4473/10504/988 4474/10506/988 4469/10507/1002
f 4469/10507/1002 4474/10506/988 4475/10508/988 4468/10509/1002
f 4468/10509/1002 4475/10508/988 4476/10510/986 4467/10511/1003
f 4526/10512/981 4510/10513/981 4512/10514/981 4527/10515/981
f 4510/10516/981 4509/10517/981 4511/10518/981 4512/10519/981
f 4525/10520/981 4508/10521/981 4510/10522/981 4526/10512/981
f 4508/10523/981 4507/10524/981 4509/10525/981 4510/10516/981
f 4524/10526/981 4506/10527/981 4508/10528/981 4525/10520/981
f 4506/10529/981 4505/10530/981 4507/10531/981 4508/10523/981
f 4523/10532/981 4504/10533/981 4506/10534/981 4524/10526/981
f 4504/10535/981 4503/10536/981 4505/10530/981 4506/10534/981
f 4557/10537/981 4553/10538/981 4504/10533/981 4523/10532/981
f 4553/10538/981 4554/10539/981 4503/10536/981 4504/10540/981
f 4571/10564/1009 4565/10565/1010 4493/10566/1011 4543/10567/1012
f 4565/10565/1010 4566/10561/1013 4494/10568/1014 4493/10569/1011
s 0
f 4569/10570/981 4567/10571/981 4491/10572/981 4529/10573/981
s 1
f 4567/10571/981 4568/10574/981 4492/10575/982 4491/10576/1015
f 4536/10577/982 4543/10578/1012 4493/10579/1011 4492/10580/982
f 4492/10581/982 4493/10582/1011 4494/10583/1014 4491/10584/1015
f 4521/10585/1016 4528/10586/1017 4489/10587/1018 4488/10588/1016
f 4488/10589/1016 4489/10590/1018 4490/10591/1019 4487/10592/1020
f 4461/10433/968 4462/10607/967 4528/10586/1017 4521/10585/1016
f 4561/10608/1000 4569/10570/981 4529/10573/977 4459/10609/980
f 4551/10610/965 4557/10537/981 4523/10532/981 4467/10611/1003
f 4467/10611/1003 4523/10532/981 4524/10526/981 4468/10612/1002
f 4468/10613/1002 4524/10526/981 4525/10520/981 4469/10614/1002
f 4469/10615/1002 4525/10520/981 4526/10512/981 4470/10616/1002
f 4470/10617/1002 4526/10512/981 4527/10515/981 4471/10618/1001
f 4566/10561/1013 4570/10449/983 4522/10452/978 4494/10627/1014
f 4491/10584/1015 4494/10628/1014 4522/10443/978 4529/10442/977
f 4463/10441/976 4464/10440/975 4543/10578/1012 4536/10577/982
f 4562/10439/974 4571/10564/1009 4543/10567/1012 4464/10629/975
f 4552/10486/996 4559/10548/1023 4537/10547/1024 4482/10630/997
f 4482/10631/997 4537/10547/1024 4538/10632/1025 4483/10633/998
f 4483/10634/998 4538/10632/1025 4539/10635/1025 4484/10636/998
f 4484/10637/998 4539/10635/1025 4540/10622/1025 4485/10638/998
f 4485/10639/998 4540/10622/1025 4541/10621/1026 4486/10640/999
f 4509/10641/981 4547/10481/981 4548/10484/981 4511/10642/981
f 4507/10643/981 4546/10478/981 4547/10481/981 4509/10517/981
f 4505/10644/981 4545/10475/981 4546/10478/981 4507/10645/981
f 4503/10646/981 4544/10472/981 4545/10475/981 4505/10644/981
s 0
f 4554/10539/981 4560/10469/981 4544/10472/981 4503/10646/981
s 1
f 4568/10574/981 4572/10446/981 4536/10448/982 4492/10647/982
f 4487/10592/1020 4490/10591/1019 4535/10435/970 4542/10434/969
s 0
f 4487/10648/981 4542/10649/981 4560/10469/981 4554/10539/981
s 1
f 4466/10650/971 4535/10651/970 4559/10548/1023 4552/10486/996
f 4489/10652/1018 4528/10653/1017 4558/10453/985 4556/10558/1027
f 4461/10654/968 4521/10655/1016 4557/10537/981 4551/10610/965
f 4490/10656/1019 4489/10657/1018 4556/10558/1027 4555/10551/1028
f 4535/10651/970 4490/10658/1019 4555/10551/1028 4559/10548/1023
f 4488/10659/1016 4487/10660/1020 4554/10539/981 4553/10538/981
f 4521/10655/1016 4488/10661/1016 4553/10538/981 4557/10537/981
f 4465/10437/972 4466/10436/971 4552/10486/996 4550/10485/992
f 4542/10649/969 4465/10437/972 4550/10470/992 4560/10469/981
f 4528/10653/1017 4462/10662/967 4549/10454/966 4558/10453/985
f 4467/10511/1003 4476/10663/986 4549/10431/966 4551/10430/965
f 4511/10642/981 4548/10484/981 4572/10446/981 4568/10574/981
f 4486/10664/999 4541/10621/1026 4571/10564/1009 4562/10439/974
f 4471/10665/1001 4527/10515/981 4569/10570/981 4561/10608/1000
f 4512/10666/981 4511/10518/981 4568/10574/981 4567/10571/981
s 0
f 4527/10515/981 4512/10667/981 4567/10571/981 4569/10570/981
s 1
f 4459/10672/980 4460/10673/979 4563/10501/984 4561/10500/1000
f 4534/10468/991 4472/10467/990 4563/10450/984 4570/10449/983
f 4548/10484/981 4477/10674/995 4564/10447/973 4572/10446/981
f 4477/10675/995 4486/10676/999 4562/10439/974 4564/10438/973
s 0
usemtl inner_toaster
f 4534/10468/1004 4570/10449/1004 4599/10541/1004 4585/10542/1004
f 4497/10543/1005 4498/10544/1005 4516/10544/1005 4515/10543/1005
f 4532/10462/1006 4533/10465/1006 4582/10545/1006 4579/10546/1006
f 4537/10547/1007 4559/10548/1007 4596/10549/1007 4591/10550/1007
f 4559/10548/1005 4555/10551/1005 4588/10552/1005 4596/10553/1005
f 4533/10465/1006 4534/10468/1006 4585/10554/1006 4582/10555/1006
f 4498/10544/1005 4497/10543/1005 4577/10543/1005 4578/10544/1005
f 4498/10556/1006 4496/10557/1006 4514/10557/1006 4516/10556/1006
f 4555/10551/1005 4556/10558/1005 4589/10559/1005 4588/10560/1005
f 4570/10449/1008 4566/10561/1008 4598/10562/1008 4599/10563/1008
f 4518/10593/1021 4517/10594/1021 4519/10595/1021 4520/10596/1021
f 4514/10557/1021 4513/10597/1021 4515/10598/1021 4516/10556/1021
f 4496/10557/1008 4495/10599/1008 4513/10599/1008 4514/10557/1008
f 4502/10600/1006 4500/10593/1006 4518/10593/1006 4520/10600/1006
f 4495/10601/1022 4497/10602/1022 4515/10602/1022 4513/10601/1022
f 4499/10603/1022 4501/10604/1022 4519/10604/1022 4517/10603/1022
f 4501/10605/1005 4502/10600/1005 4520/10600/1005 4519/10605/1005
f 4500/10593/1008 4499/10606/1008 4517/10606/1008 4518/10593/1008
f 4502/10600/1005 4501/10605/1005 4586/10605/1005 4587/10600/1005
f 4501/10604/1022 4499/10603/1022 4583/10619/1022 4586/10620/1022
f 4495/10599/1008 4496/10557/1008 4575/10557/1008 4574/10599/1008
f 4541/10621/1022 4540/10622/1022 4594/10623/1022 4595/10624/1022
f 4556/10558/1005 4558/10453/1005 4590/10625/1005 4589/10626/1005
f 4500/10593/1006 4502/10600/1006 4587/10600/1006 4584/10593/1006
f 4558/10453/1029 4530/10456/1029 4573/10668/1029 4590/10669/1029
f 4565/10565/1008 4571/10564/1008 4600/10670/1008 4597/10671/1008
f 4594/10623/1025 4584/10677/1025 4587/10678/1025 4595/10679/1025
f 4593/10680/1025 4581/10681/1025 4584/10677/1025 4594/10682/1025
f 4581/10683/1021 4580/10684/1021 4583/10606/1021 4584/10593/1021
f 4592/10685/1025 4578/10686/1025 4581/10681/1025 4593/10687/1025
f 4578/10544/1021 4577/10543/1021 4580/10688/1021 4581/10689/1021
f 4591/10690/1025 4575/10691/1025 4578/10686/1025 4592/10692/1025
f 4596/10693/1030 4588/10694/1030 4575/10695/1030 4591/10696/1030
f 4588/10560/1031 4589/10697/1031 4574/10698/1031 4575/10699/1031
f 4583/10700/989 4582/10555/989 4585/10554/989 4586/10701/989
f 4580/10702/989 4579/10703/989 4582/10704/989 4583/10705/989
f 4577/10706/989 4576/10707/989 4579/10708/989 4580/10702/989
f 4574/10709/989 4573/10710/989 4576/10707/989 4577/10711/989
f 4589/10712/1032 4590/10713/1032 4573/10714/1032 4574/10715/1032
f 4586/10716/1033 4585/10717/1033 4599/10718/1033 4598/10719/1033
f 4587/10720/1034 4586/10721/1034 4598/10722/1034 4597/10723/1034
f 4595/10724/1035 4587/10725/1035 4597/10726/1035 4600/10727/1035
f 4538/10632/1022 4537/10547/1022 4591/10690/1022 4592/10685/1022
f 4531/10459/1006 4532/10462/1006 4579/10728/1006 4576/10707/1006
f 4571/10564/1036 4541/10621/1036 4595/10729/1036 4600/10730/1036
f 4539/10635/1022 4538/10632/1022 4592/10685/1022 4593/10680/1022
f 4496/10557/1006 4498/10556/1006 4578/10731/1006 4575/10557/1006
f 4566/10561/1008 4565/10565/1008 4597/10732/1008 4598/10733/1008
f 4530/10456/1006 4531/10459/1006 4576/10734/1006 4573/10735/1006
f 4499/10606/1008 4500/10593/1008 4584/10593/1008 4583/10606/1008
f 4540/10622/1022 4539/10635/1022 4593/10680/1022 4594/10623/1022
f 4497/10602/1022 4495/10601/1022 4574/10736/1022 4577/10598/1022
o chopping_board
v 38.695679 3.713028 -2.466759
v 38.695679 3.771707 -2.466759
v 39.173374 3.713028 -4.108041
v 39.173374 3.771707 -4.108041
v 39.633831 3.713028 -2.193711
v 39.633831 3.771707 -2.193711
v 40.111526 3.713028 -3.834992
v 40.111526 3.771707 -3.834992
v 39.137077 3.713028 -3.983333
v 39.077374 3.713028 -3.778200
v 39.077374 3.771707 -3.778200
v 39.137077 3.771707 -3.983333
v 40.015526 3.713028 -3.505151
v 40.075230 3.713028 -3.710284
v 40.075230 3.771707 -3.710284
v 40.015526 3.771707 -3.505151
v 39.798809 3.713028 -3.926009
v 39.486092 3.713028 -4.017025
v 39.486092 3.771707 -4.017025
v 39.798809 3.771707 -3.926009
v 39.008396 3.713028 -2.375743
v 39.321114 3.713028 -2.284727
v 39.321114 3.771707 -2.284727
v 39.008396 3.771707 -2.375743
v 39.449795 3.771707 -3.892316
v 39.762512 3.771707 -3.801300
v 39.390091 3.771707 -3.687183
v 39.702808 3.771707 -3.596167
v 39.762512 3.713028 -3.801300
v 39.449795 3.713028 -3.892316
v 39.702808 3.713028 -3.596167
v 39.390091 3.713028 -3.687183
v 40.844940 3.710365 -2.495455
v 40.844940 3.749717 -2.495455
v 40.844940 3.710365 -2.787495
v 40.844940 3.749717 -2.787495
v 41.001358 3.710365 -2.495455
v 41.001358 3.749717 -2.495455
v 41.001358 3.710365 -2.787495
v 41.001358 3.749717 -2.787495
v 40.711277 3.724718 -2.749720
v 40.711277 3.726400 -2.749720
v 40.711277 3.724718 -3.638286
v 40.711277 3.726400 -3.638286
v 41.024834 3.724718 -2.749720
v 41.024834 3.735364 -2.749720
v 41.024834 3.724718 -4.035769
v 41.024834 3.725262 -4.035769
v 40.819641 3.724718 -3.775655
v 40.819641 3.725262 -3.775655
v 40.819641 3.724718 -2.749720
v 40.819641 3.735364 -2.749720
v 40.711277 3.724718 -3.437621
v 40.711277 3.726400 -3.437621
v 41.024834 3.724718 -3.745340
v 41.024834 3.735364 -3.745340
v 40.819641 3.735364 -3.543968
v 40.819641 3.724718 -3.543968
vn -0.9602 -0.0000 -0.2795
vn 0.2795 -0.0000 -0.9602
vn 0.9602 -0.0000 0.2795
vn -0.2795 -0.0000 0.9602
vn -0.0000 -1.0000 -0.0000
vn -0.0000 1.0000 -0.0000
vn -0.7603 -0.0000 0.6496
vn -1.0000 -0.0000 -0.0000
vn -0.0000 -0.0000 -1.0000
vn 1.0000 -0.0000 -0.0000
vn -0.0000 -0.0000 1.0000
vn -0.7851 -0.0000 -0.6193
vn -0.0824 0.9966 -0.0000
vn -0.0434 0.9983 -0.0386
vn -0.0622 0.9978 -0.0233
vt 0.413365 0.248548
vt 0.663365 0.248548
vt 0.663365 0.266787
vt 0.413365 0.266787
vt 0.413365 0.454026
vt 0.663365 0.454026
vt 0.663365 0.534039
vt 0.413365 0.534039
vt 0.413365 0.571386
vt 0.663365 0.571386
vt 0.663365 0.763186
vt 0.413365 0.763186
vt 0.413365 0.998213
vt 0.663365 0.998213
vt 0.663365 1.078226
vt 0.413365 1.078226
vt 0.304462 0.558075
vt 0.384476 0.571386
vt 0.286813 0.763186
vt 0.206800 0.749875
vt 0.775551 0.544764
vt 0.855564 0.531452
vt 0.953226 0.723253
vt 0.873213 0.736564
vt 0.750988 0.496524
vt 0.831001 0.483213
vt 0.840288 0.501452
vt 0.760275 0.514763
vt 0.760275 0.514763
vt 0.840288 0.501452
vt 0.855564 0.531453
vt 0.775551 0.544764
vt 0.329026 0.509835
vt 0.409039 0.523147
vt 0.399752 0.541385
vt 0.319739 0.528074
vt 0.399752 0.541385
vt 0.384476 0.571386
vt 0.304462 0.558075
vt 0.413365 0.523147
vt 0.663365 0.523147
vt 0.663365 0.541385
vt 0.413365 0.541385
vt 0.413365 0.541385
vt 0.663365 0.541385
vt 0.663365 0.571386
vt 0.413365 0.571386
vt 0.413365 0.026747
vt 0.663365 0.026747
vt 0.663365 0.218547
vt 0.413365 0.218547
vt 0.413365 0.218547
vt 0.663365 0.218547
vt 0.663365 0.248548
vt 0.413365 0.248548
vt 0.159712 0.501452
vt 0.239725 0.514763
vt 0.224449 0.544764
vt 0.144436 0.531453
vt 0.208333 0.544764
vt 0.208333 0.514763
vt 0.791667 0.514763
vt 0.791667 0.544764
vt 0.168999 0.483213
vt 0.249012 0.496524
vt 0.239725 0.514763
vt 0.159712 0.501452
vt 0.249012 0.496524
vt 0.329026 0.509835
vt 0.319739 0.528074
vt 0.239725 0.514763
vt 0.600248 0.541385
vt 0.680261 0.528074
vt 0.695538 0.558075
vt 0.615524 0.571386
vt 0.296399 0.555113
vt 0.703601 0.555113
vt 0.777605 0.550241
vt 0.773577 0.550241
vt 0.226423 0.550241
vt 0.222395 0.550241
vt 0.590961 0.523147
vt 0.670974 0.509835
vt 0.680261 0.528074
vt 0.600248 0.541385
vt 0.670974 0.509835
vt 0.750988 0.496524
vt 0.680261 0.528074
vt 0.615524 0.571386
vt 0.695538 0.558075
vt 0.793200 0.749875
vt 0.713187 0.763186
vt 0.695538 0.558075
vt 0.775551 0.544764
vt 0.873213 0.736564
vt 0.793200 0.749875
vt 0.144436 0.531453
vt 0.224449 0.544764
vt 0.126787 0.736564
vt 0.046774 0.723253
vt 0.224449 0.544764
vt 0.304462 0.558075
vt 0.206800 0.749875
vt 0.413365 0.838187
vt 0.663365 0.838187
vt 0.663365 0.918200
vt 0.413365 0.918200
vt 0.413365 0.918200
vt 0.663365 0.918200
vt 0.663365 0.998213
vt 0.413365 0.998213
vt 0.413365 0.293999
vt 0.663365 0.293999
vt 0.663365 0.374012
vt 0.413365 0.374012
vt 0.413365 0.374012
vt 0.663365 0.374012
vt 0.663365 0.454025
vt 0.413365 0.454026
vt 0.291667 0.558075
vt 0.708333 0.558075
vt 0.708333 0.528074
vt 0.291667 0.528074
vt 0.000000 0.000000
vt 0.499929 0.044611
vt 0.504847 0.044611
vt 0.504847 0.081116
vt 0.499928 0.081116
vt 0.499929 0.544374
vt 0.504848 0.544374
vt 0.504847 0.563926
vt 0.499929 0.563926
vt 0.499928 0.668884
vt 0.504847 0.668884
vt 0.504847 0.705389
vt 0.499928 0.705389
vt 0.499929 0.686074
vt 0.504848 0.686074
vt 0.504848 0.705626
vt 0.499929 0.705626
vt 0.419373 0.668884
vt 0.438926 0.668884
vt 0.438926 0.705389
vt 0.419374 0.705389
vt 0.561074 0.668884
vt 0.580626 0.668884
vt 0.580627 0.705389
vt 0.561074 0.705389
vt 0.501723 0.162382
vt 0.501933 0.162382
vt 0.501933 0.187465
vt 0.501722 0.187465
vt 0.501722 0.545763
vt 0.501791 0.545763
vt 0.501791 0.562320
vt 0.501723 0.562320
vt 0.501722 0.549153
vt 0.503053 0.549153
vt 0.503053 0.673606
vt 0.501722 0.673605
vt 0.501723 0.708788
vt 0.503053 0.708789
vt 0.501933 0.722334
vt 0.501723 0.722334
vt 0.416211 0.574325
vt 0.441860 0.549153
vt 0.441860 0.673606
vt 0.416211 0.673606
vt 0.604513 0.574325
vt 0.618059 0.587618
vt 0.618058 0.673605
vt 0.604513 0.673605
vt 0.558140 0.549153
vt 0.583789 0.574325
vt 0.583789 0.673606
vt 0.558140 0.673606
vt 0.402665 0.587618
vt 0.402665 0.673606
vt 0.501723 0.683139
vt 0.503054 0.683140
vt 0.503053 0.708789
vt 0.501723 0.708788
vt 0.501723 0.537020
vt 0.501933 0.537020
vt 0.501791 0.545763
vt 0.501723 0.545764
vt 0.402665 0.562535
vt 0.416211 0.545364
vt 0.569264 0.482572
vt 0.595177 0.514369
vt 0.594476 0.545236
vt 0.569830 0.517335
vt 0.612146 0.521287
vt 0.616057 0.542140
vt 0.615635 0.562930
vt 0.602518 0.554002
vt 0.441860 0.512850
vt 0.501723 0.512849
vt 0.501791 0.512849
vt 0.503053 0.549153
vt 0.501723 0.549153
vt 0.501724 0.076394
vt 0.501933 0.076394
vt 0.501933 0.162382
vt 0.501723 0.162382
s 0
f 4609/10737/1037 4612/10738/1037 4604/10739/1037 4603/10740/1037
f 4617/10741/1038 4620/10742/1038 4608/10743/1038 4607/10744/1038
f 4613/10745/1039 4616/10746/1039 4606/10747/1039 4605/10748/1039
f 4621/10749/1040 4624/10750/1040 4602/10751/1040 4601/10752/1040
f 4631/10753/1041 4613/10754/1041 4605/10755/1041 4622/10756/1041
f 4627/10757/1042 4611/10758/1042 4602/10759/1042 4624/10760/1042
f 4619/10761/1042 4604/10762/1042 4612/10763/1042 4625/10764/1042
f 4625/10765/1042 4612/10766/1042 4611/10767/1042 4627/10768/1042
f 4617/10769/1041 4607/10770/1041 4614/10771/1041 4629/10772/1041
f 4629/10772/1041 4614/10773/1041 4613/10774/1041 4631/10775/1041
f 4607/10776/1039 4608/10777/1039 4615/10778/1039 4614/10779/1039
f 4614/10780/1039 4615/10781/1039 4616/10782/1039 4613/10783/1039
f 4601/10784/1037 4602/10785/1037 4611/10786/1037 4610/10787/1037
f 4610/10788/1037 4611/10789/1037 4612/10790/1037 4609/10791/1037
f 4609/10792/1041 4630/10793/1041 4632/10794/1041 4610/10795/1041
f 4632/10796/1039 4630/10797/1039 4625/10798/1039 4627/10799/1039
f 4603/10800/1041 4618/10801/1041 4630/10802/1041 4609/10803/1041
f 4618/10804/1041 4617/10805/1041 4629/10806/1041 4630/10807/1041
f 4615/10808/1042 4626/10809/1042 4628/10810/1042 4616/10811/1042
f 4631/10812/1043 4628/10813/1043 4627/10814/1043 4625/10815/1043 4630/10816/1043 4632/10817/1043
f 4608/10818/1042 4620/10819/1042 4626/10820/1042 4615/10821/1042
f 4620/10822/1042 4619/10823/1042 4625/10764/1042 4626/10824/1042
f 4616/10825/1042 4628/10826/1042 4623/10827/1042 4606/10828/1042
f 4628/10829/1042 4627/10830/1042 4624/10831/1042 4623/10832/1042
f 4610/10833/1041 4632/10834/1041 4621/10835/1041 4601/10836/1041
f 4632/10837/1041 4631/10838/1041 4622/10839/1041 4621/10835/1041
f 4605/10840/1040 4606/10841/1040 4623/10842/1040 4622/10843/1040
f 4622/10844/1040 4623/10845/1040 4624/10846/1040 4621/10847/1040
f 4603/10848/1038 4604/10849/1038 4619/10850/1038 4618/10851/1038
f 4618/10852/1038 4619/10853/1038 4620/10854/1038 4617/10855/1038
f 4631/10856/1037 4628/10857/1037 4626/10858/1037 4629/10859/1037
f 4625/10860/1040 4630/10860/1040 4629/10860/1040 4626/10860/1040
f 4633/10861/1044 4634/10862/1044 4636/10863/1044 4635/10864/1044
f 4635/10865/1045 4636/10866/1045 4640/10867/1045 4639/10868/1045
f 4639/10869/1046 4640/10870/1046 4638/10871/1046 4637/10872/1046
f 4637/10873/1047 4638/10874/1047 4634/10875/1047 4633/10876/1047
f 4635/10877/1041 4639/10878/1041 4637/10879/1041 4633/10880/1041
f 4640/10881/1042 4636/10882/1042 4634/10883/1042 4638/10884/1042
f 4653/10885/1044 4654/10886/1044 4644/10887/1044 4643/10888/1044
f 4649/10889/1048 4650/10890/1048 4648/10891/1048 4647/10892/1048
f 4655/10893/1046 4656/10894/1046 4646/10895/1046 4645/10896/1046
f 4651/10897/1047 4652/10898/1047 4642/10899/1047 4641/10900/1047
f 4658/10901/1041 4655/10902/1041 4645/10903/1041 4651/10904/1041
f 4657/10905/1049 4654/10906/1049 4642/10907/1049 4652/10908/1049
f 4656/10909/1042 4657/10910/1042 4652/10911/1042 4646/10912/1042
f 4653/10913/1041 4658/10901/1041 4651/10904/1041 4641/10914/1041
f 4645/10915/1047 4646/10916/1047 4652/10917/1047 4651/10918/1047
f 4643/10919/1048 4644/10920/1048 4650/10921/1048 4649/10922/1048
f 4643/10923/1041 4649/10924/1041 4658/10901/1041 4653/10913/1041
f 4648/10925/1050 4650/10926/1050 4657/10927/1050 4656/10928/1050
f 4650/10929/1051 4644/10930/1051 4654/10931/1051 4657/10932/1051
f 4649/10924/1041 4647/10933/1041 4655/10902/1041 4658/10901/1041
f 4647/10934/1046 4648/10935/1046 4656/10936/1046 4655/10937/1046
f 4641/10938/1044 4642/10939/1044 4654/10940/1044 4653/10941/1044
o blender
v 43.358761 4.096905 -3.254506
v 43.358761 3.921878 -3.308045
v 43.358757 3.867258 -3.468549
v 43.358765 5.112311 -3.376797
v 43.461159 3.867258 -3.452330
v 43.432812 5.112311 -3.365069
v 43.553535 3.867258 -3.405262
v 43.499611 5.112311 -3.331034
v 43.626846 3.867258 -3.331952
v 43.552620 5.112311 -3.278022
v 43.673912 3.867258 -3.239576
v 43.586658 5.112311 -3.211223
v 43.690132 3.867258 -3.137176
v 43.598385 5.112311 -3.137176
v 43.673912 3.867258 -3.034776
v 43.586658 5.112311 -3.063129
v 43.626846 3.867258 -2.942400
v 43.552620 5.112311 -2.996330
v 43.553535 3.867258 -2.869089
v 43.499611 5.112311 -2.943318
v 43.461159 3.867258 -2.822021
v 43.432812 5.112311 -2.909282
v 43.358757 3.867258 -2.805803
v 43.358765 5.112311 -2.897554
v 43.256359 3.867258 -2.822021
v 43.284718 5.112311 -2.909282
v 43.163982 3.867258 -2.869089
v 43.217918 5.112311 -2.943318
v 43.090672 3.867258 -2.942400
v 43.164906 5.112311 -2.996330
v 43.043606 3.867258 -3.034776
v 43.130871 5.112311 -3.063129
v 43.027386 3.867258 -3.137176
v 43.119141 5.112311 -3.137176
v 43.043606 3.867258 -3.239576
v 43.130871 5.112311 -3.211223
v 43.090672 3.867258 -3.331952
v 43.164906 5.112311 -3.278022
v 43.163982 3.867258 -3.405262
v 43.217918 5.112311 -3.331034
v 43.256359 3.867258 -3.452330
v 43.284718 5.112311 -3.365069
v 43.358761 4.273793 -3.342866
v 43.358765 4.630184 -3.376797
v 43.358765 4.871248 -3.376797
v 43.432812 4.871248 -3.365069
v 43.432812 4.630184 -3.365069
v 43.422325 4.273793 -3.332799
v 43.395016 4.096905 -3.248763
v 43.411560 3.921878 -3.299682
v 43.499611 4.871248 -3.331034
v 43.499611 4.630184 -3.331034
v 43.479664 4.273793 -3.303583
v 43.427723 4.096905 -3.232098
v 43.459194 3.921878 -3.275412
v 43.552620 4.871248 -3.278022
v 43.552620 4.630184 -3.278022
v 43.525169 4.273793 -3.258077
v 43.453682 4.096905 -3.206141
v 43.496994 3.921878 -3.237610
v 43.586658 4.871248 -3.211223
v 43.586658 4.630184 -3.211223
v 43.554386 4.273793 -3.200738
v 43.470348 4.096905 -3.173433
v 43.521267 3.921878 -3.189977
v 43.598385 4.871248 -3.137176
v 43.598385 4.630184 -3.137176
v 43.564453 4.273793 -3.137176
v 43.476089 4.096905 -3.137176
v 43.529629 3.921878 -3.137176
v 43.586658 4.871248 -3.063129
v 43.586658 4.630184 -3.063129
v 43.554386 4.273793 -3.073614
v 43.470348 4.096905 -3.100919
v 43.521267 3.921878 -3.084374
v 43.552620 4.871248 -2.996330
v 43.552620 4.630184 -2.996330
v 43.525169 4.273793 -3.016274
v 43.453682 4.096905 -3.068211
v 43.496994 3.921878 -3.036742
v 43.499611 4.871248 -2.943318
v 43.499611 4.630184 -2.943318
v 43.479664 4.273793 -2.970769
v 43.427723 4.096905 -3.042254
v 43.459194 3.921878 -2.998940
v 43.432812 4.871248 -2.909282
v 43.432812 4.630184 -2.909282
v 43.422325 4.273793 -2.941553
v 43.395016 4.096905 -3.025589
v 43.411560 3.921878 -2.974670
v 43.358765 4.871248 -2.897554
v 43.358765 4.630184 -2.897554
v 43.358761 4.273793 -2.931486
v 43.358761 4.096905 -3.019846
v 43.358761 3.921878 -2.966307
v 43.284718 4.871248 -2.909282
v 43.284718 4.630184 -2.909282
v 43.295200 4.273793 -2.941553
v 43.322502 4.096905 -3.025589
v 43.305958 3.921878 -2.974670
v 43.217918 4.871248 -2.943318
v 43.217918 4.630184 -2.943318
v 43.237862 4.273793 -2.970769
v 43.289795 4.096905 -3.042254
v 43.258324 3.921878 -2.998940
v 43.164906 4.871248 -2.996330
v 43.164906 4.630184 -2.996330
v 43.192356 4.273793 -3.016274
v 43.263840 4.096905 -3.068211
v 43.220524 3.921878 -3.036742
v 43.130871 4.871248 -3.063129
v 43.130871 4.630184 -3.063129
v 43.163139 4.273793 -3.073614
v 43.247173 4.096905 -3.100919
v 43.196255 3.921878 -3.084374
v 43.119141 4.871248 -3.137176
v 43.119141 4.630184 -3.137176
v 43.153072 4.273793 -3.137176
v 43.241432 4.096905 -3.137176
v 43.187889 3.921878 -3.137176
v 43.130871 4.871248 -3.211223
v 43.130871 4.630184 -3.211223
v 43.163139 4.273793 -3.200738
v 43.247173 4.096905 -3.173433
v 43.196255 3.921878 -3.189977
v 43.164906 4.871248 -3.278022
v 43.164906 4.630184 -3.278022
v 43.192356 4.273793 -3.258077
v 43.263840 4.096905 -3.206141
v 43.220524 3.921878 -3.237610
v 43.217918 4.871248 -3.331034
v 43.217918 4.630184 -3.331034
v 43.237862 4.273793 -3.303583
v 43.289795 4.096905 -3.232098
v 43.258324 3.921878 -3.275412
v 43.284718 4.871248 -3.365069
v 43.284718 4.630184 -3.365069
v 43.295200 4.273793 -3.332799
v 43.322502 4.096905 -3.248763
v 43.305958 3.921878 -3.299682
v 43.358757 3.705639 -3.468549
v 43.461159 3.705639 -3.452330
v 43.553535 3.705639 -3.405262
v 43.626846 3.705639 -3.331952
v 43.673912 3.705639 -3.239576
v 43.690132 3.705639 -3.137176
v 43.673912 3.705639 -3.034776
v 43.626846 3.705639 -2.942400
v 43.553535 3.705639 -2.869089
v 43.461159 3.705639 -2.822021
v 43.358757 3.705639 -2.805803
v 43.256359 3.705639 -2.822021
v 43.163982 3.705639 -2.869089
v 43.090672 3.705639 -2.942400
v 43.043606 3.705639 -3.034776
v 43.027386 3.705639 -3.137176
v 43.043606 3.705639 -3.239576
v 43.090672 3.705639 -3.331952
v 43.163982 3.705639 -3.405262
v 43.256359 3.705639 -3.452330
v 42.969654 4.565865 -3.101047
v 42.969654 4.953448 -3.101047
v 42.969654 4.565865 -3.156423
v 42.969654 4.953448 -3.156423
v 43.145237 4.565865 -3.101047
v 43.145237 4.953448 -3.101047
v 43.145237 4.565865 -3.156423
v 43.145237 4.953448 -3.156423
v 43.028057 4.565865 -3.156423
v 43.028057 4.953448 -3.156423
v 43.028057 4.565865 -3.101047
v 43.028057 4.953448 -3.101047
v 42.969654 4.618994 -3.101047
v 42.969654 4.904386 -3.101047
v 42.969654 4.904386 -3.156423
v 42.969654 4.618994 -3.156423
v 43.145237 4.904386 -3.156423
v 43.145237 4.618994 -3.156423
v 43.145237 4.904386 -3.101047
v 43.145237 4.618994 -3.101047
v 43.028057 4.904386 -3.101047
v 43.028057 4.618994 -3.101047
v 43.028057 4.904386 -3.156423
v 43.028057 4.618994 -3.156423
v 43.358765 4.057150 -3.175559
v 43.358761 3.961620 -3.204779
v 43.358761 3.836595 -3.317228
v 43.358765 5.112311 -3.351156
v 43.419598 3.836595 -3.307609
v 43.430088 5.112311 -3.339875
v 43.473930 3.836593 -3.279990
v 43.493885 5.112311 -3.307430
v 43.515930 3.836591 -3.238179
v 43.543392 5.112311 -3.258101
v 43.541512 3.836587 -3.188493
v 43.573788 5.112311 -3.198949
v 43.549801 3.836585 -3.137176
v 43.583729 5.112311 -3.137176
v 43.541512 3.836587 -3.085859
v 43.573788 5.112311 -3.075403
v 43.515930 3.836591 -3.036173
v 43.543392 5.112311 -3.016251
v 43.473930 3.836593 -2.994362
v 43.493885 5.112311 -2.966922
v 43.419598 3.836595 -2.966743
v 43.430088 5.112311 -2.934477
v 43.358761 3.836595 -2.957124
v 43.358765 5.112311 -2.923195
v 43.297928 3.836595 -2.966743
v 43.287437 5.112311 -2.934477
v 43.243595 3.836593 -2.994362
v 43.223644 5.112311 -2.966922
v 43.201591 3.836591 -3.036173
v 43.174133 5.112311 -3.016251
v 43.176010 3.836587 -3.085859
v 43.143738 5.112311 -3.075403
v 43.167721 3.836585 -3.137176
v 43.133797 5.112311 -3.137176
v 43.176010 3.836587 -3.188493
v 43.143738 5.112311 -3.198949
v 43.201591 3.836591 -3.238179
v 43.174133 5.112311 -3.258101
v 43.243595 3.836593 -3.279990
v 43.223644 5.112311 -3.307430
v 43.297928 3.836595 -3.307609
v 43.287437 5.112311 -3.339875
v 43.358761 4.273804 -3.317227
v 43.358765 4.630186 -3.351157
v 43.358765 4.871248 -3.351156
v 43.430088 4.871248 -3.339875
v 43.430088 4.630186 -3.339875
v 43.419598 4.273805 -3.307607
v 43.375832 4.057150 -3.172870
v 43.384857 3.961619 -3.200661
v 43.493885 4.871248 -3.307430
v 43.493881 4.630186 -3.307431
v 43.473930 4.273806 -3.279986
v 43.390678 4.057151 -3.165361
v 43.407848 3.961617 -3.189006
v 43.543392 4.871248 -3.258101
v 43.543392 4.630187 -3.258103
v 43.515934 4.273808 -3.238171
v 43.401344 4.057152 -3.154867
v 43.424980 3.961613 -3.172054
v 43.573788 4.871248 -3.198949
v 43.573788 4.630187 -3.198951
v 43.541515 4.273811 -3.188482
v 43.406796 4.057153 -3.144658
v 43.434582 3.961608 -3.153703
v 43.583729 4.871248 -3.137176
v 43.583729 4.630187 -3.137176
v 43.549797 4.273812 -3.137176
v 43.408131 4.057154 -3.137176
v 43.437355 3.961606 -3.137176
v 43.573788 4.871248 -3.075403
v 43.573788 4.630187 -3.075400
v 43.541515 4.273811 -3.085870
v 43.406796 4.057153 -3.129694
v 43.434582 3.961608 -3.120649
v 43.543392 4.871248 -3.016251
v 43.543392 4.630187 -3.016249
v 43.515934 4.273808 -3.036181
v 43.401344 4.057152 -3.119485
v 43.424980 3.961613 -3.102298
v 43.493885 4.871248 -2.966922
v 43.493881 4.630186 -2.966921
v 43.473930 4.273806 -2.994366
v 43.390678 4.057151 -3.108991
v 43.407848 3.961617 -3.085346
v 43.430088 4.871248 -2.934477
v 43.430088 4.630186 -2.934477
v 43.419598 4.273805 -2.966744
v 43.375832 4.057150 -3.101482
v 43.384857 3.961619 -3.073691
v 43.358765 4.871248 -2.923195
v 43.358765 4.630186 -2.923195
v 43.358761 4.273804 -2.957125
v 43.358765 4.057150 -3.098793
v 43.358761 3.961620 -3.069573
v 43.287437 4.871248 -2.934477
v 43.287437 4.630186 -2.934477
v 43.297924 4.273805 -2.966744
v 43.341698 4.057150 -3.101482
v 43.332668 3.961619 -3.073691
v 43.223644 4.871248 -2.966922
v 43.223644 4.630186 -2.966921
v 43.243591 4.273806 -2.994366
v 43.326847 4.057151 -3.108991
v 43.309677 3.961617 -3.085346
v 43.174133 4.871248 -3.016251
v 43.174133 4.630187 -3.016249
v 43.201588 4.273808 -3.036181
v 43.316181 4.057152 -3.119485
v 43.292545 3.961613 -3.102298
v 43.143738 4.871248 -3.075403
v 43.143738 4.630187 -3.075400
v 43.176010 4.273811 -3.085870
v 43.310730 4.057153 -3.129694
v 43.282944 3.961608 -3.120649
v 43.133797 4.871248 -3.137176
v 43.133797 4.630187 -3.137176
v 43.167725 4.273812 -3.137176
v 43.309395 4.057154 -3.137176
v 43.280170 3.961606 -3.137176
v 43.143738 4.871248 -3.198949
v 43.143738 4.630187 -3.198951
v 43.176010 4.273811 -3.188482
v 43.310730 4.057153 -3.144658
v 43.282944 3.961608 -3.153703
v 43.174133 4.871248 -3.258101
v 43.174133 4.630187 -3.258103
v 43.201588 4.273808 -3.238171
v 43.316181 4.057152 -3.154867
v 43.292545 3.961613 -3.172054
v 43.223644 4.871248 -3.307430
v 43.223644 4.630186 -3.307431
v 43.243591 4.273806 -3.279986
v 43.326847 4.057151 -3.165361
v 43.309677 3.961617 -3.189006
v 43.287437 4.871248 -3.339875
v 43.287437 4.630186 -3.339875
v 43.297924 4.273805 -3.307607
v 43.341698 4.057150 -3.172870
v 43.332668 3.961619 -3.200661
v 43.358761 3.736894 -3.324243
v 43.420341 3.736892 -3.314468
v 43.475471 3.736889 -3.286311
v 43.518341 3.736881 -3.243335
v 43.544712 3.736869 -3.191510
v 43.553333 3.736862 -3.137176
v 43.544712 3.736869 -3.082842
v 43.518341 3.736881 -3.031016
v 43.475471 3.736889 -2.988041
v 43.420341 3.736892 -2.959884
v 43.358761 3.736894 -2.950109
v 43.297180 3.736892 -2.959884
v 43.242050 3.736889 -2.988041
v 43.199184 3.736881 -3.031016
v 43.172813 3.736869 -3.082842
v 43.164188 3.736862 -3.137176
v 43.172813 3.736869 -3.191510
v 43.199184 3.736881 -3.243335
v 43.242050 3.736889 -3.286311
v 43.297180 3.736892 -3.314468
v 42.978115 4.566373 -3.115850
v 42.978115 4.952940 -3.115850
v 42.978115 4.566373 -3.141619
v 42.978115 4.952940 -3.141619
v 43.136776 4.566373 -3.115850
v 43.136776 4.952940 -3.115850
v 43.136776 4.566373 -3.141619
v 43.136776 4.952940 -3.141619
v 43.028057 4.566487 -3.138292
v 43.028057 4.952826 -3.138292
v 43.028057 4.566487 -3.119178
v 43.028057 4.952826 -3.119178
v 42.980019 4.618994 -3.119178
v 42.980019 4.904386 -3.119178
v 42.980019 4.904386 -3.138292
v 42.980019 4.618994 -3.138292
v 43.136776 4.904894 -3.141619
v 43.136776 4.618486 -3.141619
v 43.136776 4.904894 -3.115850
v 43.136776 4.618486 -3.115850
v 43.023636 4.904651 -3.124240
v 43.023636 4.618729 -3.124240
v 43.023636 4.904651 -3.133230
v 43.023636 4.618729 -3.133230
v 43.396305 3.803150 -2.786965
v 43.396305 3.803150 -2.824236
v 43.325558 3.803150 -2.824236
v 43.325558 3.803150 -2.786965
v 43.336510 3.799591 -2.824236
v 43.336510 3.799591 -2.786965
v 43.343281 3.790273 -2.824236
v 43.343281 3.790273 -2.786965
v 43.343281 3.778756 -2.824236
v 43.343281 3.778756 -2.786965
v 43.336510 3.769438 -2.824236
v 43.336510 3.769439 -2.786965
v 43.325558 3.765879 -2.824236
v 43.325558 3.765879 -2.786965
v 43.314602 3.769438 -2.824236
v 43.314602 3.769439 -2.786965
v 43.307835 3.778756 -2.824236
v 43.307835 3.778756 -2.786965
v 43.307835 3.790273 -2.824236
v 43.307835 3.790273 -2.786965
v 43.314602 3.799591 -2.824236
v 43.314602 3.799591 -2.786965
v 43.407257 3.799591 -2.824236
v 43.407257 3.799591 -2.786965
v 43.414028 3.790273 -2.824236
v 43.414028 3.790273 -2.786965
v 43.414028 3.778756 -2.824236
v 43.414028 3.778756 -2.786965
v 43.407257 3.769438 -2.824236
v 43.407257 3.769439 -2.786965
v 43.396305 3.765879 -2.824236
v 43.396305 3.765879 -2.786965
v 43.385349 3.769438 -2.824236
v 43.385349 3.769439 -2.786965
v 43.378582 3.778756 -2.824236
v 43.378582 3.778756 -2.786965
v 43.378582 3.790273 -2.824236
v 43.378582 3.790273 -2.786965
v 43.385349 3.799591 -2.824236
v 43.385349 3.799591 -2.786965
vn -0.5926 -0.0964 0.7997
vn -0.5717 -0.2849 0.7694
vn -0.7836 -0.2848 0.5522
vn -0.8128 -0.0964 0.5745
vn -0.9153 -0.2846 -0.2849
vn -0.9537 -0.0475 -0.2971
vn -0.8163 -0.0475 -0.5757
vn -0.7836 -0.2848 -0.5522
vn -0.0000 -0.0000 -1.0000
vn -0.0000 0.9993 -0.0362
vn 0.0118 0.9993 -0.0357
vn 0.3140 -0.0000 -0.9494
vn -0.5955 -0.0475 0.8019
vn -0.8163 -0.0475 0.5757
vn -0.9500 -0.0966 -0.2968
vn -0.8128 -0.0964 -0.5745
vn 0.0252 0.9991 -0.0339
vn 0.5961 -0.0000 -0.8029
vn -0.2303 0.9455 0.2303
vn -0.9131 0.2925 -0.2840
vn -0.7818 0.2925 -0.5506
vn 0.0415 0.9987 -0.0293
vn 0.8172 -0.0000 -0.5764
vn -0.8172 -0.0000 0.5764
vn -0.9547 -0.0000 0.2975
vn -0.9537 -0.0475 0.2971
vn -0.2902 0.9455 -0.1479
vn 0.0600 0.9980 -0.0187
vn 0.9547 -0.0000 -0.2975
vn -0.9153 -0.2846 0.2849
vn -0.8172 -0.0000 -0.5764
vn -0.5961 -0.0000 -0.8029
vn -0.5955 -0.0475 -0.8019
vn 0.0697 0.9976 -0.0000
vn 1.0000 -0.0000 -0.0000
vn -0.9500 -0.0966 0.2968
vn -0.5717 -0.2849 -0.7694
vn 0.0600 0.9980 0.0187
vn 0.9547 -0.0000 0.2975
vn -0.7818 0.2925 0.5506
vn -0.9131 0.2925 0.2840
vn -0.5926 -0.0964 -0.7997
vn 0.0415 0.9987 0.0293
vn 0.8172 -0.0000 0.5764
vn -0.2902 0.9455 0.1479
vn -0.5705 0.2925 -0.7674
vn 0.0252 0.9991 0.0339
vn 0.5961 -0.0000 0.8029
vn -1.0000 -0.0000 -0.0000
vn -0.9989 -0.0475 -0.0000
vn -0.2303 0.9455 -0.2303
vn 0.0118 0.9993 0.0357
vn 0.3140 -0.0000 0.9494
vn -0.9587 -0.2845 -0.0000
vn -0.3140 -0.0000 -0.9494
vn -0.3137 -0.0475 -0.9483
vn -0.0000 0.9993 0.0362
vn -0.0000 -0.0000 1.0000
vn -0.9953 -0.0967 -0.0000
vn -0.3012 -0.2849 -0.9100
vn -0.0118 0.9993 0.0357
vn -0.3140 -0.0000 0.9494
vn -0.9563 0.2925 -0.0000
vn -0.3121 -0.0964 -0.9451
vn -0.0252 0.9991 0.0339
vn -0.5961 -0.0000 0.8029
vn -0.3217 0.9455 0.0510
vn -0.3006 0.2925 -0.9078
vn -0.0415 0.9987 0.0293
vn -0.9547 -0.0000 -0.2975
vn -0.1479 0.9455 -0.2902
vn -0.0600 0.9980 0.0187
vn -0.0000 -0.0475 -0.9989
vn -0.0697 0.9976 -0.0000
vn -0.0000 -0.2849 -0.9586
vn -0.0600 0.9980 -0.0187
vn -0.0000 -0.0964 -0.9953
vn -0.0415 0.9987 -0.0293
vn -0.3217 0.9455 -0.0510
vn -0.0000 0.2925 -0.9563
vn -0.0252 0.9991 -0.0339
vn -0.0510 0.9455 -0.3217
vn -0.0118 0.9993 -0.0357
vn -0.5705 0.2925 0.7674
vn -0.1479 0.9455 0.2902
vn -0.3006 0.2925 0.9078
vn -0.3121 -0.0964 0.9451
vn -0.3012 -0.2849 0.9100
vn -0.3137 -0.0475 0.9483
vn -0.0510 0.9455 0.3217
vn -0.0000 0.2925 0.9563
vn -0.0000 -0.0964 0.9953
vn -0.0000 -0.2849 0.9586
vn -0.0000 -0.0475 0.9989
vn 0.0510 0.9455 0.3217
vn 0.3006 0.2925 0.9078
vn 0.3121 -0.0964 0.9451
vn 0.3012 -0.2849 0.9100
vn 0.3137 -0.0475 0.9483
vn 0.1479 0.9455 0.2902
vn 0.5705 0.2925 0.7674
vn 0.5926 -0.0964 0.7997
vn 0.5717 -0.2849 0.7694
vn 0.5955 -0.0475 0.8019
vn 0.2303 0.9455 0.2303
vn 0.7818 0.2925 0.5506
vn 0.8128 -0.0965 0.5745
vn 0.7836 -0.2848 0.5522
vn 0.8163 -0.0475 0.5757
vn 0.2902 0.9455 0.1479
vn 0.9131 0.2925 0.2840
vn 0.9500 -0.0966 0.2968
vn 0.9153 -0.2846 0.2849
vn 0.9537 -0.0475 0.2971
vn 0.3217 0.9455 0.0510
vn 0.9563 0.2925 -0.0000
vn 0.9953 -0.0967 -0.0000
vn 0.9587 -0.2845 -0.0000
vn 0.9989 -0.0475 -0.0000
vn 0.3217 0.9455 -0.0510
vn 0.9131 0.2925 -0.2840
vn 0.9500 -0.0966 -0.2968
vn 0.9153 -0.2846 -0.2849
vn 0.9537 -0.0475 -0.2971
vn 0.2902 0.9455 -0.1479
vn 0.7818 0.2925 -0.5506
vn 0.8128 -0.0965 -0.5745
vn 0.7836 -0.2848 -0.5522
vn 0.8163 -0.0475 -0.5757
vn 0.2303 0.9455 -0.2303
vn 0.5705 0.2925 -0.7674
vn 0.5926 -0.0964 -0.7997
vn 0.5717 -0.2849 -0.7694
vn 0.5955 -0.0475 -0.8019
vn 0.1479 0.9455 -0.2902
vn 0.3006 0.2925 -0.9078
vn 0.3121 -0.0964 -0.9451
vn 0.3012 -0.2849 -0.9100
vn 0.3137 -0.0475 -0.9483
vn 0.0510 0.9455 -0.3217
vn -0.0000 -1.0000 -0.0000
vn -0.0000 1.0000 -0.0000
vn 0.5836 0.1716 -0.7937
vn 0.7997 0.1719 -0.5753
vn 0.7635 0.3502 -0.5426
vn 0.5572 0.3505 -0.7528
vn 0.8933 0.3499 0.2822
vn 0.7635 0.3502 0.5426
vn 0.8146 0.0475 0.5781
vn 0.9528 0.0475 0.2999
vn -0.3135 -0.0000 0.9496
vn -0.0104 0.9994 0.0316
vn -0.0000 0.9995 0.0323
vn 0.8146 0.0475 -0.5781
vn 0.5943 0.0475 -0.8028
vn 0.9374 0.1726 0.3025
vn 0.7997 0.1719 0.5753
vn -0.5950 -0.0000 0.8037
vn -0.0216 0.9993 0.0292
vn 0.5270 -0.6641 -0.5302
vn 0.9096 -0.2925 0.2951
vn 0.7762 -0.2923 0.5587
vn -0.8155 -0.0000 0.5787
vn -0.0337 0.9991 0.0239
vn 0.9528 0.0475 -0.2999
vn 0.9539 -0.0000 -0.3002
vn 0.8155 -0.0000 -0.5787
vn 0.6641 -0.6641 0.3434
vn -0.9539 -0.0000 0.3002
vn -0.0447 0.9989 0.0141
vn 0.8933 0.3499 -0.2822
vn 0.5943 0.0475 0.8028
vn 0.5950 -0.0000 0.8037
vn 0.8155 -0.0000 0.5787
vn -0.0492 0.9988 -0.0000
vn 0.9374 0.1726 -0.3025
vn 0.5572 0.3505 0.7528
vn -0.9539 -0.0000 -0.3002
vn -0.0447 0.9989 -0.0141
vn 0.7762 -0.2923 -0.5587
vn 0.9096 -0.2925 -0.2951
vn 0.5836 0.1716 0.7937
vn -0.8155 -0.0000 -0.5787
vn -0.0337 0.9991 -0.0239
vn 0.6641 -0.6641 -0.3434
vn 0.5671 -0.2924 0.7700
vn -0.5950 -0.0000 -0.8037
vn -0.0216 0.9993 -0.0292
vn 0.9989 0.0475 -0.0000
vn 0.5270 -0.6641 0.5302
vn -0.3135 -0.0000 -0.9496
vn -0.0104 0.9994 -0.0316
vn 0.9368 0.3497 -0.0000
vn 0.3132 0.0475 0.9485
vn 0.3135 -0.0000 0.9496
vn -0.0000 0.9995 -0.0323
vn 0.9848 0.1738 -0.0000
vn 0.2937 0.3505 0.8893
vn 0.3135 -0.0000 -0.9496
vn 0.0104 0.9994 -0.0316
vn 0.9561 -0.2930 -0.0000
vn 0.3076 0.1715 0.9359
vn 0.5950 -0.0000 -0.8037
vn 0.0216 0.9993 -0.0292
vn 0.7379 -0.6641 -0.1202
vn 0.2992 -0.2925 0.9083
vn 0.0337 0.9991 -0.0239
vn 0.9539 -0.0000 0.3002
vn 0.3386 -0.6641 0.6665
vn 0.0447 0.9989 -0.0141
vn -0.0000 0.0475 0.9989
vn 0.0491 0.9988 -0.0000
vn -0.0000 0.3506 0.9365
vn 0.0447 0.9989 0.0141
vn -0.0000 0.1715 0.9852
vn 0.0337 0.9991 0.0239
vn 0.7379 -0.6641 0.1202
vn -0.0000 -0.2925 0.9563
vn 0.0216 0.9993 0.0292
vn 0.1167 -0.6641 0.7384
vn 0.0104 0.9994 0.0316
vn 0.5671 -0.2924 -0.7700
vn -0.3133 -0.0673 0.9473
vn -0.3134 -0.0673 0.9472
vn -0.5950 -0.0597 0.8015
vn -0.5948 -0.0597 0.8017
vn 0.3386 -0.6641 -0.6665
vn 0.2992 -0.2925 -0.9083
vn 0.3076 0.1715 -0.9359
vn 0.2937 0.3505 -0.8893
vn 0.3132 0.0475 -0.9485
vn 0.1167 -0.6641 -0.7384
vn -0.0000 -0.2925 -0.9563
vn -0.0000 0.1715 -0.9852
vn -0.0000 0.3506 -0.9365
vn -0.0000 0.0475 -0.9989
vn -0.1167 -0.6641 -0.7384
vn -0.2992 -0.2925 -0.9083
vn -0.3076 0.1715 -0.9359
vn -0.2937 0.3505 -0.8893
vn -0.3132 0.0475 -0.9485
vn -0.3386 -0.6641 -0.6665
vn -0.5671 -0.2924 -0.7700
vn -0.5836 0.1716 -0.7937
vn -0.5572 0.3505 -0.7528
vn -0.5943 0.0475 -0.8028
vn -0.5270 -0.6641 -0.5303
vn -0.7762 -0.2923 -0.5587
vn -0.7997 0.1719 -0.5752
vn -0.7635 0.3502 -0.5426
vn -0.8146 0.0475 -0.5781
vn -0.6641 -0.6641 -0.3434
vn -0.9096 -0.2925 -0.2951
vn -0.9374 0.1726 -0.3025
vn -0.8933 0.3499 -0.2822
vn -0.9528 0.0475 -0.2999
vn -0.7379 -0.6641 -0.1203
vn -0.9561 -0.2930 -0.0000
vn -0.9848 0.1738 -0.0000
vn -0.9368 0.3497 -0.0000
vn -0.9989 0.0475 -0.0000
vn -0.7379 -0.6641 0.1203
vn -0.9096 -0.2925 0.2951
vn -0.9374 0.1726 0.3025
vn -0.8933 0.3499 0.2822
vn -0.9528 0.0475 0.2999
vn -0.6641 -0.6641 0.3434
vn -0.7762 -0.2923 0.5587
vn -0.7997 0.1719 0.5752
vn -0.7635 0.3502 0.5426
vn -0.8146 0.0475 0.5781
vn -0.5270 -0.6641 0.5303
vn -0.5671 -0.2924 0.7700
vn -0.5836 0.1716 0.7937
vn -0.5572 0.3505 0.7528
vn -0.5943 0.0475 0.8028
vn -0.3386 -0.6641 0.6665
vn -0.2992 -0.2925 0.9083
vn -0.3076 0.1715 0.9359
vn -0.2937 0.3505 0.8893
vn -0.3132 0.0475 0.9485
vn -0.1167 -0.6641 0.7384
vn 0.3133 -0.0673 0.9473
vn 0.3134 -0.0673 0.9472
vn -0.0000 -0.0700 0.9975
vn -0.9534 -0.0399 0.2990
vn -0.9536 -0.0399 0.2985
vn -0.9993 -0.0362 -0.0000
vn -0.8154 -0.0493 -0.5768
vn -0.8157 -0.0493 -0.5764
vn -0.5950 -0.0597 -0.8015
vn -0.5948 -0.0597 -0.8017
vn -0.0000 -0.0700 -0.9975
vn 0.3134 -0.0673 -0.9472
vn 0.3133 -0.0673 -0.9473
vn 0.8154 -0.0493 -0.5768
vn 0.8157 -0.0493 -0.5764
vn 0.9536 -0.0399 -0.2985
vn 0.9534 -0.0399 -0.2990
vn 0.9534 -0.0399 0.2990
vn 0.9536 -0.0399 0.2985
vn 0.8157 -0.0493 0.5764
vn 0.8154 -0.0493 0.5768
vn -0.8154 -0.0493 0.5768
vn -0.8157 -0.0493 0.5764
vn -0.9534 -0.0399 -0.2990
vn -0.9536 -0.0399 -0.2985
vn -0.3133 -0.0673 -0.9473
vn -0.3134 -0.0673 -0.9472
vn 0.5948 -0.0597 -0.8017
vn 0.5950 -0.0597 -0.8015
vn 0.9993 -0.0362 -0.0000
vn 0.5948 -0.0597 0.8017
vn 0.5950 -0.0597 0.8015
vn 0.9992 0.0391 -0.0000
vn 0.0526 0.0501 0.9974
vn -0.0891 0.0884 -0.9921
vn 0.0011 1.0000 -0.0000
vn -0.0023 -1.0000 -0.0000
vn 0.0011 -1.0000 -0.0000
vn -0.0023 1.0000 -0.0000
vn 0.0526 0.0501 -0.9974
vn -0.0891 0.0884 0.9921
vn -0.0891 -0.0816 0.9927
vn -0.1153 -0.0000 0.9933
vn 0.0526 -0.0462 -0.9975
vn -0.0891 -0.0816 -0.9927
vn -0.1153 -0.0000 -0.9933
vn -0.0021 -1.0000 -0.0000
vn 0.0526 -0.0462 0.9975
vn -0.0021 1.0000 -0.0000
vn 0.9993 -0.0361 -0.0000
vn 0.3090 0.9511 -0.0000
vn 0.8090 0.5878 -0.0000
vn -0.8090 -0.5878 -0.0000
vn -0.3090 -0.9511 -0.0000
vn 0.8090 -0.5878 -0.0000
vn 0.3090 -0.9511 -0.0000
vn -0.3090 0.9511 -0.0000
vn -0.8090 0.5878 -0.0000
vt 0.448637 0.840054
vt 0.443768 0.884277
vt 0.433484 0.884277
vt 0.442770 0.840055
vt 0.106786 0.884268
vt 0.110768 0.973366
vt 0.098787 0.973366
vt 0.096502 0.884268
vt 0.993684 1.033638
vt 0.993685 1.093904
vt 0.981703 1.093904
vt 0.981703 1.033638
vt 0.443769 0.884271
vt 0.441899 0.973369
vt 0.429918 0.973368
vt 0.433484 0.884271
vt 0.096417 0.840057
vt 0.106786 0.884280
vt 0.096502 0.884279
vt 0.090551 0.840057
vt 0.968943 1.033637
vt 0.968943 1.093903
vt 0.956962 1.093903
vt 0.956962 1.033637
vt 0.436843 0.782592
vt 0.445687 0.796306
vt 0.437143 0.796306
vt 0.420274 0.782591
vt 0.102700 0.796303
vt 0.096417 0.839904
vt 0.090551 0.839904
vt 0.094157 0.796302
vt 0.941898 1.033638
vt 0.941898 1.093904
vt 0.929916 1.093904
vt 0.929916 1.033639
vt 0.401213 0.973372
vt 0.401213 1.033638
vt 0.389232 1.033638
vt 0.389232 0.973372
vt 0.121535 0.782570
vt 0.102700 0.796310
vt 0.094156 0.796310
vt 0.104967 0.782570
vt 0.901212 1.033638
vt 0.901212 1.093904
vt 0.889231 1.093904
vt 0.889231 1.033638
vt 0.403498 0.884269
vt 0.401213 0.973367
vt 0.389232 0.973367
vt 0.393214 0.884269
vt 0.070082 0.973372
vt 0.070082 1.033638
vt 0.058101 1.033638
vt 0.058101 0.973372
vt 0.817369 1.033638
vt 0.817370 1.093903
vt 0.805389 1.093903
vt 0.805389 1.033638
vt 0.409449 0.840056
vt 0.403498 0.884279
vt 0.393214 0.884279
vt 0.403583 0.840056
vt 0.066516 0.884271
vt 0.070082 0.973368
vt 0.058101 0.973368
vt 0.056231 0.884271
vt 0.694611 1.033637
vt 0.694612 1.093903
vt 0.682630 1.093903
vt 0.682631 1.033637
vt 0.405843 0.796302
vt 0.409449 0.839905
vt 0.403583 0.839905
vt 0.397300 0.796303
vt 0.057229 0.840054
vt 0.066516 0.884276
vt 0.056231 0.884277
vt 0.051362 0.840055
vt 0.610770 1.033638
vt 0.610770 1.093904
vt 0.598789 1.093904
vt 0.598789 1.033638
vt 0.395033 0.782571
vt 0.405843 0.796310
vt 0.397300 0.796310
vt 0.378464 0.782571
vt 0.062856 0.796300
vt 0.057229 0.839948
vt 0.051362 0.839948
vt 0.054313 0.796300
vt 0.570084 1.033639
vt 0.570084 1.093904
vt 0.558103 1.093903
vt 0.558103 1.033638
vt 0.317371 0.973372
vt 0.317371 1.033637
vt 0.305390 1.033638
vt 0.305390 0.973372
vt 0.079726 0.782592
vt 0.062856 0.796306
vt 0.054313 0.796306
vt 0.063157 0.782592
vt 0.543038 1.033638
vt 0.543038 1.093904
vt 0.531057 1.093904
vt 0.531057 1.033639
vt 0.318146 0.884267
vt 0.317371 0.973365
vt 0.305390 0.973365
vt 0.307861 0.884267
vt 0.043035 0.973372
vt 0.043035 1.033639
vt 0.031054 1.033638
vt 0.031054 0.973372
vt 0.518297 1.033638
vt 0.518297 1.093904
vt 0.506316 1.093903
vt 0.506316 1.033638
vt 0.320164 0.840058
vt 0.318146 0.884281
vt 0.307861 0.884281
vt 0.314298 0.840059
vt 0.040494 0.884271
vt 0.043035 0.973369
vt 0.031054 0.973369
vt 0.030209 0.884271
vt 0.493686 1.033638
vt 0.493686 1.093904
vt 0.481705 1.093904
vt 0.481705 1.033638
vt 0.318941 0.796306
vt 0.320164 0.839853
vt 0.314297 0.839853
vt 0.310397 0.796306
vt 0.033874 0.840053
vt 0.040493 0.884276
vt 0.030209 0.884276
vt 0.028008 0.840054
vt 0.468946 1.033638
vt 0.468946 1.093904
vt 0.456965 1.093904
vt 0.456965 1.033638
vt 0.315274 0.782546
vt 0.318941 0.796315
vt 0.310398 0.796315
vt 0.298706 0.782547
vt 0.037885 0.796299
vt 0.033874 0.839972
vt 0.028008 0.839971
vt 0.029342 0.796298
vt 0.441900 1.033637
vt 0.441900 1.093903
vt 0.429918 1.093903
vt 0.429919 1.033637
vt 0.194610 0.973371
vt 0.194610 1.033637
vt 0.182629 1.033638
vt 0.182629 0.973372
vt 0.049909 0.782602
vt 0.037885 0.796303
vt 0.029342 0.796303
vt 0.033341 0.782602
vt 0.401213 1.093903
vt 0.389232 1.093904
vt 0.192139 0.884267
vt 0.194610 0.973365
vt 0.182629 0.973365
vt 0.181854 0.884267
vt 0.018295 0.973372
vt 0.018295 1.033638
vt 0.006314 1.033638
vt 0.006314 0.973372
vt 0.317371 1.093903
vt 0.305390 1.093903
vt 0.185702 0.840059
vt 0.192139 0.884282
vt 0.181854 0.884281
vt 0.179836 0.840059
vt 0.016880 0.884272
vt 0.018295 0.973369
vt 0.006314 0.973369
vt 0.006596 0.884272
vt 0.194610 1.033638
vt 0.194610 1.093904
vt 0.182629 1.093904
vt 0.189602 0.796305
vt 0.185703 0.839853
vt 0.179836 0.839853
vt 0.181059 0.796305
vt 0.013196 0.840054
vt 0.016880 0.884277
vt 0.006596 0.884276
vt 0.007330 0.840054
vt 0.110768 1.033639
vt 0.110768 1.093904
vt 0.098787 1.093904
vt 0.098787 1.033638
vt 0.201294 0.782545
vt 0.189602 0.796315
vt 0.181059 0.796315
vt 0.184726 0.782546
vt 0.015429 0.796298
vt 0.013196 0.839982
vt 0.007330 0.839982
vt 0.006885 0.796298
vt 0.070082 1.093904
vt 0.058101 1.093904
vt 0.022121 0.782607
vt 0.015429 0.796302
vt 0.006885 0.796302
vt 0.005552 0.782607
vt 0.043035 1.093904
vt 0.031054 1.093904
vt 0.445687 0.796300
vt 0.448637 0.839948
vt 0.442770 0.839948
vt 0.437143 0.796300
vt 0.110768 0.973372
vt 0.098787 1.033638
vt 0.098787 0.973372
vt 0.018295 1.093904
vt 0.006314 1.093904
vt 0.966659 0.782606
vt 0.950090 0.782605
vt 0.950090 0.742244
vt 0.966659 0.742245
vt 0.441899 0.973372
vt 0.441899 1.033638
vt 0.429918 1.033638
vt 0.429918 0.973372
vt 0.466659 0.782603
vt 0.470658 0.796303
vt 0.462115 0.796303
vt 0.450091 0.782603
vt 0.470657 0.796298
vt 0.471992 0.839971
vt 0.466125 0.839971
vt 0.462114 0.796298
vt 0.471992 0.840055
vt 0.469790 0.884277
vt 0.459506 0.884277
vt 0.466125 0.840055
vt 0.469791 0.884271
vt 0.468946 0.973369
vt 0.456965 0.973369
vt 0.459507 0.884272
vt 0.468946 0.973372
vt 0.456965 0.973372
vt 0.494447 0.782607
vt 0.493114 0.796302
vt 0.484571 0.796302
vt 0.477879 0.782607
vt 0.493114 0.796299
vt 0.492670 0.839982
vt 0.486803 0.839983
vt 0.484571 0.796300
vt 0.492670 0.840054
vt 0.493404 0.884276
vt 0.483119 0.884276
vt 0.486803 0.840054
vt 0.493404 0.884271
vt 0.493686 0.973369
vt 0.481705 0.973369
vt 0.483119 0.884272
vt 0.493686 0.973371
vt 0.481705 0.973371
vt 0.522122 0.782607
vt 0.515430 0.796302
vt 0.506886 0.796302
vt 0.505553 0.782607
vt 0.515430 0.796299
vt 0.513197 0.839983
vt 0.507331 0.839982
vt 0.506886 0.796299
vt 0.513197 0.840054
vt 0.516882 0.884276
vt 0.506597 0.884276
vt 0.507331 0.840054
vt 0.516882 0.884271
vt 0.518297 0.973369
vt 0.506316 0.973369
vt 0.506597 0.884271
vt 0.518297 0.973372
vt 0.506316 0.973372
vt 0.549910 0.782603
vt 0.537886 0.796303
vt 0.529343 0.796303
vt 0.533341 0.782603
vt 0.537887 0.796299
vt 0.533875 0.839972
vt 0.528009 0.839972
vt 0.529343 0.796299
vt 0.533875 0.840055
vt 0.540495 0.884277
vt 0.530210 0.884277
vt 0.528008 0.840054
vt 0.540495 0.884271
vt 0.543037 0.973369
vt 0.531056 0.973369
vt 0.530210 0.884271
vt 0.543038 0.973372
vt 0.531056 0.973372
vt 0.579726 0.782591
vt 0.562857 0.796306
vt 0.554313 0.796306
vt 0.563157 0.782592
vt 0.562858 0.796302
vt 0.557230 0.839949
vt 0.551364 0.839949
vt 0.554314 0.796301
vt 0.557230 0.840056
vt 0.566517 0.884279
vt 0.556233 0.884279
vt 0.551364 0.840056
vt 0.566517 0.884271
vt 0.570084 0.973368
vt 0.558103 0.973368
vt 0.556233 0.884271
vt 0.570084 0.973373
vt 0.558103 0.973373
vt 0.621536 0.782570
vt 0.602700 0.796309
vt 0.594156 0.796309
vt 0.604966 0.782570
vt 0.602702 0.796304
vt 0.596419 0.839906
vt 0.590552 0.839906
vt 0.594158 0.796304
vt 0.596418 0.840057
vt 0.606787 0.884280
vt 0.596503 0.884279
vt 0.590551 0.840057
vt 0.606788 0.884268
vt 0.610770 0.973366
vt 0.598789 0.973366
vt 0.596503 0.884268
vt 0.610770 0.973372
vt 0.598789 0.973372
vt 0.701295 0.782546
vt 0.689603 0.796315
vt 0.681060 0.796315
vt 0.684726 0.782546
vt 0.689604 0.796305
vt 0.685703 0.839852
vt 0.679837 0.839852
vt 0.681060 0.796305
vt 0.685703 0.840058
vt 0.692140 0.884281
vt 0.681855 0.884281
vt 0.679837 0.840058
vt 0.692140 0.884267
vt 0.694612 0.973365
vt 0.682631 0.973365
vt 0.681855 0.884267
vt 0.694611 0.973372
vt 0.682630 0.973372
vt 0.815274 0.782546
vt 0.818940 0.796314
vt 0.810397 0.796315
vt 0.798705 0.782546
vt 0.818940 0.796305
vt 0.820163 0.839852
vt 0.814296 0.839852
vt 0.810397 0.796305
vt 0.820163 0.840058
vt 0.818145 0.884281
vt 0.807860 0.884281
vt 0.814297 0.840059
vt 0.818145 0.884267
vt 0.817369 0.973365
vt 0.805388 0.973365
vt 0.807860 0.884267
vt 0.817369 0.973372
vt 0.805388 0.973372
vt 0.895033 0.782570
vt 0.905843 0.796309
vt 0.897299 0.796309
vt 0.878464 0.782570
vt 0.905842 0.796303
vt 0.909448 0.839904
vt 0.903581 0.839905
vt 0.897300 0.796304
vt 0.909447 0.840055
vt 0.903496 0.884277
vt 0.893211 0.884277
vt 0.903581 0.840054
vt 0.903497 0.884269
vt 0.901211 0.973367
vt 0.889230 0.973367
vt 0.893212 0.884269
vt 0.901211 0.973372
vt 0.901211 1.033638
vt 0.889230 0.973373
vt 0.936841 0.782591
vt 0.945685 0.796305
vt 0.937142 0.796305
vt 0.920273 0.782592
vt 0.945687 0.796301
vt 0.948637 0.839949
vt 0.942770 0.839949
vt 0.937143 0.796301
vt 0.948637 0.840056
vt 0.943768 0.884278
vt 0.933483 0.884279
vt 0.942770 0.840056
vt 0.943767 0.884270
vt 0.941897 0.973368
vt 0.929916 0.973368
vt 0.933483 0.884271
vt 0.941898 0.973372
vt 0.929917 0.973373
vt 0.966658 0.782603
vt 0.970657 0.796303
vt 0.962113 0.796303
vt 0.950089 0.782603
vt 0.970658 0.796300
vt 0.971992 0.839972
vt 0.966125 0.839972
vt 0.962114 0.796300
vt 0.971991 0.840055
vt 0.969789 0.884277
vt 0.959505 0.884277
vt 0.966125 0.840055
vt 0.969790 0.884272
vt 0.968944 0.973369
vt 0.956963 0.973369
vt 0.959505 0.884271
vt 0.968943 0.973371
vt 0.956962 0.973371
vt 0.994447 0.782607
vt 0.993114 0.796302
vt 0.984571 0.796302
vt 0.977879 0.782608
vt 0.993114 0.796299
vt 0.992670 0.839982
vt 0.986803 0.839982
vt 0.984570 0.796298
vt 0.992669 0.840054
vt 0.993403 0.884277
vt 0.983118 0.884277
vt 0.986803 0.840054
vt 0.993402 0.884271
vt 0.993684 0.973369
vt 0.981703 0.973369
vt 0.983118 0.884271
vt 0.993684 0.973371
vt 0.981703 0.973371
vt 0.750000 0.329529
vt 0.774576 0.325637
vt 0.796747 0.314341
vt 0.814341 0.296746
vt 0.825638 0.274576
vt 0.829530 0.250000
vt 0.825638 0.225424
vt 0.814341 0.203254
vt 0.796747 0.185659
vt 0.774576 0.174363
vt 0.750000 0.170470
vt 0.725424 0.174363
vt 0.703254 0.185659
vt 0.685660 0.203254
vt 0.674364 0.225424
vt 0.670471 0.250000
vt 0.674363 0.274576
vt 0.685660 0.296746
vt 0.703254 0.314341
vt 0.725425 0.325637
vt 0.022121 0.782611
vt 0.005552 0.782611
vt 0.005552 0.742245
vt 0.022121 0.742245
vt 0.815273 0.782555
vt 0.798704 0.782555
vt 0.798704 0.742259
vt 0.815273 0.742259
vt 0.994448 0.782611
vt 0.977879 0.782610
vt 0.977879 0.742244
vt 0.994448 0.742244
vt 0.579726 0.782597
vt 0.563157 0.782597
vt 0.563157 0.742249
vt 0.579726 0.742249
vt 0.494447 0.782610
vt 0.477879 0.782610
vt 0.477879 0.742243
vt 0.494447 0.742243
vt 0.395033 0.782577
vt 0.378465 0.782577
vt 0.378464 0.742253
vt 0.395033 0.742253
vt 0.121535 0.782577
vt 0.104967 0.782577
vt 0.104967 0.742252
vt 0.121535 0.742252
vt 0.895033 0.782577
vt 0.878465 0.782578
vt 0.878465 0.742253
vt 0.895034 0.742253
vt 0.621536 0.782577
vt 0.604967 0.782577
vt 0.604967 0.742252
vt 0.621536 0.742252
vt 0.522121 0.782610
vt 0.505553 0.782610
vt 0.505553 0.742243
vt 0.522121 0.742243
vt 0.436843 0.782597
vt 0.420274 0.782597
vt 0.420274 0.742249
vt 0.436843 0.742249
vt 0.201294 0.782556
vt 0.184726 0.782556
vt 0.184726 0.742260
vt 0.201294 0.742260
vt 0.049910 0.782606
vt 0.033341 0.782606
vt 0.033341 0.742245
vt 0.049910 0.742245
vt 0.936842 0.782595
vt 0.920273 0.782595
vt 0.920273 0.742247
vt 0.936842 0.742247
vt 0.701295 0.782555
vt 0.684727 0.782556
vt 0.684726 0.742260
vt 0.701295 0.742260
vt 0.549910 0.782607
vt 0.533342 0.782607
vt 0.533342 0.742246
vt 0.549910 0.742246
vt 0.466659 0.782606
vt 0.450091 0.782606
vt 0.450091 0.742245
vt 0.466659 0.742245
vt 0.315274 0.782555
vt 0.298706 0.782555
vt 0.298706 0.742259
vt 0.315274 0.742259
vt 0.079726 0.782596
vt 0.063157 0.782596
vt 0.063157 0.742248
vt 0.079726 0.742247
vt 0.518091 0.121539
vt 0.524224 0.121539
vt 0.524224 0.128461
vt 0.518091 0.128461
vt 0.518091 0.363447
vt 0.524224 0.363447
vt 0.524224 0.378095
vt 0.518091 0.378095
vt 0.518091 0.621539
vt 0.524224 0.621539
vt 0.524224 0.628461
vt 0.518091 0.628461
vt 0.518091 0.886553
vt 0.524224 0.886553
vt 0.524224 0.893853
vt 0.518091 0.893853
vt 0.238447 0.621539
vt 0.253095 0.621539
vt 0.253095 0.628461
vt 0.238447 0.628461
vt 0.761553 0.621539
vt 0.768853 0.621539
vt 0.768853 0.628461
vt 0.761553 0.628461
vt 0.746905 0.621539
vt 0.746905 0.628461
vt 0.231147 0.621539
vt 0.231147 0.628461
vt 0.518091 0.871906
vt 0.524224 0.871906
vt 0.518091 0.356147
vt 0.524224 0.356147
vt 0.475776 0.356147
vt 0.482417 0.356147
vt 0.482417 0.363447
vt 0.475776 0.363447
vt 0.475776 0.871905
vt 0.482417 0.871905
vt 0.482417 0.886553
vt 0.475776 0.886553
vt 0.518091 0.348407
vt 0.518091 0.901593
vt 0.482417 0.901593
vt 0.482417 0.348407
vt 0.482417 0.893853
vt 0.475776 0.893853
vt 0.475776 0.621539
vt 0.482417 0.621539
vt 0.482417 0.628461
vt 0.475776 0.628461
vt 0.482417 0.893185
vt 0.482417 1.066350
vt 0.482417 0.707542
vt 0.482417 0.622223
vt 0.482417 0.378095
vt 0.475776 0.378095
vt 0.518091 0.893186
vt 0.518091 0.622223
vt 0.518091 0.707542
vt 0.518091 1.066350
vt 0.475776 0.121539
vt 0.482417 0.121539
vt 0.482417 0.128461
vt 0.475776 0.128461
vt 0.451575 0.830105
vt 0.448373 0.830105
vt 0.090161 0.830103
vt 0.086960 0.830103
vt 0.443768 0.774989
vt 0.433484 0.774989
vt 0.445303 0.806246
vt 0.449965 0.806246
vt 0.093590 0.806220
vt 0.088928 0.806220
vt 0.086960 0.830012
vt 0.090161 0.830012
vt 0.106786 0.774993
vt 0.096501 0.774993
vt 0.088928 0.806251
vt 0.093589 0.806251
vt 0.413040 0.830103
vt 0.409839 0.830102
vt 0.411072 0.806220
vt 0.406410 0.806220
vt 0.409838 0.830012
vt 0.413039 0.830012
vt 0.051626 0.830105
vt 0.048425 0.830106
vt 0.403498 0.774993
vt 0.393214 0.774994
vt 0.406410 0.806251
vt 0.411072 0.806251
vt 0.054697 0.806224
vt 0.050035 0.806224
vt 0.048425 0.830041
vt 0.051626 0.830041
vt 0.066516 0.774989
vt 0.056231 0.774989
vt 0.050035 0.806246
vt 0.054697 0.806246
vt 0.321382 0.830100
vt 0.318181 0.830100
vt 0.320714 0.806215
vt 0.316053 0.806215
vt 0.318181 0.829977
vt 0.321382 0.829977
vt 0.029880 0.830106
vt 0.026679 0.830107
vt 0.318146 0.774999
vt 0.307861 0.774999
vt 0.316053 0.806257
vt 0.320715 0.806256
vt 0.032069 0.806226
vt 0.027407 0.806226
vt 0.026679 0.830057
vt 0.029880 0.830057
vt 0.040493 0.774986
vt 0.030209 0.774986
vt 0.027407 0.806244
vt 0.032069 0.806243
vt 0.181819 0.830100
vt 0.178618 0.830100
vt 0.183947 0.806214
vt 0.179285 0.806214
vt 0.178618 0.829977
vt 0.181819 0.829977
vt 0.010973 0.830108
vt 0.007772 0.830108
vt 0.192139 0.774999
vt 0.181854 0.774999
vt 0.179285 0.806256
vt 0.183947 0.806256
vt 0.012191 0.806228
vt 0.007529 0.806228
vt 0.007772 0.830064
vt 0.010973 0.830064
vt 0.016880 0.774985
vt 0.006596 0.774985
vt 0.007529 0.806242
vt 0.012191 0.806242
vt 0.449965 0.806224
vt 0.445303 0.806224
vt 0.448374 0.830042
vt 0.451575 0.830041
vt 0.969790 0.774952
vt 0.969790 0.749899
vt 0.959505 0.749899
vt 0.959505 0.774952
vt 0.469791 0.774987
vt 0.459506 0.774986
vt 0.467931 0.806244
vt 0.472593 0.806244
vt 0.472592 0.806226
vt 0.467930 0.806226
vt 0.470119 0.830057
vt 0.473320 0.830057
vt 0.473320 0.830107
vt 0.470119 0.830107
vt 0.493404 0.774985
vt 0.483119 0.774985
vt 0.487808 0.806242
vt 0.492470 0.806242
vt 0.492470 0.806228
vt 0.487808 0.806229
vt 0.489026 0.830065
vt 0.492227 0.830065
vt 0.492228 0.830108
vt 0.489026 0.830108
vt 0.516882 0.774985
vt 0.506597 0.774985
vt 0.507531 0.806242
vt 0.512193 0.806242
vt 0.512193 0.806229
vt 0.507531 0.806228
vt 0.507774 0.830065
vt 0.510975 0.830065
vt 0.510975 0.830107
vt 0.507774 0.830107
vt 0.540495 0.774987
vt 0.530210 0.774987
vt 0.527409 0.806244
vt 0.532071 0.806244
vt 0.532071 0.806226
vt 0.527409 0.806226
vt 0.526681 0.830058
vt 0.529882 0.830057
vt 0.529882 0.830107
vt 0.526681 0.830107
vt 0.566517 0.774989
vt 0.556232 0.774990
vt 0.550036 0.806247
vt 0.554698 0.806247
vt 0.554698 0.806225
vt 0.550036 0.806225
vt 0.548427 0.830042
vt 0.551628 0.830042
vt 0.551628 0.830107
vt 0.548427 0.830107
vt 0.606787 0.774992
vt 0.596502 0.774992
vt 0.588928 0.806249
vt 0.593590 0.806250
vt 0.593592 0.806221
vt 0.588930 0.806221
vt 0.586962 0.830013
vt 0.590164 0.830014
vt 0.590163 0.830103
vt 0.586962 0.830103
vt 0.692140 0.774999
vt 0.681856 0.774999
vt 0.679287 0.806257
vt 0.683949 0.806256
vt 0.683949 0.806214
vt 0.679286 0.806214
vt 0.678619 0.829976
vt 0.681820 0.829976
vt 0.681820 0.830099
vt 0.678619 0.830100
vt 0.818144 0.774998
vt 0.807860 0.774999
vt 0.816051 0.806256
vt 0.820713 0.806256
vt 0.820713 0.806214
vt 0.816052 0.806214
vt 0.818180 0.829977
vt 0.821381 0.829977
vt 0.821381 0.830100
vt 0.818180 0.830100
vt 0.903498 0.774993
vt 0.893213 0.774993
vt 0.906409 0.806250
vt 0.911071 0.806250
vt 0.911070 0.806220
vt 0.906409 0.806220
vt 0.909836 0.830012
vt 0.913038 0.830012
vt 0.913037 0.830101
vt 0.909836 0.830101
vt 0.943766 0.774988
vt 0.933482 0.774989
vt 0.945301 0.806246
vt 0.949962 0.806245
vt 0.949965 0.806225
vt 0.945302 0.806225
vt 0.948373 0.830042
vt 0.951574 0.830043
vt 0.951574 0.830106
vt 0.948372 0.830106
vt 0.969789 0.774986
vt 0.959504 0.774986
vt 0.967929 0.806244
vt 0.972591 0.806244
vt 0.972592 0.806227
vt 0.967930 0.806227
vt 0.970118 0.830058
vt 0.973319 0.830058
vt 0.973319 0.830108
vt 0.970118 0.830108
vt 0.993403 0.774985
vt 0.983119 0.774985
vt 0.987807 0.806242
vt 0.992469 0.806243
vt 0.992469 0.806228
vt 0.987806 0.806227
vt 0.989025 0.830064
vt 0.992226 0.830064
vt 0.992226 0.830108
vt 0.989025 0.830108
vt 0.750001 0.299366
vt 0.734746 0.296949
vt 0.720985 0.289938
vt 0.710064 0.279016
vt 0.703052 0.265255
vt 0.700636 0.250000
vt 0.703052 0.234745
vt 0.710064 0.220984
vt 0.720985 0.210062
vt 0.734746 0.203051
vt 0.750001 0.200634
vt 0.765256 0.203051
vt 0.779018 0.210062
vt 0.789939 0.220984
vt 0.796951 0.234745
vt 0.799367 0.250000
vt 0.796951 0.265255
vt 0.789939 0.279016
vt 0.779018 0.289938
vt 0.765256 0.296949
vt 0.016880 0.774956
vt 0.016880 0.749900
vt 0.006596 0.749900
vt 0.006596 0.774956
vt 0.818144 0.774913
vt 0.818144 0.749901
vt 0.807859 0.749901
vt 0.807860 0.774913
vt 0.993403 0.774956
vt 0.993403 0.749899
vt 0.983119 0.749899
vt 0.983119 0.774955
vt 0.566517 0.774946
vt 0.566517 0.749901
vt 0.556232 0.749901
vt 0.556232 0.774946
vt 0.493404 0.774955
vt 0.493404 0.749899
vt 0.483119 0.749899
vt 0.483119 0.774955
vt 0.403498 0.774930
vt 0.403498 0.749900
vt 0.393214 0.749900
vt 0.393214 0.774930
vt 0.106786 0.774930
vt 0.106786 0.749900
vt 0.096501 0.749900
vt 0.096502 0.774930
vt 0.903498 0.774930
vt 0.903498 0.749900
vt 0.893214 0.749900
vt 0.893213 0.774930
vt 0.606787 0.774930
vt 0.606787 0.749899
vt 0.596502 0.749899
vt 0.596502 0.774930
vt 0.516882 0.774955
vt 0.516881 0.749899
vt 0.506597 0.749899
vt 0.506597 0.774955
vt 0.443769 0.774945
vt 0.443768 0.749901
vt 0.433484 0.749901
vt 0.433484 0.774945
vt 0.192139 0.774914
vt 0.192139 0.749902
vt 0.181854 0.749902
vt 0.181854 0.774914
vt 0.040493 0.774952
vt 0.040493 0.749900
vt 0.030209 0.749900
vt 0.030209 0.774953
vt 0.943767 0.774944
vt 0.943767 0.749899
vt 0.933482 0.749899
vt 0.933482 0.774944
vt 0.692140 0.774914
vt 0.692140 0.749902
vt 0.681855 0.749902
vt 0.681856 0.774914
vt 0.540495 0.774953
vt 0.540495 0.749900
vt 0.530211 0.749900
vt 0.530211 0.774953
vt 0.469791 0.774952
vt 0.469791 0.749900
vt 0.459507 0.749900
vt 0.459506 0.774952
vt 0.318146 0.774913
vt 0.318146 0.749901
vt 0.307861 0.749901
vt 0.307861 0.774914
vt 0.066516 0.774945
vt 0.066516 0.749900
vt 0.056231 0.749900
vt 0.056231 0.774945
vt 0.269611 0.245528
vt 0.266982 0.245528
vt 0.264353 0.245528
vt 0.262728 0.245528
vt 0.262728 0.245528
vt 0.264353 0.245528
vt 0.266982 0.245527
vt 0.269611 0.245527
vt 0.271236 0.245528
vt 0.980581 0.754661
vt 0.979929 0.754662
vt 0.978128 0.753772
vt 0.978779 0.753772
vt 0.268200 0.748554
vt 0.274231 0.748555
vt 0.274231 0.751436
vt 0.268200 0.751435
vt 0.927615 0.753771
vt 0.924764 0.753770
vt 0.923615 0.751441
vt 0.926465 0.751442
vt 0.444849 0.746186
vt 0.447698 0.746186
vt 0.446548 0.748518
vt 0.443698 0.748518
vt 0.731796 0.751437
vt 0.725766 0.751437
vt 0.725766 0.748555
vt 0.731795 0.748554
vt 0.484889 0.745157
vt 0.485540 0.745156
vt 0.483739 0.746047
vt 0.483088 0.746047
vt 0.556329 0.748565
vt 0.553480 0.748564
vt 0.552328 0.746235
vt 0.555178 0.746234
vt 0.517677 0.746421
vt 0.517026 0.746420
vt 0.515225 0.745531
vt 0.515876 0.745531
vt 0.517297 0.746235
vt 0.516646 0.746235
vt 0.514845 0.745346
vt 0.515495 0.745346
vt 0.556358 0.748611
vt 0.553508 0.748611
vt 0.552357 0.746281
vt 0.555207 0.746281
vt 0.484503 0.745336
vt 0.485154 0.745337
vt 0.483353 0.746226
vt 0.482702 0.746226
vt 0.766982 0.254472
vt 0.769611 0.254472
vt 0.771235 0.254472
vt 0.771235 0.254472
vt 0.769611 0.254472
vt 0.766982 0.254472
vt 0.764353 0.254472
vt 0.762728 0.254472
vt 0.762728 0.254472
vt 0.764353 0.254472
vt 0.444828 0.746239
vt 0.447677 0.746238
vt 0.446527 0.748568
vt 0.443678 0.748568
vt 0.020838 0.753958
vt 0.021488 0.753957
vt 0.019687 0.754848
vt 0.019036 0.754848
vt 0.927594 0.753718
vt 0.924743 0.753718
vt 0.923595 0.751389
vt 0.926445 0.751389
vt 0.252631 0.245528
vt 0.250002 0.245528
vt 0.247374 0.245528
vt 0.245749 0.245528
vt 0.254256 0.245528
vt 0.980199 0.754472
vt 0.979548 0.754472
vt 0.977746 0.753582
vt 0.978398 0.753582
vt 0.073530 0.751440
vt 0.076379 0.751440
vt 0.075228 0.753770
vt 0.072379 0.753771
vt 0.073507 0.751490
vt 0.076357 0.751489
vt 0.075205 0.753818
vt 0.072356 0.753818
vt 0.021222 0.753770
vt 0.021873 0.753770
vt 0.020071 0.754660
vt 0.019421 0.754661
vt 0.750002 0.254472
vt 0.752631 0.254472
vt 0.754256 0.254472
vt 0.747374 0.254472
vt 0.745749 0.254472
s 0
usemtl blender
f 4685/10966/1070 4763/10967/1070 4768/10968/1070 4687/10969/1070
s 1
f 4783/10970/1071 4782/10971/1066 4787/10972/1067 4788/10973/1072
s 0
f 4693/10982/1078 4783/10983/1078 4788/10984/1078 4695/10985/1078
s 1
f 4768/11014/1091 4767/11015/1055 4772/11016/1087 4773/11017/1092
s 0
f 4687/11026/1096 4768/11027/1096 4773/11028/1096 4689/11029/1096
s 1
f 4788/11030/1072 4787/11031/1067 4792/11032/1093 4793/11033/1097
s 0
f 4695/11042/1102 4788/11043/1102 4793/11044/1102 4697/11045/1102
s 1
f 4773/11074/1092 4772/11075/1087 4777/11076/1110 4778/11077/1114
s 0
f 4689/11086/1118 4773/11087/1118 4778/11088/1118 4691/11089/1118
s 1
f 4793/11090/1097 4792/11091/1093 4797/11092/1115 4798/11093/1119
s 0
f 4697/11102/1122 4793/11103/1122 4798/11104/1122 4699/11105/1122
s 1
f 4778/11129/1114 4777/11130/1110 4782/11131/1066 4783/11132/1071
s 0
f 4691/11141/1130 4778/11142/1130 4783/11143/1130 4693/11144/1130
s 1
f 4798/11145/1119 4797/11146/1115 4659/11147/1128 4660/11148/1131
s 0
f 4699/11151/1133 4798/11152/1133 4660/11153/1133 4661/11154/1133
s 1
f 4763/11157/1135 4762/11158/1052 4767/11159/1055 4768/11160/1091
f 4663/11166/1063 4665/11167/1069 4801/11168/1069 4800/11169/1063
s 0
f 4683/11174/1136 4758/11175/1136 4763/11176/1136 4685/11177/1136
s 1
f 4758/11178/1137 4757/11179/1138 4762/11180/1052 4763/11181/1135
s 0
f 4681/11192/1141 4753/11193/1141 4758/11194/1141 4683/11195/1141
s 1
f 4753/11196/1142 4752/11197/1143 4757/11198/1138 4758/11199/1137
s 0
f 4679/11210/1146 4748/11211/1146 4753/11212/1146 4681/11213/1146
s 1
f 4748/11214/1147 4747/11215/1148 4752/11216/1143 4753/11217/1142
s 0
f 4677/11228/1151 4743/11229/1151 4748/11230/1151 4679/11231/1151
s 1
f 4743/11232/1152 4742/11233/1153 4747/11234/1148 4748/11235/1147
s 0
f 4675/11246/1156 4738/11247/1156 4743/11248/1156 4677/11249/1156
s 1
f 4738/11250/1157 4737/11251/1158 4742/11252/1153 4743/11253/1152
s 0
f 4673/11264/1161 4733/11265/1161 4738/11266/1161 4675/11267/1161
s 1
f 4733/11268/1162 4732/11269/1163 4737/11270/1158 4738/11271/1157
s 0
f 4671/11282/1166 4728/11283/1166 4733/11284/1166 4673/11285/1166
s 1
f 4728/11286/1167 4727/11287/1168 4732/11288/1163 4733/11289/1162
s 0
f 4669/11300/1171 4723/11301/1171 4728/11302/1171 4671/11303/1171
s 1
f 4723/11304/1172 4722/11305/1173 4727/11306/1168 4728/11307/1167
s 0
f 4667/11318/1176 4718/11319/1176 4723/11320/1176 4669/11321/1176
s 1
f 4718/11322/1177 4717/11323/1178 4722/11324/1173 4723/11325/1172
s 0
f 4665/11337/1181 4713/11338/1181 4718/11339/1181 4667/11340/1181
s 1
f 4713/11341/1182 4712/11342/1183 4717/11343/1178 4718/11344/1177
s 0
f 4663/11355/1186 4708/11356/1186 4713/11357/1186 4665/11358/1186
s 1
f 4708/11359/1187 4707/11360/1188 4712/11361/1183 4713/11362/1182
s 0
f 4661/11373/1191 4660/11374/1191 4708/11375/1191 4663/11376/1191
s 1
f 4660/11377/1131 4659/11378/1128 4707/11379/1188 4708/11380/1187
s 0
f 4799/11391/1192 4800/11392/1192 4801/11393/1192 4802/11394/1192 4803/11395/1192 4804/11396/1192 4805/11397/1192 4806/11398/1192 4807/11399/1192 4808/11400/1192 4809/11401/1192 4810/11402/1192 4811/11403/1192 4812/11404/1192 4813/11405/1192 4814/11406/1192 4815/11407/1192 4816/11408/1192 4817/11409/1192 4818/11410/1192
s 1
f 4699/11411/1106 4661/11412/1060 4799/11413/1060 4818/11414/1106
f 4669/11415/1080 4671/11416/1086 4804/11417/1086 4803/11418/1080
f 4661/11419/1060 4663/11420/1063 4800/11421/1063 4799/11422/1060
f 4675/11423/1095 4677/11424/1099 4807/11425/1099 4806/11426/1095
f 4681/11427/1109 4683/11428/1113 4810/11429/1113 4809/11430/1109
f 4687/11431/1075 4689/11432/1076 4813/11433/1076 4812/11434/1075
f 4693/11435/1121 4695/11436/1082 4816/11437/1082 4815/11438/1121
f 4667/11439/1074 4669/11440/1080 4803/11441/1080 4802/11442/1074
f 4673/11443/1090 4675/11444/1095 4806/11445/1095 4805/11446/1090
f 4679/11447/1104 4681/11448/1109 4809/11449/1109 4808/11450/1104
f 4685/11451/1117 4687/11452/1075 4812/11453/1075 4811/11454/1117
f 4691/11455/1100 4693/11456/1121 4815/11457/1121 4814/11458/1100
f 4697/11459/1083 4699/11460/1106 4818/11461/1106 4817/11462/1083
f 4665/11463/1069 4667/11464/1074 4802/11465/1074 4801/11466/1069
f 4671/11467/1086 4673/11468/1090 4805/11469/1090 4804/11470/1086
f 4677/11471/1099 4679/11472/1104 4808/11473/1104 4807/11474/1099
f 4683/11475/1113 4685/11476/1117 4811/11477/1117 4810/11478/1113
f 4689/11479/1076 4691/11480/1100 4814/11481/1100 4813/11482/1076
f 4695/11483/1082 4697/11484/1083 4817/11485/1083 4816/11486/1082
s 0
f 4869/11555/1211 4871/11556/1211 4952/11557/1211 4947/11558/1211
s 1
f 4967/11559/1212 4972/11560/1213 4971/11561/1208 4966/11562/1207
s 0
f 4877/11563/1219 4879/11564/1219 4972/11565/1219 4967/11566/1219
s 1
f 4952/11569/1231 4957/11570/1232 4956/11571/1227 4951/11572/1195
s 0
f 4871/11575/1236 4873/11576/1236 4957/11577/1236 4952/11578/1236
s 1
f 4972/11579/1213 4977/11580/1237 4976/11581/1233 4971/11582/1208
s 0
f 4879/11583/1241 4881/11584/1241 4977/11585/1241 4972/11586/1241
s 1
f 4957/11589/1232 4962/11590/1252 4961/11591/1248 4956/11592/1227
s 0
f 4873/11595/1256 4875/11596/1256 4962/11597/1256 4957/11598/1256
s 1
f 4977/11599/1237 4982/11600/1257 4981/11601/1253 4976/11602/1233
s 0
f 4881/11603/1260 4883/11604/1260 4982/11605/1260 4977/11606/1260
s 1
f 4962/11609/1252 4967/11610/1212 4966/11611/1207 4961/11612/1248
s 0
f 4875/11615/1268 4877/11616/1268 4967/11617/1268 4962/11618/1268
s 1
f 4982/11619/1257 4844/11620/1269 4843/11621/1266 4981/11622/1253
s 0
f 4883/11623/1271 4845/11624/1271 4844/11625/1271 4982/11626/1271
s 1
f 4947/11627/1273 4952/11628/1231 4951/11629/1195 4946/11630/1194
f 4847/11631/1274 4984/11632/1275 4985/11633/1276 4849/11634/1277
s 0
f 4867/11635/1278 4869/11636/1278 4947/11637/1278 4942/11638/1278
s 1
f 4942/11639/1279 4947/11640/1273 4946/11641/1194 4941/11642/1280
s 0
f 4865/11645/1283 4867/11646/1283 4942/11647/1283 4937/11648/1283
s 1
f 4937/11649/1284 4942/11650/1279 4941/11651/1280 4936/11652/1285
s 0
f 4863/11655/1288 4865/11656/1288 4937/11657/1288 4932/11658/1288
s 1
f 4932/11659/1289 4937/11660/1284 4936/11661/1285 4931/11662/1290
s 0
f 4861/11665/1293 4863/11666/1293 4932/11667/1293 4927/11668/1293
s 1
f 4927/11669/1294 4932/11670/1289 4931/11671/1290 4926/11672/1295
s 0
f 4859/11675/1298 4861/11676/1298 4927/11677/1298 4922/11678/1298
s 1
f 4922/11679/1299 4927/11680/1294 4926/11681/1295 4921/11682/1300
s 0
f 4857/11685/1303 4859/11686/1303 4922/11687/1303 4917/11688/1303
s 1
f 4917/11689/1304 4922/11690/1299 4921/11691/1300 4916/11692/1305
s 0
f 4855/11695/1308 4857/11696/1308 4917/11697/1308 4912/11698/1308
s 1
f 4912/11699/1309 4917/11700/1304 4916/11701/1305 4911/11702/1310
s 0
f 4853/11705/1313 4855/11706/1313 4912/11707/1313 4907/11708/1313
s 1
f 4907/11709/1314 4912/11710/1309 4911/11711/1310 4906/11712/1315
s 0
f 4851/11715/1318 4853/11716/1318 4907/11717/1318 4902/11718/1318
s 1
f 4902/11719/1319 4907/11720/1314 4906/11721/1315 4901/11722/1320
s 0
f 4849/11725/1323 4851/11726/1323 4902/11727/1323 4897/11728/1323
s 1
f 4897/11729/1324 4902/11730/1319 4901/11731/1320 4896/11732/1325
s 0
f 4847/11735/1328 4849/11736/1328 4897/11737/1328 4892/11738/1328
s 1
f 4892/11739/1329 4897/11740/1324 4896/11741/1325 4891/11742/1330
s 0
f 4845/11745/1333 4847/11746/1333 4892/11747/1333 4844/11748/1333
s 1
f 4844/11749/1269 4892/11750/1329 4891/11751/1330 4843/11752/1266
s 0
f 4983/11755/1193 5002/11756/1193 5001/11757/1193 5000/11758/1193 4999/11759/1193 4998/11760/1193 4997/11761/1193 4996/11762/1193 4995/11763/1193 4994/11764/1193 4993/11765/1193 4992/11766/1193 4991/11767/1193 4990/11768/1193 4989/11769/1193 4988/11770/1193 4987/11771/1193 4986/11772/1193 4985/11773/1193 4984/11774/1193
s 1
f 4883/11775/1334 5002/11776/1335 4983/11777/1336 4845/11778/1336
f 4853/11779/1337 4987/11780/1338 4988/11781/1339 4855/11782/1339
f 4845/11783/1336 4983/11784/1336 4984/11785/1275 4847/11786/1274
f 4859/11787/1340 4990/11788/1341 4991/11789/1342 4861/11790/1343
f 4865/11791/1344 4993/11792/1344 4994/11793/1345 4867/11794/1346
f 4871/11795/1347 4996/11796/1348 4997/11797/1349 4873/11798/1350
f 4877/11799/1351 4999/11800/1352 5000/11801/1353 4879/11802/1354
f 4851/11803/1355 4986/11804/1356 4987/11805/1338 4853/11806/1337
f 4857/11807/1357 4989/11808/1358 4990/11809/1341 4859/11810/1340
f 4863/11811/1359 4992/11812/1360 4993/11813/1344 4865/11814/1344
f 4869/11815/1361 4995/11816/1362 4996/11817/1348 4871/11818/1347
f 4875/11819/1363 4998/11820/1363 4999/11821/1352 4877/11822/1351
f 4881/11823/1364 5001/11824/1365 5002/11825/1335 4883/11826/1334
f 4849/11827/1277 4985/11828/1276 4986/11829/1356 4851/11830/1355
f 4855/11831/1339 4988/11832/1339 4989/11833/1358 4857/11834/1357
f 4861/11835/1343 4991/11836/1342 4992/11837/1360 4863/11838/1359
f 4867/11839/1346 4994/11840/1345 4995/11841/1362 4869/11842/1361
f 4873/11843/1350 4997/11844/1349 4998/11845/1363 4875/11846/1363
f 4879/11847/1354 5000/11848/1353 5001/11849/1365 4881/11850/1364
s 0
f 5016/11487/1366 5017/11490/1366 5006/11489/1366 5004/11488/1366
f 5025/11491/1367 5019/11494/1367 5010/11493/1367 5012/11492/1367
f 5019/11495/1100 5021/11498/1100 5008/11497/1100 5010/11496/1100
f 5023/11499/1368 5016/11502/1368 5004/11501/1368 5014/11500/1368
f 5011/11503/1369 5013/11506/1369 5007/11505/1369 5009/11504/1369
f 5012/11507/1370 5014/11510/1370 5004/11509/1370 5006/11508/1370
f 5010/11511/1371 5008/11512/1371 5014/11510/1371 5012/11507/1371
f 5005/11513/1372 5003/11514/1372 5013/11506/1372 5011/11503/1372
f 5021/11515/1373 5023/11499/1373 5014/11500/1373 5008/11516/1373
f 5017/11517/1374 5025/11491/1374 5012/11492/1374 5006/11518/1374
f 5005/11519/1375 5011/11522/1375 5026/11521/1375 5018/11520/1375
f 5018/11520/1376 5026/11521/1376 5025/11491/1376 5017/11517/1376
f 5007/11523/1377 5013/11526/1377 5024/11525/1377 5022/11524/1377
f 5025/11527/1100 5026/11530/1100 5024/11529/1100 5023/11528/1100
f 5013/11526/1378 5003/11532/1378 5015/11531/1378 5024/11525/1378
f 5024/11525/1379 5015/11531/1379 5016/11502/1379 5023/11499/1379
f 5009/11533/1100 5007/11536/1100 5022/11535/1100 5020/11534/1100
f 5024/11537/1380 5026/11540/1380 5020/11539/1380 5022/11538/1380
f 5011/11522/1381 5009/11542/1381 5020/11541/1381 5026/11521/1381
f 5023/11543/1382 5021/11546/1382 5019/11545/1382 5025/11544/1382
f 5003/11547/1383 5005/11550/1383 5018/11549/1383 5015/11548/1383
f 5015/11548/1086 5018/11549/1086 5017/11490/1086 5016/11487/1086
s 1
usemtl blender_glass
f 4762/10942/1052 4761/10943/1053 4766/10944/1054 4767/10945/1055
f 4781/10946/1056 4780/10947/1057 4785/10948/1058 4786/10949/1059
f 4703/10950/1060 4662/10951/1061 4664/10952/1062 4704/10953/1063
f 4761/10954/1053 4760/10955/1064 4765/10956/1065 4766/10957/1054
f 4782/10958/1066 4781/10959/1056 4786/10960/1059 4787/10961/1067
f 4704/10962/1063 4664/10963/1062 4666/10964/1068 4709/10965/1069
f 4709/10974/1069 4666/10975/1068 4668/10976/1073 4714/10977/1074
f 4765/10978/1065 4764/10979/1075 4769/10980/1076 4770/10981/1077
f 4714/10986/1074 4668/10987/1073 4670/10988/1079 4719/10989/1080
f 4766/10990/1054 4765/10991/1065 4770/10992/1077 4771/10993/1081
f 4785/10994/1058 4784/10995/1082 4789/10996/1083 4790/10997/1084
f 4719/10998/1080 4670/10999/1079 4672/11000/1085 4724/11001/1086
f 4767/11002/1055 4766/11003/1054 4771/11004/1081 4772/11005/1087
f 4786/11006/1059 4785/11007/1058 4790/11008/1084 4791/11009/1088
f 4724/11010/1086 4672/11011/1085 4674/11012/1089 4729/11013/1090
f 4787/11018/1067 4786/11019/1059 4791/11020/1088 4792/11021/1093
f 4729/11022/1090 4674/11023/1089 4676/11024/1094 4734/11025/1095
f 4734/11034/1095 4676/11035/1094 4678/11036/1098 4739/11037/1099
f 4770/11038/1077 4769/11039/1076 4774/11040/1100 4775/11041/1101
f 4739/11046/1099 4678/11047/1098 4680/11048/1103 4744/11049/1104
f 4771/11050/1081 4770/11051/1077 4775/11052/1101 4776/11053/1105
f 4790/11054/1084 4789/11055/1083 4794/11056/1106 4795/11057/1107
f 4744/11058/1104 4680/11059/1103 4682/11060/1108 4749/11061/1109
f 4772/11062/1087 4771/11063/1081 4776/11064/1105 4777/11065/1110
f 4791/11066/1088 4790/11067/1084 4795/11068/1107 4796/11069/1111
f 4749/11070/1109 4682/11071/1108 4684/11072/1112 4754/11073/1113
f 4792/11078/1093 4791/11079/1088 4796/11080/1111 4797/11081/1115
f 4754/11082/1113 4684/11083/1112 4686/11084/1116 4759/11085/1117
f 4759/11094/1117 4686/11095/1116 4688/11096/1120 4764/11097/1075
f 4775/11098/1101 4774/11099/1100 4779/11100/1121 4780/11101/1057
f 4764/10979/1075 4688/11106/1120 4690/11107/1123 4769/10980/1076
f 4776/11108/1105 4775/11109/1101 4780/11110/1057 4781/11111/1056
f 4795/11112/1107 4794/11113/1106 4703/11114/1060 4702/11115/1124
f 4769/11039/1076 4690/11116/1123 4692/11117/1125 4774/11040/1100
f 4777/11118/1110 4776/11119/1105 4781/11120/1056 4782/11121/1066
f 4796/11122/1111 4795/11123/1107 4702/11124/1124 4701/11125/1126
f 4774/11126/1100 4692/11127/1125 4694/11128/1127 4779/11100/1121
f 4797/11133/1115 4796/11134/1111 4701/11135/1126 4659/11136/1128
f 4779/11137/1121 4694/11138/1127 4696/11139/1129 4784/11140/1082
f 4784/10995/1082 4696/11149/1129 4698/11150/1132 4789/10996/1083
f 4789/11055/1083 4698/11155/1132 4700/11156/1134 4794/11056/1106
f 4780/11161/1057 4779/11137/1121 4784/11162/1082 4785/11163/1058
f 4794/11113/1106 4700/11164/1134 4662/11165/1061 4703/11114/1060
f 4760/11170/1064 4759/11171/1117 4764/11172/1075 4765/11173/1065
f 4757/11182/1138 4756/11183/1139 4761/11184/1053 4762/11185/1052
f 4756/11186/1139 4755/11187/1140 4760/11188/1064 4761/11189/1053
f 4755/11190/1140 4754/11082/1113 4759/11085/1117 4760/11191/1064
f 4752/11200/1143 4751/11201/1144 4756/11202/1139 4757/11203/1138
f 4751/11204/1144 4750/11205/1145 4755/11206/1140 4756/11207/1139
f 4750/11208/1145 4749/11070/1109 4754/11073/1113 4755/11209/1140
f 4747/11218/1148 4746/11219/1149 4751/11220/1144 4752/11221/1143
f 4746/11222/1149 4745/11223/1150 4750/11224/1145 4751/11225/1144
f 4745/11226/1150 4744/11058/1104 4749/11061/1109 4750/11227/1145
f 4742/11236/1153 4741/11237/1154 4746/11238/1149 4747/11239/1148
f 4741/11240/1154 4740/11241/1155 4745/11242/1150 4746/11243/1149
f 4740/11244/1155 4739/11046/1099 4744/11049/1104 4745/11245/1150
f 4737/11254/1158 4736/11255/1159 4741/11256/1154 4742/11257/1153
f 4736/11258/1159 4735/11259/1160 4740/11260/1155 4741/11261/1154
f 4735/11262/1160 4734/11034/1095 4739/11037/1099 4740/11263/1155
f 4732/11272/1163 4731/11273/1164 4736/11274/1159 4737/11275/1158
f 4731/11276/1164 4730/11277/1165 4735/11278/1160 4736/11279/1159
f 4730/11280/1165 4729/11022/1090 4734/11025/1095 4735/11281/1160
f 4727/11290/1168 4726/11291/1169 4731/11292/1164 4732/11293/1163
f 4726/11294/1169 4725/11295/1170 4730/11296/1165 4731/11297/1164
f 4725/11298/1170 4724/11010/1086 4729/11013/1090 4730/11299/1165
f 4722/11308/1173 4721/11309/1174 4726/11310/1169 4727/11311/1168
f 4721/11312/1174 4720/11313/1175 4725/11314/1170 4726/11315/1169
f 4720/11316/1175 4719/10998/1080 4724/11001/1086 4725/11317/1170
f 4717/11326/1178 4716/11327/1179 4721/11328/1174 4722/11329/1173
f 4716/11330/1179 4715/11331/1180 4720/11332/1175 4721/11333/1174
f 4715/11334/1180 4714/11335/1074 4719/10989/1080 4720/11336/1175
f 4712/11345/1183 4711/11346/1184 4716/11347/1179 4717/11348/1178
f 4711/11349/1184 4710/11350/1185 4715/11351/1180 4716/11352/1179
f 4710/11353/1185 4709/10974/1069 4714/10977/1074 4715/11354/1180
f 4707/11363/1188 4706/11364/1189 4711/11365/1184 4712/11366/1183
f 4706/11367/1189 4705/11368/1190 4710/11369/1185 4711/11370/1184
f 4705/11371/1190 4704/10962/1063 4709/10965/1069 4710/11372/1185
f 4659/11381/1128 4701/11382/1126 4706/11383/1189 4707/11384/1188
f 4701/11385/1126 4702/11386/1124 4705/11387/1190 4706/11388/1189
f 4702/11389/1124 4703/10950/1060 4704/10953/1063 4705/11390/1190
s 0
f 4832/11487/1100 4820/11488/1100 4822/11489/1100 4833/11490/1100
f 4841/11491/1060 4828/11492/1060 4826/11493/1060 4835/11494/1060
f 4835/11495/1086 4826/11496/1086 4824/11497/1086 4837/11498/1086
f 4839/11499/1109 4830/11500/1109 4820/11501/1109 4832/11502/1109
f 4827/11503/1192 4825/11504/1192 4823/11505/1192 4829/11506/1192
f 4828/11507/1193 4822/11508/1193 4820/11509/1193 4830/11510/1193
f 4826/11511/1193 4828/11507/1193 4830/11510/1193 4824/11512/1193
f 4821/11513/1192 4827/11503/1192 4829/11506/1192 4819/11514/1192
f 4837/11515/1109 4824/11516/1109 4830/11500/1109 4839/11499/1109
f 4833/11517/1060 4822/11518/1060 4828/11492/1060 4841/11491/1060
f 4821/11519/1060 4834/11520/1060 4842/11521/1060 4827/11522/1060
f 4834/11520/1060 4833/11517/1060 4841/11491/1060 4842/11521/1060
f 4823/11523/1109 4838/11524/1109 4840/11525/1109 4829/11526/1109
f 4841/11527/1086 4839/11528/1086 4840/11529/1086 4842/11530/1086
f 4829/11526/1109 4840/11525/1109 4831/11531/1109 4819/11532/1109
f 4840/11525/1109 4839/11499/1109 4832/11502/1109 4831/11531/1109
f 4825/11533/1086 4836/11534/1086 4838/11535/1086 4823/11536/1086
f 4840/11537/1193 4838/11538/1193 4836/11539/1193 4842/11540/1193
f 4827/11522/1060 4842/11521/1060 4836/11541/1060 4825/11542/1060
f 4839/11543/1192 4841/11544/1192 4835/11545/1192 4837/11546/1192
f 4819/11547/1100 4831/11548/1100 4834/11549/1100 4821/11550/1100
f 4831/11548/1100 4832/11487/1100 4833/11490/1100 4834/11549/1100
s 1
f 4946/11551/1194 4951/11552/1195 4950/10944/1196 4945/10943/1197
f 4965/10946/1198 4970/10949/1199 4969/10948/1200 4964/10947/1201
f 4887/10950/1109 4888/10953/1202 4848/10952/1203 4846/10951/1204
f 4945/10954/1197 4950/10957/1196 4949/10956/1205 4944/10955/1206
f 4966/11553/1207 4971/11554/1208 4970/10960/1199 4965/10959/1198
f 4888/10962/1202 4893/10965/1209 4850/10964/1210 4848/10963/1203
f 4893/10974/1209 4898/10977/1214 4852/10976/1215 4850/10975/1210
f 4949/10978/1205 4954/10981/1216 4953/10980/1217 4948/10979/1218
f 4898/10986/1214 4903/10989/1220 4854/10988/1221 4852/10987/1215
f 4950/10990/1196 4955/10993/1222 4954/10992/1216 4949/10991/1205
f 4969/10994/1200 4974/10997/1223 4973/10996/1224 4968/10995/1225
f 4903/10998/1220 4908/11001/1100 4856/11000/1226 4854/10999/1221
f 4951/11567/1195 4956/11568/1227 4955/11004/1222 4950/11003/1196
f 4970/11006/1199 4975/11009/1228 4974/11008/1223 4969/11007/1200
f 4908/11010/1100 4913/11013/1229 4858/11012/1230 4856/11011/1226
f 4971/11573/1208 4976/11574/1233 4975/11020/1228 4970/11019/1199
f 4913/11022/1229 4918/11025/1234 4860/11024/1235 4858/11023/1230
f 4918/11034/1234 4923/11037/1238 4862/11036/1239 4860/11035/1235
f 4954/11038/1216 4959/11041/1240 4958/11040/1086 4953/11039/1217
f 4923/11046/1238 4928/11049/1242 4864/11048/1243 4862/11047/1239
f 4955/11050/1222 4960/11053/1244 4959/11052/1240 4954/11051/1216
f 4974/11054/1223 4979/11057/1245 4978/11056/1246 4973/11055/1224
f 4928/11058/1242 4933/11061/1060 4866/11060/1247 4864/11059/1243
f 4956/11587/1227 4961/11588/1248 4960/11064/1244 4955/11063/1222
f 4975/11066/1228 4980/11069/1249 4979/11068/1245 4974/11067/1223
f 4933/11070/1060 4938/11073/1250 4868/11072/1251 4866/11071/1247
f 4976/11593/1233 4981/11594/1253 4980/11080/1249 4975/11079/1228
f 4938/11082/1250 4943/11085/1254 4870/11084/1255 4868/11083/1251
f 4943/11094/1254 4948/11097/1218 4872/11096/1258 4870/11095/1255
f 4959/11098/1240 4964/11101/1201 4963/11100/1259 4958/11099/1086
f 4948/10979/1218 4953/10980/1217 4874/11107/1261 4872/11106/1258
f 4960/11108/1244 4965/11111/1198 4964/11110/1201 4959/11109/1240
f 4979/11112/1245 4886/11115/1262 4887/11114/1109 4978/11113/1246
f 4953/11039/1217 4958/11040/1086 4876/11117/1263 4874/11116/1261
f 4961/11607/1248 4966/11608/1207 4965/11120/1198 4960/11119/1244
f 4980/11122/1249 4885/11125/1264 4886/11124/1262 4979/11123/1245
f 4958/11126/1086 4963/11100/1259 4878/11128/1265 4876/11127/1263
f 4981/11613/1253 4843/11614/1266 4885/11135/1264 4980/11134/1249
f 4963/11137/1259 4968/11140/1225 4880/11139/1267 4878/11138/1265
f 4968/10995/1225 4973/10996/1224 4882/11150/1270 4880/11149/1267
f 4973/11055/1224 4978/11056/1246 4884/11156/1272 4882/11155/1270
f 4964/11161/1201 4969/11163/1200 4968/11162/1225 4963/11137/1259
f 4978/11113/1246 4887/11114/1109 4846/11165/1204 4884/11164/1272
f 4944/11170/1206 4949/11173/1205 4948/11172/1218 4943/11171/1254
f 4941/11643/1280 4946/11644/1194 4945/11184/1197 4940/11183/1281
f 4940/11186/1281 4945/11189/1197 4944/11188/1206 4939/11187/1282
f 4939/11190/1282 4944/11191/1206 4943/11085/1254 4938/11082/1250
f 4936/11653/1285 4941/11654/1280 4940/11202/1281 4935/11201/1286
f 4935/11204/1286 4940/11207/1281 4939/11206/1282 4934/11205/1287
f 4934/11208/1287 4939/11209/1282 4938/11073/1250 4933/11070/1060
f 4931/11663/1290 4936/11664/1285 4935/11220/1286 4930/11219/1291
f 4930/11222/1291 4935/11225/1286 4934/11224/1287 4929/11223/1292
f 4929/11226/1292 4934/11227/1287 4933/11061/1060 4928/11058/1242
f 4926/11673/1295 4931/11674/1290 4930/11238/1291 4925/11237/1296
f 4925/11240/1296 4930/11243/1291 4929/11242/1292 4924/11241/1297
f 4924/11244/1297 4929/11245/1292 4928/11049/1242 4923/11046/1238
f 4921/11683/1300 4926/11684/1295 4925/11256/1296 4920/11255/1301
f 4920/11258/1301 4925/11261/1296 4924/11260/1297 4919/11259/1302
f 4919/11262/1302 4924/11263/1297 4923/11037/1238 4918/11034/1234
f 4916/11693/1305 4921/11694/1300 4920/11274/1301 4915/11273/1306
f 4915/11276/1306 4920/11279/1301 4919/11278/1302 4914/11277/1307
f 4914/11280/1307 4919/11281/1302 4918/11025/1234 4913/11022/1229
f 4911/11703/1310 4916/11704/1305 4915/11292/1306 4910/11291/1311
f 4910/11294/1311 4915/11297/1306 4914/11296/1307 4909/11295/1312
f 4909/11298/1312 4914/11299/1307 4913/11013/1229 4908/11010/1100
f 4906/11713/1315 4911/11714/1310 4910/11310/1311 4905/11309/1316
f 4905/11312/1316 4910/11315/1311 4909/11314/1312 4904/11313/1317
f 4904/11316/1317 4909/11317/1312 4908/11001/1100 4903/10998/1220
f 4901/11723/1320 4906/11724/1315 4905/11328/1316 4900/11327/1321
f 4900/11330/1321 4905/11333/1316 4904/11332/1317 4899/11331/1322
f 4899/11334/1322 4904/11336/1317 4903/10989/1220 4898/11335/1214
f 4896/11733/1325 4901/11734/1320 4900/11347/1321 4895/11346/1326
f 4895/11349/1326 4900/11352/1321 4899/11351/1322 4894/11350/1327
f 4894/11353/1327 4899/11354/1322 4898/10977/1214 4893/10974/1209
f 4891/11743/1330 4896/11744/1325 4895/11365/1326 4890/11364/1331
f 4890/11367/1331 4895/11370/1326 4894/11369/1327 4889/11368/1332
f 4889/11371/1332 4894/11372/1327 4893/10965/1209 4888/10962/1202
f 4843/11753/1266 4891/11754/1330 4890/11383/1331 4885/11382/1264
f 4885/11385/1264 4890/11388/1331 4889/11387/1332 4886/11386/1262
f 4886/11389/1262 4889/11390/1332 4888/10953/1202 4887/10950/1109
f 4664/10952/1062 4662/10951/1061 4846/10951/1204 4848/10952/1203
f 4666/10964/1068 4664/10963/1062 4848/10963/1203 4850/10964/1210
f 4668/10976/1073 4666/10975/1068 4850/10975/1210 4852/10976/1215
f 4670/10988/1079 4668/10987/1073 4852/10987/1215 4854/10988/1221
f 4672/11000/1085 4670/10999/1079 4854/10999/1221 4856/11000/1226
f 4674/11012/1089 4672/11011/1085 4856/11011/1226 4858/11012/1230
f 4676/11024/1094 4674/11023/1089 4858/11023/1230 4860/11024/1235
f 4678/11036/1098 4676/11035/1094 4860/11035/1235 4862/11036/1239
f 4680/11048/1103 4678/11047/1098 4862/11047/1239 4864/11048/1243
f 4682/11060/1108 4680/11059/1103 4864/11059/1243 4866/11060/1247
f 4684/11072/1112 4682/11071/1108 4866/11071/1247 4868/11072/1251
f 4686/11084/1116 4684/11083/1112 4868/11083/1251 4870/11084/1255
f 4688/11096/1120 4686/11095/1116 4870/11095/1255 4872/11096/1258
f 4690/11107/1123 4688/11106/1120 4872/11106/1258 4874/11107/1261
f 4692/11117/1125 4690/11116/1123 4874/11116/1261 4876/11117/1263
f 4694/11128/1127 4692/11127/1125 4876/11127/1263 4878/11128/1265
f 4696/11139/1129 4694/11138/1127 4878/11138/1265 4880/11139/1267
f 4698/11150/1132 4696/11149/1129 4880/11149/1267 4882/11150/1270
f 4700/11156/1134 4698/11155/1132 4882/11155/1270 4884/11156/1272
f 4662/11165/1061 4700/11164/1134 4884/11164/1272 4846/11165/1204
s 0
usemtl blender_btn
f 5050/11851/1109 5027/11852/1109 5066/11853/1109 5064/11854/1109 5062/11855/1109 5060/11856/1109 5058/11857/1109 5056/11858/1109 5054/11859/1109 5052/11859/1109
f 5029/11860/1384 5030/11861/1384 5032/11862/1384 5031/11863/1384
f 5061/11864/1100 5062/11865/1100 5064/11866/1100 5063/11867/1100
f 5031/11868/1385 5032/11869/1385 5034/11870/1385 5033/11871/1385
f 5059/11872/1386 5060/11873/1386 5062/11874/1386 5061/11875/1386
f 5033/11876/1086 5034/11877/1086 5036/11878/1086 5035/11879/1086
f 5057/11880/1387 5058/11881/1387 5060/11882/1387 5059/11883/1387
f 5035/11884/1388 5036/11885/1388 5038/11886/1388 5037/11887/1388
f 5055/11888/1389 5056/11889/1389 5058/11890/1389 5057/11891/1389
f 5037/11892/1389 5038/11893/1389 5040/11894/1389 5039/11895/1389
f 5053/11896/1388 5054/11897/1388 5056/11898/1388 5055/11899/1388
f 5039/11900/1387 5040/11901/1387 5042/11902/1387 5041/11903/1387
f 5028/11904/1060 5049/11905/1060 5051/11906/1060 5053/11907/1060 5055/11908/1060 5057/11909/1060 5059/11910/1060 5061/11911/1060 5063/11912/1060 5065/11913/1060
f 5051/11876/1086 5052/11877/1086 5054/11878/1086 5053/11879/1086
f 5041/11914/1386 5042/11915/1386 5044/11916/1386 5043/11917/1386
f 5065/11918/1390 5066/11919/1390 5027/11920/1390 5028/11921/1390
f 5049/11922/1385 5050/11923/1385 5052/11924/1385 5051/11925/1385
f 5043/11864/1100 5044/11865/1100 5046/11866/1100 5045/11867/1100
f 5032/11926/1109 5030/11927/1109 5048/11928/1109 5046/11929/1109 5044/11929/1109 5042/11928/1109 5040/11927/1109 5038/11926/1109 5036/11930/1109 5034/11930/1109
f 5028/11931/1384 5027/11932/1384 5050/11933/1384 5049/11934/1384
f 5045/11935/1391 5046/11936/1391 5048/11937/1391 5047/11938/1391
f 5063/11939/1391 5064/11940/1391 5066/11941/1391 5065/11942/1391
f 5047/11943/1390 5048/11944/1390 5030/11945/1390 5029/11946/1390
f 5029/11947/1060 5031/11948/1060 5033/11949/1060 5035/11949/1060 5037/11948/1060 5039/11947/1060 5041/11950/1060 5043/11951/1060 5045/11951/1060 5047/11950/1060
o oven
v 46.705585 0.829042 16.812660
v 46.705585 3.873487 16.812660
v 46.705585 0.829042 10.365790
v 46.705585 3.873487 10.365790
v 49.691021 0.829042 16.812660
v 49.691021 3.873487 16.812660
v 49.691021 0.829042 10.365790
v 49.691021 3.873487 10.365790
v 46.705585 3.299093 16.812660
v 46.705585 3.299093 10.365790
v 49.691021 3.299093 10.365790
v 49.691021 3.299093 16.812660
v 46.483376 3.299093 16.812660
v 46.483376 3.873487 16.812660
v 46.483376 3.873487 10.365790
v 46.483376 3.299093 10.365790
v 46.705585 1.040701 10.566977
v 46.705585 1.040701 16.626650
v 46.705585 3.087433 10.566977
v 46.705585 3.087433 16.626650
v 46.881821 1.040701 10.566977
v 46.881821 1.040701 16.626650
v 46.881821 3.087433 10.566977
v 46.881821 3.087433 16.626650
v 46.431007 3.587312 11.010438
v 46.502037 3.587312 11.010438
v 46.431007 3.482550 11.044477
v 46.502037 3.482550 11.044477
v 46.431007 3.417803 11.133594
v 46.502037 3.417803 11.133594
v 46.431007 3.417803 11.243748
v 46.502037 3.417803 11.243748
v 46.431007 3.482550 11.332863
v 46.502037 3.482550 11.332863
v 46.431007 3.587312 11.366903
v 46.502037 3.587312 11.366903
v 46.431007 3.692074 11.332863
v 46.502037 3.692074 11.332863
v 46.431007 3.756821 11.243748
v 46.502037 3.756821 11.243748
v 46.431007 3.756821 11.133594
v 46.502037 3.756821 11.133594
v 46.431007 3.692074 11.044477
v 46.502037 3.692074 11.044477
v 46.431007 3.756821 15.785203
v 46.502037 3.756821 15.785203
v 46.431007 3.692074 15.696087
v 46.502037 3.692074 15.696087
v 46.345806 3.448654 15.870153
v 46.345806 3.725970 15.870153
v 46.345806 3.448654 15.810413
v 46.345806 3.725970 15.810413
v 46.484268 3.448654 15.870153
v 46.484268 3.725970 15.870153
v 46.484268 3.448654 15.810413
v 46.484268 3.725970 15.810413
v 46.502037 3.692074 14.296638
v 46.431007 3.692074 14.296638
v 46.502037 3.756821 14.385754
v 46.431007 3.756821 14.385754
v 46.502037 3.756821 14.495908
v 46.431007 3.756821 14.495908
v 46.502037 3.692074 14.585024
v 46.431007 3.692074 14.585024
v 46.502037 3.587312 14.619063
v 46.431007 3.587312 14.619063
v 46.502037 3.482550 14.585024
v 46.431007 3.482550 14.585024
v 46.502037 3.417803 14.495908
v 46.431007 3.417803 14.495908
v 46.502037 3.417803 14.385754
v 46.431007 3.417803 14.385754
v 46.502037 3.482550 14.296638
v 46.431007 3.482550 14.296638
v 46.502037 3.587312 14.262598
v 46.431007 3.587312 14.262598
v 46.484268 3.725970 12.756603
v 46.484268 3.448654 12.756603
v 46.484268 3.725970 12.816343
v 46.484268 3.448654 12.816343
v 46.345806 3.725970 12.756603
v 46.345806 3.448654 12.756603
v 46.345806 3.725970 12.816343
v 46.345806 3.448654 12.816343
v 46.502037 3.692074 12.642277
v 46.431007 3.692074 12.642277
v 46.502037 3.756821 12.731393
v 46.431007 3.756821 12.731393
v 46.502037 3.756821 12.841547
v 46.431007 3.756821 12.841547
v 46.502037 3.692074 12.930663
v 46.431007 3.692074 12.930663
v 46.502037 3.587312 12.964703
v 46.431007 3.587312 12.964703
v 46.502037 3.482550 12.930663
v 46.431007 3.482550 12.930663
v 46.502037 3.417803 12.841547
v 46.431007 3.417803 12.841547
v 46.502037 3.417803 12.731393
v 46.431007 3.417803 12.731393
v 46.502037 3.482550 12.642277
v 46.431007 3.482550 12.642277
v 46.502037 3.587312 12.608237
v 46.431007 3.587312 12.608237
v 48.911430 3.879952 10.705174
v 48.911430 3.872428 10.705174
v 47.269337 3.872428 10.705174
v 47.269337 3.879952 10.705174
v 47.409184 3.872428 10.727324
v 47.409184 3.879952 10.727324
v 47.535343 3.872428 10.791606
v 47.535343 3.879952 10.791606
v 47.635468 3.872428 10.891727
v 47.635468 3.879952 10.891727
v 47.699749 3.872428 11.017887
v 47.699749 3.879952 11.017887
v 47.721897 3.872428 11.157737
v 47.721897 3.879952 11.157737
v 47.699749 3.872428 11.297586
v 47.699749 3.879952 11.297586
v 47.635468 3.872428 11.423746
v 47.635468 3.879952 11.423746
v 47.535343 3.872428 11.523868
v 47.535343 3.879952 11.523868
v 47.409184 3.872428 11.588149
v 47.409184 3.879952 11.588149
v 47.269337 3.872428 11.610299
v 47.269337 3.879952 11.610299
v 47.129486 3.872428 11.588149
v 47.129486 3.879952 11.588149
v 47.003326 3.872428 11.523868
v 47.003326 3.879952 11.523868
v 46.903206 3.872428 11.423746
v 46.903206 3.879952 11.423746
v 46.838924 3.872428 11.297586
v 46.838924 3.879952 11.297586
v 46.816772 3.872428 11.157737
v 46.816772 3.879952 11.157737
v 46.838924 3.872428 11.017887
v 46.838924 3.879952 11.017887
v 46.903206 3.872428 10.891727
v 46.903206 3.879952 10.891727
v 47.003326 3.872428 10.791606
v 47.003326 3.879952 10.791606
v 47.129486 3.872428 10.727324
v 47.129486 3.879952 10.727324
v 49.051281 3.872428 10.727324
v 49.051281 3.879952 10.727324
v 49.177441 3.872428 10.791606
v 49.177441 3.879952 10.791606
v 49.277561 3.872428 10.891727
v 49.277561 3.879952 10.891727
v 49.341843 3.872428 11.017887
v 49.341843 3.879952 11.017887
v 49.363995 3.872428 11.157737
v 49.363995 3.879952 11.157737
v 49.341843 3.872428 11.297586
v 49.341843 3.879952 11.297586
v 49.277561 3.872428 11.423746
v 49.277561 3.879952 11.423746
v 49.177441 3.872428 11.523868
v 49.177441 3.879952 11.523868
v 49.051281 3.872428 11.588149
v 49.051281 3.879952 11.588149
v 48.911430 3.872428 11.610299
v 48.911430 3.879952 11.610299
v 48.771584 3.872428 11.588149
v 48.771584 3.879952 11.588149
v 48.645420 3.872428 11.523868
v 48.645420 3.879952 11.523868
v 48.545300 3.872428 11.423746
v 48.545300 3.879952 11.423746
v 48.481018 3.872428 11.297586
v 48.481018 3.879952 11.297586
v 48.458870 3.872428 11.157737
v 48.458870 3.879952 11.157737
v 48.481018 3.872428 11.017887
v 48.481018 3.879952 11.017887
v 48.545300 3.872428 10.891727
v 48.545300 3.879952 10.891727
v 48.645420 3.872428 10.791606
v 48.645420 3.879952 10.791606
v 48.771584 3.872428 10.727324
v 48.771584 3.879952 10.727324
v 48.911430 3.879952 12.308646
v 48.911430 3.872428 12.308646
v 47.269337 3.872428 12.308646
v 47.269337 3.879952 12.308646
v 47.409184 3.872428 12.330796
v 47.409184 3.879952 12.330796
v 47.535343 3.872428 12.395078
v 47.535343 3.879952 12.395078
v 47.635468 3.872428 12.495199
v 47.635468 3.879952 12.495199
v 47.699749 3.872428 12.621359
v 47.699749 3.879952 12.621359
v 47.721897 3.872428 12.761209
v 47.721897 3.879952 12.761209
v 47.699749 3.872428 12.901058
v 47.699749 3.879952 12.901058
v 47.635468 3.872428 13.027218
v 47.635468 3.879952 13.027218
v 47.535343 3.872428 13.127339
v 47.535343 3.879952 13.127339
v 47.409184 3.872428 13.191621
v 47.409184 3.879952 13.191621
v 47.269337 3.872428 13.213771
v 47.269337 3.879952 13.213771
v 47.129486 3.872428 13.191621
v 47.129486 3.879952 13.191621
v 47.003326 3.872428 13.127339
v 47.003326 3.879952 13.127339
v 46.903206 3.872428 13.027218
v 46.903206 3.879952 13.027218
v 46.838924 3.872428 12.901058
v 46.838924 3.879952 12.901058
v 46.816772 3.872428 12.761209
v 46.816772 3.879952 12.761209
v 46.838924 3.872428 12.621359
v 46.838924 3.879952 12.621359
v 46.903206 3.872428 12.495199
v 46.903206 3.879952 12.495199
v 47.003326 3.872428 12.395078
v 47.003326 3.879952 12.395078
v 47.129486 3.872428 12.330796
v 47.129486 3.879952 12.330796
v 49.051281 3.872428 12.330796
v 49.051281 3.879952 12.330796
v 49.177441 3.872428 12.395078
v 49.177441 3.879952 12.395078
v 49.277561 3.872428 12.495199
v 49.277561 3.879952 12.495199
v 49.341843 3.872428 12.621359
v 49.341843 3.879952 12.621359
v 49.363995 3.872428 12.761209
v 49.363995 3.879952 12.761209
v 49.341843 3.872428 12.901058
v 49.341843 3.879952 12.901058
v 49.277561 3.872428 13.027218
v 49.277561 3.879952 13.027218
v 49.177441 3.872428 13.127339
v 49.177441 3.879952 13.127339
v 49.051281 3.872428 13.191621
v 49.051281 3.879952 13.191621
v 48.911430 3.872428 13.213771
v 48.911430 3.879952 13.213771
v 48.771584 3.872428 13.191621
v 48.771584 3.879952 13.191621
v 48.645420 3.872428 13.127339
v 48.645420 3.879952 13.127339
v 48.545300 3.872428 13.027218
v 48.545300 3.879952 13.027218
v 48.481018 3.872428 12.901058
v 48.481018 3.879952 12.901058
v 48.458870 3.872428 12.761209
v 48.458870 3.879952 12.761209
v 48.481018 3.872428 12.621359
v 48.481018 3.879952 12.621359
v 48.545300 3.872428 12.495199
v 48.545300 3.879952 12.495199
v 48.645420 3.872428 12.395078
v 48.645420 3.879952 12.395078
v 48.771584 3.872428 12.330796
v 48.771584 3.879952 12.330796
v 48.911430 3.879952 13.961469
v 48.911430 3.872428 13.961469
v 47.269337 3.872428 13.961469
v 47.269337 3.879952 13.961469
v 47.409184 3.872428 13.983619
v 47.409184 3.879952 13.983619
v 47.535343 3.872428 14.047900
v 47.535343 3.879952 14.047900
v 47.635468 3.872428 14.148022
v 47.635468 3.879952 14.148022
v 47.699749 3.872428 14.274182
v 47.699749 3.879952 14.274182
v 47.721897 3.872428 14.414031
v 47.721897 3.879952 14.414031
v 47.699749 3.872428 14.553881
v 47.699749 3.879952 14.553881
v 47.635468 3.872428 14.680040
v 47.635468 3.879952 14.680040
v 47.535343 3.872428 14.780162
v 47.535343 3.879952 14.780162
v 47.409184 3.872428 14.844444
v 47.409184 3.879952 14.844444
v 47.269337 3.872428 14.866594
v 47.269337 3.879952 14.866594
v 47.129486 3.872428 14.844444
v 47.129486 3.879952 14.844444
v 47.003326 3.872428 14.780162
v 47.003326 3.879952 14.780162
v 46.903206 3.872428 14.680040
v 46.903206 3.879952 14.680040
v 46.838924 3.872428 14.553881
v 46.838924 3.879952 14.553881
v 46.816772 3.872428 14.414031
v 46.816772 3.879952 14.414031
v 46.838924 3.872428 14.274182
v 46.838924 3.879952 14.274182
v 46.903206 3.872428 14.148022
v 46.903206 3.879952 14.148022
v 47.003326 3.872428 14.047900
v 47.003326 3.879952 14.047900
v 47.129486 3.872428 13.983619
v 47.129486 3.879952 13.983619
v 49.051281 3.872428 13.983619
v 49.051281 3.879952 13.983619
v 49.177441 3.872428 14.047900
v 49.177441 3.879952 14.047900
v 49.277561 3.872428 14.148022
v 49.277561 3.879952 14.148022
v 49.341843 3.872428 14.274182
v 49.341843 3.879952 14.274182
v 49.363995 3.872428 14.414031
v 49.363995 3.879952 14.414031
v 49.341843 3.872428 14.553881
v 49.341843 3.879952 14.553881
v 49.277561 3.872428 14.680040
v 49.277561 3.879952 14.680040
v 49.177441 3.872428 14.780162
v 49.177441 3.879952 14.780162
v 49.051281 3.872428 14.844444
v 49.051281 3.879952 14.844444
v 48.911430 3.872428 14.866594
v 48.911430 3.879952 14.866594
v 48.771584 3.872428 14.844444
v 48.771584 3.879952 14.844444
v 48.645420 3.872428 14.780162
v 48.645420 3.879952 14.780162
v 48.545300 3.872428 14.680040
v 48.545300 3.879952 14.680040
v 48.481018 3.872428 14.553881
v 48.481018 3.879952 14.553881
v 48.458870 3.872428 14.414031
v 48.458870 3.879952 14.414031
v 48.481018 3.872428 14.274182
v 48.481018 3.879952 14.274182
v 48.545300 3.872428 14.148022
v 48.545300 3.879952 14.148022
v 48.645420 3.872428 14.047900
v 48.645420 3.879952 14.047900
v 48.771584 3.872428 13.983619
v 48.771584 3.879952 13.983619
v 48.911430 3.879952 15.399750
v 48.911430 3.872428 15.399750
v 47.269337 3.872428 15.399750
v 47.269337 3.879952 15.399750
v 47.409184 3.872428 15.421900
v 47.409184 3.879952 15.421900
v 47.535343 3.872428 15.486181
v 47.535343 3.879952 15.486181
v 47.635468 3.872428 15.586303
v 47.635468 3.879952 15.586303
v 47.699749 3.872428 15.712462
v 47.699749 3.879952 15.712462
v 47.721897 3.872428 15.852312
v 47.721897 3.879952 15.852312
v 47.699749 3.872428 15.992162
v 47.699749 3.879952 15.992162
v 47.635468 3.872428 16.118322
v 47.635468 3.879952 16.118322
v 47.535343 3.872428 16.218443
v 47.535343 3.879952 16.218443
v 47.409184 3.872428 16.282724
v 47.409184 3.879952 16.282724
v 47.269337 3.872428 16.304874
v 47.269337 3.879952 16.304874
v 47.129486 3.872428 16.282724
v 47.129486 3.879952 16.282724
v 47.003326 3.872428 16.218443
v 47.003326 3.879952 16.218443
v 46.903206 3.872428 16.118322
v 46.903206 3.879952 16.118322
v 46.838924 3.872428 15.992162
v 46.838924 3.879952 15.992162
v 46.816772 3.872428 15.852312
v 46.816772 3.879952 15.852312
v 46.838924 3.872428 15.712462
v 46.838924 3.879952 15.712462
v 46.903206 3.872428 15.586303
v 46.903206 3.879952 15.586303
v 47.003326 3.872428 15.486181
v 47.003326 3.879952 15.486181
v 47.129486 3.872428 15.421900
v 47.129486 3.879952 15.421900
v 49.051281 3.872428 15.421900
v 49.051281 3.879952 15.421900
v 49.177441 3.872428 15.486181
v 49.177441 3.879952 15.486181
v 49.277561 3.872428 15.586303
v 49.277561 3.879952 15.586303
v 49.341843 3.872428 15.712462
v 49.341843 3.879952 15.712462
v 49.363995 3.872428 15.852312
v 49.363995 3.879952 15.852312
v 49.341843 3.872428 15.992162
v 49.341843 3.879952 15.992162
v 49.277561 3.872428 16.118322
v 49.277561 3.879952 16.118322
v 49.177441 3.872428 16.218443
v 49.177441 3.879952 16.218443
v 49.051281 3.872428 16.282724
v 49.051281 3.879952 16.282724
v 48.911430 3.872428 16.304874
v 48.911430 3.879952 16.304874
v 48.771584 3.872428 16.282724
v 48.771584 3.879952 16.282724
v 48.645420 3.872428 16.218443
v 48.645420 3.879952 16.218443
v 48.545300 3.872428 16.118322
v 48.545300 3.879952 16.118322
v 48.481018 3.872428 15.992162
v 48.481018 3.879952 15.992162
v 48.458870 3.872428 15.852312
v 48.458870 3.879952 15.852312
v 48.481018 3.872428 15.712462
v 48.481018 3.879952 15.712462
v 48.545300 3.872428 15.586303
v 48.545300 3.879952 15.586303
v 48.645420 3.872428 15.486181
v 48.645420 3.879952 15.486181
v 48.771584 3.872428 15.421900
v 48.771584 3.879952 15.421900
v 46.345806 3.448654 11.218544
v 46.345806 3.725970 11.218544
v 46.345806 3.448654 11.158804
v 46.345806 3.725970 11.158804
v 46.484268 3.448654 11.218544
v 46.484268 3.725970 11.218544
v 46.484268 3.448654 11.158804
v 46.484268 3.725970 11.158804
v 46.502037 3.756821 15.895356
v 46.431007 3.756821 15.895356
v 46.502037 3.692074 15.984472
v 46.431007 3.692074 15.984472
v 46.502037 3.587312 16.018513
v 46.431007 3.587312 16.018513
v 46.502037 3.482550 15.984472
v 46.431007 3.482550 15.984472
v 46.502037 3.417803 15.895356
v 46.431007 3.417803 15.895356
v 46.502037 3.417803 15.785203
v 46.431007 3.417803 15.785203
v 46.502037 3.482550 15.696087
v 46.431007 3.482550 15.696087
v 46.502037 3.587312 15.662047
v 46.431007 3.587312 15.662047
v 46.345806 3.448654 14.470705
v 46.345806 3.725970 14.470705
v 46.345806 3.448654 14.410964
v 46.345806 3.725970 14.410964
v 46.484268 3.448654 14.470705
v 46.484268 3.725970 14.470705
v 46.484268 3.448654 14.410964
v 46.484268 3.725970 14.410964
v 47.391220 3.928295 10.803520
v 47.271194 3.928295 10.784510
v 47.271194 3.886721 10.823694
v 47.271194 4.695728 10.784510
v 47.379112 3.886721 10.840787
v 47.391220 4.695728 10.803520
v 47.476467 3.886721 10.890392
v 47.499500 4.695728 10.858691
v 47.553730 3.886721 10.967653
v 47.585430 4.695728 10.944621
v 47.603336 3.886721 11.065008
v 47.640602 4.695728 11.052899
v 47.620426 3.886721 11.172928
v 47.659611 4.695728 11.172928
v 47.603336 3.886721 11.280847
v 47.640602 4.695728 11.292955
v 47.553730 3.886721 11.378201
v 47.585430 4.695728 11.401234
v 47.476467 3.886721 11.455463
v 47.499500 4.695728 11.487164
v 47.379112 3.886721 11.505068
v 47.391220 4.695728 11.542335
v 47.271194 3.886721 11.522161
v 47.271194 4.695728 11.561345
v 47.163277 3.886721 11.505068
v 47.151165 4.695728 11.542335
v 47.065922 3.886721 11.455463
v 47.042889 4.695728 11.487164
v 46.988659 3.886721 11.378201
v 46.956955 4.695728 11.401234
v 46.939053 3.886721 11.280847
v 46.901787 4.695728 11.292955
v 46.921963 3.886721 11.172928
v 46.882774 4.695728 11.172928
v 46.939053 3.886721 11.065008
v 46.901787 4.695728 11.052899
v 46.988659 3.886721 10.967653
v 46.956955 4.695728 10.944621
v 47.065922 3.886721 10.890392
v 47.042889 4.695728 10.858691
v 47.163277 3.886721 10.840787
v 47.151165 4.695728 10.803520
v 47.499500 3.928295 10.858691
v 47.585430 3.928295 10.944621
v 47.640602 3.928295 11.052899
v 47.659611 3.928295 11.172928
v 47.640602 3.928295 11.292955
v 47.585430 3.928295 11.401234
v 47.499500 3.928295 11.487164
v 47.391220 3.928295 11.542335
v 47.271194 3.928295 11.561345
v 47.151165 3.928295 11.542335
v 47.042889 3.928295 11.487164
v 46.956955 3.928295 11.401234
v 46.901787 3.928295 11.292955
v 46.882774 3.928295 11.172928
v 46.901787 3.928295 11.052899
v 46.956955 3.928295 10.944621
v 47.042889 3.928295 10.858691
v 47.151165 3.928295 10.803520
v 47.271194 4.695728 10.807367
v 47.384159 4.695728 10.825259
v 47.486065 4.695728 10.877183
v 47.566936 4.695728 10.958056
v 47.618862 4.695728 11.059963
v 47.636753 4.695728 11.172928
v 47.618862 4.695728 11.285892
v 47.566936 4.695728 11.387798
v 47.486065 4.695728 11.468672
v 47.384159 4.695728 11.520596
v 47.271194 4.695728 11.538487
v 47.158230 4.695728 11.520596
v 47.056324 4.695728 11.468672
v 46.975449 4.695728 11.387798
v 46.923527 4.695728 11.285892
v 46.905632 4.695728 11.172928
v 46.923527 4.695728 11.059963
v 46.975449 4.695728 10.958056
v 47.056324 4.695728 10.877183
v 47.158230 4.695728 10.825259
v 47.271194 3.932344 10.807367
v 47.384159 3.932344 10.825259
v 47.486065 3.932344 10.877183
v 47.566936 3.932344 10.958056
v 47.618862 3.932344 11.059963
v 47.636753 3.932344 11.172928
v 47.618862 3.932344 11.285892
v 47.566936 3.932344 11.387798
v 47.486065 3.932344 11.468672
v 47.384159 3.932344 11.520596
v 47.271194 3.932344 11.538487
v 47.158230 3.932344 11.520596
v 47.056324 3.932344 11.468672
v 46.975449 3.932344 11.387798
v 46.923527 3.932344 11.285892
v 46.905632 3.932344 11.172928
v 46.923527 3.932344 11.059963
v 46.975449 3.932344 10.958056
v 47.056324 3.932344 10.877183
v 47.158230 3.932344 10.825259
vn -0.0000 -0.0000 1.0000
vn -0.0000 -0.0000 -1.0000
vn 1.0000 -0.0000 -0.0000
vn -0.0000 -1.0000 -0.0000
vn -0.0000 1.0000 -0.0000
vn -1.0000 -0.0000 -0.0000
vn -0.0000 -0.3090 -0.9511
vn -0.0000 -0.8090 -0.5878
vn -0.0000 -0.8090 0.5878
vn -0.0000 -0.3090 0.9511
vn -0.0000 0.3090 0.9511
vn -0.0000 0.8090 0.5878
vn -0.0000 0.8090 -0.5878
vn -0.0000 0.3090 -0.9511
vn 0.7071 -0.0000 0.7071
vn 0.1564 -0.0000 -0.9877
vn -0.1564 -0.0000 0.9877
vn -0.7071 -0.0000 -0.7071
vn 0.4540 -0.0000 -0.8910
vn 0.8910 -0.0000 0.4540
vn -0.8910 -0.0000 -0.4540
vn 0.7071 -0.0000 -0.7071
vn -0.7071 -0.0000 0.7071
vn -0.9877 -0.0000 -0.1564
vn 0.8910 -0.0000 -0.4540
vn 0.9877 -0.0000 0.1564
vn -0.9877 -0.0000 0.1564
vn 0.9877 -0.0000 -0.1564
vn -0.8910 -0.0000 0.4540
vn -0.4540 -0.0000 0.8910
vn 0.4540 -0.0000 0.8910
vn 0.1564 -0.0000 0.9877
vn -0.1564 -0.0000 -0.9877
vn -0.4540 -0.0000 -0.8910
vn 0.1325 -0.9035 -0.4077
vn 0.2887 -0.3569 -0.8884
vn 0.5491 -0.3569 -0.7557
vn 0.2520 -0.9035 -0.3468
vn -0.0000 -0.3569 -0.9341
vn -0.0000 0.6735 -0.7392
vn 0.2284 0.6735 -0.7030
vn 0.7557 -0.3569 -0.5491
vn 0.3468 -0.9035 -0.2519
vn 0.4345 0.6735 -0.5980
vn 0.8884 -0.3569 -0.2887
vn 0.4077 -0.9035 -0.1325
vn 0.5980 0.6735 -0.4345
vn 0.9341 -0.3569 -0.0000
vn 0.4286 -0.9035 -0.0000
vn 0.7030 0.6735 -0.2284
vn 0.8884 -0.3569 0.2887
vn 0.4077 -0.9035 0.1325
vn 0.7392 0.6735 -0.0000
vn 0.7557 -0.3569 0.5491
vn 0.3468 -0.9035 0.2520
vn 0.7030 0.6735 0.2284
vn 0.5491 -0.3569 0.7557
vn 0.2520 -0.9035 0.3468
vn 0.5980 0.6735 0.4345
vn 0.2887 -0.3569 0.8884
vn 0.1325 -0.9035 0.4077
vn 0.4345 0.6735 0.5980
vn -0.0000 -0.3569 0.9341
vn -0.0000 -0.9035 0.4286
vn 0.2284 0.6735 0.7030
vn -0.2887 -0.3569 0.8884
vn -0.1325 -0.9035 0.4077
vn -0.0000 0.6735 0.7392
vn -0.5491 -0.3569 0.7557
vn -0.2519 -0.9035 0.3468
vn -0.2284 0.6735 0.7030
vn -0.7557 -0.3570 0.5491
vn -0.3468 -0.9035 0.2519
vn -0.4345 0.6735 0.5980
vn -0.8884 -0.3570 0.2887
vn -0.4077 -0.9035 0.1325
vn -0.5980 0.6735 0.4345
vn -0.9341 -0.3570 -0.0000
vn -0.4286 -0.9035 -0.0000
vn -0.7030 0.6735 0.2284
vn -0.8884 -0.3570 -0.2887
vn -0.4077 -0.9035 -0.1325
vn -0.7392 0.6735 -0.0000
vn -0.7557 -0.3570 -0.5491
vn -0.3468 -0.9035 -0.2519
vn -0.7030 0.6735 -0.2284
vn -0.5491 -0.3570 -0.7557
vn -0.2519 -0.9035 -0.3468
vn -0.5980 0.6735 -0.4345
vn -0.2887 -0.3569 -0.8884
vn -0.1325 -0.9035 -0.4077
vn -0.4345 0.6735 -0.5980
vn -0.0000 -0.9035 -0.4286
vn -0.2284 0.6735 -0.7030
vn 0.3927 0.7441 0.5405
vn 0.2065 0.7441 0.6354
vn -0.3927 0.7441 0.5405
vn -0.5405 0.7441 0.3927
vn -0.6681 0.7441 -0.0000
vn -0.6354 0.7441 -0.2065
vn -0.3927 0.7441 -0.5405
vn -0.2065 0.7441 -0.6354
vn 0.2065 0.7441 -0.6354
vn 0.3927 0.7441 -0.5405
vn 0.6354 0.7441 -0.2065
vn 0.6681 0.7441 -0.0000
vn 0.5405 0.7441 0.3927
vn -0.0000 0.7441 0.6681
vn -0.2065 0.7441 0.6354
vn -0.6354 0.7441 0.2065
vn -0.5405 0.7441 -0.3927
vn -0.0000 0.7441 -0.6681
vn 0.5405 0.7441 -0.3927
vn 0.6354 0.7441 0.2065
vt 0.562242 0.985599
vt 0.604800 0.985599
vt 0.604800 1.002063
vt 0.562242 1.002063
vt 0.562242 0.264401
vt 0.604800 0.264401
vt 0.604800 0.485599
vt 0.562242 0.485599
vt 0.562242 0.386168
vt 0.604800 0.386168
vt 0.604800 0.863831
vt 0.562242 0.863831
vt 0.562242 0.764401
vt 0.604800 0.764401
vt 0.139401 0.386168
vt 0.360599 0.386168
vt 0.360599 0.863831
vt 0.139401 0.863831
vt 0.639401 0.386168
vt 0.860599 0.386168
vt 0.860599 0.863831
vt 0.639401 0.863831
vt 0.379231 0.764401
vt 0.379231 0.985599
vt 0.379231 0.386168
vt 0.379231 0.863831
vt 0.379231 0.264401
vt 0.379231 0.485599
vt 0.394913 0.264401
vt 0.546560 0.264401
vt 0.562242 -0.113831
vt 0.604800 -0.113831
vt 0.604800 0.363832
vt 0.562242 0.363832
vt 0.877062 0.386168
vt 0.877063 0.863831
vt 0.562242 0.247937
vt 0.604800 0.247937
vt 0.546560 0.985599
vt 0.394913 0.985599
vt 0.562242 0.348925
vt 0.562242 -0.100049
vt 0.139401 0.850049
vt 0.139401 0.401075
vt 0.394913 -0.100049
vt 0.546560 -0.100049
vt 0.546560 0.348925
vt 0.394913 0.348925
vt 0.964674 0.753683
vt 0.953743 0.753683
vt 0.952042 0.727492
vt 0.962973 0.727493
vt 0.870170 0.733452
vt 0.863415 0.733452
vt 0.851749 0.717266
vt 0.858504 0.717266
vt 0.758912 0.719542
vt 0.758911 0.719542
vt 0.741087 0.719541
vt 0.741088 0.719543
vt 0.641497 0.717267
vt 0.648252 0.717266
vt 0.636586 0.733453
vt 0.629832 0.733453
vt 0.537028 0.727492
vt 0.547958 0.727493
vt 0.546257 0.753683
vt 0.535326 0.753683
vt 0.448616 0.746317
vt 0.459546 0.746317
vt 0.457844 0.772507
vt 0.446913 0.772507
vt 0.360245 0.766548
vt 0.367000 0.766548
vt 0.355334 0.782735
vt 0.348579 0.782735
vt 0.258912 0.780458
vt 0.258911 0.780457
vt 0.241088 0.780457
vt 0.241088 0.780458
vt 0.280744 0.284606
vt 0.280744 0.292776
vt 0.280744 0.284606
vt 0.280744 0.263218
vt 0.280744 0.236782
vt 0.280744 0.215394
vt 0.280744 0.207224
vt 0.280744 0.215394
vt 0.280744 0.236781
vt 0.280744 0.263218
vt 0.151421 0.782734
vt 0.144666 0.782734
vt 0.133000 0.766548
vt 0.139756 0.766548
vt 0.053087 0.772510
vt 0.042156 0.772509
vt 0.040454 0.746318
vt 0.051385 0.746319
vt 0.719255 0.292776
vt 0.719255 0.284606
vt 0.719255 0.263219
vt 0.719255 0.236782
vt 0.719254 0.215394
vt 0.719254 0.207224
vt 0.719254 0.215394
vt 0.719255 0.236782
vt 0.719255 0.263218
vt 0.719255 0.284606
vt 0.482668 -0.460203
vt 0.517332 -0.460203
vt 0.517332 -0.452735
vt 0.482668 -0.452735
vt 0.482668 0.357828
vt 0.517332 0.357828
vt 0.517332 0.375135
vt 0.482668 0.375135
vt 0.482692 1.202751
vt 0.517356 1.202751
vt 0.517357 1.210218
vt 0.482693 1.210218
vt 0.482668 0.874865
vt 0.517332 0.874865
vt 0.517332 0.892172
vt 0.482668 0.892172
vt 0.232852 1.202606
vt 0.250160 1.202606
vt 0.250162 1.210072
vt 0.232852 1.210072
vt 0.749817 1.202606
vt 0.767126 1.202606
vt 0.767122 1.210072
vt 0.749815 1.210072
vt 0.719252 -0.487742
vt 0.719252 -0.495912
vt 0.719252 -0.517299
vt 0.719252 -0.543736
vt 0.719252 -0.565124
vt 0.719252 -0.573293
vt 0.719252 -0.565124
vt 0.719253 -0.543736
vt 0.719253 -0.517299
vt 0.719253 -0.495912
vt 0.068614 1.011456
vt 0.057684 1.011455
vt 0.055982 0.985265
vt 0.066912 0.985266
vt 0.430053 1.169349
vt 0.423298 1.169349
vt 0.411632 1.153163
vt 0.418388 1.153163
vt 0.280744 -0.495911
vt 0.280744 -0.487741
vt 0.280744 -0.495911
vt 0.280744 -0.517299
vt 0.280744 -0.543735
vt 0.280744 -0.565123
vt 0.280744 -0.573292
vt 0.280744 -0.565123
vt 0.280744 -0.543736
vt 0.280744 -0.517299
vt 0.785119 0.780467
vt 0.785119 0.780466
vt 0.767297 0.780467
vt 0.767297 0.780468
vt 0.638875 0.379915
vt 0.645630 0.379915
vt 0.633964 0.396103
vt 0.627210 0.396102
vt 0.464144 0.507372
vt 0.475075 0.507372
vt 0.473373 0.533562
vt 0.462442 0.533562
vt 0.521504 0.966438
vt 0.532434 0.966438
vt 0.530733 0.992628
vt 0.519802 0.992628
vt 0.362861 1.103890
vt 0.369617 1.103890
vt 0.357951 1.120077
vt 0.351195 1.120077
vt 0.232692 0.719547
vt 0.232691 0.719546
vt 0.214868 0.719546
vt 0.214868 0.719547
vt 0.591529 0.346840
vt 0.584774 0.346840
vt 0.573110 0.330654
vt 0.579866 0.330654
vt 0.949150 0.514735
vt 0.938219 0.514735
vt 0.936517 0.488545
vt 0.947449 0.488546
vt 0.749866 0.820993
vt 0.767173 0.820993
vt 0.767172 0.828459
vt 0.749865 0.828459
vt 0.232828 0.820993
vt 0.250136 0.820993
vt 0.250136 0.828459
vt 0.232829 0.828459
vt 0.482667 0.820993
vt 0.517332 0.820993
vt 0.517332 0.828462
vt 0.482668 0.828462
vt 0.482667 -0.078459
vt 0.517333 -0.078459
vt 0.517333 -0.070991
vt 0.482667 -0.070991
vt 0.719253 -0.090696
vt 0.719254 -0.098865
vt 0.719253 -0.120253
vt 0.719253 -0.146690
vt 0.719254 -0.168078
vt 0.719254 -0.176247
vt 0.719253 -0.168078
vt 0.719253 -0.146690
vt 0.719253 -0.120253
vt 0.719253 -0.098865
vt 0.060715 0.889905
vt 0.049785 0.889904
vt 0.048083 0.863714
vt 0.059013 0.863714
vt 0.288314 0.972680
vt 0.281559 0.972680
vt 0.269893 0.956493
vt 0.276649 0.956493
vt 0.280744 -0.098865
vt 0.280744 -0.090696
vt 0.280744 -0.098865
vt 0.280744 -0.120253
vt 0.280744 -0.146690
vt 0.280744 -0.168077
vt 0.280744 -0.176247
vt 0.280744 -0.168078
vt 0.280744 -0.146690
vt 0.280744 -0.120253
vt 0.517441 0.780463
vt 0.517440 0.780463
vt 0.499617 0.780462
vt 0.499617 0.780463
vt 0.497136 0.576593
vt 0.503892 0.576593
vt 0.492226 0.592781
vt 0.485471 0.592781
vt 0.456245 0.628922
vt 0.467175 0.628922
vt 0.465473 0.655113
vt 0.454543 0.655113
vt 0.529401 0.844887
vt 0.540331 0.844888
vt 0.538630 0.871078
vt 0.527699 0.871078
vt 0.504602 0.907217
vt 0.511357 0.907216
vt 0.499692 0.923403
vt 0.492937 0.923403
vt 0.500377 0.719544
vt 0.500377 0.719543
vt 0.482553 0.719543
vt 0.482553 0.719544
vt 0.733271 0.543507
vt 0.726517 0.543507
vt 0.714851 0.527321
vt 0.721606 0.527321
vt 0.957047 0.636287
vt 0.946116 0.636286
vt 0.944415 0.610096
vt 0.955346 0.610097
vt 0.547454 0.821279
vt 0.547456 0.823161
vt 0.524828 0.823161
vt 0.524827 0.821279
vt 0.866343 0.360723
vt 0.832779 0.366039
vt 0.799215 0.360723
vt 0.768937 0.345296
vt 0.744908 0.321266
vt 0.729480 0.290988
vt 0.724164 0.257424
vt 0.729480 0.223860
vt 0.744908 0.193582
vt 0.768937 0.169553
vt 0.799215 0.154125
vt 0.832779 0.148809
vt 0.866343 0.154125
vt 0.896622 0.169553
vt 0.920651 0.193582
vt 0.936078 0.223860
vt 0.941394 0.257424
vt 0.936078 0.290988
vt 0.920651 0.321266
vt 0.896621 0.345296
vt 0.863000 0.821281
vt 0.862999 0.823162
vt 0.840371 0.823162
vt 0.840372 0.821282
vt 0.908918 0.821268
vt 0.908918 0.823149
vt 0.886289 0.823150
vt 0.886289 0.821268
vt -0.141582 0.821282
vt -0.141582 0.823163
vt -0.164210 0.823164
vt -0.164210 0.821283
vt 0.826615 0.821278
vt 0.826615 0.823158
vt 0.803988 0.823159
vt 0.803988 0.821278
vt 0.519431 0.821276
vt 0.519431 0.823158
vt 0.496803 0.823157
vt 0.496803 0.821276
vt 0.005733 0.821280
vt 0.005733 0.823161
vt -0.016895 0.823162
vt -0.016895 0.821281
vt 0.800974 0.821280
vt 0.800974 0.823161
vt 0.778346 0.823162
vt 0.778346 0.821280
vt 0.838408 0.821265
vt 0.838408 0.823148
vt 0.815780 0.823148
vt 0.815780 0.821266
vt 0.170725 0.821274
vt 0.170725 0.823156
vt 0.148097 0.823155
vt 0.148097 0.821274
vt 0.783680 0.821281
vt 0.783680 0.823162
vt 0.761052 0.823161
vt 0.761052 0.821280
vt 0.507751 0.821267
vt 0.507752 0.823149
vt 0.485124 0.823147
vt 0.485123 0.821266
vt 0.342136 0.821276
vt 0.342136 0.823157
vt 0.319508 0.823156
vt 0.319508 0.821275
vt 0.771540 0.821278
vt 0.771539 0.823158
vt 0.748912 0.823158
vt 0.748911 0.821278
vt 0.736407 0.821276
vt 0.736407 0.823157
vt 0.713779 0.823157
vt 0.713779 0.821276
vt 0.508085 0.821276
vt 0.508085 0.823157
vt 0.485457 0.823157
vt 0.485457 0.821276
vt 0.760844 0.821278
vt 0.760844 0.823159
vt 0.738216 0.823158
vt 0.738216 0.821277
vt 0.518442 0.821278
vt 0.518442 0.823158
vt 0.495815 0.823158
vt 0.495814 0.821278
vt 0.657214 0.821271
vt 0.657213 0.823153
vt 0.634586 0.823154
vt 0.634586 0.821272
vt 0.747758 0.821276
vt 0.747758 0.823157
vt 0.725130 0.823157
vt 0.725129 0.821276
vt 0.595231 0.821282
vt 0.595232 0.823162
vt 0.572604 0.823162
vt 0.572604 0.821280
vt 0.779838 0.821274
vt 0.779838 0.823156
vt 0.757209 0.823155
vt 0.757210 0.821274
vt 0.728646 0.821280
vt 0.728647 0.823160
vt 0.706020 0.823161
vt 0.706018 0.821279
vt 0.555357 0.821272
vt 0.555357 0.823152
vt 0.532729 0.823152
vt 0.532729 0.821270
vt 0.868830 0.821269
vt 0.868830 0.823150
vt 0.846201 0.823151
vt 0.846201 0.821268
vt 0.700500 0.821289
vt 0.700500 0.823169
vt 0.677871 0.823169
vt 0.677872 0.821289
vt 0.423822 0.821278
vt 0.423822 0.823160
vt 0.401194 0.823160
vt 0.401194 0.821278
vt 0.920374 0.821284
vt 0.920373 0.823165
vt 0.897745 0.823164
vt 0.897746 0.821282
vt 0.661178 0.821273
vt 0.661177 0.823154
vt 0.638549 0.823153
vt 0.638549 0.821272
vt 0.619778 0.821283
vt 0.619778 0.823165
vt 0.597150 0.823166
vt 0.597150 0.821283
vt 0.934329 0.821289
vt 0.934330 0.823169
vt 0.911701 0.823168
vt 0.911701 0.821288
vt 0.609631 0.821269
vt 0.609630 0.823150
vt 0.587002 0.823151
vt 0.587002 0.821268
vt 0.234056 0.821274
vt 0.234056 0.823155
vt 0.211428 0.823156
vt 0.211428 0.821275
vt 0.914203 0.821280
vt 0.914204 0.823161
vt 0.891576 0.823161
vt 0.891575 0.821279
vt 0.546011 0.821274
vt 0.546010 0.823155
vt 0.523382 0.823155
vt 0.523382 0.821274
vt 0.710283 0.821280
vt 0.710283 0.823161
vt 0.687656 0.823161
vt 0.687656 0.821280
vt 0.866899 0.821276
vt 0.866899 0.823157
vt 0.844270 0.823158
vt 0.844270 0.821276
vt 0.471655 0.821276
vt 0.471655 0.823157
vt 0.449028 0.823158
vt 0.449028 0.821276
vt 0.039616 0.821278
vt 0.039616 0.823160
vt 0.016988 0.823160
vt 0.016988 0.821279
vt 0.801895 0.821279
vt 0.801896 0.823161
vt 0.779268 0.823160
vt 0.779268 0.821278
vt 0.388947 0.821276
vt 0.388947 0.823157
vt 0.366319 0.823156
vt 0.366319 0.821277
vt 0.822914 0.821283
vt 0.822913 0.823163
vt 0.800285 0.823163
vt 0.800286 0.821283
vt 0.730487 0.821277
vt 0.730487 0.823158
vt 0.707859 0.823158
vt 0.707859 0.821278
vt 0.301083 0.821275
vt 0.301084 0.823156
vt 0.278456 0.823155
vt 0.278455 0.821275
vt 0.866343 -0.024110
vt 0.832779 -0.018794
vt 0.799215 -0.024110
vt 0.768937 -0.039538
vt 0.744908 -0.063567
vt 0.729480 -0.093845
vt 0.724164 -0.127409
vt 0.729480 -0.160973
vt 0.744908 -0.191251
vt 0.768937 -0.215280
vt 0.799216 -0.230708
vt 0.832780 -0.236024
vt 0.866343 -0.230708
vt 0.896622 -0.215280
vt 0.920651 -0.191251
vt 0.936078 -0.160973
vt 0.941394 -0.127409
vt 0.936078 -0.093845
vt 0.920651 -0.063567
vt 0.896621 -0.039538
vt 0.664541 0.821277
vt 0.664541 0.823157
vt 0.641913 0.823156
vt 0.641913 0.821275
vt 0.211777 0.821276
vt 0.211777 0.823156
vt 0.189149 0.823156
vt 0.189149 0.821275
vt 1.332778 0.366039
vt 1.366341 0.360723
vt 1.396621 0.345296
vt 1.420651 0.321267
vt 1.436078 0.290988
vt 1.441393 0.257424
vt 1.436078 0.223860
vt 1.420650 0.193582
vt 1.396621 0.169553
vt 1.366343 0.154125
vt 1.332778 0.148809
vt 1.299214 0.154125
vt 1.268937 0.169553
vt 1.244907 0.193582
vt 1.229480 0.223860
vt 1.224164 0.257424
vt 1.229480 0.290988
vt 1.244908 0.321267
vt 1.268937 0.345296
vt 1.299215 0.360723
vt 0.615414 0.821283
vt 0.615414 0.823166
vt 0.592786 0.823166
vt 0.592786 0.821284
vt 0.124871 0.821278
vt 0.124871 0.823159
vt 0.102243 0.823159
vt 0.102243 0.821279
vt -0.347744 0.821273
vt -0.347744 0.823155
vt -0.370372 0.823154
vt -0.370372 0.821272
vt 0.592801 0.821282
vt 0.592800 0.823164
vt 0.570172 0.823164
vt 0.570173 0.821283
vt 0.043980 0.821279
vt 0.043980 0.823159
vt 0.021352 0.823160
vt 0.021352 0.821279
vt 0.472240 0.360723
vt 0.438676 0.366039
vt 0.405112 0.360723
vt 0.374834 0.345296
vt 0.350805 0.321266
vt 0.335377 0.290988
vt 0.330061 0.257424
vt 0.335377 0.223860
vt 0.350805 0.193582
vt 0.374834 0.169553
vt 0.405112 0.154125
vt 0.438676 0.148809
vt 0.472240 0.154125
vt 0.502518 0.169553
vt 0.526548 0.193582
vt 0.541975 0.223860
vt 0.547291 0.257424
vt 0.541975 0.290988
vt 0.526548 0.321266
vt 0.502518 0.345296
vt 0.603808 0.821287
vt 0.603807 0.823168
vt 0.581180 0.823168
vt 0.581181 0.821287
vt -0.027873 0.821273
vt -0.027873 0.823154
vt -0.050501 0.823154
vt -0.050501 0.821275
vt 0.896174 0.821275
vt 0.896173 0.823156
vt 0.873546 0.823156
vt 0.873546 0.821274
vt -0.261695 0.821283
vt -0.261695 0.823164
vt -0.284324 0.823164
vt -0.284324 0.821285
vt -0.088549 0.821279
vt -0.088549 0.823160
vt -0.111177 0.823160
vt -0.111177 0.821278
vt 0.938676 0.366039
vt 0.972240 0.360723
vt 1.002518 0.345296
vt 1.026547 0.321266
vt 1.041975 0.290988
vt 1.047292 0.257424
vt 1.041975 0.223860
vt 1.026547 0.193582
vt 1.002518 0.169553
vt 0.972240 0.154125
vt 0.938676 0.148809
vt 0.905112 0.154125
vt 0.874834 0.169553
vt 0.850805 0.193582
vt 0.835377 0.223860
vt 0.830061 0.257424
vt 0.835377 0.290988
vt 0.850805 0.321266
vt 0.874834 0.345296
vt 0.905112 0.360723
vt 0.584160 0.821289
vt 0.584160 0.823169
vt 0.561531 0.823169
vt 0.561531 0.821289
vt 0.880287 0.821281
vt 0.880286 0.823163
vt 0.857657 0.823161
vt 0.857658 0.821279
vt 0.621090 0.821271
vt 0.621090 0.823153
vt 0.598462 0.823152
vt 0.598462 0.821270
vt 0.817991 0.821286
vt 0.817991 0.823166
vt 0.795362 0.823165
vt 0.795362 0.821285
vt 0.649718 0.821269
vt 0.649718 0.823150
vt 0.627089 0.823150
vt 0.627090 0.821269
vt 0.733007 0.821278
vt 0.733008 0.823159
vt 0.710380 0.823159
vt 0.710379 0.821277
vt 0.662349 0.821274
vt 0.662349 0.823156
vt 0.639720 0.823156
vt 0.639721 0.821273
vt 0.638572 0.821279
vt 0.638572 0.823161
vt 0.615944 0.823161
vt 0.615944 0.821280
vt 0.652850 0.821271
vt 0.652849 0.823154
vt 0.630222 0.823154
vt 0.630222 0.821273
vt 0.548801 0.821271
vt 0.548802 0.823153
vt 0.526175 0.823150
vt 0.526175 0.821270
vt 0.617270 0.821276
vt 0.617270 0.823157
vt 0.594642 0.823157
vt 0.594641 0.821277
vt 0.477389 0.821278
vt 0.477389 0.823159
vt 0.454761 0.823158
vt 0.454760 0.821278
vt 0.554180 0.821281
vt 0.554180 0.823161
vt 0.531552 0.823162
vt 0.531551 0.821279
vt 0.436220 0.821268
vt 0.436220 0.823148
vt 0.413592 0.823148
vt 0.413592 0.821267
vt 0.464875 0.821281
vt 0.464875 0.823162
vt 0.442247 0.823161
vt 0.442247 0.821281
vt 1.332779 -0.018794
vt 1.366343 -0.024110
vt 1.396621 -0.039537
vt 1.420650 -0.063567
vt 1.436078 -0.093845
vt 1.441394 -0.127409
vt 1.436078 -0.160973
vt 1.420650 -0.191251
vt 1.396621 -0.215280
vt 1.366343 -0.230708
vt 1.332779 -0.236024
vt 1.299215 -0.230708
vt 1.268937 -0.215280
vt 1.244908 -0.191251
vt 1.229480 -0.160973
vt 1.224164 -0.127409
vt 1.229480 -0.093845
vt 1.244908 -0.063567
vt 1.268937 -0.039538
vt 1.299215 -0.024110
vt 0.434214 0.821285
vt 0.434214 0.823167
vt 0.411586 0.823168
vt 0.411586 0.821286
vt 0.353194 0.821274
vt 0.353194 0.823154
vt 0.330566 0.823154
vt 0.330566 0.821274
vt -0.307657 0.821274
vt -0.307657 0.823156
vt -0.330285 0.823156
vt -0.330285 0.821273
vt 0.476464 0.821286
vt 0.476463 0.823167
vt 0.453835 0.823168
vt 0.453836 0.821287
vt 0.225179 0.821275
vt 0.225179 0.823156
vt 0.202550 0.823156
vt 0.202550 0.821275
vt 0.472240 -0.024110
vt 0.438676 -0.018794
vt 0.405112 -0.024110
vt 0.374834 -0.039538
vt 0.350805 -0.063567
vt 0.335377 -0.093845
vt 0.330061 -0.127409
vt 0.335377 -0.160973
vt 0.350805 -0.191251
vt 0.374834 -0.215280
vt 0.405112 -0.230708
vt 0.438676 -0.236024
vt 0.472240 -0.230708
vt 0.502519 -0.215281
vt 0.526547 -0.191251
vt 0.541975 -0.160973
vt 0.547291 -0.127409
vt 0.541975 -0.093845
vt 0.526547 -0.063567
vt 0.502518 -0.039538
vt 0.563723 0.821287
vt 0.563722 0.823168
vt 0.541095 0.823168
vt 0.541095 0.821288
vt 0.088463 0.821268
vt 0.088463 0.823149
vt 0.065835 0.823150
vt 0.065835 0.821269
vt -0.145359 0.821278
vt -0.145359 0.823159
vt -0.167987 0.823160
vt -0.167987 0.821280
vt -0.048463 0.821279
vt -0.048463 0.823161
vt -0.071091 0.823161
vt -0.071091 0.821279
vt 0.938676 -0.018794
vt 0.972239 -0.024110
vt 1.002518 -0.039538
vt 1.026547 -0.063567
vt 1.041975 -0.093845
vt 1.047291 -0.127409
vt 1.041975 -0.160973
vt 1.026547 -0.191251
vt 1.002518 -0.215280
vt 0.972240 -0.230708
vt 0.938676 -0.236024
vt 0.905112 -0.230708
vt 0.874834 -0.215280
vt 0.850805 -0.191251
vt 0.835377 -0.160973
vt 0.830061 -0.127409
vt 0.835377 -0.093845
vt 0.850805 -0.063567
vt 0.874834 -0.039538
vt 0.905112 -0.024110
vt 0.360687 0.821277
vt 0.360689 0.823159
vt 0.338062 0.823159
vt 0.338061 0.821277
vt 0.950240 0.821268
vt 0.950240 0.823149
vt 0.927611 0.823149
vt 0.927611 0.821268
vt 0.284081 0.821275
vt 0.284081 0.823156
vt 0.261453 0.823156
vt 0.261453 0.821274
vt 1.025179 0.821264
vt 1.025179 0.823146
vt 1.002552 0.823147
vt 1.002552 0.821265
vt 0.246866 0.821252
vt 0.246867 0.823134
vt 0.224239 0.823133
vt 0.224238 0.821252
vt 0.971755 0.821281
vt 0.971755 0.823163
vt 0.949128 0.823161
vt 0.949128 0.821280
vt 0.257559 0.821278
vt 0.257560 0.823158
vt 0.234931 0.823158
vt 0.234931 0.821278
vt 0.856115 0.821294
vt 0.856115 0.823175
vt 0.833487 0.823174
vt 0.833486 0.821293
vt 0.320000 0.821260
vt 0.320000 0.823141
vt 0.297371 0.823140
vt 0.297371 0.821259
vt 0.684710 0.821274
vt 0.684710 0.823156
vt 0.662082 0.823156
vt 0.662082 0.821274
vt 0.433008 0.821290
vt 0.433008 0.823172
vt 0.410380 0.823173
vt 0.410380 0.821290
vt 0.469406 0.821265
vt 0.469406 0.823145
vt 0.446778 0.823146
vt 0.446778 0.821265
vt 0.590372 0.821282
vt 0.590371 0.823164
vt 0.567744 0.823164
vt 0.567745 0.821282
vt 0.226391 0.821276
vt 0.226391 0.823158
vt 0.203763 0.823158
vt 0.203763 0.821277
vt 0.781594 0.821283
vt 0.781593 0.823163
vt 0.758965 0.823164
vt 0.758966 0.821284
vt 0.866343 -0.420787
vt 0.832780 -0.415471
vt 0.799216 -0.420787
vt 0.768937 -0.436215
vt 0.744908 -0.460244
vt 0.729480 -0.490522
vt 0.724165 -0.524086
vt 0.729480 -0.557650
vt 0.744908 -0.587929
vt 0.768937 -0.611957
vt 0.799216 -0.627385
vt 0.832780 -0.632701
vt 0.866344 -0.627385
vt 0.896622 -0.611958
vt 0.920651 -0.587928
vt 0.936079 -0.557650
vt 0.941394 -0.524086
vt 0.936079 -0.490523
vt 0.920651 -0.460244
vt 0.896622 -0.436215
vt 1.016088 0.821277
vt 1.016088 0.823158
vt 0.993460 0.823158
vt 0.993460 0.821276
vt 0.464238 0.821288
vt 0.464238 0.823168
vt 0.441609 0.823167
vt 0.441609 0.821288
vt 0.838965 0.821278
vt 0.838965 0.823159
vt 0.816336 0.823158
vt 0.816337 0.821276
vt 0.579769 0.821269
vt 0.579769 0.823151
vt 0.557141 0.823150
vt 0.557141 0.821268
vt 0.698071 0.821282
vt 0.698072 0.823162
vt 0.675443 0.823162
vt 0.675443 0.821281
vt 0.691040 0.821269
vt 0.691039 0.823150
vt 0.668411 0.823150
vt 0.668411 0.821269
vt 0.546237 0.821275
vt 0.546238 0.823157
vt 0.523611 0.823157
vt 0.523609 0.821275
vt 0.782268 0.821276
vt 0.782268 0.823158
vt 0.759640 0.823158
vt 0.759640 0.821275
vt 0.403222 0.821285
vt 0.403223 0.823167
vt 0.380594 0.823168
vt 0.380594 0.821286
vt 0.839622 0.821264
vt 0.839622 0.823146
vt 0.816993 0.823147
vt 0.816994 0.821265
vt 0.287925 0.821249
vt 0.287926 0.823130
vt 0.265299 0.823129
vt 0.265298 0.821247
vt 0.852621 0.821272
vt 0.852621 0.823153
vt 0.829993 0.823153
vt 0.829993 0.821273
vt 0.216499 0.821278
vt 0.216499 0.823158
vt 0.193871 0.823159
vt 0.193870 0.821278
vt 0.815065 0.821287
vt 0.815065 0.823168
vt 0.792437 0.823168
vt 0.792437 0.821287
vt 0.200870 0.821263
vt 0.200870 0.823143
vt 0.178242 0.823143
vt 0.178242 0.821263
vt 0.725762 0.821285
vt 0.725762 0.823166
vt 0.703135 0.823165
vt 0.703135 0.821286
vt 1.332779 -0.415471
vt 1.366343 -0.420787
vt 1.396621 -0.436215
vt 1.420650 -0.460244
vt 1.436078 -0.490522
vt 1.441394 -0.524086
vt 1.436077 -0.557650
vt 1.420650 -0.587928
vt 1.396621 -0.611957
vt 1.366343 -0.627385
vt 1.332778 -0.632701
vt 1.299215 -0.627385
vt 1.268936 -0.611957
vt 1.244908 -0.587928
vt 1.229480 -0.557650
vt 1.224164 -0.524086
vt 1.229480 -0.490522
vt 1.244907 -0.460244
vt 1.268936 -0.436215
vt 1.299215 -0.420787
vt 0.247441 0.821291
vt 0.247441 0.823173
vt 0.224814 0.823174
vt 0.224814 0.821292
vt 0.588544 0.821268
vt 0.588544 0.823149
vt 0.565916 0.823150
vt 0.565916 0.821269
vt -0.266336 0.821275
vt -0.266336 0.823157
vt -0.288964 0.823157
vt -0.288964 0.821275
vt 0.356546 0.821290
vt 0.356545 0.823170
vt 0.333917 0.823171
vt 0.333918 0.821290
vt 0.411954 0.821271
vt 0.411954 0.823152
vt 0.389326 0.823152
vt 0.389326 0.821271
vt 0.472240 -0.420787
vt 0.438676 -0.415471
vt 0.405112 -0.420787
vt 0.374834 -0.436215
vt 0.350805 -0.460244
vt 0.335377 -0.490523
vt 0.330061 -0.524086
vt 0.335377 -0.557650
vt 0.350805 -0.587929
vt 0.374834 -0.611958
vt 0.405113 -0.627386
vt 0.438676 -0.632702
vt 0.472240 -0.627385
vt 0.502518 -0.611958
vt 0.526548 -0.587929
vt 0.541975 -0.557650
vt 0.547291 -0.524086
vt 0.541975 -0.490523
vt 0.526547 -0.460244
vt 0.502518 -0.436215
vt 0.522404 0.821288
vt 0.522403 0.823169
vt 0.499776 0.823169
vt 0.499776 0.821288
vt 0.208380 0.821263
vt 0.208380 0.823143
vt 0.185752 0.823144
vt 0.185752 0.821263
vt -0.025441 0.821274
vt -0.025441 0.823154
vt -0.048069 0.823156
vt -0.048069 0.821274
vt -0.007142 0.821280
vt -0.007142 0.823162
vt -0.029770 0.823162
vt -0.029770 0.821280
vt 0.938676 -0.415471
vt 0.972240 -0.420787
vt 1.002518 -0.436215
vt 1.026547 -0.460244
vt 1.041975 -0.490523
vt 1.047290 -0.524086
vt 1.041975 -0.557650
vt 1.026548 -0.587929
vt 1.002518 -0.611958
vt 0.972240 -0.627386
vt 0.938676 -0.632701
vt 0.905112 -0.627385
vt 0.874833 -0.611958
vt 0.850804 -0.587929
vt 0.835377 -0.557650
vt 0.830061 -0.524086
vt 0.835377 -0.490523
vt 0.850804 -0.460244
vt 0.874833 -0.436215
vt 0.905112 -0.420787
vt 0.198167 0.821279
vt 0.198169 0.823160
vt 0.175542 0.823161
vt 0.175541 0.821279
vt 0.986197 0.821267
vt 0.986197 0.823149
vt 0.963569 0.823149
vt 0.963569 0.821268
vt 0.079280 0.821273
vt 0.079281 0.823154
vt 0.056653 0.823155
vt 0.056652 0.821272
vt 1.187705 0.821257
vt 1.187705 0.823139
vt 1.165077 0.823141
vt 1.165077 0.821258
vt 0.019843 0.821243
vt 0.019844 0.823125
vt -0.002784 0.823124
vt -0.002785 0.821242
vt 1.176548 0.821292
vt 1.176548 0.823173
vt 1.153922 0.823172
vt 1.153921 0.821291
vt 0.030535 0.821278
vt 0.030536 0.823158
vt 0.007908 0.823159
vt 0.007907 0.821278
vt 1.083139 0.821309
vt 1.083139 0.823189
vt 1.060511 0.823189
vt 1.060511 0.821308
vt 0.115191 0.821249
vt 0.115191 0.823131
vt 0.092562 0.823130
vt 0.092562 0.821248
vt 0.911733 0.821276
vt 0.911733 0.823158
vt 0.889105 0.823158
vt 0.889105 0.821277
vt 0.270478 0.821294
vt 0.270478 0.823176
vt 0.247849 0.823177
vt 0.247849 0.821294
vt 0.674205 0.821258
vt 0.674205 0.823139
vt 0.651577 0.823140
vt 0.651577 0.821259
vt 0.486025 0.821284
vt 0.486025 0.823166
vt 0.463398 0.823166
vt 0.463398 0.821285
vt 0.388922 0.821275
vt 0.388922 0.823156
vt 0.366294 0.823156
vt 0.366294 0.821275
vt 0.745637 0.821284
vt 0.745636 0.823164
vt 0.723009 0.823164
vt 0.723010 0.821284
vt 0.866344 -0.765975
vt 0.832780 -0.760659
vt 0.799216 -0.765975
vt 0.768938 -0.781402
vt 0.744909 -0.805431
vt 0.729481 -0.835710
vt 0.724165 -0.869274
vt 0.729481 -0.902837
vt 0.744909 -0.933116
vt 0.768938 -0.957145
vt 0.799217 -0.972573
vt 0.832780 -0.977888
vt 0.866344 -0.972573
vt 0.896623 -0.957145
vt 0.920652 -0.933116
vt 0.936080 -0.902837
vt 0.941395 -0.869274
vt 0.936079 -0.835710
vt 0.920651 -0.805431
vt 0.896622 -0.781402
vt 1.120440 0.821279
vt 1.120440 0.823161
vt 1.097812 0.823160
vt 1.097812 0.821278
vt 0.359883 0.821287
vt 0.359883 0.823167
vt 0.337254 0.823166
vt 0.337254 0.821287
vt 0.803007 0.821275
vt 0.803007 0.823156
vt 0.780378 0.823155
vt 0.780379 0.821273
vt 0.543812 0.821268
vt 0.543812 0.823150
vt 0.521184 0.823148
vt 0.521184 0.821267
vt 0.593718 0.821278
vt 0.593718 0.823159
vt 0.571090 0.823158
vt 0.571089 0.821277
vt 0.726997 0.821268
vt 0.726997 0.823150
vt 0.704369 0.823150
vt 0.704369 0.821268
vt 0.383711 0.821275
vt 0.383712 0.823157
vt 0.361085 0.823157
vt 0.361083 0.821275
vt 0.886621 0.821277
vt 0.886621 0.823159
vt 0.863992 0.823159
vt 0.863993 0.821277
vt 0.198420 0.821291
vt 0.198420 0.823174
vt 0.175792 0.823174
vt 0.175792 0.821292
vt 1.002153 0.821260
vt 1.002153 0.823142
vt 0.979525 0.823142
vt 0.979525 0.821260
vt 0.060911 0.821235
vt 0.060912 0.823116
vt 0.038285 0.823114
vt 0.038284 0.821232
vt 1.057420 0.821267
vt 1.057420 0.823148
vt 1.034793 0.823148
vt 1.034792 0.821268
vt -0.010529 0.821278
vt -0.010529 0.823159
vt -0.033158 0.823158
vt -0.033158 0.821278
vt 1.042089 0.821286
vt 1.042089 0.823169
vt 1.019461 0.823168
vt 1.019460 0.821287
vt -0.003930 0.821261
vt -0.003930 0.823141
vt -0.026558 0.823141
vt -0.026558 0.821261
vt 0.952781 0.821290
vt 0.952781 0.823170
vt 0.930153 0.823170
vt 0.930153 0.821290
vt 1.332779 -0.760658
vt 1.366342 -0.765974
vt 1.396621 -0.781402
vt 1.420650 -0.805431
vt 1.436077 -0.835709
vt 1.441393 -0.869273
vt 1.436078 -0.902837
vt 1.420650 -0.933115
vt 1.396621 -0.957144
vt 1.366342 -0.972572
vt 1.332778 -0.977888
vt 1.299214 -0.972572
vt 1.268936 -0.957144
vt 1.244907 -0.933115
vt 1.229480 -0.902837
vt 1.224164 -0.869273
vt 1.229480 -0.835709
vt 1.244907 -0.805431
vt 1.268936 -0.781402
vt 1.299215 -0.765974
vt 0.084914 0.821301
vt 0.084914 0.823183
vt 0.062286 0.823184
vt 0.062286 0.821302
vt 0.793346 0.821260
vt 0.793347 0.823142
vt 0.770718 0.823143
vt 0.770718 0.821261
vt -0.230379 0.821277
vt -0.230379 0.823158
vt -0.253007 0.823158
vt -0.253007 0.821276
vt 0.252194 0.821291
vt 0.252194 0.823172
vt 0.229566 0.823172
vt 0.229566 0.821291
vt 0.574484 0.821268
vt 0.574484 0.823149
vt 0.551856 0.823149
vt 0.551856 0.821268
vt 0.472240 -0.765975
vt 0.438676 -0.760659
vt 0.405113 -0.765975
vt 0.374834 -0.781403
vt 0.350805 -0.805432
vt 0.335377 -0.835710
vt 0.330061 -0.869274
vt 0.335377 -0.902838
vt 0.350805 -0.933116
vt 0.374834 -0.957146
vt 0.405113 -0.972573
vt 0.438676 -0.977889
vt 0.472240 -0.972573
vt 0.502519 -0.957145
vt 0.526548 -0.933116
vt 0.541975 -0.902838
vt 0.547291 -0.869274
vt 0.541975 -0.835710
vt 0.526548 -0.805432
vt 0.502519 -0.781403
vt 0.486448 0.821288
vt 0.486447 0.823169
vt 0.463820 0.823169
vt 0.463821 0.821289
vt 0.312731 0.821260
vt 0.312731 0.823141
vt 0.290103 0.823141
vt 0.290103 0.821261
vt 0.078911 0.821269
vt 0.078911 0.823149
vt 0.056283 0.823150
vt 0.056283 0.821270
vt 0.028815 0.821281
vt 0.028815 0.823163
vt 0.006187 0.823162
vt 0.006187 0.821280
vt 0.938676 -0.760659
vt 0.972239 -0.765975
vt 1.002518 -0.781403
vt 1.026547 -0.805432
vt 1.041975 -0.835710
vt 1.047290 -0.869274
vt 1.041975 -0.902838
vt 1.026547 -0.933116
vt 1.002518 -0.957145
vt 0.972240 -0.972573
vt 0.938676 -0.977889
vt 0.905111 -0.972573
vt 0.874833 -0.957145
vt 0.850804 -0.933116
vt 0.835377 -0.902838
vt 0.830061 -0.869274
vt 0.835377 -0.835710
vt 0.850804 -0.805431
vt 0.874833 -0.781402
vt 0.905112 -0.765975
vt 0.482668 0.121266
vt 0.517332 0.121266
vt 0.517332 0.128733
vt 0.482668 0.128733
vt 0.482668 0.621267
vt 0.517332 0.621267
vt 0.517332 0.628734
vt 0.482668 0.628734
vt 0.232828 0.621267
vt 0.250135 0.621267
vt 0.250135 0.628734
vt 0.232828 0.628734
vt 0.749864 0.621267
vt 0.767172 0.621267
vt 0.767172 0.628734
vt 0.749865 0.628734
vt 0.719254 -0.823609
vt 0.719254 -0.831778
vt 0.719254 -0.853166
vt 0.719254 -0.879603
vt 0.719254 -0.900991
vt 0.719253 -0.909160
vt 0.719254 -0.900991
vt 0.719254 -0.879603
vt 0.719254 -0.853166
vt 0.719254 -0.831779
vt 0.075296 1.114279
vt 0.064365 1.114279
vt 0.062664 1.088088
vt 0.073594 1.088089
vt 0.549950 1.335734
vt 0.543195 1.335734
vt 0.531529 1.319547
vt 0.538285 1.319547
vt 0.280745 -0.831778
vt 0.280745 -0.823608
vt 0.280745 -0.831777
vt 0.280745 -0.853165
vt 0.280745 -0.879601
vt 0.280745 -0.900990
vt 0.280745 -0.909159
vt 0.280745 -0.900990
vt 0.280745 -0.879602
vt 0.280745 -0.853165
vt 1.011560 0.780481
vt 1.011559 0.780481
vt 0.993737 0.780482
vt 0.758774 0.213534
vt 0.765529 0.213533
vt 0.753863 0.229721
vt 0.747109 0.229720
vt 0.470827 0.404551
vt 0.481756 0.404551
vt 0.480055 0.430741
vt 0.469124 0.430742
vt 0.514823 1.069260
vt 0.525754 1.069260
vt 0.524052 1.095450
vt 0.513122 1.095450
vt 0.242969 1.270260
vt 0.249722 1.270260
vt 0.238058 1.286447
vt 0.231303 1.286447
vt 0.006248 0.719558
vt 0.006248 0.719556
vt -0.011576 0.719557
vt -0.011576 0.719558
vt 0.471635 0.180484
vt 0.464880 0.180484
vt 0.453215 0.164298
vt 0.459970 0.164298
vt 0.942472 0.411914
vt 0.931541 0.411914
vt 0.929840 0.385723
vt 0.940771 0.385724
vt 0.482668 -0.285251
vt 0.517332 -0.285251
vt 0.517332 -0.277784
vt 0.482668 -0.277784
vt 0.482671 1.027794
vt 0.517334 1.027793
vt 0.517335 1.035261
vt 0.482672 1.035262
vt 0.232830 1.027785
vt 0.250137 1.027785
vt 0.250138 1.035251
vt 0.232830 1.035251
vt 0.749864 1.027785
vt 0.767173 1.027785
vt 0.767172 1.035251
vt 0.749863 1.035251
vt 0.947837 0.773927
vt 0.948816 0.784320
vt 0.929396 0.784320
vt 0.930375 0.773927
vt 1.000347 0.762088
vt 1.000347 0.953946
vt 0.980926 0.953946
vt 0.980926 0.762088
vt 0.894925 0.770800
vt 0.895905 0.781193
vt 0.876484 0.781194
vt 0.877463 0.770800
vt 0.948816 0.762088
vt 0.948816 0.953946
vt 0.929395 0.953946
vt 0.929395 0.762088
vt 0.840918 0.768529
vt 0.841898 0.778922
vt 0.822477 0.778922
vt 0.823456 0.768528
vt 0.895905 0.762088
vt 0.895905 0.953946
vt 0.876484 0.953946
vt 0.876484 0.762088
vt 0.786207 0.767334
vt 0.787186 0.777727
vt 0.767766 0.777728
vt 0.768745 0.767334
vt 0.841898 0.762088
vt 0.841898 0.953946
vt 0.822477 0.953946
vt 0.822477 0.762088
vt 0.731254 0.767334
vt 0.732233 0.777727
vt 0.712813 0.777727
vt 0.713792 0.767334
vt 0.787187 0.762088
vt 0.787187 0.953946
vt 0.767766 0.953946
vt 0.767766 0.762088
vt 0.676543 0.768528
vt 0.677523 0.778922
vt 0.658102 0.778922
vt 0.659081 0.768528
vt 0.732234 0.762088
vt 0.732233 0.953946
vt 0.712813 0.953946
vt 0.712813 0.762088
vt 0.622536 0.770800
vt 0.623515 0.781193
vt 0.604095 0.781193
vt 0.605074 0.770800
vt 0.677523 0.762088
vt 0.677522 0.953946
vt 0.658102 0.953946
vt 0.658102 0.762088
vt 0.569625 0.773927
vt 0.570604 0.784320
vt 0.551183 0.784320
vt 0.552163 0.773927
vt 0.623516 0.762088
vt 0.623515 0.953946
vt 0.604095 0.953946
vt 0.604095 0.762088
vt 0.518094 0.777602
vt 0.519074 0.787996
vt 0.499653 0.787996
vt 0.500632 0.777602
vt 0.570604 0.762088
vt 0.570604 0.953946
vt 0.551183 0.953946
vt 0.551183 0.762088
vt 0.468094 0.781467
vt 0.469073 0.791860
vt 0.449652 0.791860
vt 0.450632 0.781467
vt 0.519074 0.762088
vt 0.519073 0.953946
vt 0.499653 0.953946
vt 0.499653 0.762088
vt 0.419625 0.785143
vt 0.420604 0.795536
vt 0.401184 0.795536
vt 0.402163 0.785143
vt 0.469074 0.762088
vt 0.469074 0.953946
vt 0.449653 0.953946
vt 0.449653 0.762088
vt 0.372536 0.788269
vt 0.373516 0.798663
vt 0.354095 0.798663
vt 0.355075 0.788269
vt 0.420604 0.762088
vt 0.420604 0.953946
vt 0.401183 0.953946
vt 0.401183 0.762088
vt 0.326544 0.790541
vt 0.327523 0.800935
vt 0.308102 0.800935
vt 0.309082 0.790541
vt 0.373516 0.762088
vt 0.373516 0.953946
vt 0.354095 0.953946
vt 0.354095 0.762088
vt 0.281254 0.791736
vt 0.282234 0.802129
vt 0.262813 0.802129
vt 0.263793 0.791736
vt 0.327523 0.762088
vt 0.327523 0.953946
vt 0.308102 0.953946
vt 0.308102 0.762088
vt 0.236208 0.791735
vt 0.237187 0.802129
vt 0.217766 0.802129
vt 0.218746 0.791736
vt 0.282234 0.762088
vt 0.282234 0.953946
vt 0.262813 0.953946
vt 0.262813 0.762088
vt 0.190918 0.790541
vt 0.191898 0.800935
vt 0.172477 0.800935
vt 0.173457 0.790541
vt 0.237187 0.762088
vt 0.237187 0.953946
vt 0.217766 0.953946
vt 0.217766 0.762088
vt 0.144926 0.788270
vt 0.145905 0.798664
vt 0.126484 0.798663
vt 0.127464 0.788270
vt 0.191898 0.762088
vt 0.191898 0.953946
vt 0.172477 0.953946
vt 0.172477 0.762088
vt 0.097837 0.785143
vt 0.098817 0.795537
vt 0.079396 0.795537
vt 0.080375 0.785143
vt 0.145905 0.762088
vt 0.145905 0.953946
vt 0.126484 0.953946
vt 0.126484 0.762088
vt 0.049367 0.781467
vt 0.050347 0.791861
vt 0.030926 0.791861
vt 0.031906 0.781467
vt 0.098817 0.762088
vt 0.098817 0.953946
vt 0.079396 0.953946
vt 0.079396 0.762088
vt 0.999367 0.777602
vt 1.000347 0.787996
vt 0.980926 0.787996
vt 0.981905 0.777602
vt 0.050347 0.762088
vt 0.050347 0.953946
vt 0.030926 0.953946
vt 0.030926 0.762088
vt 0.726225 0.333816
vt 0.752126 0.329713
vt 0.775491 0.317808
vt 0.794033 0.299265
vt 0.805938 0.275900
vt 0.810041 0.250000
vt 0.805938 0.224099
vt 0.794033 0.200734
vt 0.775490 0.182191
vt 0.752125 0.170286
vt 0.726225 0.166184
vt 0.700324 0.170286
vt 0.676959 0.182191
vt 0.658416 0.200734
vt 0.646511 0.224099
vt 0.642409 0.250000
vt 0.646511 0.275900
vt 0.658416 0.299265
vt 0.676959 0.317808
vt 0.700324 0.329713
vt 0.079396 0.976863
vt 0.098817 0.976862
vt 0.098245 0.976863
vt 0.079967 0.976862
vt 0.876484 0.976862
vt 0.895905 0.976862
vt 0.895333 0.976862
vt 0.877056 0.976862
vt 0.712812 0.976862
vt 0.732233 0.976862
vt 0.731662 0.976862
vt 0.713384 0.976862
vt 0.551183 0.976862
vt 0.570604 0.976862
vt 0.570033 0.976862
vt 0.551755 0.976862
vt 0.401183 0.976862
vt 0.420604 0.976862
vt 0.420033 0.976862
vt 0.401755 0.976862
vt 0.262813 0.976862
vt 0.282234 0.976862
vt 0.281663 0.976862
vt 0.263385 0.976863
vt 0.126484 0.976862
vt 0.145905 0.976862
vt 0.145334 0.976863
vt 0.127056 0.976862
vt 0.030926 0.976862
vt 0.050347 0.976862
vt 0.049776 0.976862
vt 0.031498 0.976862
vt 0.929396 0.976862
vt 0.948816 0.976863
vt 0.948245 0.976863
vt 0.929967 0.976862
vt 0.767766 0.976862
vt 0.787186 0.976862
vt 0.786615 0.976863
vt 0.768337 0.976862
vt 0.604094 0.976862
vt 0.623515 0.976862
vt 0.622944 0.976862
vt 0.604666 0.976862
vt 0.449653 0.976862
vt 0.469074 0.976862
vt 0.468502 0.976862
vt 0.450224 0.976862
vt 0.308102 0.976862
vt 0.327523 0.976862
vt 0.326952 0.976862
vt 0.308674 0.976862
vt 0.172477 0.976862
vt 0.191898 0.976862
vt 0.191326 0.976862
vt 0.173048 0.976862
vt 0.980926 0.976862
vt 1.000347 0.976863
vt 0.999775 0.976863
vt 0.981498 0.976862
vt 0.822477 0.976862
vt 0.841897 0.976862
vt 0.841326 0.976862
vt 0.823048 0.976863
vt 0.658102 0.976862
vt 0.677523 0.976862
vt 0.676951 0.976862
vt 0.658673 0.976862
vt 0.499653 0.976862
vt 0.519073 0.976862
vt 0.518502 0.976862
vt 0.500224 0.976862
vt 0.354095 0.976862
vt 0.373516 0.976862
vt 0.372944 0.976862
vt 0.354666 0.976862
vt 0.217766 0.976863
vt 0.237187 0.976862
vt 0.236616 0.976863
vt 0.218338 0.976862
vt 0.401755 0.976862
vt 0.420033 0.976862
vt 0.420033 0.976862
vt 0.401755 0.976862
vt 0.768337 0.976862
vt 0.786615 0.976862
vt 0.786615 0.976862
vt 0.768337 0.976862
vt 0.031498 0.976862
vt 0.049776 0.976862
vt 0.049776 0.976862
vt 0.031498 0.976862
vt 0.354666 0.976862
vt 0.372944 0.976862
vt 0.354666 0.976862
vt 0.713384 0.976862
vt 0.731662 0.976862
vt 0.731662 0.976862
vt 0.713384 0.976862
vt 0.308674 0.976862
vt 0.326952 0.976862
vt 0.326952 0.976862
vt 0.308674 0.976862
vt 0.658673 0.976862
vt 0.676951 0.976862
vt 0.658673 0.976862
vt 0.263384 0.976862
vt 0.281662 0.976862
vt 0.281662 0.976862
vt 0.263384 0.976862
vt 0.604666 0.976862
vt 0.622944 0.976862
vt 0.622944 0.976862
vt 0.981497 0.976862
vt 0.999775 0.976862
vt 0.999775 0.976862
vt 0.981498 0.976862
vt 0.218338 0.976862
vt 0.236616 0.976862
vt 0.236616 0.976862
vt 0.218338 0.976862
vt 0.551755 0.976862
vt 0.570033 0.976862
vt 0.551755 0.976862
vt 0.929967 0.976862
vt 0.948245 0.976863
vt 0.948245 0.976862
vt 0.929967 0.976862
vt 0.173048 0.976862
vt 0.191326 0.976862
vt 0.191326 0.976862
vt 0.173048 0.976862
vt 0.500224 0.976862
vt 0.518502 0.976862
vt 0.518502 0.976862
vt 0.500224 0.976862
vt 0.877055 0.976862
vt 0.895333 0.976862
vt 0.877055 0.976862
vt 0.127056 0.976862
vt 0.145334 0.976863
vt 0.145334 0.976863
vt 0.127056 0.976862
vt 0.450224 0.976862
vt 0.468502 0.976862
vt 0.450224 0.976862
vt 0.823048 0.976862
vt 0.841326 0.976862
vt 0.841326 0.976862
vt 0.823048 0.976862
vt 0.079967 0.976862
vt 0.098245 0.976863
vt 0.098245 0.976862
vt 0.180026 0.976862
vt 0.034819 0.976862
vt 0.048207 0.976862
vt 0.072204 0.976862
vt 0.105881 0.976862
vt 0.148334 0.976862
vt 0.197994 0.976862
vt 0.252677 0.976862
vt 0.309843 0.976862
vt 0.366952 0.976862
vt 0.421862 0.976862
vt 0.473247 0.976862
vt 0.521241 0.976862
vt 0.567715 0.976862
vt 0.613521 0.976862
vt 0.659209 0.976862
vt 0.705188 0.976862
vt 0.751353 0.976862
vt 0.794109 0.976862
vt 0.783217 0.976862
s 0
usemtl oven
f 5077/11960/1394 5074/11961/1394 5072/11962/1394 5078/11963/1394
f 5069/11966/1395 5073/11967/1395 5071/11968/1395 5067/11969/1395
f 5071/11974/1392 5078/11964/1392 5075/11952/1392 5067/11975/1392
f 5073/11976/1394 5077/11960/1394 5078/11963/1394 5071/11977/1394
f 5069/11978/1393 5076/11956/1393 5077/11959/1393 5073/11979/1393
f 5076/11956/1397 5069/11978/1397 5083/11980/1397 5085/11981/1397
f 5076/11985/1395 5075/11982/1395 5079/11982/1395 5082/11985/1395
f 5085/11981/1392 5083/11980/1392 5087/11980/1392 5089/11981/1392
f 5067/11975/1397 5075/11952/1397 5086/11990/1397 5084/11991/1397
f 5075/11982/1397 5076/11985/1397 5085/11992/1397 5086/11993/1397
f 5069/11966/1397 5067/11969/1397 5084/11994/1397 5083/11995/1397
f 5084/11991/1393 5086/11990/1393 5090/11990/1393 5088/11991/1393
f 5083/11995/1396 5084/11994/1396 5088/11994/1396 5087/11995/1396
f 5086/11993/1395 5085/11992/1395 5089/11992/1395 5090/11993/1395
usemtl stove_2
f 5267/12220/1406 5268/12221/1406 5270/12222/1406 5269/12223/1406
f 5214/12224/1396 5171/12225/1396 5250/12226/1396 5248/12227/1396 5246/12228/1396 5244/12229/1396 5242/12230/1396 5240/12231/1396 5238/12232/1396 5236/12233/1396 5234/12234/1396 5232/12235/1396 5230/12236/1396 5228/12237/1396 5226/12238/1396 5224/12239/1396 5222/12240/1396 5220/12241/1396 5218/12242/1396 5216/12243/1396
f 5173/12244/1407 5174/12245/1407 5176/12246/1407 5175/12247/1407
f 5311/12248/1408 5312/12249/1408 5314/12250/1408 5313/12251/1408
f 5245/12252/1409 5246/12253/1409 5248/12254/1409 5247/12255/1409
f 5175/12256/1410 5176/12257/1410 5178/12258/1410 5177/12259/1410
f 5265/12260/1411 5266/12261/1411 5268/12262/1411 5267/12263/1411
f 5243/12264/1412 5244/12265/1412 5246/12266/1412 5245/12267/1412
f 5177/12268/1413 5178/12269/1413 5180/12270/1413 5179/12271/1413
f 5315/12272/1414 5316/12273/1414 5318/12274/1414 5317/12275/1414
f 5241/12276/1415 5242/12277/1415 5244/12278/1415 5243/12279/1415
f 5179/12280/1416 5180/12281/1416 5182/12282/1416 5181/12283/1416
f 5263/12284/1417 5264/12285/1417 5266/12286/1417 5265/12287/1417
f 5239/12288/1418 5240/12289/1418 5242/12290/1418 5241/12291/1418
f 5181/12292/1419 5182/12293/1419 5184/12294/1419 5183/12295/1419
f 5317/12296/1420 5318/12297/1420 5320/12298/1420 5319/12299/1420
f 5237/12300/1420 5238/12301/1420 5240/12302/1420 5239/12303/1420
f 5183/12304/1417 5184/12305/1417 5186/12306/1417 5185/12307/1417
f 5261/12308/1419 5262/12309/1419 5264/12310/1419 5263/12311/1419
f 5235/12312/1414 5236/12313/1414 5238/12314/1414 5237/12315/1414
f 5185/12316/1411 5186/12317/1411 5188/12318/1411 5187/12319/1411
f 5319/12320/1418 5320/12321/1418 5322/12322/1418 5321/12323/1418
f 5233/12324/1421 5234/12325/1421 5236/12326/1421 5235/12327/1421
f 5187/12328/1406 5188/12329/1406 5190/12330/1406 5189/12331/1406
f 5259/12332/1416 5260/12333/1416 5262/12334/1416 5261/12335/1416
f 5231/12336/1408 5232/12337/1408 5234/12338/1408 5233/12339/1408
f 5189/12340/1422 5190/12341/1422 5192/12342/1422 5191/12343/1422
f 5321/12344/1415 5322/12345/1415 5324/12346/1415 5323/12347/1415
f 5229/12348/1423 5230/12349/1423 5232/12350/1423 5231/12351/1423
f 5191/12352/1423 5192/12353/1423 5194/12354/1423 5193/12355/1423
f 5257/12356/1413 5258/12357/1413 5260/12358/1413 5259/12359/1413
f 5227/12360/1422 5228/12361/1422 5230/12362/1422 5229/12363/1422
f 5193/12364/1408 5194/12365/1408 5196/12366/1408 5195/12367/1408
f 5323/12368/1412 5324/12369/1412 5326/12370/1412 5325/12371/1412
f 5225/12372/1406 5226/12373/1406 5228/12374/1406 5227/12375/1406
f 5195/12376/1421 5196/12377/1421 5198/12378/1421 5197/12379/1421
f 5255/12380/1410 5256/12381/1410 5258/12382/1410 5257/12383/1410
f 5223/12384/1411 5224/12385/1411 5226/12386/1411 5225/12387/1411
f 5197/12388/1414 5198/12389/1414 5200/12390/1414 5199/12391/1414
f 5325/12392/1409 5326/12393/1409 5328/12394/1409 5327/12395/1409
f 5221/12396/1417 5222/12397/1417 5224/12398/1417 5223/12399/1417
f 5199/12400/1420 5200/12401/1420 5202/12402/1420 5201/12403/1420
f 5253/12404/1407 5254/12405/1407 5256/12406/1407 5255/12407/1407
f 5219/12408/1419 5220/12409/1419 5222/12410/1419 5221/12411/1419
f 5201/12412/1418 5202/12413/1418 5204/12414/1418 5203/12415/1418
f 5294/12416/1396 5251/12417/1396 5330/12418/1396 5328/12419/1396 5326/12420/1396 5324/12421/1396 5322/12422/1396 5320/12423/1396 5318/12424/1396 5316/12425/1396 5314/12426/1396 5312/12427/1396 5310/12428/1396 5308/12429/1396 5306/12430/1396 5304/12431/1396 5302/12432/1396 5300/12433/1396 5298/12434/1396 5296/12435/1396
f 5217/12436/1416 5218/12437/1416 5220/12438/1416 5219/12439/1416
f 5203/12440/1415 5204/12441/1415 5206/12442/1415 5205/12443/1415
f 5172/12444/1395 5213/12445/1395 5215/12446/1395 5217/12447/1395 5219/12448/1395 5221/12449/1395 5223/12450/1395 5225/12451/1395 5227/12452/1395 5229/12453/1395 5231/12454/1395 5233/12455/1395 5235/12456/1395 5237/12457/1395 5239/12458/1395 5241/12459/1395 5243/12460/1395 5245/12461/1395 5247/12462/1395 5249/12463/1395
f 5215/12464/1413 5216/12465/1413 5218/12466/1413 5217/12467/1413
f 5205/12468/1412 5206/12469/1412 5208/12470/1412 5207/12471/1412
f 5249/12472/1424 5250/12473/1424 5171/12474/1424 5172/12475/1424
f 5213/12476/1410 5214/12477/1410 5216/12478/1410 5215/12479/1410
f 5207/12480/1409 5208/12481/1409 5210/12482/1409 5209/12483/1409
f 5176/12484/1396 5174/12485/1396 5212/12486/1396 5210/12487/1396 5208/12488/1396 5206/12489/1396 5204/12490/1396 5202/12491/1396 5200/12492/1396 5198/12493/1396 5196/12494/1396 5194/12495/1396 5192/12496/1396 5190/12497/1396 5188/12498/1396 5186/12499/1396 5184/12500/1396 5182/12501/1396 5180/12502/1396 5178/12503/1396
f 5172/12504/1407 5171/12505/1407 5214/12506/1407 5213/12507/1407
f 5209/12508/1425 5210/12509/1425 5212/12510/1425 5211/12511/1425
f 5313/12512/1421 5314/12513/1421 5316/12514/1421 5315/12515/1421
f 5247/12516/1425 5248/12517/1425 5250/12518/1425 5249/12519/1425
f 5211/12520/1424 5212/12521/1424 5174/12522/1424 5173/12523/1424
f 5173/12524/1395 5175/12525/1395 5177/12526/1395 5179/12527/1395 5181/12528/1395 5183/12529/1395 5185/12530/1395 5187/12531/1395 5189/12532/1395 5191/12533/1395 5193/12534/1395 5195/12535/1395 5197/12536/1395 5199/12537/1395 5201/12538/1395 5203/12539/1395 5205/12540/1395 5207/12541/1395 5209/12542/1395 5211/12543/1395
f 5269/12544/1422 5270/12545/1422 5272/12546/1422 5271/12547/1422
f 5309/12548/1423 5310/12549/1423 5312/12550/1423 5311/12551/1423
f 5271/12552/1423 5272/12553/1423 5274/12554/1423 5273/12555/1423
f 5307/12556/1422 5308/12557/1422 5310/12558/1422 5309/12559/1422
f 5273/12560/1408 5274/12561/1408 5276/12562/1408 5275/12563/1408
f 5305/12564/1406 5306/12565/1406 5308/12566/1406 5307/12567/1406
f 5275/12568/1421 5276/12569/1421 5278/12570/1421 5277/12571/1421
f 5303/12572/1411 5304/12573/1411 5306/12574/1411 5305/12575/1411
f 5277/12576/1414 5278/12577/1414 5280/12578/1414 5279/12579/1414
f 5301/12580/1417 5302/12581/1417 5304/12582/1417 5303/12583/1417
f 5279/12584/1420 5280/12585/1420 5282/12586/1420 5281/12587/1420
f 5299/12588/1419 5300/12589/1419 5302/12590/1419 5301/12591/1419
f 5281/12592/1418 5282/12593/1418 5284/12594/1418 5283/12595/1418
f 5297/12596/1416 5298/12597/1416 5300/12598/1416 5299/12599/1416
f 5283/12600/1415 5284/12601/1415 5286/12602/1415 5285/12603/1415
f 5252/12604/1395 5293/12605/1395 5295/12606/1395 5297/12607/1395 5299/12608/1395 5301/12609/1395 5303/12610/1395 5305/12611/1395 5307/12612/1395 5309/12613/1395 5311/12614/1395 5313/12615/1395 5315/12616/1395 5317/12617/1395 5319/12618/1395 5321/12619/1395 5323/12620/1395 5325/12621/1395 5327/12622/1395 5329/12623/1395
f 5295/12624/1413 5296/12625/1413 5298/12626/1413 5297/12627/1413
f 5285/12628/1412 5286/12629/1412 5288/12630/1412 5287/12631/1412
f 5329/12632/1424 5330/12633/1424 5251/12634/1424 5252/12635/1424
f 5293/12636/1410 5294/12637/1410 5296/12638/1410 5295/12639/1410
f 5287/12640/1409 5288/12641/1409 5290/12642/1409 5289/12643/1409
f 5256/12644/1396 5254/12645/1396 5292/12646/1396 5290/12647/1396 5288/12648/1396 5286/12649/1396 5284/12650/1396 5282/12651/1396 5280/12652/1396 5278/12653/1396 5276/12654/1396 5274/12655/1396 5272/12656/1396 5270/12657/1396 5268/12658/1396 5266/12659/1396 5264/12660/1396 5262/12661/1396 5260/12662/1396 5258/12663/1396
f 5252/12664/1407 5251/12665/1407 5294/12666/1407 5293/12667/1407
f 5289/12668/1425 5290/12669/1425 5292/12670/1425 5291/12671/1425
f 5327/12672/1425 5328/12673/1425 5330/12674/1425 5329/12675/1425
f 5291/12676/1424 5292/12677/1424 5254/12678/1424 5253/12679/1424
f 5253/12680/1395 5255/12681/1395 5257/12682/1395 5259/12683/1395 5261/12684/1395 5263/12685/1395 5265/12686/1395 5267/12687/1395 5269/12688/1395 5271/12689/1395 5273/12690/1395 5275/12691/1395 5277/12692/1395 5279/12693/1395 5281/12694/1395 5283/12695/1395 5285/12696/1395 5287/12697/1395 5289/12698/1395 5291/12699/1395
f 5347/12700/1406 5348/12701/1406 5350/12702/1406 5349/12703/1406
f 5391/12704/1408 5392/12705/1408 5394/12706/1408 5393/12707/1408
f 5345/12708/1411 5346/12709/1411 5348/12710/1411 5347/12711/1411
f 5395/12712/1414 5396/12713/1414 5398/12714/1414 5397/12715/1414
f 5343/12716/1417 5344/12717/1417 5346/12718/1417 5345/12719/1417
f 5397/12720/1420 5398/12721/1420 5400/12722/1420 5399/12723/1420
f 5341/12724/1419 5342/12725/1419 5344/12726/1419 5343/12727/1419
f 5399/12728/1418 5400/12729/1418 5402/12730/1418 5401/12731/1418
f 5339/12732/1416 5340/12733/1416 5342/12734/1416 5341/12735/1416
f 5401/12736/1415 5402/12737/1415 5404/12738/1415 5403/12739/1415
f 5337/12740/1413 5338/12741/1413 5340/12742/1413 5339/12743/1413
f 5403/12744/1412 5404/12745/1412 5406/12746/1412 5405/12747/1412
f 5335/12748/1410 5336/12749/1410 5338/12750/1410 5337/12751/1410
f 5405/12752/1409 5406/12753/1409 5408/12754/1409 5407/12755/1409
f 5333/12756/1407 5334/12757/1407 5336/12758/1407 5335/12759/1407
f 5374/12760/1396 5331/12761/1396 5410/12762/1396 5408/12763/1396 5406/12764/1396 5404/12765/1396 5402/12766/1396 5400/12767/1396 5398/12768/1396 5396/12769/1396 5394/12770/1396 5392/12771/1396 5390/12772/1396 5388/12773/1396 5386/12774/1396 5384/12775/1396 5382/12776/1396 5380/12777/1396 5378/12778/1396 5376/12779/1396
f 5393/12780/1421 5394/12781/1421 5396/12782/1421 5395/12783/1421
f 5349/12784/1422 5350/12785/1422 5352/12786/1422 5351/12787/1422
f 5389/12788/1423 5390/12789/1423 5392/12790/1423 5391/12791/1423
f 5351/12792/1423 5352/12793/1423 5354/12794/1423 5353/12795/1423
f 5387/12796/1422 5388/12797/1422 5390/12798/1422 5389/12799/1422
f 5353/12800/1408 5354/12801/1408 5356/12802/1408 5355/12803/1408
f 5385/12804/1406 5386/12805/1406 5388/12806/1406 5387/12807/1406
f 5355/12808/1421 5356/12809/1421 5358/12810/1421 5357/12811/1421
f 5383/12812/1411 5384/12813/1411 5386/12814/1411 5385/12815/1411
f 5357/12816/1414 5358/12817/1414 5360/12818/1414 5359/12819/1414
f 5381/12820/1417 5382/12821/1417 5384/12822/1417 5383/12823/1417
f 5359/12824/1420 5360/12825/1420 5362/12826/1420 5361/12827/1420
f 5379/12828/1419 5380/12829/1419 5382/12830/1419 5381/12831/1419
f 5361/12832/1418 5362/12833/1418 5364/12834/1418 5363/12835/1418
f 5377/12836/1416 5378/12837/1416 5380/12838/1416 5379/12839/1416
f 5363/12840/1415 5364/12841/1415 5366/12842/1415 5365/12843/1415
f 5332/12844/1395 5373/12845/1395 5375/12846/1395 5377/12847/1395 5379/12848/1395 5381/12849/1395 5383/12850/1395 5385/12851/1395 5387/12852/1395 5389/12853/1395 5391/12854/1395 5393/12855/1395 5395/12856/1395 5397/12857/1395 5399/12858/1395 5401/12859/1395 5403/12860/1395 5405/12861/1395 5407/12862/1395 5409/12863/1395
f 5375/12864/1413 5376/12865/1413 5378/12866/1413 5377/12867/1413
f 5365/12868/1412 5366/12869/1412 5368/12870/1412 5367/12871/1412
f 5409/12872/1424 5410/12873/1424 5331/12874/1424 5332/12875/1424
f 5373/12876/1410 5374/12877/1410 5376/12878/1410 5375/12879/1410
f 5367/12880/1409 5368/12881/1409 5370/12882/1409 5369/12883/1409
f 5336/12884/1396 5334/12885/1396 5372/12886/1396 5370/12887/1396 5368/12888/1396 5366/12889/1396 5364/12890/1396 5362/12891/1396 5360/12892/1396 5358/12893/1396 5356/12894/1396 5354/12895/1396 5352/12896/1396 5350/12897/1396 5348/12898/1396 5346/12899/1396 5344/12900/1396 5342/12901/1396 5340/12902/1396 5338/12903/1396
f 5332/12904/1407 5331/12905/1407 5374/12906/1407 5373/12907/1407
f 5369/12908/1425 5370/12909/1425 5372/12910/1425 5371/12911/1425
f 5407/12912/1425 5408/12913/1425 5410/12914/1425 5409/12915/1425
f 5371/12916/1424 5372/12917/1424 5334/12918/1424 5333/12919/1424
f 5333/12920/1395 5335/12921/1395 5337/12922/1395 5339/12923/1395 5341/12924/1395 5343/12925/1395 5345/12926/1395 5347/12927/1395 5349/12928/1395 5351/12929/1395 5353/12930/1395 5355/12931/1395 5357/12932/1395 5359/12933/1395 5361/12934/1395 5363/12935/1395 5365/12936/1395 5367/12937/1395 5369/12938/1395 5371/12939/1395
f 5427/12940/1406 5428/12941/1406 5430/12942/1406 5429/12943/1406
f 5471/12944/1408 5472/12945/1408 5474/12946/1408 5473/12947/1408
f 5425/12948/1411 5426/12949/1411 5428/12950/1411 5427/12951/1411
f 5475/12952/1414 5476/12953/1414 5478/12954/1414 5477/12955/1414
f 5423/12956/1417 5424/12957/1417 5426/12958/1417 5425/12959/1417
f 5477/12960/1420 5478/12961/1420 5480/12962/1420 5479/12963/1420
f 5421/12964/1419 5422/12965/1419 5424/12966/1419 5423/12967/1419
f 5479/12968/1418 5480/12969/1418 5482/12970/1418 5481/12971/1418
f 5419/12972/1416 5420/12973/1416 5422/12974/1416 5421/12975/1416
f 5481/12976/1415 5482/12977/1415 5484/12978/1415 5483/12979/1415
f 5417/12980/1413 5418/12981/1413 5420/12982/1413 5419/12983/1413
f 5483/12984/1412 5484/12985/1412 5486/12986/1412 5485/12987/1412
f 5415/12988/1410 5416/12989/1410 5418/12990/1410 5417/12991/1410
f 5485/12992/1409 5486/12993/1409 5488/12994/1409 5487/12995/1409
f 5413/12996/1407 5414/12997/1407 5416/12998/1407 5415/12999/1407
f 5454/13000/1396 5411/13001/1396 5490/13002/1396 5488/13003/1396 5486/13004/1396 5484/13005/1396 5482/13006/1396 5480/13007/1396 5478/13008/1396 5476/13009/1396 5474/13010/1396 5472/13011/1396 5470/13012/1396 5468/13013/1396 5466/13014/1396 5464/13015/1396 5462/13016/1396 5460/13017/1396 5458/13018/1396 5456/13019/1396
f 5473/13020/1421 5474/13021/1421 5476/13022/1421 5475/13023/1421
f 5429/13024/1422 5430/13025/1422 5432/13026/1422 5431/13027/1422
f 5469/13028/1423 5470/13029/1423 5472/13030/1423 5471/13031/1423
f 5431/13032/1423 5432/13033/1423 5434/13034/1423 5433/13035/1423
f 5467/13036/1422 5468/13037/1422 5470/13038/1422 5469/13039/1422
f 5433/13040/1408 5434/13041/1408 5436/13042/1408 5435/13043/1408
f 5465/13044/1406 5466/13045/1406 5468/13046/1406 5467/13047/1406
f 5435/13048/1421 5436/13049/1421 5438/13050/1421 5437/13051/1421
f 5463/13052/1411 5464/13053/1411 5466/13054/1411 5465/13055/1411
f 5437/13056/1414 5438/13057/1414 5440/13058/1414 5439/13059/1414
f 5461/13060/1417 5462/13061/1417 5464/13062/1417 5463/13063/1417
f 5439/13064/1420 5440/13065/1420 5442/13066/1420 5441/13067/1420
f 5459/13068/1419 5460/13069/1419 5462/13070/1419 5461/13071/1419
f 5441/13072/1418 5442/13073/1418 5444/13074/1418 5443/13075/1418
f 5457/13076/1416 5458/13077/1416 5460/13078/1416 5459/13079/1416
f 5443/13080/1415 5444/13081/1415 5446/13082/1415 5445/13083/1415
f 5412/13084/1395 5453/13085/1395 5455/13086/1395 5457/13087/1395 5459/13088/1395 5461/13089/1395 5463/13090/1395 5465/13091/1395 5467/13092/1395 5469/13093/1395 5471/13094/1395 5473/13095/1395 5475/13096/1395 5477/13097/1395 5479/13098/1395 5481/13099/1395 5483/13100/1395 5485/13101/1395 5487/13102/1395 5489/13103/1395
f 5455/13104/1413 5456/13105/1413 5458/13106/1413 5457/13107/1413
f 5445/13108/1412 5446/13109/1412 5448/13110/1412 5447/13111/1412
f 5489/13112/1424 5490/13113/1424 5411/13114/1424 5412/13115/1424
f 5453/13116/1410 5454/13117/1410 5456/13118/1410 5455/13119/1410
f 5447/13120/1409 5448/13121/1409 5450/13122/1409 5449/13123/1409
f 5416/13124/1396 5414/13125/1396 5452/13126/1396 5450/13127/1396 5448/13128/1396 5446/13129/1396 5444/13130/1396 5442/13131/1396 5440/13132/1396 5438/13133/1396 5436/13134/1396 5434/13135/1396 5432/13136/1396 5430/13137/1396 5428/13138/1396 5426/13139/1396 5424/13140/1396 5422/13141/1396 5420/13142/1396 5418/13143/1396
f 5412/13144/1407 5411/13145/1407 5454/13146/1407 5453/13147/1407
f 5449/13148/1425 5450/13149/1425 5452/13150/1425 5451/13151/1425
f 5487/13152/1425 5488/13153/1425 5490/13154/1425 5489/13155/1425
f 5451/13156/1424 5452/13157/1424 5414/13158/1424 5413/13159/1424
f 5413/13160/1395 5415/13161/1395 5417/13162/1395 5419/13163/1395 5421/13164/1395 5423/13165/1395 5425/13166/1395 5427/13167/1395 5429/13168/1395 5431/13169/1395 5433/13170/1395 5435/13171/1395 5437/13172/1395 5439/13173/1395 5441/13174/1395 5443/13175/1395 5445/13176/1395 5447/13177/1395 5449/13178/1395 5451/13179/1395
usemtl stove
f 5075/11952/1392 5068/11953/1392 5080/11954/1392 5079/11955/1392
f 5076/11956/1393 5070/11957/1393 5074/11958/1393 5077/11959/1393
f 5078/11964/1392 5072/11965/1392 5068/11953/1392 5075/11952/1392
f 5074/11970/1396 5070/11971/1396 5068/11972/1396 5072/11973/1396
f 5079/11982/1397 5080/11983/1397 5081/11984/1397 5082/11985/1397
f 5068/11972/1396 5070/11971/1396 5081/11986/1396 5080/11987/1396
f 5070/11957/1393 5076/11956/1393 5082/11988/1393 5081/11989/1393
usemtl stove_turner
f 5091/12000/1398 5092/12001/1398 5094/12002/1398 5093/12003/1398
f 5093/12004/1399 5094/12005/1399 5096/12006/1399 5095/12007/1399
f 5095/12008/1395 5096/12009/1395 5098/12010/1395 5097/12011/1395
f 5097/12012/1400 5098/12013/1400 5100/12014/1400 5099/12015/1400
f 5099/12016/1401 5100/12017/1401 5102/12018/1401 5101/12019/1401
f 5101/12020/1402 5102/12021/1402 5104/12022/1402 5103/12023/1402
f 5103/12024/1403 5104/12025/1403 5106/12026/1403 5105/12027/1403
f 5105/12028/1396 5106/12029/1396 5108/12030/1396 5107/12031/1396
f 5094/12032/1394 5092/12033/1394 5110/12034/1394 5108/12035/1394 5106/12036/1394 5104/12037/1394 5102/12038/1394 5100/12039/1394 5098/12040/1394 5096/12041/1394
f 5107/12042/1404 5108/12043/1404 5110/12044/1404 5109/12045/1404
f 5109/12046/1405 5110/12047/1405 5092/12048/1405 5091/12049/1405
f 5091/12050/1397 5093/12051/1397 5095/12052/1397 5097/12053/1397 5099/12054/1397 5101/12055/1397 5103/12056/1397 5105/12057/1397 5107/12058/1397 5109/12059/1397
f 5115/12060/1397 5116/12061/1397 5118/12062/1397 5117/12063/1397
f 5117/12064/1393 5118/12065/1393 5122/12066/1393 5121/12067/1393
f 5121/12068/1394 5122/12069/1394 5120/12070/1394 5119/12071/1394
f 5119/12072/1392 5120/12073/1392 5116/12074/1392 5115/12075/1392
f 5117/12076/1395 5121/12077/1395 5119/12078/1395 5115/12079/1395
f 5122/12080/1396 5118/12081/1396 5116/12082/1396 5120/12083/1396
f 5142/12084/1397 5140/12085/1397 5138/12086/1397 5136/12087/1397 5134/12088/1397 5132/12089/1397 5130/12090/1397 5128/12091/1397 5126/12092/1397 5124/12093/1397
f 5124/12094/1405 5123/12095/1405 5141/12096/1405 5142/12097/1405
f 5126/12098/1404 5125/12099/1404 5123/12100/1404 5124/12101/1404
f 5139/12102/1394 5141/12103/1394 5123/12104/1394 5125/12105/1394 5127/12106/1394 5129/12107/1394 5131/12108/1394 5133/12109/1394 5135/12110/1394 5137/12111/1394
f 5128/12112/1396 5127/12113/1396 5125/12114/1396 5126/12115/1396
f 5130/12116/1403 5129/12117/1403 5127/12118/1403 5128/12119/1403
f 5132/12120/1402 5131/12121/1402 5129/12122/1402 5130/12123/1402
f 5134/12124/1401 5133/12125/1401 5131/12126/1401 5132/12127/1401
f 5136/12128/1400 5135/12129/1400 5133/12130/1400 5134/12131/1400
f 5138/12132/1395 5137/12133/1395 5135/12134/1395 5136/12135/1395
f 5140/12136/1399 5139/12137/1399 5137/12138/1399 5138/12139/1399
f 5142/12140/1398 5141/12141/1398 5139/12142/1398 5140/12143/1398
f 5143/12144/1396 5147/12145/1396 5149/12146/1396 5145/12147/1396
f 5148/12148/1395 5144/12149/1395 5146/12150/1395 5150/12151/1395
f 5146/12072/1392 5145/12073/1392 5149/12074/1392 5150/12075/1392
f 5144/12152/1394 5143/12153/1394 5145/12154/1394 5146/12155/1394
f 5148/12064/1393 5147/12065/1393 5143/12066/1393 5144/12067/1393
f 5150/12156/1397 5149/12157/1397 5147/12158/1397 5148/12159/1397
f 5170/12160/1397 5168/12161/1397 5166/12162/1397 5164/12163/1397 5162/12164/1397 5160/12165/1397 5158/12166/1397 5156/12167/1397 5154/12168/1397 5152/12169/1397
f 5152/12170/1405 5151/12171/1405 5169/12172/1405 5170/12173/1405
f 5154/12174/1404 5153/12175/1404 5151/12176/1404 5152/12177/1404
f 5167/12178/1394 5169/12179/1394 5151/12180/1394 5153/12181/1394 5155/12182/1394 5157/12183/1394 5159/12184/1394 5161/12185/1394 5163/12186/1394 5165/12187/1394
f 5156/12188/1396 5155/12189/1396 5153/12190/1396 5154/12191/1396
f 5158/12192/1403 5157/12193/1403 5155/12194/1403 5156/12195/1403
f 5160/12196/1402 5159/12197/1402 5157/12198/1402 5158/12199/1402
f 5162/12200/1401 5161/12201/1401 5159/12202/1401 5160/12203/1401
f 5164/12204/1400 5163/12205/1400 5161/12206/1400 5162/12207/1400
f 5166/12208/1395 5165/12209/1395 5163/12210/1395 5164/12211/1395
f 5168/12212/1399 5167/12213/1399 5165/12214/1399 5166/12215/1399
f 5170/12216/1398 5169/12217/1398 5167/12218/1398 5168/12219/1398
f 5491/13180/1397 5492/13181/1397 5494/13182/1397 5493/13183/1397
f 5493/12064/1393 5494/12065/1393 5498/12066/1393 5497/12067/1393
f 5497/13184/1394 5498/13185/1394 5496/13186/1394 5495/13187/1394
f 5495/12072/1392 5496/12073/1392 5492/12074/1392 5491/12075/1392
f 5493/13188/1395 5497/13189/1395 5495/13190/1395 5491/13191/1395
f 5498/13192/1396 5494/13193/1396 5492/13194/1396 5496/13195/1396
f 5514/13196/1397 5512/13197/1397 5510/13198/1397 5508/13199/1397 5506/13200/1397 5504/13201/1397 5502/13202/1397 5500/13203/1397 5111/13204/1397 5113/13205/1397
f 5113/13206/1405 5114/13207/1405 5513/13208/1405 5514/13209/1405
f 5111/13210/1404 5112/13211/1404 5114/13212/1404 5113/13213/1404
f 5511/13214/1394 5513/13215/1394 5114/13216/1394 5112/13217/1394 5499/13218/1394 5501/13219/1394 5503/13220/1394 5505/13221/1394 5507/13222/1394 5509/13223/1394
f 5500/13224/1396 5499/13225/1396 5112/13226/1396 5111/13226/1396
f 5502/13227/1403 5501/13228/1403 5499/13229/1403 5500/13230/1403
f 5504/13231/1402 5503/13232/1402 5501/13233/1402 5502/13234/1402
f 5506/13235/1401 5505/13236/1401 5503/13237/1401 5504/13238/1401
f 5508/13239/1400 5507/13240/1400 5505/13241/1400 5506/13242/1400
f 5510/13243/1395 5509/13244/1395 5507/13245/1395 5508/13246/1395
f 5512/13247/1399 5511/13248/1399 5509/13249/1399 5510/13250/1399
f 5514/13251/1398 5513/13252/1398 5511/13253/1398 5512/13254/1398
f 5515/13255/1397 5516/13256/1397 5518/13257/1397 5517/13258/1397
f 5517/12064/1393 5518/12065/1393 5522/12066/1393 5521/12067/1393
f 5521/13259/1394 5522/13260/1394 5520/13261/1394 5519/13262/1394
f 5519/12072/1392 5520/12073/1392 5516/12074/1392 5515/12075/1392
f 5517/13263/1395 5521/13264/1395 5519/13265/1395 5515/13266/1395
f 5522/13267/1396 5518/13268/1396 5516/13269/1396 5520/13270/1396
s 1
f 5527/13271/1426 5523/13272/1427 5565/13273/1428 5529/13274/1429
f 5524/13275/1430 5526/13276/1431 5528/13277/1432 5523/13278/1427
f 5529/13279/1429 5565/13280/1428 5566/13281/1433 5531/13282/1434
f 5523/13283/1427 5528/13284/1432 5530/13285/1435 5565/13286/1428
f 5531/13287/1434 5566/13288/1433 5567/13289/1436 5533/13290/1437
f 5565/13291/1428 5530/13292/1435 5532/13293/1438 5566/13294/1433
f 5533/13295/1437 5567/13296/1436 5568/13297/1439 5535/13298/1440
f 5566/13299/1433 5532/13300/1438 5534/13301/1441 5567/13302/1436
f 5535/13303/1440 5568/13304/1439 5569/13305/1442 5537/13306/1443
f 5567/13307/1436 5534/13308/1441 5536/13309/1444 5568/13310/1439
f 5537/13311/1443 5569/13312/1442 5570/13313/1445 5539/13314/1446
f 5568/13315/1439 5536/13316/1444 5538/13317/1447 5569/13318/1442
f 5539/13319/1446 5570/13320/1445 5571/13321/1448 5541/13322/1449
f 5569/13323/1442 5538/13324/1447 5540/13325/1450 5570/13326/1445
f 5541/13327/1449 5571/13328/1448 5572/13329/1451 5543/13330/1452
f 5570/13331/1445 5540/13332/1450 5542/13333/1453 5571/13334/1448
f 5543/13335/1452 5572/13336/1451 5573/13337/1454 5545/13338/1455
f 5571/13339/1448 5542/13340/1453 5544/13341/1456 5572/13342/1451
f 5545/13343/1455 5573/13344/1454 5574/13345/1457 5547/13346/1458
f 5572/13347/1451 5544/13348/1456 5546/13349/1459 5573/13350/1454
f 5547/13351/1458 5574/13352/1457 5575/13353/1460 5549/13354/1461
f 5573/13355/1454 5546/13356/1459 5548/13357/1462 5574/13358/1457
f 5549/13359/1461 5575/13360/1460 5576/13361/1463 5551/13362/1464
f 5574/13363/1457 5548/13364/1462 5550/13365/1465 5575/13366/1460
f 5551/13367/1464 5576/13368/1463 5577/13369/1466 5553/13370/1467
f 5575/13371/1460 5550/13372/1465 5552/13373/1468 5576/13374/1463
f 5553/13375/1467 5577/13376/1466 5578/13377/1469 5555/13378/1470
f 5576/13379/1463 5552/13380/1468 5554/13381/1471 5577/13382/1466
f 5555/13383/1470 5578/13384/1469 5579/13385/1472 5557/13386/1473
f 5577/13387/1466 5554/13388/1471 5556/13389/1474 5578/13390/1469
f 5557/13391/1473 5579/13392/1472 5580/13393/1475 5559/13394/1476
f 5578/13395/1469 5556/13396/1474 5558/13397/1477 5579/13398/1472
f 5559/13399/1476 5580/13400/1475 5581/13401/1478 5561/13402/1479
f 5579/13403/1472 5558/13404/1477 5560/13405/1480 5580/13406/1475
f 5561/13407/1479 5581/13408/1478 5582/13409/1481 5563/13410/1482
f 5580/13411/1475 5560/13412/1480 5562/13413/1483 5581/13414/1478
f 5563/13415/1482 5582/13416/1481 5524/13417/1430 5525/13418/1484
f 5581/13419/1478 5562/13420/1483 5564/13421/1485 5582/13422/1481
f 5525/13423/1484 5524/13424/1430 5523/13425/1427 5527/13426/1426
f 5582/13427/1481 5564/13428/1485 5526/13429/1431 5524/13430/1430
f 5525/13431/1484 5527/13432/1426 5529/13433/1429 5531/13434/1434 5533/13435/1437 5535/13436/1440 5537/13437/1443 5539/13438/1446 5541/13439/1449 5543/13440/1452 5545/13441/1455 5547/13442/1458 5549/13443/1461 5551/13444/1464 5553/13445/1467 5555/13446/1470 5557/13447/1473 5559/13448/1476 5561/13449/1479 5563/13450/1482
f 5564/13451/1485 5562/13452/1483 5601/13453/1486 5602/13454/1487
f 5532/13455/1438 5530/13456/1435 5585/13457/1488 5586/13458/1489
f 5538/13459/1447 5536/13460/1444 5588/13461/1490 5589/13462/1491
f 5544/13463/1456 5542/13464/1453 5591/13465/1492 5592/13466/1493
f 5550/13467/1465 5548/13468/1462 5594/13469/1494 5595/13470/1495
f 5556/13471/1474 5554/13472/1471 5597/13473/1496 5598/13474/1497
f 5562/13475/1483 5560/13476/1480 5600/13477/1498 5601/13478/1486
f 5526/13479/1431 5564/13480/1485 5602/13481/1487 5583/13482/1499
f 5530/13483/1435 5528/13484/1432 5584/13485/1500 5585/13486/1488
f 5536/13487/1444 5534/13488/1441 5587/13489/1501 5588/13490/1490
f 5542/13491/1453 5540/13492/1450 5590/13493/1502 5591/13494/1492
f 5548/13495/1462 5546/13496/1459 5593/13497/1503 5594/13498/1494
f 5554/13499/1471 5552/13500/1468 5596/13501/1504 5597/13502/1496
f 5560/13503/1480 5558/13504/1477 5599/13505/1505 5600/13506/1498
f 5528/13507/1432 5526/13508/1431 5583/13509/1499 5584/13510/1500
f 5534/13511/1441 5532/13512/1438 5586/13513/1489 5587/13514/1501
f 5540/13515/1450 5538/13516/1447 5589/13517/1491 5590/13518/1502
f 5546/13519/1459 5544/13520/1456 5592/13521/1493 5593/13522/1503
f 5552/13523/1468 5550/13524/1465 5595/13525/1495 5596/13526/1504
f 5558/13527/1477 5556/13528/1474 5598/13529/1497 5599/13530/1505
f 5595/13531/1495 5594/13532/1494 5614/13533/1432 5615/13534/1435
f 5588/13535/1490 5587/13536/1501 5607/13537/1471 5608/13538/1474
f 5583/13539/1499 5602/13540/1487 5622/13541/1456 5603/13542/1459
f 5596/13543/1504 5595/13544/1495 5615/13544/1435 5616/13545/1438
f 5589/13546/1491 5588/13547/1490 5608/13548/1474 5609/13549/1477
f 5597/13550/1496 5596/13551/1504 5616/13552/1438 5617/13553/1441
f 5590/13554/1502 5589/13517/1491 5609/13555/1477 5610/13556/1480
f 5598/13557/1497 5597/13558/1496 5617/13559/1441 5618/13560/1444
f 5591/13561/1492 5590/13562/1502 5610/13563/1480 5611/13494/1483
f 5584/13564/1500 5583/13565/1499 5603/13566/1459 5604/13567/1462
f 5599/13568/1505 5598/13569/1497 5618/13570/1444 5619/13571/1447
f 5592/13572/1493 5591/13573/1492 5611/13573/1483 5612/13574/1485
f 5585/13575/1488 5584/13576/1500 5604/13577/1462 5605/13578/1465
f 5600/13579/1498 5599/13580/1505 5619/13581/1447 5620/13582/1450
f 5593/13583/1503 5592/13584/1493 5612/13585/1485 5613/13586/1431
f 5586/13587/1489 5585/13588/1488 5605/13457/1465 5606/13589/1468
f 5601/13590/1486 5600/13591/1498 5620/13592/1450 5621/13593/1453
f 5594/13594/1494 5593/13595/1503 5613/13497/1431 5614/13596/1432
f 5587/13597/1501 5586/13598/1489 5606/13599/1468 5607/13600/1471
f 5602/13601/1487 5601/13602/1486 5621/13603/1453 5622/13601/1456
f 5604/13604/1462 5603/13605/1459 5622/13606/1456 5621/13607/1453 5620/13608/1450 5619/13609/1447 5618/13610/1444 5617/13611/1441 5616/13612/1438 5615/13613/1435 5614/13614/1432 5613/13615/1431 5612/13616/1485 5611/13617/1483 5610/13618/1480 5609/13619/1477 5608/13620/1474 5607/13621/1471 5606/13622/1468 5605/13623/1465
s 0
usemtl stove_window
f 5088/11996/1397 5090/11997/1397 5089/11998/1397 5087/11999/1397
o kitchen_painting
v 38.281242 3.464525 5.375127
v 38.281242 5.972118 5.375127
v 38.281242 3.464525 0.319265
v 38.281242 5.972118 0.319265
v 38.130020 3.464525 5.375127
v 38.130020 5.972118 5.375127
v 38.130020 3.464525 0.319265
v 38.130020 5.972118 0.319265
v 38.281242 3.513978 0.418974
v 38.281242 3.513978 5.275417
v 38.281242 5.922664 5.275417
v 38.281242 5.922664 0.418974
v 38.191811 3.513978 0.418974
v 38.191811 3.513978 5.275417
v 38.191811 5.922664 5.275417
v 38.191811 5.922664 0.418974
vn 1.0000 -0.0000 -0.0000
vn -0.0000 -0.0000 -1.0000
vn -1.0000 -0.0000 -0.0000
vn -0.0000 -0.0000 1.0000
vn -0.0000 -1.0000 -0.0000
vn -0.0000 1.0000 -0.0000
vt 0.375000 1.000000
vt 0.625000 1.000000
vt 0.620070 1.000000
vt 0.379930 1.000000
vt 0.375000 0.250000
vt 0.625000 0.250000
vt 0.625000 0.500000
vt 0.375000 0.500000
vt 0.625000 0.750000
vt 0.375000 0.750000
vt 0.125000 0.500000
vt 0.125000 0.750000
vt 0.875000 0.500000
vt 0.875000 0.750000
vt 0.125000 0.504930
vt 0.125000 0.745070
vt 0.875000 0.504930
vt 0.875000 0.745070
vt 0.379930 0.250000
vt 0.620070 0.250000
vt 0.379930 0.004930
vt 0.620070 0.004930
vt 0.620070 0.245070
vt 0.379930 0.245070
vt 0.379930 0.250000
vt 0.379930 1.000000
vt 0.875000 0.745070
s 0
usemtl kitchen_painting
f 5623/13624/1506 5632/13627/1506 5633/13626/1506 5624/13625/1506
f 5625/13628/1507 5629/13631/1507 5630/13630/1507 5626/13629/1507
f 5629/13631/1508 5627/13633/1508 5628/13632/1508 5630/13630/1508
f 5627/13633/1509 5623/13624/1509 5624/13625/1509 5628/13632/1509
f 5625/13634/1510 5623/13635/1510 5627/13633/1510 5629/13631/1510
f 5630/13630/1511 5628/13632/1511 5624/13637/1511 5626/13636/1511
f 5631/13638/1511 5635/13638/1511 5636/13639/1511 5632/13639/1511
f 5624/13637/1506 5633/13641/1506 5634/13640/1506 5626/13636/1506
f 5625/13634/1506 5631/13638/1506 5632/13639/1506 5623/13635/1506
f 5626/13629/1506 5634/13643/1506 5631/13642/1506 5625/13628/1506
f 5636/13644/1506 5635/13647/1506 5638/13646/1506 5637/13645/1506
f 5634/13643/1509 5638/13643/1509 5635/13648/1509 5631/13642/1509
f 5632/13627/1507 5636/13649/1507 5637/13626/1507 5633/13626/1507
f 5633/13641/1510 5637/13650/1510 5638/13640/1510 5634/13640/1510
o untensils
v 38.697945 5.644944 -4.072676
v 38.697945 6.096113 -4.072676
v 38.697945 5.644944 -4.179371
v 38.697945 6.096113 -4.179371
v 44.247833 5.644944 -4.072676
v 44.247833 6.096113 -4.072676
v 44.247833 5.644944 -4.179371
v 44.247833 6.096113 -4.179371
v 39.833981 4.543417 -4.075162
v 39.833981 6.105875 -4.075162
v 39.849583 4.543417 -4.070093
v 39.849583 6.105875 -4.070093
v 39.859222 4.543417 -4.056822
v 39.859222 6.105875 -4.056822
v 39.859222 4.543417 -4.040418
v 39.859222 6.105875 -4.040418
v 39.849583 4.543417 -4.027147
v 39.849583 6.105875 -4.027147
v 39.833981 4.543417 -4.022078
v 39.833981 6.105875 -4.022078
v 39.818378 4.543417 -4.027147
v 39.818378 6.105875 -4.027147
v 39.808739 4.543417 -4.040418
v 39.808739 6.105875 -4.040418
v 39.808739 4.543417 -4.056822
v 39.808739 6.105875 -4.056822
v 39.818378 4.543417 -4.070093
v 39.818378 6.105875 -4.070093
v 39.839199 4.479396 -4.027524
v 39.839199 4.458968 -4.002633
v 39.839199 4.431285 -3.911373
v 39.935749 4.595547 -4.044264
v 39.933895 4.563501 -4.041710
v 39.928402 4.532687 -4.034148
v 39.919479 4.504288 -4.021868
v 39.907471 4.479396 -4.005341
v 39.892841 4.458968 -3.985204
v 39.876148 4.443789 -3.962229
v 39.858036 4.434442 -3.937299
v 39.995422 4.595547 -3.962133
v 39.992420 4.563501 -3.961158
v 39.983532 4.532687 -3.958269
v 39.969093 4.504288 -3.953578
v 39.949665 4.479396 -3.947266
v 39.925991 4.458968 -3.939574
v 39.898983 4.443789 -3.930798
v 39.869678 4.434442 -3.921276
v 39.995422 4.595547 -3.860614
v 39.992420 4.563501 -3.861589
v 39.983532 4.532687 -3.864478
v 39.969093 4.504288 -3.869168
v 39.949665 4.479396 -3.875481
v 39.925991 4.458968 -3.883173
v 39.898983 4.443789 -3.891949
v 39.869678 4.434442 -3.901471
v 39.935749 4.595547 -3.778483
v 39.933895 4.563501 -3.781036
v 39.928402 4.532687 -3.788599
v 39.919479 4.504288 -3.800879
v 39.907471 4.479396 -3.817406
v 39.892841 4.458968 -3.837543
v 39.876148 4.443789 -3.860518
v 39.858036 4.434442 -3.885448
v 39.839199 4.595547 -3.747112
v 39.839199 4.563501 -3.750268
v 39.839199 4.532687 -3.759615
v 39.839199 4.504288 -3.774795
v 39.839199 4.479396 -3.795223
v 39.839199 4.458968 -3.820115
v 39.839199 4.443789 -3.848513
v 39.839199 4.434442 -3.879328
v 39.742649 4.595547 -3.778483
v 39.744503 4.563501 -3.781036
v 39.750000 4.532687 -3.788599
v 39.758923 4.504288 -3.800879
v 39.770927 4.479396 -3.817406
v 39.785561 4.458968 -3.837543
v 39.802254 4.443789 -3.860518
v 39.820366 4.434442 -3.885448
v 39.682980 4.595547 -3.860614
v 39.685982 4.563501 -3.861589
v 39.694870 4.532687 -3.864478
v 39.709305 4.504288 -3.869168
v 39.728733 4.479396 -3.875481
v 39.752407 4.458968 -3.883173
v 39.779415 4.443789 -3.891949
v 39.808723 4.434442 -3.901471
v 39.682980 4.595547 -3.962133
v 39.685982 4.563501 -3.961158
v 39.694870 4.532687 -3.958269
v 39.709305 4.504288 -3.953578
v 39.728733 4.479396 -3.947266
v 39.752407 4.458968 -3.939574
v 39.779415 4.443789 -3.930798
v 39.808723 4.434442 -3.921276
v 39.742649 4.595547 -4.044264
v 39.744503 4.563501 -4.041710
v 39.750000 4.532687 -4.034148
v 39.758923 4.504288 -4.021868
v 39.770927 4.479396 -4.005341
v 39.785561 4.458968 -3.985204
v 39.802254 4.443789 -3.962229
v 39.820366 4.434442 -3.937299
v 39.839199 4.595547 -4.075635
v 39.839199 4.563501 -4.072479
v 39.839199 4.532687 -4.063131
v 39.839199 4.504288 -4.047952
v 39.839199 4.443789 -3.974234
v 39.839199 4.434442 -3.943419
v 39.849583 6.115850 -4.075474
v 39.833981 6.110781 -4.075474
v 39.859222 6.129121 -4.075474
v 39.859222 6.145525 -4.075474
v 39.849583 6.158796 -4.075474
v 39.833981 6.163865 -4.075474
v 39.818378 6.158796 -4.075474
v 39.808739 6.145525 -4.075474
v 39.808739 6.129121 -4.075474
v 39.818378 6.115850 -4.075474
v 39.849583 6.115850 -4.181851
v 39.833981 6.110781 -4.181851
v 39.859222 6.129121 -4.181851
v 39.859222 6.145525 -4.181851
v 39.849583 6.158796 -4.181851
v 39.833981 6.163865 -4.181851
v 39.818378 6.158796 -4.181851
v 39.808739 6.145525 -4.181851
v 39.808739 6.129121 -4.181851
v 39.818378 6.115850 -4.181851
v 39.849583 6.108957 -4.191934
v 39.833981 6.109230 -4.186872
v 39.859222 6.108242 -4.205186
v 39.859222 6.107357 -4.221566
v 39.849583 6.106642 -4.234818
v 39.833981 6.106369 -4.239880
v 39.818378 6.106642 -4.234818
v 39.808739 6.107357 -4.221566
v 39.808739 6.108242 -4.205186
v 39.818378 6.108957 -4.191934
v 39.849583 6.029736 -4.187657
v 39.833981 6.030009 -4.182596
v 39.859222 6.029021 -4.200909
v 39.859222 6.028137 -4.217289
v 39.849583 6.027421 -4.230541
v 39.833981 6.027148 -4.235603
v 39.818378 6.027421 -4.230541
v 39.808739 6.028137 -4.217289
v 39.808739 6.029021 -4.200909
v 39.818378 6.029736 -4.187657
v 40.632931 4.889818 -4.075162
v 40.632931 6.105875 -4.075162
v 40.648533 4.889818 -4.070093
v 40.648533 6.105875 -4.070093
v 40.658173 4.889818 -4.056822
v 40.658173 6.105875 -4.056822
v 40.658173 4.889818 -4.040418
v 40.658173 6.105875 -4.040418
v 40.648533 4.889818 -4.027147
v 40.648533 6.105875 -4.027147
v 40.632931 4.889818 -4.022078
v 40.632931 6.105875 -4.022078
v 40.617329 4.889818 -4.027147
v 40.617329 6.105875 -4.027147
v 40.607689 4.889818 -4.040418
v 40.607689 6.105875 -4.040418
v 40.607689 4.889818 -4.056822
v 40.607689 6.105875 -4.056822
v 40.617329 4.889818 -4.070093
v 40.617329 6.105875 -4.070093
v 40.648533 6.115850 -4.075474
v 40.632931 6.110781 -4.075474
v 40.658173 6.129121 -4.075474
v 40.658173 6.145525 -4.075474
v 40.648533 6.158796 -4.075474
v 40.632931 6.163865 -4.075474
v 40.617329 6.158796 -4.075474
v 40.607689 6.145525 -4.075474
v 40.607689 6.129121 -4.075474
v 40.617329 6.115850 -4.075474
v 40.648533 6.115850 -4.181851
v 40.632931 6.110781 -4.181851
v 40.658173 6.129121 -4.181851
v 40.658173 6.145525 -4.181851
v 40.648533 6.158796 -4.181851
v 40.632931 6.163865 -4.181851
v 40.617329 6.158796 -4.181851
v 40.607689 6.145525 -4.181851
v 40.607689 6.129121 -4.181851
v 40.617329 6.115850 -4.181851
v 40.648533 6.108957 -4.191934
v 40.632931 6.109230 -4.186872
v 40.658173 6.108242 -4.205186
v 40.658173 6.107357 -4.221566
v 40.648533 6.106642 -4.234818
v 40.632931 6.106369 -4.239880
v 40.617329 6.106642 -4.234818
v 40.607689 6.107357 -4.221566
v 40.607689 6.108242 -4.205186
v 40.617329 6.108957 -4.191934
v 40.648533 6.029736 -4.187657
v 40.632931 6.030009 -4.182596
v 40.658173 6.029021 -4.200909
v 40.658173 6.028137 -4.217289
v 40.648533 6.027421 -4.230541
v 40.632931 6.027148 -4.235603
v 40.617329 6.027421 -4.230541
v 40.607689 6.028137 -4.217289
v 40.607689 6.029021 -4.200909
v 40.617329 6.029736 -4.187657
v 40.501129 4.452361 -4.034526
v 40.501129 4.897784 -4.011032
v 40.501129 4.452361 -4.062733
v 40.501129 4.897784 -4.086226
v 40.774128 4.452361 -4.034526
v 40.774128 4.897784 -4.011032
v 40.774128 4.452361 -4.062733
v 40.774128 4.897784 -4.086226
v 40.735126 4.452361 -4.062733
v 40.696129 4.452361 -4.062733
v 40.657127 4.452361 -4.062733
v 40.618130 4.452361 -4.062733
v 40.579128 4.452361 -4.062733
v 40.540131 4.452361 -4.062733
v 40.540131 4.897784 -4.086226
v 40.579128 4.897784 -4.086226
v 40.618130 4.897784 -4.086226
v 40.657127 4.897784 -4.086226
v 40.696129 4.897784 -4.086226
v 40.735126 4.897784 -4.086226
v 40.540131 4.452361 -4.034526
v 40.579128 4.452361 -4.034526
v 40.618130 4.452361 -4.034526
v 40.657127 4.452361 -4.034526
v 40.696129 4.452361 -4.034526
v 40.735126 4.452361 -4.034526
v 40.735126 4.897784 -4.011032
v 40.696129 4.897784 -4.011032
v 40.657127 4.897784 -4.011032
v 40.618130 4.897784 -4.011032
v 40.579128 4.897784 -4.011032
v 40.540131 4.897784 -4.011032
v 40.501129 4.781976 -4.017140
v 40.501129 4.781976 -4.080118
v 40.774128 4.781976 -4.080118
v 40.774128 4.781976 -4.017140
v 40.735126 4.781976 -4.017140
v 40.696129 4.781976 -4.017140
v 40.657127 4.781976 -4.017140
v 40.618130 4.781976 -4.017140
v 40.579128 4.781976 -4.017140
v 40.540131 4.781976 -4.017140
v 40.540131 4.781976 -4.080118
v 40.579128 4.781976 -4.080118
v 40.618130 4.781976 -4.080118
v 40.657127 4.781976 -4.080118
v 40.696129 4.781976 -4.080118
v 40.735126 4.781976 -4.080118
v 38.713966 5.646247 -4.072984
v 38.713966 6.094810 -4.072984
v 38.713966 5.646247 -4.179063
v 38.713966 6.094810 -4.179063
v 44.231812 5.646247 -4.072984
v 44.231812 6.094810 -4.072984
v 44.231812 5.646247 -4.179063
v 44.231812 6.094810 -4.179063
v 39.833981 4.544629 -4.074712
v 39.833981 6.107480 -4.074787
v 39.829834 4.545002 -4.070079
v 39.821857 6.105945 -4.070076
v 39.839558 4.545009 -4.056819
v 39.831474 6.105881 -4.056819
v 39.839558 4.545009 -4.040421
v 39.831486 6.105818 -4.040423
v 39.829834 4.545002 -4.027161
v 39.822029 6.105628 -4.027172
v 39.833981 4.544629 -4.022528
v 39.833981 6.104782 -4.022544
v 39.838127 4.545001 -4.027161
v 39.845932 6.105628 -4.027172
v 39.828403 4.545009 -4.040421
v 39.836475 6.105818 -4.040423
v 39.828403 4.545009 -4.056819
v 39.836487 6.105881 -4.056819
v 39.838127 4.545001 -4.070079
v 39.846104 6.105945 -4.070076
v 39.839199 4.481569 -4.027380
v 39.839199 4.461185 -4.002533
v 39.839199 4.433541 -3.911373
v 39.908031 4.595589 -4.044242
v 39.906189 4.563591 -4.041689
v 39.900761 4.532867 -4.034128
v 39.891972 4.504572 -4.021848
v 39.880222 4.479815 -4.005322
v 39.866161 4.459584 -3.985185
v 39.850975 4.444736 -3.962212
v 39.837746 4.435980 -3.937289
v 39.967674 4.595566 -3.962129
v 39.964676 4.563541 -3.961154
v 39.955799 4.532770 -3.958265
v 39.941395 4.504422 -3.953575
v 39.922028 4.479598 -3.947262
v 39.898499 4.459273 -3.939570
v 39.871929 4.444291 -3.930795
v 39.845459 4.435543 -3.921273
v 39.967674 4.595566 -3.860618
v 39.964676 4.563541 -3.861593
v 39.955799 4.532770 -3.864482
v 39.941395 4.504422 -3.869172
v 39.922028 4.479598 -3.875485
v 39.898499 4.459273 -3.883177
v 39.871929 4.444291 -3.891952
v 39.845459 4.435543 -3.901474
v 39.908031 4.595589 -3.778505
v 39.906189 4.563591 -3.781058
v 39.900761 4.532867 -3.788619
v 39.891972 4.504572 -3.800899
v 39.880222 4.479815 -3.817425
v 39.866161 4.459584 -3.837562
v 39.850975 4.444736 -3.860535
v 39.837746 4.435980 -3.885458
v 39.839199 4.596415 -3.747604
v 39.839199 4.564711 -3.750718
v 39.839199 4.534533 -3.759922
v 39.839199 4.506367 -3.775002
v 39.839199 4.481569 -3.795367
v 39.839199 4.461185 -3.820214
v 39.839199 4.446028 -3.848579
v 39.839199 4.436692 -3.879365
v 39.770370 4.595589 -3.778505
v 39.772209 4.563591 -3.781058
v 39.777637 4.532867 -3.788619
v 39.786430 4.504572 -3.800899
v 39.798176 4.479815 -3.817425
v 39.812237 4.459584 -3.837562
v 39.827427 4.444736 -3.860535
v 39.840656 4.435980 -3.885458
v 39.710724 4.595566 -3.860618
v 39.713722 4.563541 -3.861593
v 39.722599 4.532770 -3.864482
v 39.737007 4.504422 -3.869172
v 39.756371 4.479598 -3.875485
v 39.779903 4.459273 -3.883177
v 39.806469 4.444291 -3.891952
v 39.832943 4.435543 -3.901474
v 39.710724 4.595566 -3.962129
v 39.713722 4.563541 -3.961154
v 39.722599 4.532770 -3.958265
v 39.737007 4.504422 -3.953575
v 39.756371 4.479598 -3.947262
v 39.779903 4.459273 -3.939570
v 39.806469 4.444291 -3.930795
v 39.832943 4.435543 -3.921273
v 39.770370 4.595589 -4.044242
v 39.772209 4.563591 -4.041689
v 39.777637 4.532867 -4.034128
v 39.786430 4.504572 -4.021848
v 39.798176 4.479815 -4.005322
v 39.812237 4.459584 -3.985185
v 39.827427 4.444736 -3.962212
v 39.840656 4.435980 -3.937289
v 39.839199 4.596415 -4.075143
v 39.839199 4.564711 -4.072029
v 39.839199 4.534533 -4.062825
v 39.839199 4.506367 -4.047745
v 39.839199 4.446028 -3.974168
v 39.839199 4.436692 -3.943382
v 39.822029 6.116114 -4.075463
v 39.833981 6.112936 -4.075317
v 39.831482 6.129177 -4.075473
v 39.831486 6.145455 -4.075477
v 39.822174 6.158446 -4.075485
v 39.833981 6.161624 -4.075535
v 39.845787 6.158446 -4.075485
v 39.836472 6.145455 -4.075477
v 39.836479 6.129177 -4.075473
v 39.845932 6.116114 -4.075463
v 39.822220 6.116224 -4.181858
v 39.833981 6.113030 -4.181891
v 39.831486 6.129187 -4.181852
v 39.831490 6.145452 -4.181849
v 39.822197 6.158433 -4.181840
v 39.833981 6.161623 -4.181793
v 39.845760 6.158433 -4.181840
v 39.836472 6.145452 -4.181849
v 39.836475 6.129187 -4.181852
v 39.845741 6.116224 -4.181858
v 39.821857 6.109037 -4.191947
v 39.833981 6.111420 -4.187001
v 39.831474 6.108244 -4.205188
v 39.831486 6.107295 -4.221560
v 39.822048 6.106382 -4.234792
v 39.833981 6.105517 -4.239386
v 39.845913 6.106382 -4.234792
v 39.836475 6.107295 -4.221560
v 39.836487 6.108244 -4.205188
v 39.846104 6.109037 -4.191947
v 39.829754 6.031312 -4.187677
v 39.833981 6.031026 -4.183072
v 39.839542 6.030611 -4.200917
v 39.839573 6.029729 -4.217292
v 39.829903 6.029011 -4.230533
v 39.833981 6.028554 -4.235186
v 39.838058 6.029011 -4.230533
v 39.828388 6.029729 -4.217292
v 39.828419 6.030611 -4.200917
v 39.838207 6.031312 -4.187677
v 40.632931 4.891030 -4.074712
v 40.632931 6.107480 -4.074787
v 40.628784 4.891402 -4.070079
v 40.620808 6.105945 -4.070076
v 40.638508 4.891410 -4.056819
v 40.630424 6.105881 -4.056819
v 40.638508 4.891410 -4.040421
v 40.630436 6.105818 -4.040423
v 40.628784 4.891402 -4.027161
v 40.620979 6.105628 -4.027172
v 40.632931 4.891030 -4.022528
v 40.632931 6.104782 -4.022544
v 40.637077 4.891402 -4.027161
v 40.644882 6.105628 -4.027172
v 40.627354 4.891410 -4.040421
v 40.635426 6.105818 -4.040423
v 40.627354 4.891410 -4.056819
v 40.635437 6.105881 -4.056819
v 40.637077 4.891402 -4.070079
v 40.645054 6.105945 -4.070076
v 40.620979 6.116114 -4.075463
v 40.632931 6.112936 -4.075317
v 40.630432 6.129177 -4.075473
v 40.630436 6.145455 -4.075477
v 40.621124 6.158446 -4.075485
v 40.632931 6.161624 -4.075535
v 40.644737 6.158446 -4.075485
v 40.635422 6.145455 -4.075477
v 40.635429 6.129177 -4.075473
v 40.644882 6.116114 -4.075463
v 40.621166 6.116224 -4.181858
v 40.632931 6.113030 -4.181891
v 40.630436 6.129187 -4.181852
v 40.630440 6.145452 -4.181849
v 40.621147 6.158433 -4.181840
v 40.632931 6.161623 -4.181793
v 40.644711 6.158433 -4.181840
v 40.635422 6.145452 -4.181849
v 40.635426 6.129187 -4.181852
v 40.644691 6.116224 -4.181858
v 40.620808 6.109037 -4.191947
v 40.632931 6.111420 -4.187001
v 40.630424 6.108244 -4.205188
v 40.630436 6.107295 -4.221560
v 40.620998 6.106382 -4.234792
v 40.632931 6.105517 -4.239386
v 40.644863 6.106382 -4.234792
v 40.635426 6.107295 -4.221560
v 40.635437 6.108244 -4.205188
v 40.645054 6.109037 -4.191947
v 40.628704 6.031312 -4.187677
v 40.632931 6.031026 -4.183072
v 40.638493 6.030611 -4.200917
v 40.638519 6.029729 -4.217292
v 40.628853 6.029011 -4.230533
v 40.632931 6.028554 -4.235186
v 40.637009 6.029011 -4.230533
v 40.627338 6.029729 -4.217292
v 40.627369 6.030611 -4.200917
v 40.637157 6.031312 -4.187677
v 40.517498 4.453783 -4.034796
v 40.516857 4.896621 -4.011374
v 40.517498 4.453783 -4.062463
v 40.516857 4.896621 -4.085884
v 40.757763 4.453783 -4.034796
v 40.758404 4.896621 -4.011374
v 40.757763 4.453783 -4.062463
v 40.758404 4.896621 -4.085884
v 40.751495 4.453783 -4.062463
v 40.679764 4.453783 -4.062463
v 40.673496 4.453783 -4.062463
v 40.601765 4.453783 -4.062463
v 40.595497 4.453783 -4.062463
v 40.523766 4.453783 -4.062463
v 40.540131 4.896373 -4.085810
v 40.579128 4.896373 -4.085810
v 40.618130 4.896373 -4.085810
v 40.657127 4.896373 -4.085810
v 40.696129 4.896373 -4.085810
v 40.735126 4.896373 -4.085810
v 40.523766 4.453783 -4.034796
v 40.595497 4.453783 -4.034796
v 40.601765 4.453783 -4.034796
v 40.673496 4.453783 -4.034796
v 40.679764 4.453783 -4.034796
v 40.751495 4.453783 -4.034796
v 40.735126 4.896373 -4.011448
v 40.696129 4.896373 -4.011448
v 40.657127 4.896373 -4.011448
v 40.618130 4.896373 -4.011448
v 40.579128 4.896373 -4.011448
v 40.540131 4.896373 -4.011448
v 40.520752 4.782323 -4.017509
v 40.520752 4.782323 -4.079750
v 40.754505 4.782323 -4.079750
v 40.754505 4.782323 -4.017509
v 40.742004 4.783050 -4.017590
v 40.690224 4.783455 -4.017526
v 40.663033 4.783455 -4.017526
v 40.612225 4.783455 -4.017526
v 40.585033 4.783455 -4.017526
v 40.533253 4.783050 -4.017590
v 40.533253 4.783050 -4.079668
v 40.585033 4.783455 -4.079732
v 40.612225 4.783455 -4.079732
v 40.663033 4.783455 -4.079732
v 40.690224 4.783455 -4.079732
v 40.742004 4.783050 -4.079668
vn -1.0000 -0.0000 -0.0000
vn -0.0000 -0.0000 -1.0000
vn 1.0000 -0.0000 -0.0000
vn -0.0000 -0.0000 1.0000
vn -0.0000 -1.0000 -0.0000
vn -0.0000 1.0000 -0.0000
vn -0.0000 -0.3191 -0.9477
vn -0.0000 -0.1485 -0.9889
vn 0.4240 -0.2080 -0.8815
vn 0.4096 -0.4043 -0.8178
vn -0.0000 -0.1489 -0.9888
vn -0.0000 -0.2328 -0.9725
vn 0.5177 -0.1950 -0.8330
vn 0.0811 -0.9847 -0.1543
vn 0.9763 -0.0272 -0.2148
vn 0.0813 -0.9962 -0.0295
vn -0.0000 -0.4896 -0.8720
vn 0.3715 -0.5807 -0.7244
vn 0.8505 0.2682 0.4524
vn 0.0813 -0.9962 0.0295
vn -0.0000 -0.8857 -0.4643
vn -0.0000 -0.7800 -0.6258
vn 0.2445 -0.8540 -0.4593
vn 0.1654 -0.9409 -0.2956
vn 0.3365 0.4573 0.8232
vn 0.0811 -0.9847 0.1543
vn -0.0000 -0.6460 -0.7634
vn 0.3149 -0.7323 -0.6038
vn -0.0000 0.1299 0.9915
vn -0.0000 -0.1489 0.9888
vn -0.0000 -0.9585 -0.2850
vn 0.0862 -0.9888 -0.1218
vn -0.3365 0.4573 0.8232
vn -0.0811 -0.9847 0.1543
vn -0.0000 0.7310 -0.6823
vn 0.1001 0.9714 -0.2152
vn -0.8505 0.2682 0.4524
vn -0.0813 -0.9962 0.0295
vn -0.9763 -0.0272 -0.2149
vn -0.0813 -0.9962 -0.0295
vn -0.0000 -0.6081 -0.7938
vn 0.4829 -0.6983 -0.5284
vn -0.5177 -0.1950 -0.8330
vn -0.0811 -0.9847 -0.1543
vn 0.3330 -0.9346 -0.1251
vn 0.1437 -0.9885 -0.0474
vn 0.0829 0.9960 -0.0326
vn 0.9125 -0.1982 -0.3578
vn 0.8584 -0.3888 -0.3347
vn 0.7700 -0.5641 -0.2982
vn 0.5032 -0.8426 -0.1919
vn 0.6503 -0.7174 -0.2500
vn 0.0829 0.9960 0.0326
vn 0.9125 -0.1982 0.3578
vn 0.6503 -0.7174 0.2500
vn 0.5032 -0.8426 0.1919
vn 0.8584 -0.3888 0.3347
vn 0.1437 -0.9885 0.0474
vn 0.7700 -0.5641 0.2982
vn 0.3330 -0.9346 0.1251
vn 0.1654 -0.9409 0.2956
vn 0.0862 -0.9888 0.1218
vn 0.4096 -0.4043 0.8178
vn 0.3715 -0.5807 0.7244
vn 0.2445 -0.8540 0.4593
vn 0.1001 0.9714 0.2152
vn 0.4240 -0.2080 0.8815
vn 0.3149 -0.7323 0.6038
vn -0.0000 0.7310 0.6823
vn -0.0000 -0.1485 0.9889
vn -0.0000 -0.6460 0.7634
vn -0.0000 -0.7800 0.6258
vn -0.0000 -0.3191 0.9477
vn -0.0000 -0.9585 0.2850
vn -0.0000 -0.4896 0.8720
vn -0.0000 -0.8857 0.4643
vn -0.1654 -0.9409 0.2956
vn -0.0862 -0.9888 0.1218
vn -0.4096 -0.4043 0.8178
vn -0.3715 -0.5807 0.7244
vn -0.2445 -0.8540 0.4593
vn -0.1001 0.9714 0.2152
vn -0.4240 -0.2080 0.8815
vn -0.3149 -0.7323 0.6038
vn -0.6503 -0.7174 0.2500
vn -0.5032 -0.8426 0.1919
vn -0.9125 -0.1982 0.3578
vn -0.8584 -0.3888 0.3347
vn -0.1437 -0.9885 0.0474
vn -0.7700 -0.5641 0.2982
vn -0.3330 -0.9346 0.1251
vn -0.0829 0.9960 0.0326
vn -0.8584 -0.3888 -0.3347
vn -0.7700 -0.5641 -0.2982
vn -0.5032 -0.8426 -0.1919
vn -0.3330 -0.9346 -0.1251
vn -0.0829 0.9960 -0.0326
vn -0.9125 -0.1982 -0.3578
vn -0.6503 -0.7174 -0.2500
vn -0.1437 -0.9885 -0.0474
vn -0.0862 -0.9888 -0.1218
vn -0.3715 -0.5807 -0.7244
vn -0.3149 -0.7323 -0.6038
vn -0.1654 -0.9409 -0.2956
vn -0.4096 -0.4043 -0.8178
vn -0.2445 -0.8540 -0.4593
vn -0.1001 0.9714 -0.2152
vn -0.4240 -0.2080 -0.8815
vn 0.9435 -0.2888 -0.1625
vn 0.4172 -0.8622 0.2874
vn 0.9324 -0.3344 0.1373
vn -0.4829 -0.6983 -0.5284
vn -0.9435 -0.2888 -0.1625
vn -0.0000 0.8989 0.4382
vn -0.4116 0.7955 0.4447
vn -0.9145 0.3495 0.2037
vn 0.4116 0.7955 0.4447
vn 0.9145 0.3495 0.2037
vn -0.9324 -0.3344 0.1373
vn -0.9120 0.3625 -0.1919
vn -0.8395 0.2868 -0.4615
vn -0.9844 -0.0168 0.1753
vn -0.4172 -0.8622 0.2874
vn -0.0000 0.9072 -0.4207
vn -0.4045 0.8111 -0.4225
vn 0.9120 0.3625 -0.1919
vn -0.0000 -0.9519 0.3065
vn 0.4045 0.8111 -0.4225
vn -0.0000 0.0959 -0.9954
vn 0.3275 0.4667 -0.8215
vn 0.0812 -0.9928 -0.0881
vn -0.0000 -0.1852 -0.9827
vn 0.6026 -0.2655 0.7526
vn 0.9844 -0.0168 0.1753
vn -0.6026 -0.2655 0.7526
vn -0.3275 0.4667 -0.8215
vn 0.8395 0.2868 -0.4615
vn -0.0000 -0.6910 0.7228
vn 0.0808 -0.9723 0.2192
vn -0.0000 -0.1186 0.9929
vn -0.0808 -0.9723 0.2192
vn -0.0812 -0.9929 0.0871
vn -0.0812 -0.9963 0.0282
vn -0.0812 -0.9928 -0.0881
vn 0.0812 -0.9963 0.0282
vn 0.0812 -0.9929 0.0871
vn 0.4829 -0.6983 -0.5283
vn -0.0000 -0.9519 0.3064
vn -0.0000 -0.0527 -0.9986
vn -0.0000 -0.0527 0.9986
vn -0.0000 0.3291 0.9443
vn -0.5068 0.3940 0.7667
vn -0.5228 0.2025 0.8280
vn -0.0000 0.1529 0.9882
vn -0.0000 0.0766 -0.9971
vn -0.0824 0.9957 -0.0423
vn -0.9739 0.1627 -0.1585
vn -0.0000 -0.2827 -0.9592
vn -0.0814 0.9962 0.0297
vn -0.9761 0.0248 0.2157
vn -0.0000 0.5030 0.8643
vn -0.4689 0.5669 0.6773
vn -0.0814 0.9962 -0.0294
vn -0.8518 -0.2685 -0.4498
vn -0.0000 0.8975 0.4410
vn -0.3061 0.9143 0.2652
vn -0.3515 0.8355 0.4224
vn -0.0000 0.7944 0.6074
vn -0.0824 0.9957 0.0424
vn -0.3929 0.5742 0.7183
vn -0.0000 0.6610 0.7504
vn -0.4146 0.7161 0.5615
vn -0.0000 0.0768 0.9970
vn -0.0000 0.1841 0.9829
vn -0.0000 0.9671 0.2542
vn -0.0497 -0.9979 -0.0418
vn 0.0824 0.9957 0.0424
vn 0.3929 0.5742 0.7183
vn -0.0663 0.9928 0.0999
vn -0.0000 0.9999 0.0124
vn 0.0814 0.9962 -0.0294
vn 0.8518 -0.2685 -0.4498
vn 0.0814 0.9962 0.0297
vn 0.9761 0.0248 0.2157
vn -0.7017 -0.6349 -0.3234
vn -0.0000 -0.6063 -0.7952
vn 0.0824 0.9957 -0.0423
vn 0.9739 0.1627 -0.1585
vn -0.2110 0.9750 0.0701
vn -0.3478 0.9295 0.1223
vn -0.9126 0.1980 0.3577
vn -0.0791 0.9964 0.0311
vn -0.7706 0.5634 0.2979
vn -0.8586 0.3884 0.3346
vn -0.5075 0.8403 0.1905
vn -0.6518 0.7162 0.2494
vn -0.9126 0.1980 -0.3577
vn -0.0791 0.9964 -0.0311
vn -0.5075 0.8403 -0.1905
vn -0.6518 0.7162 -0.2494
vn -0.8586 0.3884 -0.3346
vn -0.2110 0.9750 -0.0701
vn -0.7706 0.5634 -0.2979
vn -0.3478 0.9295 -0.1223
vn -0.0497 -0.9979 0.0418
vn -0.3061 0.9143 -0.2652
vn -0.4689 0.5669 -0.6773
vn -0.5068 0.3940 -0.7667
vn -0.3515 0.8355 -0.4224
vn -0.5228 0.2025 -0.8280
vn -0.0663 0.9928 -0.0999
vn -0.4146 0.7161 -0.5615
vn -0.0000 0.1529 -0.9882
vn -0.0000 0.9999 -0.0124
vn -0.0000 0.7944 -0.6074
vn -0.0000 0.6610 -0.7504
vn -0.0000 0.3291 -0.9443
vn -0.0000 0.9671 -0.2542
vn -0.0000 0.5030 -0.8643
vn -0.0000 0.8975 -0.4410
vn 0.0497 -0.9979 0.0418
vn 0.3061 0.9143 -0.2652
vn 0.4689 0.5669 -0.6773
vn 0.5068 0.3940 -0.7667
vn 0.3515 0.8355 -0.4224
vn 0.5228 0.2025 -0.8280
vn 0.0663 0.9928 -0.0999
vn 0.4146 0.7161 -0.5615
vn 0.5075 0.8403 -0.1905
vn 0.6518 0.7162 -0.2494
vn 0.8586 0.3884 -0.3346
vn 0.9126 0.1980 -0.3577
vn 0.2110 0.9750 -0.0701
vn 0.7706 0.5634 -0.2979
vn 0.3478 0.9295 -0.1223
vn 0.0791 0.9964 -0.0311
vn 0.7706 0.5634 0.2979
vn 0.8586 0.3884 0.3346
vn 0.3478 0.9295 0.1223
vn 0.5075 0.8403 0.1905
vn 0.9126 0.1980 0.3577
vn 0.0791 0.9964 0.0311
vn 0.6518 0.7162 0.2494
vn 0.2110 0.9750 0.0701
vn 0.0497 -0.9979 -0.0418
vn 0.4146 0.7161 0.5615
vn 0.4689 0.5669 0.6773
vn 0.3061 0.9143 0.2652
vn 0.5068 0.3940 0.7667
vn 0.3515 0.8355 0.4224
vn 0.5228 0.2025 0.8280
vn 0.0663 0.9928 0.0999
vn -0.9440 0.2874 0.1618
vn -0.9331 0.3328 -0.1366
vn -0.4637 -0.8470 0.2599
vn 0.7017 -0.6349 -0.3234
vn 0.9440 0.2874 0.1618
vn 0.4980 0.7488 0.4374
vn -0.0000 0.9149 0.4037
vn 0.9162 -0.3458 -0.2026
vn -0.4980 0.7488 0.4374
vn -0.9162 -0.3458 -0.2026
vn 0.9331 0.3328 -0.1366
vn 0.9842 -0.0341 -0.1735
vn 0.8296 -0.3237 0.4550
vn 0.9137 -0.3588 0.1909
vn 0.4637 -0.8470 0.2599
vn 0.4958 0.7641 -0.4128
vn -0.0000 0.9220 -0.3871
vn -0.9137 -0.3588 0.1909
vn -0.0000 -0.9372 0.3487
vn -0.4958 0.7641 -0.4128
vn -0.0000 0.1431 -0.9897
vn -0.0000 -0.0162 -0.9999
vn -0.0825 0.9926 -0.0888
vn -0.3815 0.5840 -0.7165
vn -0.9842 -0.0341 -0.1735
vn -0.9561 0.2786 -0.0905
vn 0.9561 0.2786 -0.0905
vn 0.3815 0.5840 -0.7165
vn -0.8296 -0.3237 0.4550
vn -0.0000 -0.8019 0.5975
vn -0.0831 0.9965 -0.0063
vn -0.0819 0.9921 -0.0953
vn -0.0819 0.9960 -0.0359
vn 0.0825 0.9926 -0.0888
vn 0.0819 0.9960 -0.0359
vn 0.0819 0.9921 -0.0953
vn 0.0831 0.9965 -0.0063
vn -0.0000 0.1166 0.9932
vn -0.0000 0.0762 -0.9971
vn -0.9740 0.1621 -0.1585
vn -0.0000 -0.2828 -0.9592
vn -0.9762 0.0241 0.2157
vn -0.8517 -0.2691 -0.4498
vn -0.3929 0.5741 0.7183
vn -0.0000 0.0764 0.9971
vn -0.0000 0.1838 0.9830
vn 0.3929 0.5741 0.7183
vn 0.8516 -0.2691 -0.4498
vn 0.9762 0.0241 0.2157
vn 0.9740 0.1621 -0.1585
vn 0.9994 0.0341 -0.0000
vn 0.0051 0.0539 0.9985
vn -0.9994 0.0341 -0.0000
vn -0.0051 0.0539 -0.9985
vn -0.0107 -0.9999 -0.0000
vn 0.0107 -0.9999 -0.0000
vn 0.0051 0.0539 -0.9985
vn -0.0005 0.0539 -0.9985
vn -0.0000 0.0538 -0.9986
vn 0.0005 0.0539 -0.9985
vn -0.0051 0.0539 0.9985
vn 0.0005 0.0539 0.9985
vn -0.0000 0.0538 0.9986
vn -0.0005 0.0539 0.9985
vn -0.0000 0.0523 0.9986
vn -0.0064 0.0525 0.9986
vn -0.0000 0.0523 -0.9986
vn 0.0064 0.0525 -0.9986
vn -0.0064 0.0525 -0.9986
vn -1.0000 -0.0099 -0.0000
vn 0.0064 0.0525 0.9986
vn 1.0000 -0.0099 -0.0000
vn -0.9996 0.0288 -0.0000
vn 0.9995 0.0317 -0.0000
vn -0.9995 0.0317 -0.0000
vn 0.9996 0.0288 -0.0000
vn -0.2432 0.9700 -0.0000
vn 0.2432 0.9700 -0.0000
vt 0.375000 0.000000
vt 0.625000 0.000000
vt 0.625000 0.250000
vt 0.375000 0.250000
vt 0.625000 0.500000
vt 0.375000 0.500000
vt 0.625000 0.750000
vt 0.375000 0.750000
vt 0.625000 1.000000
vt 0.375000 1.000000
vt 0.125000 0.500000
vt 0.125000 0.750000
vt 0.875000 0.500000
vt 0.875000 0.750000
vt 0.173734 0.463726
vt 0.174292 0.473993
vt 0.157356 0.473993
vt 0.157780 0.463727
vt 0.479543 0.423844
vt 0.479544 0.814460
vt 0.476890 0.814460
vt 0.476889 0.423844
vt 0.737752 0.423845
vt 0.737753 0.814460
vt 0.735099 0.814460
vt 0.735098 0.423845
vt 0.103432 0.455335
vt 0.104416 0.465601
vt 0.087073 0.465601
vt 0.087824 0.455335
vt 0.747443 0.423846
vt 0.747443 0.814460
vt 0.744789 0.814460
vt 0.744789 0.423846
vt -0.882161 0.506062
vt -0.879945 0.516328
vt -0.899037 0.516329
vt -0.895311 0.506062
vt 0.755301 0.423845
vt 0.755302 0.814460
vt 0.752648 0.814460
vt 0.752647 0.423845
vt -0.033992 0.455706
vt -0.032501 0.465972
vt -0.050341 0.465972
vt -0.049164 0.455706
vt 0.998061 0.423845
vt 0.998061 0.814461
vt 0.995407 0.814460
vt 0.995407 0.423845
vt -2.354877 0.538898
vt -2.352869 0.549167
vt -2.373783 0.549166
vt -2.365541 0.538896
vt 0.004594 0.423847
vt 0.004594 0.814460
vt 0.001940 0.814460
vt 0.001940 0.423847
vt 0.202708 0.476584
vt 0.202889 0.486850
vt 0.186301 0.486850
vt 0.186439 0.476584
vt 0.247352 0.423846
vt 0.247352 0.814460
vt 0.244698 0.814460
vt 0.244698 0.423846
vt -0.303198 0.470749
vt -0.301144 0.481016
vt -0.319589 0.481016
vt -0.317690 0.470749
vt 0.255211 0.423845
vt 0.255211 0.814460
vt 0.252557 0.814460
vt 0.252557 0.423845
vt 0.476985 0.816226
vt 0.479641 0.816247
vt 0.479798 0.817349
vt 0.479777 0.818524
vt 0.264901 0.423846
vt 0.264901 0.814460
vt 0.262247 0.814460
vt 0.262247 0.423846
vt -2.060516 0.319259
vt -2.052303 0.329525
vt -2.068726 0.329525
vt 0.523111 0.423844
vt 0.523110 0.814459
vt 0.520456 0.814459
vt 0.520457 0.423845
vt 0.750002 0.250609
vt 0.753746 0.249393
vt 0.756060 0.246208
vt 0.756060 0.242271
vt 0.753746 0.239085
vt 0.750002 0.237869
vt 0.746257 0.239085
vt 0.743943 0.242271
vt 0.743944 0.246207
vt 0.746258 0.249393
vt -0.440921 0.839287
vt -0.436719 0.849553
vt -0.457175 0.849553
vt -0.451349 0.839286
vt 0.441595 0.478182
vt 0.441839 0.488449
vt 0.425214 0.488449
vt 0.425289 0.478182
vt 0.418888 0.465862
vt 0.420281 0.476129
vt 0.402047 0.476128
vt 0.402476 0.465862
vt 0.150991 0.603580
vt 0.154793 0.613847
vt 0.134121 0.613847
vt 0.136754 0.603580
vt 0.318456 0.511635
vt 0.321575 0.521901
vt 0.301054 0.521901
vt 0.302335 0.511635
vt 0.434952 0.468956
vt 0.435717 0.479223
vt 0.418447 0.479223
vt 0.418682 0.468956
vt -1.943886 1.330463
vt -1.935684 1.340738
vt -1.952095 1.340731
vt 0.386437 0.475769
vt 0.388622 0.486035
vt 0.369197 0.486035
vt 0.369917 0.475769
vt 0.439829 0.478285
vt 0.440004 0.488552
vt 0.423552 0.488552
vt 0.423697 0.478285
vt 0.444715 0.514412
vt 0.445208 0.524678
vt 0.440715 0.524678
vt 0.441187 0.514412
vt 0.439621 0.469294
vt 0.440121 0.479560
vt 0.424442 0.479560
vt 0.424864 0.469294
vt 0.356797 1.611045
vt 0.365009 1.621315
vt 0.348583 1.621312
vt 0.440825 0.477089
vt 0.441618 0.487355
vt 0.431559 0.487355
vt 0.432279 0.477089
vt 0.485641 0.868182
vt 0.482312 0.878451
vt 0.495814 0.878450
vt 0.492525 0.868183
vt 0.439706 0.466545
vt 0.440443 0.476811
vt 0.426793 0.476812
vt 0.427435 0.466545
vt 0.455587 0.610792
vt 0.455045 0.621058
vt 0.458421 0.621059
vt 0.457912 0.610792
vt 1.209853 0.843464
vt 1.215725 0.853730
vt 1.195270 0.853730
vt 1.199426 0.843464
vt 0.443589 0.466106
vt 0.443997 0.476373
vt 0.425762 0.476372
vt 0.427175 0.466106
vt 0.662280 0.605134
vt 0.665004 0.615402
vt 0.644333 0.615402
vt 0.648044 0.605135
vt 0.429234 0.478222
vt 0.429303 0.488489
vt 0.412678 0.488489
vt 0.412928 0.478222
vt 0.518501 0.512401
vt 0.519820 0.522667
vt 0.499300 0.522667
vt 0.502380 0.512400
vt 0.433176 0.469084
vt 0.433394 0.479351
vt 0.416123 0.479351
vt 0.416906 0.469085
vt 2.652000 1.352032
vt 2.660215 1.362295
vt 2.643782 1.362295
vt 0.466274 0.476196
vt 0.466990 0.486462
vt 0.447565 0.486462
vt 0.449755 0.476196
vt 0.595195 0.477026
vt 0.595333 0.487293
vt 0.578746 0.487293
vt 0.578926 0.477026
vt 1.045671 0.478606
vt 1.047570 0.488873
vt 1.029126 0.488872
vt 1.031179 0.478606
vt 0.619558 0.465135
vt 0.619983 0.475402
vt 0.603046 0.475402
vt 0.603604 0.465135
vt 2.829697 0.381565
vt 2.837906 0.391832
vt 2.821480 0.391831
vt 0.801492 0.460260
vt 0.802668 0.470526
vt 0.784828 0.470526
vt 0.786320 0.460260
vt 3.026196 0.569164
vt 3.034700 0.579429
vt 3.013721 0.579429
vt 3.015507 0.569164
vt 0.680240 0.457996
vt 0.680990 0.468263
vt 0.663647 0.468263
vt 0.664631 0.457996
vt 1.590821 0.520625
vt 1.594550 0.530891
vt 1.575459 0.530891
vt 1.577675 0.520626
vt -2.615440 0.569157
vt -2.613664 0.579424
vt -2.634640 0.579423
vt -2.626133 0.569157
vt -0.264631 0.457997
vt -0.263646 0.468263
vt -0.280990 0.468263
vt -0.280239 0.457997
vt -1.177669 0.520622
vt -1.175459 0.530888
vt -1.194547 0.530888
vt -1.190817 0.520621
vt -0.178926 0.477026
vt -0.178745 0.487293
vt -0.195333 0.487293
vt -0.195195 0.477026
vt -0.631187 0.478611
vt -0.629133 0.488877
vt -0.647576 0.488876
vt -0.645678 0.478610
vt -0.203605 0.465136
vt -0.203046 0.475402
vt -0.219983 0.475402
vt -0.219558 0.465136
vt -2.429752 0.381579
vt -2.421543 0.391846
vt -2.437965 0.391846
vt -0.386319 0.460261
vt -0.384827 0.470527
vt -0.402667 0.470527
vt -0.401491 0.460261
vt -0.102380 0.512399
vt -0.099299 0.522666
vt -0.119819 0.522666
vt -0.118500 0.512399
vt -0.016907 0.469085
vt -0.016124 0.479351
vt -0.033394 0.479351
vt -0.033177 0.469085
vt -2.252140 1.352106
vt -2.243923 1.362368
vt -2.260345 1.362366
vt -0.049755 0.476195
vt -0.047565 0.486462
vt -0.066990 0.486461
vt -0.066275 0.476195
vt -0.799418 0.843461
vt -0.795263 0.853727
vt -0.815720 0.853728
vt -0.809847 0.843462
vt -0.027176 0.466107
vt -0.025762 0.476373
vt -0.043997 0.476373
vt -0.043589 0.466107
vt -0.248046 0.605139
vt -0.244335 0.615404
vt -0.265005 0.615404
vt -0.262281 0.605138
vt -0.012928 0.478222
vt -0.012678 0.488489
vt -0.029303 0.488489
vt -0.029234 0.478223
vt 0.972565 0.466546
vt 0.973207 0.476812
vt 0.959557 0.476812
vt 0.960294 0.466545
vt 0.942089 0.610792
vt 0.941580 0.621058
vt 0.944956 0.621059
vt 0.944413 0.610792
vt 0.976302 0.478285
vt 0.976448 0.488552
vt 0.959996 0.488551
vt 0.960171 0.478285
vt 0.958812 0.514411
vt 0.959283 0.524677
vt 0.954791 0.524678
vt 0.955283 0.514411
vt 0.975136 0.469294
vt 0.975558 0.479560
vt 0.959879 0.479560
vt 0.960379 0.469294
vt 1.043209 1.611033
vt 1.051423 1.621300
vt 1.034994 1.621300
vt 0.967721 0.477088
vt 0.968441 0.487355
vt 0.958382 0.487355
vt 0.959176 0.477088
vt 0.907470 0.868182
vt 0.904182 0.878449
vt 0.917685 0.878450
vt 0.914354 0.868182
vt 3.343916 1.330499
vt 3.352116 1.340761
vt 3.335691 1.340763
vt 1.030083 0.475769
vt 1.030803 0.486035
vt 1.011379 0.486035
vt 1.013564 0.475769
vt 1.851349 0.839287
vt 1.857174 0.849553
vt 1.836720 0.849553
vt 1.840923 0.839287
vt 0.997525 0.465862
vt 0.997953 0.476129
vt 0.979719 0.476129
vt 0.981112 0.465862
vt 1.263244 0.603581
vt 1.265877 0.613847
vt 1.245205 0.613847
vt 1.249008 0.603581
vt 0.974711 0.478183
vt 0.974786 0.488449
vt 0.958161 0.488449
vt 0.958405 0.478183
vt 1.097664 0.511634
vt 1.098946 0.521900
vt 1.078424 0.521900
vt 1.081543 0.511634
vt 0.981319 0.468957
vt 0.981553 0.479223
vt 0.964283 0.479223
vt 0.965049 0.468957
vt 2.295291 0.506060
vt 2.299018 0.516327
vt 2.279927 0.516327
vt 2.282143 0.506060
vt 1.213560 0.476584
vt 1.213698 0.486850
vt 1.197111 0.486850
vt 1.197292 0.476584
vt 1.717689 0.470748
vt 1.719586 0.481015
vt 1.701142 0.481015
vt 1.703197 0.470748
vt 1.242220 0.463726
vt 1.242645 0.473993
vt 1.225709 0.473993
vt 1.226267 0.463727
vt 3.460476 0.319254
vt 3.468693 0.329521
vt 3.452263 0.329520
vt 1.449159 0.455705
vt 1.450337 0.465972
vt 1.432499 0.465971
vt 1.433988 0.455704
vt 3.765522 0.538897
vt 3.773745 0.549163
vt 3.752821 0.549163
vt 3.754856 0.538896
vt 1.312177 0.455335
vt 1.312928 0.465601
vt 1.295584 0.465601
vt 1.296568 0.455335
vt 0.745613 0.974058
vt 0.747173 1.006069
vt 0.771327 1.071580
vt 0.770079 1.046627
vt 0.520358 0.816250
vt 0.523015 0.816228
vt 0.520223 0.818525
vt 0.520202 0.817352
vt 0.256626 0.939982
vt 0.259911 0.925891
vt 0.256947 0.914619
vt 0.255897 0.934728
vt 0.001925 0.815583
vt 0.004579 0.815587
vt -0.023251 0.829765
vt -0.023262 0.828507
vt 0.252558 0.814460
vt 0.255212 0.814460
vt 0.249539 0.824372
vt 0.249540 0.820271
vt 0.995420 0.815593
vt 0.998073 0.815588
vt 1.023263 0.828521
vt 1.023252 0.829778
vt 0.244697 0.814533
vt 0.247352 0.814534
vt 0.237689 0.827738
vt 0.237688 0.824422
vt 0.740004 0.925665
vt 0.743279 0.939728
vt 0.744014 0.934490
vt 0.742982 0.914428
vt 0.752648 0.814535
vt 0.755302 0.814533
vt 0.762310 0.824422
vt 0.762311 0.827737
vt 0.744789 0.814458
vt 0.747443 0.814458
vt 0.750461 0.820270
vt 0.750461 0.824371
vt 0.232327 0.820274
vt 0.232327 0.824374
vt 0.225902 0.814834
vt 0.228552 0.815055
vt 0.252682 1.006452
vt 0.254269 0.974369
vt 0.229746 1.047087
vt 0.228476 1.072099
vt -0.023380 0.828515
vt -0.023371 0.829779
vt -0.078852 0.831150
vt -0.078862 0.829887
vt 0.750461 0.824371
vt 0.750461 0.820270
vt 0.767671 0.820268
vt 0.767670 0.824369
vt 0.519997 0.818048
vt 0.520020 0.819203
vt 0.464567 0.820333
vt 0.464544 0.819164
vt 0.237686 0.824421
vt 0.237686 0.827737
vt 0.216416 0.827814
vt 0.216415 0.824498
vt 0.762313 0.827736
vt 0.762313 0.824420
vt 0.783582 0.824495
vt 0.783581 0.827811
vt 0.479977 0.819202
vt 0.480000 0.818047
vt 0.535440 0.819152
vt 0.535419 0.820320
vt 0.249539 0.820272
vt 0.249539 0.824373
vt 0.232327 0.824373
vt 0.232327 0.820272
vt 1.023374 0.829795
vt 1.023386 0.828533
vt 1.078889 0.829919
vt 1.078876 0.831178
vt 1.109478 0.819151
vt 1.106834 0.819061
vt 1.104958 0.800805
vt 1.107603 0.800895
vt 1.079008 0.831284
vt 1.079021 0.830035
vt 1.106835 0.819013
vt 1.109478 0.819101
vt 0.769338 1.031887
vt 0.770326 1.051546
vt 0.769407 1.003459
vt 0.767688 0.929875
vt 0.229492 1.052016
vt 0.230498 1.032311
vt 0.232239 0.930053
vt 0.230455 1.003812
vt -0.078998 0.830002
vt -0.078985 0.831252
vt -0.109457 0.819041
vt -0.106815 0.818954
vt 0.767670 0.824370
vt 0.767669 0.820268
vt 0.771444 0.815047
vt 0.774094 0.814825
vt 0.465434 0.823938
vt 0.465376 0.824736
vt 0.460429 0.824922
vt 0.462965 0.824361
vt 0.216412 0.824513
vt 0.216413 0.827825
vt 0.205817 0.814932
vt 0.208467 0.815084
vt 0.783584 0.827822
vt 0.783585 0.824509
vt 0.791528 0.815078
vt 0.794178 0.814925
vt 0.534616 0.824727
vt 0.534556 0.823927
vt 0.537025 0.824349
vt 0.539562 0.824909
vt 0.253746 0.244239
vt 0.250002 0.244239
vt 0.246258 0.244239
vt 0.243944 0.244239
vt 0.243944 0.244239
vt 0.246258 0.244239
vt 0.250002 0.244239
vt 0.253746 0.244239
vt 0.256060 0.244239
vt 0.256060 0.244239
vt 0.767707 0.930202
vt 0.769429 1.003862
vt 0.775868 1.144600
vt 0.774146 1.070947
vt 0.230431 1.004216
vt 0.232220 0.930381
vt 0.225654 1.071454
vt 0.223866 1.145283
vt -0.106812 0.819004
vt -0.109455 0.819095
vt -0.107578 0.800819
vt -0.104935 0.800727
vt 0.774094 0.814826
vt 0.771444 0.815047
vt 0.770750 0.795240
vt 0.773399 0.795018
vt 0.462945 0.824319
vt 0.460377 0.824729
vt 0.463268 0.812842
vt 0.465834 0.812424
vt 0.208467 0.815087
vt 0.205817 0.814935
vt 0.206664 0.795243
vt 0.209314 0.795394
vt 0.794178 0.814928
vt 0.791528 0.815080
vt 0.790680 0.795382
vt 0.793329 0.795231
vt 0.539614 0.824718
vt 0.537045 0.824307
vt 0.534137 0.812401
vt 0.536704 0.812819
vt 0.228553 0.815055
vt 0.225902 0.814834
vt 0.226597 0.795033
vt 0.229247 0.795255
vt 0.479069 0.510444
vt 0.479070 0.814460
vt 0.476416 0.814460
vt 0.476415 0.510444
vt 0.737710 0.510445
vt 0.737710 0.814460
vt 0.735056 0.814460
vt 0.735055 0.510445
vt 0.747443 0.510446
vt 0.744789 0.510446
vt 0.755344 0.510445
vt 0.755345 0.814460
vt 0.752690 0.814460
vt 0.752690 0.510445
vt 0.998535 0.510445
vt 0.998535 0.814461
vt 0.995881 0.814460
vt 0.995881 0.510445
vt 0.005068 0.510447
vt 0.005068 0.814460
vt 0.002414 0.814460
vt 0.002414 0.510447
vt 0.247395 0.510446
vt 0.247395 0.814460
vt 0.244741 0.814460
vt 0.244741 0.510446
vt 0.255211 0.510445
vt 0.252557 0.510445
vt 0.476287 0.818225
vt 0.478943 0.818246
vt 0.479100 0.819349
vt 0.479079 0.820523
vt 0.264859 0.510446
vt 0.264858 0.814460
vt 0.262204 0.814460
vt 0.262204 0.510446
vt 0.522637 0.510445
vt 0.522636 0.814459
vt 0.519982 0.814459
vt 0.519983 0.510445
vt 0.941750 0.250609
vt 0.945492 0.249393
vt 0.947809 0.246208
vt 0.947810 0.242271
vt 0.945495 0.239086
vt 0.941752 0.237869
vt 0.938004 0.239085
vt 0.935694 0.242271
vt 0.935691 0.246207
vt 0.938007 0.249393
vt 0.745168 0.964913
vt 0.746723 0.996848
vt 0.770967 1.064393
vt 0.769716 1.039364
vt 0.519660 0.814252
vt 0.522317 0.814230
vt 0.519525 0.816528
vt 0.519504 0.815354
vt 0.256329 0.944695
vt 0.259623 0.930409
vt 0.256627 0.919842
vt 0.255595 0.939556
vt 0.002425 0.819186
vt 0.005078 0.819191
vt -0.022755 0.833393
vt -0.022765 0.832136
vt 0.995919 0.811989
vt 0.998572 0.811984
vt 1.023762 0.824896
vt 1.023751 0.826152
vt 0.244743 0.815437
vt 0.247397 0.815439
vt 0.237734 0.828643
vt 0.237733 0.825328
vt 0.739716 0.921053
vt 0.742999 0.935306
vt 0.743698 0.929269
vt 0.742680 0.909531
vt 0.752693 0.813630
vt 0.755347 0.813629
vt 0.762355 0.823516
vt 0.762355 0.826832
vt 0.252228 1.015618
vt 0.253812 0.983611
vt 0.229380 1.054292
vt 0.228107 1.079379
vt -0.023351 0.832327
vt -0.023341 0.833590
vt -0.078822 0.834959
vt -0.078832 0.833697
vt 0.519927 0.814560
vt 0.519950 0.815717
vt 0.464498 0.816809
vt 0.464475 0.815642
vt 0.237686 0.825377
vt 0.237687 0.828693
vt 0.216416 0.828770
vt 0.216416 0.825454
vt 0.762313 0.826781
vt 0.762313 0.823464
vt 0.783582 0.823540
vt 0.783581 0.826856
vt 0.479906 0.822688
vt 0.479929 0.821532
vt 0.535374 0.822675
vt 0.535352 0.823843
vt 1.023408 0.825989
vt 1.023420 0.824727
vt 1.078929 0.826121
vt 1.078916 0.827380
vt 1.109002 0.819323
vt 1.106358 0.819233
vt 1.104482 0.800977
vt 1.107127 0.801067
vt 1.078595 0.827379
vt 1.078608 0.826133
vt 1.106433 0.815177
vt 1.109076 0.815269
vt 0.768995 1.024462
vt 0.769978 1.044026
vt 0.769080 0.996325
vt 0.767358 0.922681
vt 0.229143 1.059447
vt 0.230143 1.039848
vt 0.231905 0.937215
vt 0.230116 1.011058
vt -0.079413 0.833910
vt -0.079400 0.835158
vt -0.109858 0.822882
vt -0.107215 0.822793
vt 0.466006 0.820886
vt 0.465937 0.821631
vt 0.461029 0.822007
vt 0.463548 0.821360
vt 0.216369 0.825507
vt 0.216370 0.828820
vt 0.205774 0.815925
vt 0.208424 0.816077
vt 0.783541 0.826827
vt 0.783542 0.823515
vt 0.791485 0.814085
vt 0.794135 0.813933
vt 0.535192 0.827793
vt 0.535122 0.827042
vt 0.537622 0.827322
vt 0.540161 0.827872
vt 0.445494 0.244241
vt 0.441750 0.244241
vt 0.438006 0.244241
vt 0.435692 0.244241
vt 0.435691 0.244240
vt 0.438006 0.244241
vt 0.441749 0.244240
vt 0.445494 0.244240
vt 0.447807 0.244240
vt 0.447807 0.244241
vt 0.767694 0.929299
vt 0.769416 1.002958
vt 0.775854 1.143697
vt 0.774133 1.070044
vt 0.230417 1.005121
vt 0.232206 0.931286
vt 0.225640 1.072359
vt 0.223852 1.146188
vt -0.107288 0.818831
vt -0.109931 0.818923
vt -0.108054 0.800647
vt -0.105411 0.800555
vt 0.463396 0.824365
vt 0.460828 0.824776
vt 0.463719 0.812887
vt 0.466285 0.812469
vt 0.208424 0.815036
vt 0.205774 0.814885
vt 0.206621 0.795192
vt 0.209271 0.795343
vt 0.794135 0.814979
vt 0.791485 0.815131
vt 0.790637 0.795433
vt 0.793286 0.795282
vt 0.540065 0.824671
vt 0.537497 0.824260
vt 0.534587 0.812355
vt 0.537155 0.812773
vt 0.486520 0.121064
vt 0.500996 0.120300
vt 0.500996 0.129700
vt 0.486520 0.128936
vt 0.486520 0.387188
vt 0.500996 0.387188
vt 0.500996 0.392063
vt 0.486520 0.392063
vt 0.486520 0.621064
vt 0.500996 0.620300
vt 0.500996 0.629700
vt 0.486520 0.628936
vt 0.486520 0.887187
vt 0.500996 0.887187
vt 0.500996 0.892062
vt 0.486520 0.892062
vt 0.262188 0.623237
vt 0.267063 0.623237
vt 0.267063 0.626763
vt 0.262188 0.626763
vt 0.762187 0.620300
vt 0.767062 0.620300
vt 0.767062 0.629700
vt 0.762187 0.629700
vt 0.732938 0.620300
vt 0.737812 0.620300
vt 0.737812 0.629700
vt 0.732937 0.629700
vt 0.742687 0.620300
vt 0.742687 0.629700
vt 0.747562 0.620300
vt 0.747562 0.629700
vt 0.752437 0.620300
vt 0.752437 0.629700
vt 0.757312 0.620300
vt 0.757312 0.629700
vt 0.232938 0.623237
vt 0.237813 0.623237
vt 0.237813 0.626763
vt 0.232938 0.626763
vt 0.242688 0.623237
vt 0.247563 0.623237
vt 0.247563 0.626763
vt 0.242688 0.626763
vt 0.252438 0.623237
vt 0.257313 0.623237
vt 0.257313 0.626763
vt 0.252438 0.626763
vt 0.486520 0.857938
vt 0.500996 0.857937
vt 0.500996 0.862812
vt 0.486520 0.862812
vt 0.500996 0.862812
vt 0.500996 0.867687
vt 0.486520 0.867687
vt 0.500996 0.867687
vt 0.500996 0.872562
vt 0.486520 0.872562
vt 0.500996 0.877437
vt 0.486520 0.877437
vt 0.500996 0.877437
vt 0.500996 0.882312
vt 0.486520 0.882312
vt 0.500996 0.882312
vt 0.500996 0.887187
vt 0.486520 0.357938
vt 0.500996 0.357938
vt 0.500996 0.362813
vt 0.486520 0.362813
vt 0.500996 0.362813
vt 0.500996 0.367688
vt 0.486520 0.367688
vt 0.500996 0.367688
vt 0.500996 0.372563
vt 0.486520 0.372563
vt 0.500996 0.372563
vt 0.500996 0.377438
vt 0.486520 0.377438
vt 0.500996 0.377438
vt 0.500996 0.382313
vt 0.486519 0.382313
vt 0.500996 0.382313
vt 0.500996 0.387188
vt 0.445318 0.377438
vt 0.445318 0.382313
vt 0.445318 0.367688
vt 0.445318 0.372563
vt 0.445318 0.357938
vt 0.445318 0.362813
vt 0.445318 0.877437
vt 0.445318 0.882312
vt 0.445318 0.867687
vt 0.445318 0.872562
vt 0.445318 0.857938
vt 0.445318 0.862812
vt 0.445318 0.887187
vt 0.445318 0.892062
vt 0.445318 0.623237
vt 0.445318 0.626763
vt 0.445318 0.387188
vt 0.445318 0.392063
vt 0.445318 0.123237
vt 0.445318 0.126763
vt 0.000000 0.000000
s 0
usemtl wood_hanger
f 5639/13651/1512 5640/13652/1512 5642/13653/1512 5641/13654/1512
f 5641/13654/1513 5642/13653/1513 5646/13655/1513 5645/13656/1513
f 5645/13656/1514 5646/13655/1514 5644/13657/1514 5643/13658/1514
f 5643/13658/1515 5644/13657/1515 5640/13659/1515 5639/13660/1515
f 5641/13661/1516 5645/13656/1516 5643/13658/1516 5639/13662/1516
f 5646/13655/1517 5642/13663/1517 5640/13664/1517 5644/13657/1517
s 1
f 5744/13665/1518 5743/13666/1519 5671/13667/1520 5672/13668/1521
f 5647/13669/1522 5648/13670/1523 5650/13671/1524 5649/13672/1525
f 5649/13673/1525 5650/13674/1524 5652/13675/1526 5651/13676/1527
f 5745/13677/1528 5744/13678/1518 5672/13679/1521 5673/13680/1529
f 5651/13681/1527 5652/13682/1526 5654/13683/1530 5653/13684/1531
f 5746/13685/1532 5668/13686/1533 5675/13687/1534 5676/13688/1535
f 5653/13689/1531 5654/13690/1530 5656/13691/1536 5655/13692/1537
f 5667/13693/1538 5745/13694/1528 5673/13695/1529 5674/13696/1539
f 5655/13697/1537 5656/13698/1536 5658/13699/1540 5657/13700/1541
f 5747/13701/1542 5746/13702/1532 5676/13703/1535 5677/13704/1543
f 5657/13705/1541 5658/13706/1540 5660/13707/1544 5659/13708/1545
f 5743/13709/1519 5742/13710/1546 5670/13711/1547 5671/13712/1520
f 5659/13713/1545 5660/13714/1544 5662/13715/1548 5661/13716/1549
f 5668/13717/1533 5667/13718/1538 5674/13719/1539 5675/13720/1534
f 5661/13721/1549 5662/13722/1548 5664/13723/1550 5663/13724/1551
f 5650/13725/1524 5648/13726/1523 5749/13727/1552 5748/13728/1553
f 5663/13729/1551 5664/13730/1550 5666/13731/1554 5665/13732/1555
f 5669/13733/1516 5747/13734/1542 5677/13735/1543
f 5665/13736/1555 5666/13737/1554 5648/13738/1523 5647/13739/1522
f 5647/13740/1522 5649/13741/1525 5651/13742/1527 5653/13743/1531 5655/13744/1537 5657/13745/1541 5659/13746/1545 5661/13747/1549 5663/13748/1551 5665/13749/1555
f 5677/13750/1543 5676/13751/1535 5684/13752/1556 5685/13753/1557
f 5671/13754/1520 5670/13755/1547 5678/13756/1558 5679/13757/1559
f 5673/13758/1529 5672/13759/1521 5680/13760/1560 5681/13761/1561
f 5676/13762/1535 5675/13763/1534 5683/13764/1562 5684/13765/1556
f 5675/13766/1534 5674/13767/1539 5682/13768/1563 5683/13769/1562
f 5672/13770/1521 5671/13771/1520 5679/13772/1559 5680/13773/1560
f 5669/13774/1516 5677/13775/1543 5685/13776/1557
f 5674/13777/1539 5673/13778/1529 5681/13779/1561 5682/13780/1563
f 5679/13781/1559 5678/13782/1558 5686/13783/1564 5687/13784/1565
f 5683/13785/1562 5682/13786/1563 5690/13787/1566 5691/13788/1567
f 5680/13789/1560 5679/13790/1559 5687/13791/1565 5688/13792/1568
f 5669/13793/1516 5685/13794/1557 5693/13795/1569
f 5682/13796/1563 5681/13797/1561 5689/13798/1570 5690/13799/1566
f 5685/13800/1557 5684/13801/1556 5692/13802/1571 5693/13803/1569
f 5681/13804/1561 5680/13805/1560 5688/13806/1568 5689/13807/1570
f 5684/13808/1556 5683/13809/1562 5691/13810/1567 5692/13811/1571
f 5693/13812/1569 5692/13813/1571 5700/13814/1572 5701/13815/1573
f 5689/13816/1570 5688/13817/1568 5696/13818/1574 5697/13819/1575
f 5692/13820/1571 5691/13821/1567 5699/13822/1576 5700/13823/1572
f 5687/13824/1565 5686/13825/1564 5694/13826/1577 5695/13827/1578
f 5691/13828/1567 5690/13829/1566 5698/13830/1579 5699/13831/1576
f 5688/13832/1568 5687/13833/1565 5695/13834/1578 5696/13835/1574
f 5669/13836/1516 5693/13837/1569 5701/13838/1573
f 5690/13839/1566 5689/13840/1570 5697/13841/1575 5698/13842/1579
f 5695/13843/1578 5694/13844/1577 5702/13845/1580 5703/13846/1581
f 5699/13847/1576 5698/13848/1579 5706/13849/1582 5707/13850/1583
f 5696/13851/1574 5695/13852/1578 5703/13853/1581 5704/13854/1584
f 5669/13855/1516 5701/13856/1573 5709/13857/1585
f 5698/13858/1579 5697/13859/1575 5705/13860/1586 5706/13861/1582
f 5701/13862/1573 5700/13863/1572 5708/13864/1587 5709/13865/1585
f 5697/13866/1575 5696/13867/1574 5704/13868/1584 5705/13869/1586
f 5700/13870/1572 5699/13871/1576 5707/13872/1583 5708/13873/1587
f 5709/13874/1585 5708/13875/1587 5716/13876/1588 5717/13877/1589
f 5705/13878/1586 5704/13879/1584 5712/13880/1590 5713/13881/1591
f 5708/13882/1587 5707/13883/1583 5715/13884/1592 5716/13885/1588
f 5703/13886/1581 5702/13887/1580 5710/13888/1593 5711/13889/1594
f 5707/13890/1583 5706/13891/1582 5714/13892/1595 5715/13893/1592
f 5704/13894/1584 5703/13895/1581 5711/13896/1594 5712/13897/1590
f 5669/13898/1516 5709/13899/1585 5717/13900/1589
f 5706/13901/1582 5705/13902/1586 5713/13903/1591 5714/13904/1595
f 5715/13905/1592 5714/13906/1595 5722/13907/1596 5723/13908/1597
f 5712/13909/1590 5711/13910/1594 5719/13911/1598 5720/13912/1599
f 5669/13913/1516 5717/13914/1589 5725/13915/1600
f 5714/13916/1595 5713/13917/1591 5721/13918/1601 5722/13919/1596
f 5717/13920/1589 5716/13921/1588 5724/13922/1602 5725/13923/1600
f 5713/13924/1591 5712/13925/1590 5720/13926/1599 5721/13927/1601
f 5716/13928/1588 5715/13929/1592 5723/13930/1597 5724/13931/1602
f 5711/13932/1594 5710/13933/1593 5718/13934/1603 5719/13935/1598
f 5721/13936/1601 5720/13937/1599 5728/13938/1604 5729/13939/1605
f 5724/13940/1602 5723/13941/1597 5731/13942/1606 5732/13943/1607
f 5719/13944/1598 5718/13945/1603 5726/13946/1608 5727/13947/1609
f 5723/13948/1597 5722/13949/1596 5730/13950/1610 5731/13951/1606
f 5720/13952/1599 5719/13953/1598 5727/13954/1609 5728/13955/1604
f 5669/13956/1516 5725/13957/1600 5733/13958/1611
f 5722/13959/1596 5721/13960/1601 5729/13961/1605 5730/13962/1610
f 5725/13963/1600 5724/13964/1602 5732/13965/1607 5733/13966/1611
f 5669/13967/1516 5733/13968/1611 5741/13969/1612
f 5730/13970/1610 5729/13971/1605 5737/13972/1613 5738/13973/1614
f 5733/13974/1611 5732/13975/1607 5740/13976/1615 5741/13977/1612
f 5729/13978/1605 5728/13979/1604 5736/13980/1616 5737/13981/1613
f 5732/13982/1607 5731/13983/1606 5739/13984/1617 5740/13985/1615
f 5727/13986/1609 5726/13987/1608 5734/13988/1618 5735/13989/1619
f 5731/13990/1606 5730/13991/1610 5738/13992/1614 5739/13993/1617
f 5728/13994/1604 5727/13995/1609 5735/13996/1619 5736/13997/1616
f 5740/13998/1615 5739/13999/1617 5668/14000/1533 5746/14001/1532
f 5735/14002/1619 5734/14003/1618 5742/14004/1546 5743/14005/1519
f 5739/14006/1617 5738/14007/1614 5667/14008/1538 5668/14009/1533
f 5736/14010/1616 5735/14011/1619 5743/14012/1519 5744/14013/1518
f 5669/14014/1516 5741/14015/1612 5747/14016/1542
f 5738/14017/1614 5737/14018/1613 5745/14019/1528 5667/14020/1538
f 5741/14021/1612 5740/14022/1615 5746/14023/1532 5747/14024/1542
f 5737/14025/1613 5736/14026/1616 5744/14027/1518 5745/14028/1528
f 5750/14029/1620 5748/14030/1553 5758/14031/1621 5760/14032/1622
f 5648/14033/1523 5666/14034/1554 5757/14035/1623 5749/14036/1552
f 5666/14037/1554 5664/14038/1550 5756/14039/1624 5757/14040/1623
f 5660/14041/1544 5658/14042/1540 5753/14043/1625 5754/14044/1626
f 5664/14045/1550 5662/14046/1548 5755/14047/1627 5756/14048/1624
f 5658/14049/1540 5656/14050/1536 5752/14051/1628 5753/14052/1625
f 5662/14053/1548 5660/14054/1544 5754/14055/1626 5755/14056/1627
f 5652/14057/1526 5650/14058/1524 5748/14059/1553 5750/14060/1620
f 5656/14061/1536 5654/14062/1530 5751/14063/1629 5752/14064/1628
f 5654/14065/1530 5652/14066/1526 5750/14067/1620 5751/14068/1629
f 5766/14069/1630 5765/14070/1631 5775/14071/1632 5776/14072/1633
f 5757/14073/1623 5756/14074/1624 5766/14075/1630 5767/14076/1634
f 5754/14077/1626 5753/14078/1625 5763/14079/1635 5764/14080/1636
f 5751/14081/1629 5750/14082/1620 5760/14083/1622 5761/14084/1637
f 5749/14085/1552 5757/14086/1623 5767/14087/1634 5759/14088/1638
f 5755/14089/1627 5754/14090/1626 5764/14091/1636 5765/14092/1631
f 5752/14093/1628 5751/14094/1629 5761/14095/1637 5762/14096/1639
f 5748/14097/1553 5749/14098/1552 5759/14099/1638 5758/14100/1621
f 5756/14101/1624 5755/14102/1627 5765/14103/1631 5766/14104/1630
f 5753/14105/1625 5752/14106/1628 5762/14107/1639 5763/14108/1635
f 5773/14109/1640 5772/14110/1641 5782/14111/1642 5783/14112/1643
f 5763/14113/1635 5762/14114/1639 5772/14115/1641 5773/14116/1640
f 5760/14117/1622 5758/14118/1621 5768/14119/1644 5770/14120/1645
f 5767/14121/1634 5766/14122/1630 5776/14123/1633 5777/14124/1646
f 5764/14125/1636 5763/14126/1635 5773/14127/1640 5774/14128/1647
f 5761/14129/1637 5760/14130/1622 5770/14131/1645 5771/14132/1648
f 5759/14133/1638 5767/14134/1634 5777/14135/1646 5769/14136/1649
f 5765/14137/1631 5764/14138/1636 5774/14139/1647 5775/14140/1632
f 5762/14141/1639 5761/14142/1637 5771/14143/1648 5772/14144/1641
f 5758/14145/1621 5759/14146/1638 5769/14147/1649 5768/14148/1644
f 5778/14149/1650 5779/14150/1651 5787/14151/1652 5786/14152/1653 5785/14153/1654 5784/14154/1655 5783/14155/1643 5782/14156/1642 5781/14157/1656 5780/14158/1657
f 5770/14159/1645 5768/14160/1644 5778/14161/1650 5780/14162/1657
f 5777/14163/1646 5776/14164/1633 5786/14165/1653 5787/14166/1652
f 5774/14167/1647 5773/14168/1640 5783/14169/1643 5784/14170/1655
f 5771/14171/1648 5770/14172/1645 5780/14173/1657 5781/14174/1656
f 5769/14175/1649 5777/14176/1646 5787/14177/1652 5779/14178/1651
f 5775/14179/1632 5774/14180/1647 5784/14181/1655 5785/14182/1654
f 5772/14183/1641 5771/14184/1648 5781/14185/1656 5782/14186/1642
f 5768/14187/1644 5769/14188/1649 5779/14189/1651 5778/14190/1650
f 5776/14191/1633 5775/14192/1632 5785/14193/1654 5786/14194/1653
f 5788/14195/1522 5789/14196/1523 5791/14197/1524 5790/14198/1525
f 5790/14199/1525 5791/14200/1524 5793/14201/1526 5792/14202/1527
f 5792/14203/1527 5793/13682/1526 5795/13683/1530 5794/14204/1531
f 5794/14205/1531 5795/14206/1530 5797/14207/1536 5796/14208/1537
f 5796/14209/1537 5797/14210/1536 5799/14211/1540 5798/14212/1541
f 5798/14213/1541 5799/14214/1540 5801/14215/1544 5800/14216/1545
f 5800/14217/1545 5801/14218/1544 5803/14219/1548 5802/14220/1549
f 5802/14221/1549 5803/13722/1548 5805/13723/1550 5804/14222/1551
f 5791/14223/1524 5789/14224/1523 5809/14225/1552 5808/14226/1658
f 5804/14227/1551 5805/14228/1550 5807/14229/1554 5806/14230/1555
f 5806/14231/1555 5807/14232/1554 5789/14233/1523 5788/14234/1522
f 5788/14235/1522 5790/14236/1525 5792/14237/1527 5794/14238/1531 5796/14239/1537 5798/14240/1541 5800/14241/1545 5802/14242/1549 5804/14243/1551 5806/14244/1555
f 5810/14245/1620 5808/14246/1658 5818/14247/1621 5820/14248/1622
f 5789/14249/1523 5807/14250/1554 5817/14251/1623 5809/14252/1552
f 5807/14253/1554 5805/14254/1550 5816/14255/1624 5817/14256/1623
f 5801/14257/1544 5799/14258/1540 5813/14259/1625 5814/14260/1626
f 5805/14045/1550 5803/14046/1548 5815/14047/1627 5816/14048/1624
f 5799/14261/1540 5797/14262/1536 5812/14263/1628 5813/14264/1625
f 5803/14265/1548 5801/14266/1544 5814/14267/1626 5815/14268/1627
f 5793/14269/1526 5791/14270/1524 5808/14271/1658 5810/14272/1620
f 5797/14273/1536 5795/14274/1530 5811/14275/1629 5812/14276/1628
f 5795/14065/1530 5793/14066/1526 5810/14067/1620 5811/14068/1629
f 5826/14069/1630 5825/14070/1631 5835/14071/1632 5836/14072/1633
f 5817/14277/1623 5816/14278/1624 5826/14279/1630 5827/14280/1634
f 5814/14281/1626 5813/14282/1625 5823/14283/1635 5824/14284/1636
f 5811/14081/1629 5810/14082/1620 5820/14083/1622 5821/14084/1637
f 5809/14285/1552 5817/14286/1623 5827/14287/1634 5819/14288/1659
f 5815/14289/1627 5814/14290/1626 5824/14291/1636 5825/14292/1631
f 5812/14293/1628 5811/14294/1629 5821/14295/1637 5822/14296/1639
f 5808/14297/1658 5809/14298/1552 5819/14299/1659 5818/14300/1621
f 5816/14101/1624 5815/14102/1627 5825/14103/1631 5826/14104/1630
f 5813/14301/1625 5812/14302/1628 5822/14303/1639 5823/14304/1635
f 5833/14305/1640 5832/14306/1641 5842/14307/1642 5843/14308/1643
f 5823/14309/1635 5822/14310/1639 5832/14311/1641 5833/14312/1640
f 5820/14313/1622 5818/14314/1621 5828/14315/1644 5830/14316/1645
f 5827/14317/1634 5826/14318/1630 5836/14319/1633 5837/14320/1646
f 5824/14321/1636 5823/14322/1635 5833/14323/1640 5834/14324/1647
f 5821/14129/1637 5820/14130/1622 5830/14131/1645 5831/14132/1648
f 5819/14325/1659 5827/14326/1634 5837/14327/1646 5829/14328/1649
f 5825/14329/1631 5824/14330/1636 5834/14331/1647 5835/14332/1632
f 5822/14333/1639 5821/14334/1637 5831/14335/1648 5832/14336/1641
f 5818/14337/1621 5819/14338/1659 5829/14339/1649 5828/14340/1644
f 5838/14341/1650 5839/14342/1651 5847/14343/1652 5846/14344/1653 5845/14345/1654 5844/14346/1655 5843/14347/1643 5842/14348/1642 5841/14349/1656 5840/14350/1657
f 5830/14351/1645 5828/14352/1644 5838/14353/1650 5840/14354/1657
f 5837/14355/1646 5836/14356/1633 5846/14357/1653 5847/14358/1652
f 5834/14359/1647 5833/14360/1640 5843/14361/1643 5844/14362/1655
f 5831/14171/1648 5830/14172/1645 5840/14173/1657 5841/14174/1656
f 5829/14363/1649 5837/14364/1646 5847/14365/1652 5839/14366/1651
f 5835/14367/1632 5834/14368/1647 5844/14369/1655 5845/14370/1654
f 5832/14371/1641 5831/14372/1648 5841/14373/1656 5842/14374/1642
f 5828/14375/1644 5829/14376/1649 5839/14377/1651 5838/14378/1650
f 5836/14191/1633 5835/14192/1632 5845/14193/1654 5846/14194/1653
s 0
f 5880/14379/1512 5849/14380/1512 5851/14381/1512 5881/14382/1512
f 5895/14383/1660 5867/14384/1660 5855/14385/1660 5882/14386/1660
f 5882/14387/1514 5855/14388/1514 5853/14389/1514 5883/14390/1514
f 5889/14391/1661 5879/14392/1661 5849/14393/1661 5880/14394/1661
f 5856/14395/1516 5854/14396/1516 5852/14397/1516 5873/14398/1516
f 5862/14399/1517 5851/14400/1517 5849/14401/1517 5879/14402/1517
f 5855/14403/1517 5867/14404/1517 5874/14405/1517 5853/14406/1517
f 5867/14404/1517 5866/14407/1517 5875/14408/1517 5874/14405/1517
f 5866/14407/1517 5865/14409/1517 5876/14410/1517 5875/14408/1517
f 5865/14409/1517 5864/14411/1517 5877/14412/1517 5876/14410/1517
f 5864/14411/1517 5863/14413/1517 5878/14414/1517 5877/14412/1517
f 5863/14413/1517 5862/14399/1517 5879/14402/1517 5878/14414/1517
f 5850/14415/1516 5861/14416/1516 5868/14417/1516 5848/14418/1516
f 5860/14419/1516 5859/14420/1516 5870/14421/1516 5869/14422/1516
f 5858/14423/1516 5857/14424/1516 5872/14425/1516 5871/14426/1516
f 5883/14427/1661 5853/14428/1661 5874/14429/1661 5884/14430/1661
f 5884/14430/1661 5874/14431/1661 5875/14432/1661 5885/14433/1661
f 5885/14433/1661 5875/14434/1661 5876/14435/1661 5886/14436/1661
f 5886/14436/1661 5876/14435/1661 5877/14437/1661 5887/14438/1661
f 5887/14438/1661 5877/14439/1661 5878/14440/1661 5888/14441/1661
f 5888/14441/1661 5878/14442/1661 5879/14443/1661 5889/14391/1661
f 5881/14444/1660 5851/14445/1660 5862/14446/1660 5890/14447/1660
f 5890/14447/1660 5862/14448/1660 5863/14449/1660 5891/14450/1660
f 5891/14450/1660 5863/14451/1660 5864/14452/1660 5892/14453/1660
f 5892/14453/1660 5864/14454/1660 5865/14455/1660 5893/14456/1660
f 5893/14456/1660 5865/14457/1660 5866/14458/1660 5894/14459/1660
f 5894/14459/1660 5866/14460/1660 5867/14461/1660 5895/14383/1660
f 5858/14462/1660 5893/14456/1660 5894/14459/1660 5857/14463/1660
f 5860/14464/1660 5891/14450/1660 5892/14453/1660 5859/14465/1660
f 5850/14466/1660 5881/14444/1660 5890/14447/1660 5861/14467/1660
f 5870/14468/1661 5887/14438/1661 5888/14441/1661 5869/14469/1661
f 5872/14470/1661 5885/14433/1661 5886/14436/1661 5871/14471/1661
f 5852/14472/1661 5883/14427/1661 5884/14430/1661 5873/14473/1661
f 5868/14474/1661 5889/14391/1661 5880/14394/1661 5848/14475/1661
f 5854/14476/1514 5882/14387/1514 5883/14390/1514 5852/14477/1514
f 5856/14478/1660 5895/14383/1660 5882/14386/1660 5854/14479/1660
f 5848/14480/1512 5880/14379/1512 5881/14382/1512 5850/14481/1512
f 5893/14482/1516 5894/14482/1516 5895/14482/1516 5884/14482/1516 5885/14482/1516 5886/14482/1516 5887/14482/1516 5888/14482/1516 5889/14482/1516 5890/14482/1516 5891/14482/1516 5892/14482/1516
f 5868/14474/1514 5861/14467/1514 5890/14482/1514 5889/14391/1514
f 5860/14464/1512 5869/14469/1512 5888/14441/1512 5891/14450/1512
f 5859/14465/1514 5892/14453/1514 5887/14438/1514 5870/14468/1514
f 5858/14462/1512 5871/14471/1512 5886/14436/1512 5893/14456/1512
f 5857/14463/1514 5894/14459/1514 5885/14433/1514 5872/14470/1514
f 5873/14473/1512 5884/14430/1512 5895/14482/1512 5856/14478/1512
f 5896/13651/1514 5898/13654/1514 5899/13653/1514 5897/13652/1514
f 5898/13654/1515 5902/13656/1515 5903/13655/1515 5899/13653/1515
f 5902/13656/1512 5900/13658/1512 5901/13657/1512 5903/13655/1512
f 5900/13658/1513 5896/13660/1513 5897/13659/1513 5901/13657/1513
f 5898/13661/1517 5896/13662/1517 5900/13658/1517 5902/13656/1517
f 5903/13655/1516 5901/13657/1516 5897/13664/1516 5899/13663/1516
s 1
f 6001/13665/1662 5929/13668/1663 5928/13667/1664 6000/13666/1665
f 5904/13669/1666 5906/13672/1667 5907/13671/1668 5905/13670/1669
f 5906/13673/1667 5908/13676/1670 5909/13675/1671 5907/13674/1668
f 6002/13677/1672 5930/13680/1673 5929/13679/1663 6001/13678/1662
f 5908/13681/1670 5910/13684/1674 5911/13683/1675 5909/13682/1671
f 6003/13685/1676 5933/13688/1677 5932/13687/1678 5925/13686/1679
f 5910/13689/1674 5912/13692/1680 5913/13691/1681 5911/13690/1675
f 5924/13693/1682 5931/13696/1683 5930/13695/1673 6002/13694/1672
f 5912/13697/1680 5914/13700/1684 5915/13699/1685 5913/13698/1681
f 6004/13701/1686 5934/13704/1687 5933/13703/1677 6003/13702/1676
f 5914/13705/1684 5916/13708/1688 5917/13707/1689 5915/13706/1685
f 6000/13709/1665 5928/13712/1664 5927/13711/1690 5999/13710/1691
f 5916/13713/1688 5918/13716/1692 5919/13715/1693 5917/13714/1689
f 5925/13717/1679 5932/13720/1678 5931/13719/1683 5924/13718/1682
f 5918/13721/1692 5920/13724/1694 5921/13723/1695 5919/13722/1693
f 5907/13725/1668 6005/13728/1696 6006/13727/1697 5905/13726/1669
f 5920/13729/1694 5922/13732/1698 5923/13731/1699 5921/13730/1695
f 5926/13733/1517 5934/13735/1687 6004/13734/1686
f 5922/13736/1698 5904/13739/1666 5905/13738/1669 5923/13737/1699
f 5904/13740/1666 5922/13749/1698 5920/13748/1694 5918/13747/1692 5916/13746/1688 5914/13745/1684 5912/13744/1680 5910/13743/1674 5908/13742/1670 5906/13741/1667
f 5934/13750/1687 5942/13753/1700 5941/13752/1701 5933/13751/1677
f 5928/13754/1664 5936/13757/1702 5935/13756/1703 5927/13755/1690
f 5930/13758/1673 5938/13761/1704 5937/13760/1705 5929/13759/1663
f 5933/13762/1677 5941/13765/1701 5940/13764/1706 5932/13763/1678
f 5932/13766/1678 5940/13769/1706 5939/13768/1707 5931/13767/1683
f 5929/13770/1663 5937/13773/1705 5936/13772/1702 5928/13771/1664
f 5926/13774/1517 5942/13776/1700 5934/13775/1687
f 5931/13777/1683 5939/13780/1707 5938/13779/1704 5930/13778/1673
f 5936/13781/1702 5944/13784/1708 5943/13783/1709 5935/13782/1703
f 5940/13785/1706 5948/13788/1710 5947/13787/1711 5939/13786/1707
f 5937/13789/1705 5945/13792/1712 5944/13791/1708 5936/13790/1702
f 5926/13793/1517 5950/13795/1713 5942/13794/1700
f 5939/13796/1707 5947/13799/1711 5946/13798/1714 5938/13797/1704
f 5942/13800/1700 5950/13803/1713 5949/13802/1715 5941/13801/1701
f 5938/13804/1704 5946/13807/1714 5945/13806/1712 5937/13805/1705
f 5941/13808/1701 5949/13811/1715 5948/13810/1710 5940/13809/1706
f 5950/13812/1713 5958/13815/1716 5957/13814/1717 5949/13813/1715
f 5946/13816/1714 5954/13819/1718 5953/13818/1719 5945/13817/1712
f 5949/13820/1715 5957/13823/1717 5956/13822/1720 5948/13821/1710
f 5944/13824/1708 5952/13827/1721 5951/13826/1722 5943/13825/1709
f 5948/13828/1710 5956/13831/1720 5955/13830/1723 5947/13829/1711
f 5945/13832/1712 5953/13835/1719 5952/13834/1721 5944/13833/1708
f 5926/13836/1517 5958/13838/1716 5950/13837/1713
f 5947/13839/1711 5955/13842/1723 5954/13841/1718 5946/13840/1714
f 5952/13843/1721 5960/13846/1724 5959/13845/1725 5951/13844/1722
f 5956/13847/1720 5964/13850/1726 5963/13849/1727 5955/13848/1723
f 5953/13851/1719 5961/13854/1728 5960/13853/1724 5952/13852/1721
f 5926/13855/1517 5966/13857/1729 5958/13856/1716
f 5955/13858/1723 5963/13861/1727 5962/13860/1730 5954/13859/1718
f 5958/13862/1716 5966/13865/1729 5965/13864/1731 5957/13863/1717
f 5954/13866/1718 5962/13869/1730 5961/13868/1728 5953/13867/1719
f 5957/13870/1717 5965/13873/1731 5964/13872/1726 5956/13871/1720
f 5966/13874/1729 5974/13877/1732 5973/13876/1733 5965/13875/1731
f 5962/13878/1730 5970/13881/1734 5969/13880/1735 5961/13879/1728
f 5965/13882/1731 5973/13885/1733 5972/13884/1736 5964/13883/1726
f 5960/13886/1724 5968/13889/1737 5967/13888/1738 5959/13887/1725
f 5964/13890/1726 5972/13893/1736 5971/13892/1739 5963/13891/1727
f 5961/13894/1728 5969/13897/1735 5968/13896/1737 5960/13895/1724
f 5926/13898/1517 5974/13900/1732 5966/13899/1729
f 5963/13901/1727 5971/13904/1739 5970/13903/1734 5962/13902/1730
f 5972/13905/1736 5980/13908/1740 5979/13907/1741 5971/13906/1739
f 5969/13909/1735 5977/13912/1742 5976/13911/1743 5968/13910/1737
f 5926/13913/1517 5982/13915/1744 5974/13914/1732
f 5971/13916/1739 5979/13919/1741 5978/13918/1745 5970/13917/1734
f 5974/13920/1732 5982/13923/1744 5981/13922/1746 5973/13921/1733
f 5970/13924/1734 5978/13927/1745 5977/13926/1742 5969/13925/1735
f 5973/13928/1733 5981/13931/1746 5980/13930/1740 5972/13929/1736
f 5968/13932/1737 5976/13935/1743 5975/13934/1747 5967/13933/1738
f 5978/13936/1745 5986/13939/1748 5985/13938/1749 5977/13937/1742
f 5981/13940/1746 5989/13943/1750 5988/13942/1751 5980/13941/1740
f 5976/13944/1743 5984/13947/1752 5983/13946/1753 5975/13945/1747
f 5980/13948/1740 5988/13951/1751 5987/13950/1754 5979/13949/1741
f 5977/13952/1742 5985/13955/1749 5984/13954/1752 5976/13953/1743
f 5926/13956/1517 5990/13958/1755 5982/13957/1744
f 5979/13959/1741 5987/13962/1754 5986/13961/1748 5978/13960/1745
f 5982/13963/1744 5990/13966/1755 5989/13965/1750 5981/13964/1746
f 5926/13967/1517 5998/13969/1756 5990/13968/1755
f 5987/13970/1754 5995/13973/1757 5994/13972/1758 5986/13971/1748
f 5990/13974/1755 5998/13977/1756 5997/13976/1759 5989/13975/1750
f 5986/13978/1748 5994/13981/1758 5993/13980/1760 5985/13979/1749
f 5989/13982/1750 5997/13985/1759 5996/13984/1761 5988/13983/1751
f 5984/13986/1752 5992/13989/1762 5991/13988/1763 5983/13987/1753
f 5988/13990/1751 5996/13993/1761 5995/13992/1757 5987/13991/1754
f 5985/13994/1749 5993/13997/1760 5992/13996/1762 5984/13995/1752
f 5997/13998/1759 6003/14001/1676 5925/14000/1679 5996/13999/1761
f 5992/14002/1762 6000/14005/1665 5999/14004/1691 5991/14003/1763
f 5996/14006/1761 5925/14009/1679 5924/14008/1682 5995/14007/1757
f 5993/14010/1760 6001/14013/1662 6000/14012/1665 5992/14011/1762
f 5926/14014/1517 6004/14016/1686 5998/14015/1756
f 5995/14017/1757 5924/14020/1682 6002/14019/1672 5994/14018/1758
f 5998/14021/1756 6004/14024/1686 6003/14023/1676 5997/14022/1759
f 5994/14025/1758 6002/14028/1672 6001/14027/1662 5993/14026/1760
f 6007/14029/1764 6017/14032/1765 6015/14031/1766 6005/14030/1696
f 5905/14033/1669 6006/14036/1697 6014/14035/1767 5923/14034/1699
f 5923/14037/1699 6014/14040/1767 6013/14039/1768 5921/14038/1695
f 5917/14041/1689 6011/14044/1769 6010/14043/1770 5915/14042/1685
f 5921/14045/1695 6013/14048/1768 6012/14047/1771 5919/14046/1693
f 5915/14049/1685 6010/14052/1770 6009/14051/1772 5913/14050/1681
f 5919/14053/1693 6012/14056/1771 6011/14055/1769 5917/14054/1689
f 5909/14057/1671 6007/14060/1764 6005/14059/1696 5907/14058/1668
f 5913/14061/1681 6009/14064/1772 6008/14063/1773 5911/14062/1675
f 5911/14065/1675 6008/14068/1773 6007/14067/1764 5909/14066/1671
f 6023/14069/1774 6033/14072/1775 6032/14071/1776 6022/14070/1777
f 6014/14073/1767 6024/14076/1778 6023/14075/1774 6013/14074/1768
f 6011/14077/1769 6021/14080/1779 6020/14079/1780 6010/14078/1770
f 6008/14081/1773 6018/14084/1781 6017/14083/1765 6007/14082/1764
f 6006/14085/1697 6016/14088/1782 6024/14087/1778 6014/14086/1767
f 6012/14089/1771 6022/14092/1777 6021/14091/1779 6011/14090/1769
f 6009/14093/1772 6019/14096/1783 6018/14095/1781 6008/14094/1773
f 6005/14097/1696 6015/14100/1766 6016/14099/1782 6006/14098/1697
f 6013/14101/1768 6023/14104/1774 6022/14103/1777 6012/14102/1771
f 6010/14105/1770 6020/14108/1780 6019/14107/1783 6009/14106/1772
f 6030/14109/1784 6040/14112/1785 6039/14111/1786 6029/14110/1787
f 6020/14113/1780 6030/14116/1784 6029/14115/1787 6019/14114/1783
f 6017/14117/1765 6027/14120/1788 6025/14119/1789 6015/14118/1766
f 6024/14121/1778 6034/14124/1790 6033/14123/1775 6023/14122/1774
f 6021/14125/1779 6031/14128/1791 6030/14127/1784 6020/14126/1780
f 6018/14129/1781 6028/14132/1792 6027/14131/1788 6017/14130/1765
f 6016/14133/1782 6026/14136/1793 6034/14135/1790 6024/14134/1778
f 6022/14137/1777 6032/14140/1776 6031/14139/1791 6021/14138/1779
f 6019/14141/1783 6029/14144/1787 6028/14143/1792 6018/14142/1781
f 6015/14145/1766 6025/14148/1789 6026/14147/1793 6016/14146/1782
f 6035/14149/1794 6037/14158/1795 6038/14157/1796 6039/14156/1786 6040/14155/1785 6041/14154/1797 6042/14153/1798 6043/14152/1799 6044/14151/1800 6036/14150/1801
f 6027/14159/1788 6037/14162/1795 6035/14161/1794 6025/14160/1789
f 6034/14163/1790 6044/14166/1800 6043/14165/1799 6033/14164/1775
f 6031/14167/1791 6041/14170/1797 6040/14169/1785 6030/14168/1784
f 6028/14171/1792 6038/14174/1796 6037/14173/1795 6027/14172/1788
f 6026/14175/1793 6036/14178/1801 6044/14177/1800 6034/14176/1790
f 6032/14179/1776 6042/14182/1798 6041/14181/1797 6031/14180/1791
f 6029/14183/1787 6039/14186/1786 6038/14185/1796 6028/14184/1792
f 6025/14187/1789 6035/14190/1794 6036/14189/1801 6026/14188/1793
f 6033/14191/1775 6043/14194/1799 6042/14193/1798 6032/14192/1776
f 6045/14195/1802 6047/14198/1667 6048/14197/1803 6046/14196/1804
f 6047/14199/1667 6049/14202/1670 6050/14201/1805 6048/14200/1803
f 6049/14203/1670 6051/14204/1674 6052/13683/1806 6050/13682/1805
f 6051/14205/1674 6053/14208/1680 6054/14207/1807 6052/14206/1806
f 6053/14209/1680 6055/14212/1808 6056/14211/1809 6054/14210/1807
f 6055/14213/1808 6057/14216/1688 6058/14215/1810 6056/14214/1809
f 6057/14217/1688 6059/14220/1692 6060/14219/1811 6058/14218/1810
f 6059/14221/1692 6061/14222/1694 6062/13723/1812 6060/13722/1811
f 6048/14223/1803 6065/14226/1696 6066/14225/1697 6046/14224/1804
f 6061/14227/1694 6063/14230/1698 6064/14229/1813 6062/14228/1812
f 6063/14231/1698 6045/14234/1802 6046/14233/1804 6064/14232/1813
f 6045/14235/1802 6063/14244/1698 6061/14243/1694 6059/14242/1692 6057/14241/1688 6055/14240/1808 6053/14239/1680 6051/14238/1674 6049/14237/1670 6047/14236/1667
f 6067/14245/1764 6077/14248/1765 6075/14247/1766 6065/14246/1696
f 6046/14249/1804 6066/14252/1697 6074/14251/1767 6064/14250/1813
f 6064/14253/1813 6074/14256/1767 6073/14255/1768 6062/14254/1812
f 6058/14257/1810 6071/14260/1769 6070/14259/1770 6056/14258/1809
f 6062/14045/1812 6073/14048/1768 6072/14047/1771 6060/14046/1811
f 6056/14261/1809 6070/14264/1770 6069/14263/1772 6054/14262/1807
f 6060/14265/1811 6072/14268/1771 6071/14267/1769 6058/14266/1810
f 6050/14269/1805 6067/14272/1764 6065/14271/1696 6048/14270/1803
f 6054/14273/1807 6069/14276/1772 6068/14275/1773 6052/14274/1806
f 6052/14065/1806 6068/14068/1773 6067/14067/1764 6050/14066/1805
f 6083/14069/1774 6093/14072/1775 6092/14071/1776 6082/14070/1777
f 6074/14277/1767 6084/14280/1778 6083/14279/1774 6073/14278/1768
f 6071/14281/1769 6081/14284/1779 6080/14283/1780 6070/14282/1770
f 6068/14081/1773 6078/14084/1781 6077/14083/1765 6067/14082/1764
f 6066/14285/1697 6076/14288/1782 6084/14287/1778 6074/14286/1767
f 6072/14289/1771 6082/14292/1777 6081/14291/1779 6071/14290/1769
f 6069/14293/1772 6079/14296/1783 6078/14295/1781 6068/14294/1773
f 6065/14297/1696 6075/14300/1766 6076/14299/1782 6066/14298/1697
f 6073/14101/1768 6083/14104/1774 6082/14103/1777 6072/14102/1771
f 6070/14301/1770 6080/14304/1780 6079/14303/1783 6069/14302/1772
f 6090/14305/1784 6100/14308/1785 6099/14307/1786 6089/14306/1787
f 6080/14309/1780 6090/14312/1784 6089/14311/1787 6079/14310/1783
f 6077/14313/1765 6087/14316/1788 6085/14315/1789 6075/14314/1766
f 6084/14317/1778 6094/14320/1790 6093/14319/1775 6083/14318/1774
f 6081/14321/1779 6091/14324/1791 6090/14323/1784 6080/14322/1780
f 6078/14129/1781 6088/14132/1792 6087/14131/1788 6077/14130/1765
f 6076/14325/1782 6086/14328/1793 6094/14327/1790 6084/14326/1778
f 6082/14329/1777 6092/14332/1776 6091/14331/1791 6081/14330/1779
f 6079/14333/1783 6089/14336/1787 6088/14335/1792 6078/14334/1781
f 6075/14337/1766 6085/14340/1789 6086/14339/1793 6076/14338/1782
f 6095/14341/1794 6097/14350/1795 6098/14349/1796 6099/14348/1786 6100/14347/1785 6101/14346/1797 6102/14345/1798 6103/14344/1799 6104/14343/1800 6096/14342/1801
f 6087/14351/1788 6097/14354/1795 6095/14353/1794 6085/14352/1789
f 6094/14355/1790 6104/14358/1800 6103/14357/1799 6093/14356/1775
f 6091/14359/1791 6101/14362/1797 6100/14361/1785 6090/14360/1784
f 6088/14171/1792 6098/14174/1796 6097/14173/1795 6087/14172/1788
f 6086/14363/1793 6096/14366/1801 6104/14365/1800 6094/14364/1790
f 6092/14367/1776 6102/14370/1798 6101/14369/1797 6091/14368/1791
f 6089/14371/1787 6099/14374/1786 6098/14373/1796 6088/14372/1792
f 6085/14375/1789 6095/14378/1794 6096/14377/1801 6086/14376/1793
f 6093/14191/1775 6103/14194/1799 6102/14193/1798 6092/14192/1776
s 0
f 6137/14379/1814 6138/14382/1814 6108/14381/1814 6106/14380/1814
f 6152/14383/1815 6139/14386/1815 6112/14385/1815 6124/14384/1815
f 6139/14387/1816 6140/14390/1816 6110/14389/1816 6112/14388/1816
f 6146/14391/1817 6137/14394/1817 6106/14393/1817 6136/14392/1817
f 6113/14395/1517 6130/14398/1517 6109/14397/1517 6111/14396/1517
f 6119/14399/1818 6136/14402/1818 6106/14401/1818 6108/14400/1818
f 6112/14403/1819 6110/14406/1819 6131/14405/1819 6124/14404/1819
f 6124/14404/1516 6131/14405/1516 6132/14408/1516 6123/14407/1516
f 6123/14407/1516 6132/14408/1516 6133/14410/1516 6122/14409/1516
f 6122/14409/1516 6133/14410/1516 6134/14412/1516 6121/14411/1516
f 6121/14411/1516 6134/14412/1516 6135/14414/1516 6120/14413/1516
f 6120/14413/1516 6135/14414/1516 6136/14402/1516 6119/14399/1516
f 6107/14415/1517 6105/14418/1517 6125/14417/1517 6118/14416/1517
f 6117/14419/1517 6126/14422/1517 6127/14421/1517 6116/14420/1517
f 6115/14423/1517 6128/14426/1517 6129/14425/1517 6114/14424/1517
f 6140/14427/1820 6141/14430/1820 6131/14429/1820 6110/14428/1820
f 6141/14430/1821 6142/14433/1821 6132/14432/1821 6131/14431/1821
f 6142/14433/1822 6143/14436/1822 6133/14435/1822 6132/14434/1822
f 6143/14436/1822 6144/14438/1822 6134/14437/1822 6133/14435/1822
f 6144/14438/1822 6145/14441/1822 6135/14440/1822 6134/14439/1822
f 6145/14441/1823 6146/14391/1823 6136/14443/1823 6135/14442/1823
f 6138/14444/1824 6147/14447/1824 6119/14446/1824 6108/14445/1824
f 6147/14447/1825 6148/14450/1825 6120/14449/1825 6119/14448/1825
f 6148/14450/1826 6149/14453/1826 6121/14452/1826 6120/14451/1826
f 6149/14453/1826 6150/14456/1826 6122/14455/1826 6121/14454/1826
f 6150/14456/1826 6151/14459/1826 6123/14458/1826 6122/14457/1826
f 6151/14459/1827 6152/14383/1827 6124/14461/1827 6123/14460/1827
f 6115/14462/1828 6114/14463/1828 6151/14459/1828 6150/14456/1828
f 6117/14464/1828 6116/14465/1828 6149/14453/1828 6148/14450/1828
f 6107/14466/1829 6118/14467/1829 6147/14447/1829 6138/14444/1829
f 6127/14468/1830 6126/14469/1830 6145/14441/1830 6144/14438/1830
f 6129/14470/1830 6128/14471/1830 6143/14436/1830 6142/14433/1830
f 6109/14472/1831 6130/14473/1831 6141/14430/1831 6140/14427/1831
f 6125/14474/1832 6105/14475/1832 6137/14394/1832 6146/14391/1832
f 6111/14476/1833 6109/14477/1833 6140/14390/1833 6139/14387/1833
f 6113/14478/1834 6111/14479/1834 6139/14386/1834 6152/14383/1834
f 6105/14480/1835 6107/14481/1835 6138/14382/1835 6137/14379/1835
f 6150/14482/1517 6149/14482/1517 6148/14482/1517 6147/14482/1517 6146/14482/1517 6145/14482/1517 6144/14482/1517 6143/14482/1517 6142/14482/1517 6141/14482/1517 6152/14482/1517 6151/14482/1517
f 6125/14474/1836 6146/14391/1836 6147/14482/1836 6118/14467/1836
f 6117/14464/1837 6148/14450/1837 6145/14441/1837 6126/14469/1837
f 6116/14465/1838 6127/14468/1838 6144/14438/1838 6149/14453/1838
f 6115/14462/1837 6150/14456/1837 6143/14436/1837 6128/14471/1837
f 6114/14463/1838 6129/14470/1838 6142/14433/1838 6151/14459/1838
f 6130/14473/1839 6113/14478/1839 6152/14482/1839 6141/14430/1839
s 1
f 5678/13756/1558 5670/13755/1547 5927/13755/1690 5935/13756/1703
f 5686/13783/1564 5678/13782/1558 5935/13782/1703 5943/13783/1709
f 5694/13826/1577 5686/13825/1564 5943/13825/1709 5951/13826/1722
f 5702/13845/1580 5694/13844/1577 5951/13844/1722 5959/13845/1725
f 5710/13888/1593 5702/13887/1580 5959/13887/1725 5967/13888/1738
f 5718/13934/1603 5710/13933/1593 5967/13933/1738 5975/13934/1747
f 5726/13946/1608 5718/13945/1603 5975/13945/1747 5983/13946/1753
f 5734/13988/1618 5726/13987/1608 5983/13987/1753 5991/13988/1763
f 5742/14004/1546 5734/14003/1618 5991/14003/1763 5999/14004/1691
f 5670/13711/1547 5742/13710/1546 5999/13710/1691 5927/13711/1690
s 0
f 5891/14450/1840 5888/14441/1840 6145/14441/1840 6148/14450/1840
f 5887/14438/1841 5892/14453/1841 6149/14453/1841 6144/14438/1841
f 5893/14456/1840 5886/14436/1840 6143/14436/1840 6150/14456/1840
f 5885/14433/1841 5894/14459/1841 6151/14459/1841 6142/14433/1841
